D_INTERVIEW,Q1,Q2,Q3,Q4,Q5,Q6,Q7,Q8,Q9,Q10,Q11,Q12,Q13,Q14,Q15,Q16,Q17,Q18,Q19,Q20,Q21,Q22,Q23,Q24,Q25,Q26,Q27,Q28,Q29,Q30,Q31,Q32,Q33,Q34,Q35,Q36,Q37,Q38,Q39,Q40,Q41,Q43,Q44,Q45,Q46,Q47,Q48,Q49,Q50,Q51,Q52,Q53,Q54,Q55,Q56,Q57,Q58,Q59,Q60,Q61,Q62,Q63,Q64,Q65,Q66,Q67,Q68,Q69,Q70,Q71,Q72,Q73,Q74,Q75,Q76,Q77,Q78,Q79,Q80,Q81,Q94,Q95,Q96,Q97,Q98,Q99,Q100,Q101,Q102,Q103,Q104,Q106,Q107,Q108,Q109,Q110,Q111,Q112,Q113,Q114,Q115,Q116,Q117,Q118,Q119,Q120,Q121,Q122,Q123,Q124,Q125,Q126,Q127,Q128,Q129,Q130,Q131,Q132,Q133,Q134,Q135,Q136,Q137,Q138,Q139,Q140,Q141,Q142,Q143,Q144,Q145,Q146,Q147,Q148,Q149,Q150,Q151,Q158,Q159,Q160,Q161,Q162,Q163,Q164,Q165,Q166,Q167,Q168,Q169,Q170,Q171,Q172,Q173,Q174,Q175,Q176,Q177,Q178,Q179,Q180,Q181,Q182,Q183,Q184,Q185,Q186,Q187,Q188,Q189,Q190,Q191,Q192,Q193,Q194,Q195,Q196,Q197,Q198,Q199,Q200,Q201,Q202,Q203,Q204,Q205,Q206,Q207,Q208,Q209,Q210,Q211,Q212,Q213,Q214,Q215,Q216,Q217,Q218,Q219,Q220,Q221,Q222,Q224,Q225,Q226,Q227,Q228,Q229,Q230,Q231,Q232,Q233,Q234,Q234A,Q235,Q236,Q237,Q238,Q239,Q240,Q241,Q242,Q243,Q244,Q245,Q246,Q247,Q248,Q249,Q250,Q251,Q252,Q253,Q254,Q255,Q256,Q257,Q258,Q259
688070395,1.0,1.0,1.0,4.0,1.0,4.0,1.0,1.0,1.0,2.0,2.0,1.0,2.0,1.0,2.0,2.0,2.0,1.0,2.0,1.0,1.0,1.0,2.0,1.0,2.0,2.0,1.0,4.0,3.0,4.0,4.0,1.0,5.0,1.0,5.0,4.0,2.0,4.0,4.0,4.0,2.0,3.0,1.0,2.0,2.0,3.0,7.0,7.0,4.0,4.0,4.0,3.0,4.0,4.0,2.0,2.0,1.0,2.0,1.0,3.0,2.0,2.0,4.0,3.0,3.0,3.0,3.0,2.0,2.0,2.0,4.0,3.0,2.0,2.0,2.0,3.0,4.0,3.0,3.0,3.0,0.0,2.0,0.0,1.0,1.0,0.0,0.0,0.0,0.0,0.0,0.0,10.0,1.0,10.0,1.0,10.0,1.0,10.0,3.0,4.0,4.0,3.0,3.0,2.0,4.0,1.0,3.0,1.0,2.0,0.0,2.0,1.0,2.0,0.0,0.0,2.0,2.0,3.0,2.0,4.0,4.0,4.0,3.0,4.0,,,,1.0,1.0,2.0,2.0,1.0,1.0,1.0,1.0,1.0,1.0,6.0,7.0,9.0,10.0,9.0,5.0,10.0,1.0,1.0,2.0,2.0,3.0,1.0,7.0,7.0,2.0,2.0,2.0,1.0,1.0,1.0,1.0,1.0,1.0,5.0,5.0,1.0,5.0,10.0,1.0,5.0,1.0,5.0,1.0,1.0,10.0,1.0,10.0,4.0,4.0,4.0,4.0,2.0,1.0,2.0,5.0,5.0,5.0,3.0,5.0,2.0,2.0,2.0,2.0,2.0,2.0,3.0,3.0,3.0,3.0,3.0,3.0,3.0,1.0,1.0,1.0,4.0,1.0,4.0,1.0,3.0,4.0,4.0,1.0,1.0,1.0,,2.0,1.0,3.0,3.0,4.0,6.0,1.0,1.0,10.0,10.0,10.0,10.0,1.0,1.0,10.0,10.0,5.0,5.0,2.0,1.0,1.0,1.0,1.0,2.0,2.0
360070863,1.0,2.0,2.0,2.0,1.0,1.0,1.0,2.0,2.0,1.0,2.0,1.0,2.0,2.0,1.0,2.0,1.0,1.0,2.0,2.0,2.0,1.0,2.0,1.0,2.0,2.0,2.0,3.0,2.0,3.0,3.0,2.0,2.0,1.0,2.0,,2.0,2.0,4.0,2.0,2.0,3.0,1.0,1.0,2.0,3.0,7.0,8.0,8.0,4.0,4.0,4.0,4.0,4.0,1.0,1.0,1.0,2.0,2.0,3.0,3.0,3.0,1.0,1.0,2.0,3.0,2.0,3.0,2.0,3.0,3.0,3.0,3.0,2.0,3.0,2.0,2.0,2.0,2.0,2.0,1.0,1.0,0.0,0.0,0.0,0.0,0.0,0.0,0.0,0.0,0.0,8.0,3.0,5.0,7.0,10.0,2.0,10.0,3.0,3.0,2.0,3.0,2.0,1.0,2.0,9.0,3.0,0.0,0.0,2.0,2.0,0.0,2.0,2.0,2.0,3.0,1.0,4.0,3.0,4.0,4.0,4.0,4.0,4.0,2.0,1.0,2.0,2.0,3.0,2.0,1.0,1.0,1.0,1.0,2.0,2.0,1.0,9.0,9.0,3.0,2.0,2.0,9.0,10.0,1.0,1.0,1.0,1.0,1.0,1.0,2.0,2.0,1.0,2.0,2.0,8.0,2.0,1.0,1.0,3.0,3.0,1.0,2.0,1.0,4.0,4.0,1.0,3.0,1.0,2.0,2.0,1.0,1.0,1.0,5.0,3.0,3.0,2.0,3.0,2.0,5.0,1.0,5.0,1.0,2.0,1.0,1.0,4.0,1.0,2.0,1.0,1.0,1.0,1.0,2.0,2.0,1.0,1.0,3.0,2.0,1.0,1.0,2.0,4.0,2.0,2.0,3.0,1.0,1.0,4.0,1.0,3.0,2.0,4.0,2.0,2.0,2.0,1.0,3.0,5.0,9.0,7.0,9.0,6.0,7.0,9.0,9.0,9.0,9.0,9.0,8.0,8.0,2.0,2.0,2.0,3.0,2.0,3.0,3.0
404070704,1.0,3.0,2.0,1.0,1.0,1.0,1.0,2.0,1.0,2.0,2.0,1.0,2.0,2.0,1.0,2.0,1.0,2.0,2.0,2.0,2.0,1.0,2.0,2.0,2.0,2.0,2.0,3.0,3.0,3.0,3.0,3.0,4.0,2.0,4.0,4.0,4.0,2.0,2.0,2.0,2.0,1.0,2.0,2.0,2.0,1.0,4.0,3.0,4.0,1.0,3.0,2.0,4.0,3.0,1.0,2.0,1.0,2.0,1.0,2.0,3.0,2.0,1.0,2.0,1.0,3.0,2.0,1.0,2.0,3.0,2.0,3.0,1.0,2.0,2.0,1.0,2.0,1.0,2.0,3.0,1.0,1.0,1.0,0.0,2.0,1.0,0.0,1.0,1.0,0.0,1.0,1.0,3.0,4.0,4.0,3.0,1.0,4.0,1.0,2.0,2.0,3.0,2.0,4.0,1.0,3.0,3.0,2.0,1.0,1.0,0.0,2.0,1.0,1.0,1.0,3.0,1.0,3.0,2.0,3.0,2.0,4.0,2.0,3.0,2.0,2.0,2.0,2.0,3.0,2.0,2.0,1.0,1.0,1.0,1.0,2.0,1.0,8.0,4.0,7.0,3.0,3.0,4.0,10.0,1.0,1.0,1.0,1.0,2.0,2.0,1.0,1.0,1.0,2.0,1.0,5.0,2.0,4.0,2.0,4.0,3.0,3.0,5.0,3.0,4.0,5.0,3.0,5.0,4.0,3.0,5.0,3.0,4.0,2.0,4.0,2.0,2.0,1.0,1.0,2.0,3.0,2.0,1.0,1.0,5.0,3.0,3.0,1.0,2.0,2.0,1.0,1.0,2.0,3.0,1.0,1.0,1.0,1.0,2.0,2.0,1.0,1.0,3.0,4.0,2.0,1.0,2.0,1.0,2.0,1.0,2.0,3.0,2.0,1.0,3.0,1.0,2.0,3.0,1.0,5.0,2.0,6.0,4.0,4.0,3.0,2.0,3.0,5.0,4.0,5.0,5.0,5.0,2.0,2.0,2.0,2.0,2.0,2.0,2.0
458070481,1.0,2.0,2.0,2.0,2.0,2.0,1.0,2.0,1.0,1.0,2.0,1.0,1.0,2.0,2.0,2.0,2.0,1.0,2.0,1.0,1.0,1.0,2.0,1.0,1.0,1.0,2.0,3.0,3.0,3.0,3.0,2.0,4.0,2.0,4.0,3.0,4.0,4.0,2.0,2.0,4.0,2.0,2.0,3.0,2.0,2.0,8.0,6.0,6.0,4.0,3.0,2.0,4.0,4.0,1.0,2.0,1.0,3.0,2.0,4.0,3.0,4.0,2.0,3.0,3.0,3.0,3.0,3.0,2.0,3.0,3.0,3.0,2.0,2.0,3.0,2.0,2.0,2.0,3.0,3.0,1.0,1.0,0.0,0.0,0.0,0.0,1.0,0.0,0.0,0.0,0.0,9.0,2.0,5.0,2.0,4.0,1.0,9.0,2.0,2.0,3.0,3.0,2.0,2.0,2.0,8.0,2.0,0.0,0.0,2.0,0.0,2.0,2.0,2.0,2.0,3.0,3.0,3.0,2.0,2.0,2.0,2.0,2.0,3.0,1.0,1.0,2.0,2.0,2.0,2.0,1.0,3.0,2.0,3.0,2.0,2.0,1.0,7.0,6.0,5.0,2.0,5.0,2.0,4.0,1.0,2.0,2.0,2.0,3.0,3.0,6.0,2.0,2.0,2.0,2.0,4.0,7.0,7.0,1.0,2.0,4.0,2.0,6.0,5.0,2.0,5.0,1.0,3.0,1.0,3.0,1.0,1.0,5.0,6.0,4.0,2.0,4.0,4.0,3.0,2.0,1.0,1.0,1.0,1.0,1.0,1.0,2.0,2.0,2.0,2.0,2.0,3.0,2.0,2.0,2.0,2.0,2.0,2.0,2.0,3.0,1.0,1.0,3.0,2.0,2.0,2.0,3.0,3.0,2.0,3.0,3.0,2.0,2.0,4.0,4.0,2.0,3.0,2.0,4.0,6.0,7.0,5.0,5.0,5.0,7.0,4.0,6.0,8.0,9.0,9.0,2.0,3.0,3.0,3.0,2.0,2.0,2.0,3.0,4.0
504070927,1.0,2.0,2.0,3.0,1.0,1.0,1.0,1.0,1.0,1.0,2.0,2.0,2.0,1.0,2.0,2.0,2.0,1.0,2.0,1.0,2.0,1.0,2.0,1.0,1.0,2.0,1.0,2.0,3.0,3.0,4.0,2.0,4.0,1.0,2.0,,5.0,1.0,1.0,1.0,1.0,3.0,1.0,1.0,2.0,2.0,8.0,8.0,8.0,4.0,3.0,3.0,3.0,4.0,1.0,2.0,1.0,3.0,2.0,4.0,3.0,3.0,2.0,2.0,2.0,3.0,3.0,1.0,2.0,2.0,2.0,2.0,2.0,2.0,2.0,2.0,2.0,2.0,2.0,2.0,0.0,0.0,0.0,0.0,0.0,0.0,0.0,0.0,0.0,0.0,0.0,10.0,10.0,1.0,10.0,10.0,,8.0,2.0,2.0,2.0,2.0,2.0,2.0,5.0,9.0,3.0,1.0,2.0,1.0,2.0,1.0,2.0,1.0,0.0,2.0,2.0,3.0,2.0,4.0,4.0,4.0,2.0,3.0,1.0,1.0,2.0,1.0,1.0,2.0,1.0,1.0,1.0,1.0,2.0,2.0,1.0,10.0,9.0,2.0,4.0,1.0,5.0,10.0,1.0,1.0,1.0,1.0,1.0,1.0,1.0,1.0,2.0,2.0,2.0,9.0,1.0,1.0,1.0,1.0,1.0,1.0,1.0,8.0,10.0,1.0,1.0,1.0,9.0,9.0,5.0,1.0,1.0,1.0,8.0,2.0,4.0,2.0,3.0,2.0,1.0,4.0,4.0,4.0,4.0,1.0,1.0,4.0,3.0,1.0,1.0,2.0,1.0,3.0,3.0,1.0,3.0,3.0,3.0,3.0,1.0,1.0,1.0,4.0,1.0,2.0,1.0,2.0,2.0,2.0,1.0,1.0,1.0,4.0,3.0,1.0,3.0,2.0,1.0,1.0,10.0,10.0,10.0,10.0,10.0,10.0,10.0,10.0,10.0,10.0,10.0,8.0,1.0,1.0,1.0,1.0,1.0,1.0,1.0
344071086,2.0,2.0,2.0,3.0,2.0,2.0,1.0,1.0,2.0,1.0,2.0,2.0,2.0,2.0,2.0,2.0,2.0,1.0,2.0,2.0,2.0,2.0,2.0,1.0,2.0,2.0,2.0,2.0,4.0,3.0,4.0,1.0,3.0,3.0,3.0,3.0,3.0,3.0,3.0,3.0,3.0,2.0,2.0,1.0,3.0,3.0,5.0,5.0,5.0,3.0,3.0,3.0,3.0,3.0,2.0,2.0,2.0,2.0,2.0,4.0,4.0,3.0,3.0,4.0,2.0,2.0,2.0,2.0,2.0,2.0,4.0,3.0,2.0,3.0,3.0,3.0,2.0,2.0,2.0,2.0,1.0,1.0,0.0,1.0,2.0,2.0,2.0,2.0,2.0,1.0,2.0,6.0,6.0,5.0,6.0,6.0,2.0,6.0,3.0,2.0,2.0,2.0,2.0,2.0,4.0,6.0,3.0,1.0,1.0,1.0,1.0,1.0,1.0,1.0,1.0,2.0,4.0,2.0,2.0,3.0,2.0,2.0,2.0,2.0,1.0,1.0,2.0,1.0,1.0,1.0,2.0,1.0,1.0,1.0,1.0,2.0,2.0,6.0,6.0,6.0,6.0,5.0,6.0,5.0,1.0,1.0,1.0,1.0,2.0,2.0,6.0,7.0,2.0,2.0,2.0,5.0,5.0,5.0,5.0,5.0,5.0,5.0,6.0,5.0,5.0,5.0,5.0,5.0,5.0,5.0,5.0,5.0,5.0,5.0,5.0,2.0,2.0,2.0,3.0,2.0,3.0,3.0,3.0,3.0,3.0,3.0,3.0,3.0,2.0,2.0,3.0,3.0,1.0,3.0,3.0,1.0,2.0,3.0,2.0,2.0,2.0,2.0,1.0,2.0,3.0,3.0,2.0,2.0,2.0,2.0,2.0,2.0,2.0,3.0,2.0,2.0,2.0,2.0,2.0,5.0,5.0,4.0,4.0,4.0,4.0,4.0,5.0,5.0,6.0,6.0,5.0,5.0,2.0,2.0,2.0,,2.0,2.0,2.0
762071190,1.0,1.0,1.0,2.0,1.0,1.0,2.0,2.0,2.0,1.0,2.0,2.0,1.0,2.0,1.0,2.0,1.0,1.0,2.0,2.0,2.0,,2.0,1.0,1.0,2.0,1.0,3.0,1.0,1.0,1.0,4.0,1.0,1.0,2.0,,1.0,1.0,1.0,1.0,1.0,3.0,1.0,1.0,1.0,3.0,8.0,7.0,6.0,4.0,4.0,4.0,4.0,4.0,1.0,2.0,1.0,3.0,2.0,4.0,4.0,4.0,1.0,3.0,2.0,2.0,,2.0,4.0,1.0,3.0,1.0,1.0,1.0,1.0,,2.0,2.0,2.0,2.0,0.0,0.0,0.0,0.0,0.0,0.0,0.0,0.0,0.0,0.0,0.0,3.0,3.0,4.0,3.0,8.0,1.0,3.0,,,,,,1.0,1.0,,5.0,1.0,2.0,0.0,0.0,0.0,0.0,0.0,0.0,2.0,1.0,2.0,2.0,4.0,4.0,4.0,2.0,4.0,2.0,2.0,2.0,4.0,4.0,2.0,2.0,1.0,1.0,1.0,1.0,1.0,2.0,8.0,8.0,3.0,3.0,3.0,9.0,10.0,1.0,1.0,1.0,1.0,2.0,2.0,7.0,1.0,1.0,1.0,1.0,6.0,3.0,3.0,3.0,3.0,3.0,,2.0,2.0,2.0,2.0,2.0,3.0,3.0,2.0,2.0,2.0,2.0,2.0,2.0,1.0,1.0,1.0,3.0,2.0,3.0,1.0,1.0,1.0,5.0,5.0,5.0,5.0,3.0,3.0,3.0,3.0,2.0,3.0,3.0,3.0,3.0,3.0,3.0,3.0,1.0,1.0,1.0,4.0,4.0,4.0,1.0,4.0,4.0,4.0,1.0,1.0,2.0,3.0,1.0,3.0,2.0,1.0,3.0,8.0,8.0,7.0,7.0,7.0,8.0,7.0,8.0,7.0,8.0,7.0,7.0,7.0,2.0,1.0,1.0,1.0,1.0,2.0,2.0
716070788,1.0,1.0,2.0,2.0,2.0,2.0,2.0,1.0,1.0,2.0,2.0,1.0,2.0,2.0,1.0,2.0,1.0,1.0,2.0,2.0,2.0,2.0,2.0,1.0,1.0,2.0,2.0,3.0,3.0,3.0,3.0,2.0,2.0,1.0,2.0,4.0,2.0,1.0,4.0,2.0,2.0,1.0,1.0,1.0,2.0,2.0,1.0,1.0,2.0,1.0,4.0,4.0,1.0,1.0,2.0,2.0,1.0,2.0,2.0,2.0,2.0,2.0,2.0,2.0,3.0,2.0,2.0,2.0,2.0,2.0,3.0,2.0,2.0,1.0,1.0,2.0,2.0,1.0,1.0,1.0,0.0,0.0,0.0,0.0,0.0,0.0,0.0,0.0,0.0,0.0,0.0,3.0,10.0,1.0,1.0,1.0,1.0,10.0,2.0,2.0,2.0,2.0,2.0,1.0,1.0,10.0,3.0,2.0,0.0,0.0,0.0,0.0,0.0,0.0,0.0,3.0,1.0,3.0,1.0,1.0,3.0,1.0,3.0,1.0,2.0,1.0,2.0,1.0,1.0,2.0,2.0,1.0,4.0,4.0,1.0,2.0,2.0,10.0,10.0,10.0,1.0,1.0,10.0,10.0,1.0,2.0,1.0,1.0,4.0,3.0,6.0,3.0,1.0,2.0,2.0,1.0,1.0,1.0,1.0,1.0,1.0,1.0,1.0,1.0,1.0,1.0,1.0,1.0,1.0,1.0,1.0,2.0,1.0,1.0,1.0,4.0,4.0,2.0,4.0,3.0,5.0,5.0,5.0,5.0,5.0,5.0,5.0,5.0,2.0,3.0,3.0,3.0,2.0,3.0,3.0,2.0,3.0,2.0,3.0,3.0,2.0,2.0,4.0,1.0,1.0,4.0,3.0,1.0,1.0,2.0,1.0,1.0,1.0,5.0,2.0,1.0,4.0,1.0,1.0,1.0,1.0,1.0,10.0,3.0,1.0,10.0,10.0,10.0,10.0,10.0,1.0,1.0,4.0,2.0,3.0,3.0,1.0,1.0,1.0
642070971,1.0,3.0,2.0,3.0,3.0,2.0,1.0,2.0,2.0,1.0,2.0,1.0,1.0,1.0,2.0,2.0,2.0,1.0,2.0,2.0,2.0,1.0,2.0,1.0,2.0,2.0,1.0,2.0,3.0,3.0,3.0,3.0,2.0,4.0,2.0,5.0,3.0,4.0,2.0,2.0,2.0,3.0,1.0,1.0,2.0,2.0,10.0,8.0,7.0,4.0,3.0,4.0,2.0,4.0,2.0,2.0,1.0,3.0,3.0,3.0,3.0,3.0,2.0,3.0,3.0,3.0,3.0,3.0,3.0,3.0,3.0,3.0,2.0,2.0,3.0,3.0,3.0,3.0,,,0.0,0.0,0.0,0.0,0.0,0.0,0.0,0.0,0.0,0.0,0.0,10.0,6.0,10.0,1.0,1.0,1.0,10.0,3.0,2.0,3.0,2.0,2.0,1.0,4.0,4.0,3.0,1.0,1.0,1.0,1.0,1.0,1.0,1.0,1.0,3.0,2.0,,,,,,,,2.0,2.0,2.0,3.0,3.0,2.0,2.0,2.0,2.0,2.0,1.0,2.0,2.0,8.0,7.0,,3.0,3.0,6.0,8.0,1.0,,,,2.0,2.0,6.0,2.0,1.0,2.0,2.0,6.0,1.0,1.0,1.0,1.0,1.0,1.0,1.0,1.0,4.0,1.0,1.0,2.0,1.0,1.0,1.0,1.0,1.0,1.0,1.0,2.0,,,3.0,2.0,5.0,1.0,2.0,5.0,5.0,5.0,5.0,5.0,,,,,,,,,,,,,2.0,2.0,4.0,4.0,3.0,3.0,4.0,4.0,4.0,4.0,4.0,4.0,2.0,,2.0,,,,,,5.0,1.0,1.0,10.0,10.0,,,,,6.0,6.0,6.0,2.0,2.0,2.0,2.0,3.0,2.0,3.0
422070317,1.0,2.0,2.0,2.0,1.0,1.0,1.0,1.0,1.0,1.0,2.0,1.0,2.0,2.0,2.0,2.0,2.0,1.0,1.0,2.0,2.0,1.0,2.0,1.0,1.0,2.0,1.0,1.0,2.0,4.0,2.0,2.0,1.0,1.0,3.0,,2.0,1.0,2.0,3.0,2.0,3.0,3.0,1.0,3.0,1.0,5.0,4.0,4.0,3.0,4.0,3.0,3.0,4.0,3.0,2.0,2.0,3.0,3.0,4.0,3.0,4.0,4.0,1.0,4.0,4.0,4.0,3.0,2.0,4.0,4.0,4.0,4.0,3.0,3.0,4.0,3.0,4.0,4.0,3.0,0.0,0.0,0.0,0.0,0.0,0.0,0.0,0.0,0.0,0.0,0.0,7.0,6.0,4.0,5.0,5.0,2.0,7.0,3.0,3.0,3.0,3.0,3.0,2.0,3.0,3.0,1.0,0.0,0.0,2.0,2.0,2.0,2.0,2.0,2.0,3.0,2.0,2.0,3.0,4.0,4.0,4.0,1.0,3.0,2.0,2.0,2.0,2.0,1.0,2.0,1.0,2.0,1.0,1.0,2.0,1.0,1.0,7.0,7.0,5.0,5.0,3.0,7.0,9.0,1.0,1.0,1.0,1.0,2.0,3.0,6.0,3.0,2.0,2.0,2.0,5.0,2.0,,2.0,3.0,2.0,2.0,,3.0,8.0,3.0,2.0,4.0,3.0,3.0,3.0,2.0,2.0,2.0,5.0,4.0,4.0,4.0,2.0,2.0,5.0,1.0,4.0,5.0,5.0,5.0,5.0,2.0,3.0,3.0,3.0,3.0,2.0,2.0,2.0,2.0,2.0,3.0,3.0,3.0,2.0,2.0,2.0,3.0,,2.0,2.0,3.0,2.0,2.0,2.0,3.0,1.0,4.0,2.0,1.0,1.0,1.0,3.0,,6.0,3.0,9.0,8.0,8.0,8.0,7.0,5.0,5.0,9.0,6.0,4.0,3.0,1.0,1.0,1.0,1.0,2.0,2.0
528071262,1.0,1.0,2.0,3.0,3.0,4.0,1.0,2.0,2.0,1.0,2.0,1.0,1.0,2.0,2.0,1.0,2.0,1.0,2.0,2.0,1.0,1.0,2.0,1.0,2.0,1.0,2.0,3.0,4.0,4.0,4.0,,5.0,2.0,5.0,3.0,5.0,3.0,2.0,3.0,3.0,2.0,2.0,2.0,2.0,3.0,6.0,6.0,8.0,4.0,4.0,4.0,4.0,4.0,2.0,2.0,1.0,2.0,1.0,3.0,3.0,3.0,3.0,3.0,3.0,3.0,3.0,2.0,2.0,3.0,3.0,3.0,3.0,2.0,3.0,3.0,3.0,2.0,3.0,2.0,0.0,2.0,0.0,0.0,0.0,0.0,0.0,0.0,0.0,0.0,0.0,5.0,6.0,6.0,4.0,4.0,1.0,7.0,2.0,2.0,2.0,2.0,2.0,1.0,3.0,3.0,3.0,2.0,0.0,2.0,2.0,2.0,2.0,2.0,2.0,3.0,2.0,4.0,4.0,4.0,4.0,3.0,4.0,4.0,,,,3.0,3.0,2.0,2.0,2.0,3.0,3.0,1.0,1.0,1.0,7.0,7.0,1.0,1.0,6.0,8.0,1.0,2.0,2.0,2.0,2.0,4.0,,7.0,8.0,2.0,1.0,1.0,8.0,1.0,4.0,1.0,1.0,5.0,4.0,4.0,5.0,4.0,7.0,4.0,6.0,4.0,4.0,4.0,4.0,6.0,4.0,5.0,3.0,3.0,1.0,3.0,3.0,5.0,1.0,2.0,5.0,5.0,5.0,2.0,2.0,2.0,2.0,2.0,2.0,3.0,2.0,3.0,3.0,1.0,2.0,3.0,3.0,1.0,1.0,1.0,,,,2.0,2.0,,,2.0,1.0,2.0,3.0,3.0,2.0,3.0,2.0,4.0,6.0,6.0,6.0,7.0,7.0,5.0,6.0,6.0,5.0,10.0,7.0,8.0,6.0,2.0,2.0,1.0,2.0,2.0,3.0,4.0
788070568,1.0,2.0,4.0,,4.0,1.0,1.0,2.0,2.0,1.0,2.0,1.0,1.0,1.0,1.0,2.0,2.0,2.0,2.0,2.0,2.0,2.0,2.0,2.0,1.0,2.0,1.0,1.0,3.0,3.0,3.0,4.0,4.0,,5.0,,1.0,1.0,2.0,1.0,2.0,3.0,1.0,1.0,2.0,2.0,5.0,4.0,5.0,4.0,4.0,4.0,2.0,4.0,1.0,2.0,3.0,2.0,2.0,2.0,2.0,2.0,2.0,2.0,2.0,2.0,3.0,3.0,2.0,2.0,3.0,3.0,3.0,2.0,2.0,,3.0,2.0,2.0,3.0,0.0,0.0,0.0,0.0,0.0,0.0,0.0,0.0,0.0,0.0,0.0,2.0,10.0,1.0,2.0,1.0,2.0,10.0,4.0,3.0,3.0,2.0,2.0,3.0,5.0,10.0,3.0,2.0,2.0,2.0,2.0,2.0,2.0,2.0,2.0,1.0,1.0,2.0,1.0,2.0,2.0,1.0,1.0,1.0,2.0,2.0,2.0,2.0,2.0,2.0,2.0,2.0,1.0,1.0,2.0,2.0,1.0,5.0,8.0,1.0,3.0,1.0,7.0,10.0,1.0,1.0,1.0,1.0,1.0,3.0,7.0,1.0,2.0,2.0,1.0,4.0,2.0,2.0,1.0,1.0,3.0,1.0,1.0,1.0,7.0,1.0,1.0,1.0,3.0,5.0,1.0,1.0,1.0,1.0,5.0,1.0,1.0,1.0,3.0,2.0,5.0,1.0,4.0,5.0,5.0,1.0,1.0,1.0,2.0,2.0,1.0,1.0,1.0,3.0,2.0,2.0,1.0,3.0,1.0,2.0,1.0,1.0,3.0,3.0,2.0,2.0,2.0,2.0,1.0,2.0,2.0,3.0,4.0,5.0,3.0,4.0,1.0,1.0,3.0,7.0,10.0,1.0,7.0,10.0,8.0,10.0,9.0,7.0,7.0,10.0,1.0,1.0,3.0,2.0,1.0,1.0,2.0,3.0,4.0
417070167,2.0,2.0,2.0,2.0,2.0,2.0,1.0,1.0,2.0,2.0,2.0,1.0,1.0,1.0,2.0,2.0,2.0,1.0,2.0,1.0,2.0,2.0,2.0,1.0,2.0,2.0,1.0,3.0,3.0,1.0,3.0,3.0,1.0,1.0,1.0,4.0,1.0,4.0,4.0,1.0,1.0,3.0,1.0,1.0,2.0,2.0,5.0,5.0,5.0,4.0,4.0,4.0,2.0,2.0,2.0,2.0,2.0,2.0,2.0,3.0,2.0,2.0,2.0,3.0,2.0,2.0,2.0,3.0,3.0,2.0,3.0,3.0,3.0,2.0,3.0,3.0,2.0,3.0,3.0,2.0,0.0,0.0,2.0,2.0,0.0,0.0,2.0,2.0,0.0,0.0,0.0,5.0,1.0,10.0,10.0,1.0,2.0,10.0,2.0,2.0,,2.0,2.0,1.0,,1.0,4.0,2.0,2.0,2.0,2.0,2.0,2.0,2.0,2.0,4.0,3.0,3.0,3.0,3.0,4.0,4.0,3.0,4.0,1.0,1.0,2.0,3.0,2.0,2.0,2.0,1.0,1.0,1.0,2.0,1.0,1.0,10.0,10.0,10.0,10.0,1.0,10.0,10.0,1.0,,,,3.0,2.0,7.0,2.0,1.0,2.0,1.0,10.0,1.0,10.0,1.0,1.0,1.0,1.0,1.0,1.0,1.0,1.0,1.0,5.0,1.0,1.0,1.0,1.0,1.0,1.0,1.0,1.0,3.0,3.0,3.0,3.0,5.0,5.0,5.0,5.0,5.0,5.0,5.0,2.0,3.0,3.0,1.0,3.0,3.0,1.0,3.0,3.0,3.0,3.0,3.0,3.0,1.0,1.0,3.0,2.0,2.0,1.0,,4.0,1.0,3.0,1.0,3.0,3.0,3.0,3.0,2.0,3.0,2.0,3.0,,1.0,1.0,5.0,10.0,,10.0,10.0,10.0,1.0,5.0,10.0,5.0,2.0,2.0,2.0,2.0,2.0,3.0,4.0
218070895,1.0,1.0,1.0,2.0,1.0,3.0,1.0,2.0,1.0,2.0,2.0,1.0,1.0,2.0,2.0,1.0,2.0,1.0,2.0,2.0,2.0,1.0,2.0,1.0,2.0,2.0,1.0,2.0,3.0,4.0,4.0,2.0,5.0,1.0,3.0,3.0,3.0,1.0,1.0,1.0,2.0,3.0,1.0,2.0,1.0,2.0,10.0,8.0,4.0,4.0,3.0,3.0,3.0,4.0,1.0,2.0,1.0,2.0,3.0,3.0,3.0,3.0,4.0,2.0,3.0,3.0,2.0,3.0,3.0,2.0,3.0,2.0,3.0,2.0,2.0,2.0,3.0,2.0,1.0,1.0,0.0,0.0,0.0,0.0,0.0,0.0,0.0,0.0,0.0,0.0,0.0,5.0,5.0,5.0,1.0,1.0,1.0,10.0,3.0,3.0,3.0,3.0,3.0,3.0,4.0,10.0,3.0,1.0,2.0,2.0,2.0,2.0,1.0,2.0,2.0,2.0,2.0,2.0,1.0,3.0,3.0,2.0,2.0,4.0,1.0,1.0,1.0,2.0,1.0,1.0,1.0,4.0,3.0,4.0,1.0,2.0,1.0,10.0,10.0,10.0,7.0,1.0,8.0,10.0,1.0,2.0,2.0,2.0,3.0,4.0,6.0,1.0,2.0,1.0,,10.0,1.0,1.0,1.0,1.0,1.0,5.0,5.0,,5.0,10.0,1.0,5.0,1.0,1.0,2.0,1.0,1.0,1.0,5.0,1.0,4.0,4.0,2.0,2.0,3.0,1.0,2.0,2.0,2.0,1.0,1.0,3.0,2.0,3.0,2.0,2.0,2.0,2.0,2.0,2.0,3.0,2.0,2.0,2.0,1.0,1.0,2.0,2.0,2.0,1.0,3.0,2.0,1.0,1.0,2.0,2.0,1.0,,1.0,2.0,4.0,1.0,4.0,5.0,1.0,1.0,10.0,5.0,10.0,10.0,5.0,1.0,10.0,10.0,7.0,5.0,2.0,1.0,1.0,1.0,1.0,2.0,3.0
124072775,1.0,1.0,2.0,3.0,2.0,3.0,1.0,1.0,2.0,2.0,2.0,1.0,1.0,1.0,2.0,2.0,2.0,1.0,2.0,2.0,2.0,2.0,2.0,1.0,2.0,2.0,3.0,3.0,3.0,3.0,3.0,3.0,4.0,3.0,3.0,3.0,4.0,3.0,3.0,3.0,3.0,2.0,3.0,2.0,2.0,2.0,8.0,8.0,9.0,4.0,4.0,4.0,4.0,4.0,2.0,2.0,1.0,2.0,1.0,3.0,2.0,2.0,3.0,3.0,4.0,3.0,3.0,3.0,3.0,4.0,4.0,4.0,3.0,3.0,4.0,4.0,3.0,3.0,3.0,3.0,0.0,0.0,0.0,0.0,0.0,0.0,0.0,1.0,1.0,0.0,0.0,5.0,4.0,2.0,4.0,4.0,2.0,8.0,3.0,3.0,3.0,2.0,2.0,2.0,4.0,5.0,3.0,0.0,1.0,1.0,1.0,2.0,1.0,1.0,1.0,3.0,3.0,2.0,3.0,3.0,2.0,1.0,3.0,2.0,1.0,1.0,2.0,3.0,4.0,2.0,2.0,2.0,2.0,2.0,1.0,2.0,1.0,6.0,7.0,1.0,3.0,5.0,6.0,2.0,1.0,1.0,1.0,1.0,4.0,4.0,6.0,7.0,3.0,2.0,2.0,5.0,2.0,5.0,1.0,2.0,2.0,9.0,2.0,10.0,7.0,7.0,4.0,8.0,1.0,3.0,3.0,1.0,8.0,1.0,10.0,2.0,4.0,4.0,2.0,3.0,2.0,1.0,4.0,4.0,4.0,2.0,3.0,2.0,1.0,2.0,2.0,2.0,2.0,2.0,2.0,2.0,2.0,2.0,2.0,2.0,1.0,1.0,2.0,4.0,3.0,4.0,2.0,2.0,3.0,4.0,2.0,2.0,2.0,3.0,3.0,3.0,3.0,2.0,4.0,5.0,7.0,1.0,6.0,4.0,3.0,6.0,6.0,4.0,9.0,5.0,4.0,2.0,2.0,2.0,1.0,3.0,1.0,1.0,2.0
792071203,1.0,2.0,1.0,2.0,1.0,1.0,1.0,2.0,1.0,2.0,2.0,2.0,2.0,1.0,1.0,2.0,2.0,1.0,2.0,2.0,1.0,2.0,2.0,1.0,2.0,2.0,1.0,1.0,2.0,2.0,2.0,2.0,2.0,1.0,2.0,2.0,1.0,2.0,1.0,2.0,1.0,1.0,1.0,1.0,2.0,2.0,7.0,8.0,7.0,4.0,4.0,4.0,4.0,4.0,3.0,2.0,1.0,1.0,2.0,1.0,2.0,1.0,1.0,1.0,1.0,1.0,2.0,2.0,4.0,4.0,3.0,2.0,3.0,4.0,3.0,3.0,4.0,3.0,3.0,4.0,0.0,0.0,0.0,0.0,0.0,0.0,0.0,0.0,0.0,0.0,0.0,6.0,5.0,6.0,7.0,7.0,1.0,7.0,1.0,2.0,1.0,1.0,2.0,1.0,2.0,8.0,1.0,0.0,2.0,2.0,2.0,2.0,1.0,2.0,2.0,1.0,2.0,3.0,4.0,3.0,3.0,3.0,1.0,3.0,1.0,,,2.0,2.0,2.0,2.0,2.0,3.0,2.0,1.0,1.0,2.0,8.0,8.0,8.0,9.0,8.0,8.0,8.0,1.0,1.0,1.0,1.0,,2.0,3.0,4.0,2.0,1.0,1.0,7.0,1.0,2.0,1.0,3.0,3.0,1.0,2.0,2.0,1.0,1.0,2.0,1.0,3.0,1.0,2.0,,4.0,,2.0,2.0,1.0,2.0,2.0,2.0,2.0,1.0,1.0,1.0,1.0,1.0,1.0,1.0,1.0,1.0,1.0,2.0,2.0,2.0,2.0,2.0,2.0,1.0,3.0,1.0,2.0,1.0,2.0,1.0,2.0,2.0,2.0,2.0,1.0,2.0,3.0,2.0,2.0,,3.0,1.0,,2.0,1.0,7.0,7.0,8.0,6.0,7.0,,8.0,7.0,8.0,7.0,8.0,7.0,8.0,3.0,3.0,2.0,1.0,1.0,2.0,2.0
410070909,1.0,1.0,2.0,3.0,2.0,2.0,1.0,2.0,2.0,1.0,1.0,2.0,2.0,1.0,1.0,2.0,2.0,1.0,2.0,1.0,2.0,1.0,2.0,1.0,2.0,2.0,1.0,3.0,4.0,4.0,3.0,3.0,4.0,1.0,3.0,3.0,4.0,3.0,2.0,3.0,4.0,1.0,1.0,1.0,2.0,2.0,7.0,7.0,5.0,4.0,4.0,4.0,4.0,4.0,2.0,2.0,1.0,3.0,2.0,3.0,4.0,4.0,2.0,3.0,3.0,4.0,3.0,3.0,3.0,2.0,3.0,3.0,2.0,1.0,1.0,1.0,1.0,3.0,2.0,2.0,1.0,2.0,2.0,0.0,0.0,1.0,0.0,0.0,0.0,1.0,0.0,8.0,3.0,7.0,4.0,8.0,1.0,7.0,3.0,2.0,3.0,3.0,3.0,3.0,4.0,4.0,3.0,0.0,2.0,1.0,0.0,2.0,1.0,2.0,1.0,3.0,2.0,4.0,3.0,4.0,4.0,4.0,3.0,4.0,1.0,1.0,2.0,1.0,1.0,2.0,2.0,1.0,2.0,3.0,2.0,2.0,1.0,8.0,6.0,7.0,4.0,4.0,7.0,6.0,1.0,1.0,1.0,1.0,2.0,3.0,2.0,2.0,2.0,1.0,1.0,4.0,3.0,5.0,4.0,2.0,3.0,6.0,4.0,6.0,6.0,4.0,5.0,6.0,4.0,2.0,3.0,2.0,3.0,5.0,6.0,3.0,4.0,4.0,3.0,2.0,5.0,1.0,5.0,1.0,5.0,1.0,1.0,1.0,1.0,2.0,1.0,2.0,1.0,2.0,3.0,3.0,1.0,1.0,3.0,3.0,,,2.0,3.0,2.0,4.0,2.0,2.0,3.0,4.0,2.0,3.0,1.0,,1.0,2.0,4.0,4.0,4.0,3.0,4.0,3.0,9.0,4.0,2.0,8.0,2.0,1.0,9.0,9.0,8.0,7.0,3.0,3.0,2.0,3.0,2.0,3.0,3.0
156071249,2.0,2.0,2.0,3.0,2.0,3.0,1.0,1.0,2.0,1.0,2.0,1.0,1.0,2.0,2.0,2.0,2.0,1.0,2.0,1.0,2.0,1.0,1.0,1.0,2.0,2.0,3.0,3.0,3.0,3.0,3.0,3.0,3.0,4.0,4.0,4.0,3.0,2.0,2.0,4.0,4.0,3.0,1.0,1.0,2.0,2.0,8.0,8.0,7.0,4.0,4.0,4.0,4.0,4.0,1.0,1.0,2.0,2.0,2.0,3.0,3.0,3.0,2.0,2.0,2.0,2.0,3.0,2.0,2.0,1.0,2.0,2.0,2.0,2.0,2.0,2.0,2.0,2.0,2.0,2.0,2.0,0.0,0.0,0.0,0.0,0.0,0.0,0.0,0.0,0.0,0.0,4.0,8.0,1.0,8.0,6.0,2.0,3.0,2.0,3.0,3.0,2.0,2.0,2.0,3.0,9.0,3.0,1.0,2.0,1.0,,1.0,0.0,2.0,1.0,,2.0,,,,,,,,,,,2.0,2.0,2.0,2.0,2.0,2.0,,2.0,2.0,2.0,9.0,10.0,10.0,4.0,3.0,8.0,10.0,1.0,1.0,1.0,1.0,2.0,2.0,2.0,5.0,1.0,2.0,2.0,8.0,2.0,1.0,1.0,1.0,1.0,1.0,1.0,1.0,1.0,1.0,1.0,1.0,1.0,1.0,1.0,1.0,1.0,1.0,1.0,2.0,3.0,3.0,3.0,3.0,5.0,4.0,5.0,5.0,5.0,5.0,5.0,4.0,3.0,3.0,2.0,3.0,2.0,2.0,3.0,3.0,3.0,3.0,3.0,3.0,2.0,,,,,,,,,,,,,,2.0,,3.0,2.0,2.0,,8.0,8.0,9.0,9.0,8.0,9.0,8.0,8.0,9.0,9.0,8.0,8.0,2.0,2.0,2.0,2.0,2.0,3.0,3.0
76071203,1.0,1.0,2.0,4.0,2.0,2.0,2.0,2.0,1.0,1.0,2.0,2.0,2.0,1.0,1.0,2.0,2.0,1.0,2.0,2.0,2.0,2.0,2.0,2.0,2.0,2.0,2.0,2.0,3.0,3.0,3.0,2.0,4.0,3.0,3.0,2.0,3.0,2.0,3.0,3.0,4.0,2.0,1.0,1.0,1.0,1.0,5.0,9.0,5.0,4.0,2.0,3.0,3.0,4.0,1.0,2.0,1.0,2.0,3.0,4.0,3.0,3.0,2.0,2.0,2.0,2.0,3.0,2.0,3.0,4.0,4.0,4.0,3.0,3.0,3.0,3.0,3.0,3.0,3.0,,0.0,1.0,1.0,0.0,0.0,0.0,0.0,0.0,0.0,0.0,0.0,1.0,1.0,5.0,5.0,1.0,2.0,10.0,3.0,2.0,3.0,2.0,3.0,3.0,2.0,1.0,5.0,0.0,2.0,1.0,1.0,0.0,0.0,0.0,1.0,2.0,4.0,2.0,2.0,2.0,3.0,2.0,3.0,3.0,1.0,1.0,2.0,1.0,,1.0,,3.0,3.0,3.0,1.0,2.0,1.0,10.0,10.0,1.0,5.0,1.0,10.0,10.0,1.0,2.0,2.0,1.0,3.0,3.0,5.0,2.0,2.0,2.0,2.0,,1.0,1.0,1.0,1.0,1.0,5.0,1.0,1.0,5.0,5.0,1.0,1.0,1.0,10.0,1.0,1.0,5.0,1.0,1.0,3.0,3.0,3.0,4.0,3.0,2.0,2.0,3.0,1.0,2.0,1.0,1.0,1.0,2.0,3.0,2.0,2.0,3.0,2.0,3.0,3.0,3.0,2.0,3.0,3.0,2.0,2.0,3.0,4.0,2.0,1.0,2.0,3.0,2.0,2.0,2.0,3.0,1.0,,1.0,2.0,,,,,,,,,,,,,1.0,5.0,5.0,1.0,2.0,2.0,,,,,
51070281,1.0,4.0,1.0,1.0,1.0,1.0,1.0,2.0,1.0,2.0,2.0,2.0,2.0,2.0,2.0,2.0,2.0,1.0,1.0,2.0,2.0,1.0,1.0,1.0,2.0,2.0,1.0,4.0,4.0,3.0,4.0,3.0,5.0,1.0,1.0,5.0,1.0,1.0,1.0,1.0,1.0,3.0,1.0,1.0,1.0,2.0,10.0,8.0,6.0,4.0,4.0,4.0,4.0,4.0,3.0,2.0,1.0,2.0,2.0,3.0,4.0,3.0,1.0,1.0,3.0,3.0,4.0,3.0,3.0,4.0,3.0,3.0,3.0,2.0,3.0,2.0,4.0,,,2.0,0.0,0.0,0.0,0.0,0.0,0.0,0.0,0.0,0.0,0.0,0.0,10.0,10.0,10.0,1.0,1.0,1.0,9.0,3.0,3.0,3.0,3.0,1.0,2.0,4.0,5.0,1.0,2.0,0.0,2.0,2.0,2.0,0.0,2.0,2.0,4.0,2.0,2.0,2.0,4.0,4.0,3.0,3.0,4.0,2.0,2.0,2.0,4.0,4.0,2.0,2.0,1.0,1.0,1.0,2.0,2.0,1.0,10.0,10.0,10.0,10.0,10.0,10.0,10.0,1.0,1.0,1.0,1.0,1.0,1.0,7.0,8.0,1.0,2.0,2.0,1.0,1.0,1.0,1.0,1.0,1.0,1.0,1.0,1.0,1.0,1.0,1.0,1.0,1.0,1.0,1.0,1.0,5.0,1.0,1.0,4.0,4.0,4.0,1.0,1.0,5.0,1.0,1.0,1.0,5.0,5.0,5.0,1.0,3.0,3.0,2.0,3.0,3.0,3.0,3.0,3.0,3.0,3.0,3.0,3.0,1.0,1.0,4.0,,4.0,2.0,4.0,3.0,1.0,4.0,2.0,2.0,1.0,5.0,3.0,4.0,4.0,1.0,4.0,5.0,10.0,1.0,10.0,10.0,1.0,10.0,10.0,1.0,10.0,10.0,3.0,1.0,3.0,1.0,2.0,2.0,1.0,2.0,2.0
124071055,1.0,3.0,2.0,1.0,1.0,4.0,1.0,2.0,1.0,1.0,1.0,1.0,2.0,2.0,2.0,2.0,2.0,1.0,2.0,2.0,2.0,2.0,2.0,1.0,2.0,2.0,2.0,1.0,1.0,3.0,2.0,1.0,2.0,3.0,4.0,1.0,3.0,3.0,1.0,3.0,2.0,3.0,2.0,1.0,2.0,2.0,9.0,7.0,3.0,4.0,3.0,3.0,2.0,4.0,3.0,2.0,2.0,3.0,2.0,3.0,2.0,2.0,2.0,2.0,4.0,3.0,4.0,2.0,2.0,4.0,3.0,4.0,2.0,3.0,2.0,3.0,4.0,4.0,3.0,3.0,1.0,0.0,0.0,1.0,2.0,0.0,1.0,0.0,0.0,0.0,0.0,8.0,3.0,9.0,3.0,10.0,2.0,10.0,3.0,4.0,2.0,2.0,3.0,3.0,3.0,2.0,4.0,2.0,0.0,2.0,1.0,2.0,2.0,2.0,2.0,3.0,3.0,2.0,1.0,3.0,2.0,2.0,3.0,2.0,1.0,1.0,2.0,2.0,2.0,2.0,2.0,2.0,2.0,2.0,1.0,1.0,2.0,5.0,3.0,8.0,4.0,3.0,4.0,5.0,1.0,2.0,2.0,2.0,2.0,2.0,7.0,7.0,2.0,2.0,2.0,7.0,2.0,2.0,2.0,2.0,2.0,8.0,8.0,2.0,5.0,9.0,5.0,5.0,1.0,5.0,2.0,2.0,5.0,3.0,8.0,3.0,4.0,4.0,1.0,2.0,4.0,1.0,1.0,2.0,1.0,1.0,1.0,2.0,1.0,1.0,2.0,1.0,1.0,1.0,1.0,1.0,1.0,1.0,1.0,2.0,1.0,1.0,2.0,4.0,1.0,3.0,4.0,2.0,3.0,3.0,1.0,1.0,1.0,4.0,3.0,3.0,4.0,1.0,4.0,10.0,8.0,1.0,9.0,8.0,1.0,10.0,2.0,3.0,9.0,10.0,3.0,1.0,3.0,2.0,2.0,2.0,1.0,1.0,1.0
840072926,1.0,1.0,1.0,3.0,1.0,1.0,1.0,2.0,1.0,2.0,2.0,2.0,2.0,1.0,1.0,2.0,1.0,,,,,,,,,,1.0,4.0,4.0,4.0,4.0,1.0,4.0,4.0,4.0,3.0,3.0,1.0,2.0,2.0,4.0,3.0,1.0,1.0,1.0,1.0,8.0,9.0,7.0,4.0,4.0,4.0,4.0,4.0,1.0,1.0,1.0,1.0,1.0,2.0,2.0,2.0,1.0,1.0,1.0,2.0,2.0,2.0,1.0,2.0,3.0,3.0,3.0,2.0,2.0,2.0,2.0,2.0,2.0,2.0,2.0,2.0,0.0,0.0,0.0,0.0,0.0,2.0,0.0,0.0,0.0,1.0,3.0,6.0,2.0,1.0,2.0,8.0,3.0,3.0,3.0,3.0,2.0,2.0,3.0,6.0,5.0,2.0,2.0,1.0,2.0,1.0,2.0,1.0,1.0,1.0,1.0,4.0,4.0,4.0,4.0,4.0,4.0,4.0,2.0,2.0,2.0,3.0,3.0,2.0,2.0,2.0,2.0,4.0,1.0,1.0,1.0,9.0,9.0,4.0,7.0,2.0,8.0,10.0,1.0,1.0,1.0,1.0,2.0,2.0,2.0,1.0,1.0,1.0,2.0,9.0,2.0,2.0,1.0,1.0,1.0,1.0,1.0,1.0,4.0,4.0,1.0,1.0,1.0,5.0,1.0,1.0,1.0,1.0,1.0,3.0,3.0,3.0,1.0,1.0,4.0,1.0,3.0,1.0,1.0,1.0,4.0,1.0,2.0,2.0,2.0,2.0,2.0,2.0,,1.0,1.0,2.0,2.0,2.0,2.0,1.0,1.0,4.0,3.0,3.0,2.0,2.0,2.0,3.0,2.0,1.0,1.0,,3.0,4.0,4.0,1.0,4.0,7.0,8.0,3.0,10.0,4.0,1.0,4.0,2.0,9.0,9.0,10.0,8.0,7.0,2.0,1.0,2.0,2.0,2.0,2.0,2.0
76071846,1.0,1.0,2.0,1.0,1.0,2.0,1.0,1.0,2.0,1.0,2.0,1.0,2.0,1.0,2.0,2.0,2.0,1.0,2.0,2.0,2.0,2.0,2.0,2.0,2.0,2.0,2.0,4.0,4.0,4.0,4.0,2.0,4.0,3.0,4.0,2.0,2.0,2.0,2.0,2.0,4.0,1.0,1.0,1.0,2.0,1.0,7.0,7.0,6.0,4.0,4.0,4.0,2.0,4.0,1.0,2.0,2.0,3.0,3.0,4.0,3.0,3.0,3.0,2.0,4.0,4.0,4.0,4.0,4.0,4.0,4.0,4.0,4.0,4.0,4.0,4.0,4.0,3.0,3.0,3.0,2.0,0.0,0.0,0.0,0.0,0.0,0.0,0.0,0.0,0.0,0.0,6.0,5.0,6.0,4.0,2.0,1.0,10.0,4.0,3.0,4.0,2.0,2.0,2.0,5.0,4.0,2.0,0.0,2.0,1.0,0.0,0.0,2.0,2.0,2.0,3.0,2.0,1.0,1.0,3.0,3.0,1.0,1.0,3.0,1.0,1.0,2.0,1.0,1.0,2.0,1.0,1.0,1.0,1.0,1.0,2.0,2.0,7.0,10.0,5.0,1.0,2.0,5.0,10.0,1.0,1.0,1.0,1.0,3.0,3.0,3.0,1.0,1.0,2.0,2.0,4.0,1.0,4.0,1.0,5.0,1.0,5.0,5.0,2.0,5.0,6.0,1.0,3.0,1.0,2.0,2.0,1.0,8.0,1.0,3.0,2.0,4.0,4.0,2.0,1.0,5.0,1.0,4.0,1.0,1.0,1.0,1.0,1.0,1.0,3.0,1.0,1.0,1.0,3.0,1.0,1.0,1.0,1.0,1.0,,1.0,1.0,4.0,3.0,1.0,1.0,1.0,2.0,1.0,4.0,1.0,2.0,1.0,4.0,3.0,,4.0,2.0,4.0,5.0,5.0,3.0,10.0,7.0,1.0,8.0,6.0,5.0,10.0,8.0,5.0,2.0,3.0,2.0,2.0,2.0,3.0,4.0,3.0
642071088,1.0,1.0,1.0,4.0,4.0,2.0,1.0,1.0,1.0,1.0,1.0,2.0,2.0,2.0,2.0,2.0,2.0,1.0,2.0,2.0,2.0,1.0,2.0,2.0,2.0,2.0,1.0,1.0,3.0,4.0,4.0,1.0,4.0,4.0,1.0,4.0,4.0,3.0,1.0,3.0,1.0,3.0,1.0,1.0,2.0,1.0,10.0,10.0,10.0,4.0,4.0,4.0,4.0,4.0,3.0,2.0,1.0,3.0,3.0,4.0,,,3.0,4.0,4.0,3.0,3.0,3.0,3.0,4.0,4.0,4.0,4.0,3.0,4.0,3.0,4.0,4.0,,4.0,0.0,0.0,0.0,0.0,0.0,0.0,0.0,0.0,0.0,0.0,0.0,1.0,1.0,10.0,1.0,1.0,2.0,1.0,4.0,3.0,4.0,4.0,4.0,2.0,,5.0,3.0,1.0,2.0,0.0,2.0,2.0,2.0,1.0,1.0,1.0,3.0,4.0,4.0,4.0,4.0,4.0,4.0,4.0,2.0,2.0,2.0,2.0,2.0,1.0,1.0,1.0,1.0,4.0,1.0,1.0,1.0,10.0,10.0,5.0,5.0,1.0,10.0,10.0,1.0,2.0,2.0,2.0,1.0,1.0,4.0,2.0,1.0,1.0,2.0,2.0,1.0,1.0,1.0,1.0,1.0,1.0,1.0,1.0,10.0,10.0,1.0,1.0,10.0,1.0,1.0,1.0,1.0,1.0,1.0,4.0,4.0,4.0,3.0,2.0,5.0,1.0,1.0,1.0,5.0,1.0,1.0,1.0,2.0,3.0,2.0,3.0,3.0,3.0,2.0,2.0,3.0,3.0,3.0,3.0,1.0,1.0,4.0,4.0,4.0,4.0,1.0,2.0,4.0,4.0,1.0,1.0,1.0,,4.0,2.0,4.0,1.0,4.0,10.0,10.0,6.0,10.0,10.0,1.0,10.0,5.0,9.0,10.0,10.0,8.0,8.0,3.0,1.0,1.0,1.0,1.0,1.0,1.0
300070460,1.0,1.0,1.0,4.0,1.0,1.0,1.0,2.0,2.0,1.0,2.0,2.0,2.0,1.0,2.0,1.0,1.0,1.0,2.0,2.0,2.0,2.0,2.0,1.0,2.0,2.0,2.0,3.0,4.0,4.0,4.0,2.0,1.0,1.0,4.0,3.0,4.0,4.0,4.0,1.0,2.0,3.0,2.0,3.0,1.0,2.0,2.0,8.0,3.0,4.0,4.0,3.0,1.0,4.0,1.0,2.0,1.0,2.0,2.0,3.0,2.0,3.0,2.0,1.0,2.0,3.0,2.0,1.0,2.0,4.0,4.0,4.0,2.0,1.0,3.0,3.0,2.0,2.0,2.0,2.0,0.0,0.0,0.0,0.0,0.0,0.0,0.0,0.0,0.0,0.0,0.0,8.0,5.0,1.0,4.0,3.0,1.0,10.0,2.0,2.0,2.0,2.0,2.0,1.0,5.0,6.0,3.0,2.0,2.0,2.0,2.0,2.0,2.0,2.0,0.0,3.0,3.0,2.0,4.0,4.0,4.0,4.0,4.0,4.0,1.0,1.0,2.0,,2.0,1.0,1.0,1.0,1.0,2.0,1.0,2.0,1.0,5.0,6.0,7.0,5.0,7.0,6.0,10.0,1.0,1.0,1.0,1.0,3.0,2.0,2.0,2.0,1.0,2.0,2.0,7.0,1.0,1.0,1.0,1.0,1.0,4.0,5.0,5.0,6.0,10.0,1.0,3.0,1.0,1.0,1.0,1.0,1.0,1.0,5.0,3.0,3.0,2.0,4.0,3.0,5.0,1.0,4.0,5.0,5.0,5.0,5.0,2.0,2.0,2.0,3.0,3.0,3.0,2.0,2.0,2.0,3.0,3.0,3.0,3.0,1.0,1.0,2.0,3.0,3.0,2.0,4.0,3.0,1.0,2.0,2.0,2.0,2.0,,3.0,3.0,4.0,1.0,3.0,,4.0,2.0,10.0,10.0,1.0,6.0,6.0,3.0,10.0,10.0,3.0,1.0,2.0,1.0,1.0,1.0,1.0,2.0,2.0
68070938,1.0,3.0,1.0,2.0,1.0,1.0,1.0,1.0,2.0,2.0,2.0,2.0,2.0,2.0,1.0,2.0,1.0,1.0,2.0,,2.0,2.0,2.0,2.0,2.0,2.0,2.0,2.0,3.0,3.0,3.0,2.0,4.0,2.0,3.0,4.0,2.0,2.0,2.0,2.0,2.0,3.0,1.0,1.0,3.0,3.0,10.0,10.0,10.0,1.0,2.0,3.0,1.0,1.0,2.0,2.0,3.0,3.0,2.0,4.0,3.0,4.0,3.0,2.0,3.0,4.0,3.0,3.0,2.0,1.0,2.0,2.0,3.0,2.0,1.0,3.0,2.0,2.0,2.0,2.0,2.0,2.0,0.0,2.0,1.0,0.0,0.0,1.0,0.0,1.0,0.0,,,1.0,5.0,5.0,1.0,10.0,2.0,2.0,2.0,2.0,,4.0,2.0,10.0,2.0,2.0,1.0,2.0,2.0,2.0,2.0,2.0,2.0,4.0,3.0,4.0,4.0,4.0,4.0,4.0,4.0,4.0,,,,1.0,2.0,2.0,2.0,3.0,4.0,3.0,1.0,2.0,1.0,9.0,7.0,8.0,4.0,1.0,6.0,10.0,1.0,1.0,1.0,1.0,2.0,3.0,6.0,2.0,1.0,1.0,2.0,1.0,10.0,8.0,1.0,1.0,7.0,1.0,1.0,1.0,10.0,2.0,1.0,1.0,1.0,1.0,1.0,1.0,1.0,1.0,6.0,1.0,4.0,4.0,2.0,3.0,5.0,5.0,4.0,5.0,5.0,5.0,5.0,4.0,3.0,3.0,2.0,1.0,1.0,1.0,3.0,3.0,3.0,3.0,2.0,2.0,1.0,1.0,1.0,2.0,2.0,4.0,4.0,1.0,4.0,4.0,1.0,1.0,4.0,,2.0,1.0,3.0,2.0,3.0,10.0,10.0,8.0,10.0,1.0,1.0,10.0,8.0,9.0,3.0,10.0,9.0,6.0,3.0,1.0,4.0,1.0,1.0,1.0,1.0
604070965,1.0,1.0,1.0,2.0,1.0,1.0,2.0,2.0,1.0,2.0,2.0,2.0,1.0,1.0,2.0,1.0,1.0,2.0,2.0,2.0,2.0,,2.0,2.0,2.0,2.0,1.0,1.0,3.0,3.0,3.0,2.0,4.0,3.0,3.0,3.0,3.0,1.0,2.0,2.0,3.0,1.0,1.0,1.0,2.0,4.0,9.0,9.0,8.0,2.0,3.0,3.0,3.0,4.0,2.0,2.0,1.0,4.0,4.0,4.0,4.0,4.0,1.0,2.0,3.0,3.0,3.0,4.0,4.0,4.0,4.0,4.0,4.0,4.0,4.0,4.0,4.0,3.0,3.0,3.0,0.0,0.0,0.0,0.0,0.0,0.0,0.0,0.0,0.0,0.0,0.0,7.0,5.0,8.0,4.0,3.0,1.0,8.0,3.0,3.0,3.0,3.0,2.0,2.0,2.0,2.0,3.0,2.0,2.0,2.0,2.0,2.0,2.0,2.0,0.0,2.0,2.0,4.0,1.0,4.0,3.0,4.0,4.0,4.0,1.0,1.0,2.0,1.0,1.0,2.0,2.0,1.0,1.0,1.0,2.0,2.0,1.0,9.0,9.0,9.0,9.0,9.0,9.0,10.0,1.0,1.0,1.0,1.0,1.0,2.0,1.0,3.0,1.0,2.0,2.0,3.0,1.0,1.0,1.0,1.0,1.0,7.0,5.0,5.0,5.0,6.0,2.0,4.0,1.0,1.0,1.0,1.0,5.0,1.0,4.0,1.0,3.0,3.0,3.0,2.0,1.0,1.0,3.0,1.0,1.0,1.0,1.0,1.0,3.0,3.0,3.0,3.0,2.0,3.0,3.0,3.0,3.0,3.0,3.0,3.0,1.0,1.0,2.0,3.0,2.0,4.0,2.0,3.0,3.0,3.0,2.0,2.0,2.0,2.0,2.0,1.0,2.0,1.0,4.0,9.0,5.0,5.0,5.0,5.0,5.0,5.0,5.0,5.0,5.0,10.0,6.0,5.0,3.0,1.0,1.0,1.0,1.0,1.0,1.0
792071442,1.0,3.0,3.0,3.0,2.0,1.0,1.0,1.0,1.0,1.0,1.0,2.0,2.0,2.0,2.0,2.0,2.0,1.0,2.0,2.0,1.0,2.0,2.0,1.0,2.0,2.0,1.0,2.0,3.0,4.0,3.0,2.0,2.0,4.0,2.0,2.0,5.0,2.0,2.0,2.0,4.0,1.0,2.0,2.0,1.0,2.0,7.0,8.0,7.0,4.0,4.0,4.0,2.0,4.0,1.0,2.0,2.0,3.0,3.0,3.0,2.0,3.0,2.0,1.0,4.0,3.0,,2.0,3.0,1.0,2.0,2.0,3.0,3.0,1.0,3.0,2.0,2.0,2.0,2.0,0.0,0.0,0.0,0.0,0.0,0.0,0.0,0.0,0.0,0.0,0.0,8.0,7.0,9.0,8.0,9.0,1.0,2.0,1.0,1.0,1.0,2.0,1.0,2.0,1.0,10.0,3.0,1.0,2.0,0.0,0.0,0.0,1.0,1.0,0.0,3.0,1.0,4.0,4.0,4.0,4.0,4.0,4.0,4.0,2.0,2.0,2.0,2.0,2.0,2.0,2.0,3.0,3.0,3.0,2.0,2.0,2.0,8.0,8.0,8.0,9.0,8.0,4.0,10.0,1.0,1.0,1.0,1.0,1.0,1.0,4.0,1.0,1.0,1.0,1.0,6.0,1.0,1.0,1.0,1.0,1.0,1.0,1.0,4.0,6.0,1.0,1.0,1.0,1.0,1.0,1.0,,1.0,,10.0,2.0,2.0,2.0,2.0,2.0,2.0,1.0,3.0,3.0,2.0,2.0,2.0,1.0,2.0,2.0,3.0,3.0,2.0,1.0,2.0,1.0,1.0,1.0,1.0,3.0,1.0,1.0,1.0,4.0,3.0,4.0,2.0,1.0,4.0,4.0,1.0,1.0,2.0,,4.0,3.0,,1.0,2.0,9.0,9.0,6.0,7.0,4.0,,5.0,5.0,7.0,3.0,9.0,9.0,9.0,1.0,1.0,2.0,1.0,2.0,4.0,3.0
276070700,2.0,2.0,2.0,3.0,2.0,3.0,1.0,2.0,1.0,1.0,1.0,1.0,2.0,2.0,2.0,2.0,2.0,1.0,2.0,2.0,2.0,2.0,2.0,1.0,2.0,2.0,3.0,3.0,4.0,4.0,4.0,4.0,5.0,2.0,2.0,2.0,3.0,3.0,2.0,2.0,2.0,,1.0,1.0,2.0,3.0,7.0,8.0,5.0,4.0,2.0,3.0,4.0,4.0,1.0,1.0,1.0,2.0,2.0,3.0,1.0,1.0,2.0,3.0,3.0,3.0,3.0,2.0,2.0,2.0,3.0,2.0,2.0,3.0,2.0,3.0,3.0,3.0,3.0,3.0,0.0,0.0,0.0,1.0,0.0,0.0,0.0,0.0,0.0,0.0,0.0,7.0,10.0,6.0,2.0,7.0,1.0,4.0,2.0,2.0,2.0,2.0,3.0,2.0,5.0,7.0,3.0,0.0,0.0,2.0,2.0,2.0,2.0,0.0,2.0,2.0,3.0,2.0,2.0,4.0,3.0,3.0,2.0,,1.0,1.0,2.0,2.0,2.0,1.0,1.0,1.0,1.0,1.0,2.0,2.0,,4.0,7.0,2.0,5.0,5.0,6.0,5.0,1.0,1.0,1.0,1.0,2.0,3.0,6.0,,1.0,1.0,2.0,3.0,1.0,1.0,1.0,1.0,1.0,10.0,7.0,2.0,2.0,7.0,2.0,2.0,1.0,1.0,1.0,1.0,5.0,1.0,1.0,2.0,4.0,4.0,2.0,2.0,2.0,1.0,1.0,4.0,2.0,2.0,5.0,2.0,1.0,3.0,1.0,3.0,1.0,2.0,2.0,1.0,2.0,,3.0,3.0,1.0,1.0,1.0,4.0,2.0,4.0,3.0,1.0,4.0,4.0,1.0,1.0,1.0,,2.0,4.0,4.0,1.0,4.0,5.0,3.0,1.0,10.0,10.0,1.0,10.0,5.0,1.0,10.0,10.0,8.0,7.0,2.0,1.0,1.0,2.0,1.0,2.0,2.0
504070730,1.0,1.0,1.0,2.0,1.0,1.0,1.0,2.0,2.0,1.0,1.0,1.0,2.0,2.0,1.0,2.0,2.0,1.0,2.0,2.0,2.0,1.0,2.0,1.0,2.0,2.0,1.0,2.0,2.0,3.0,3.0,3.0,1.0,3.0,2.0,,2.0,1.0,2.0,2.0,2.0,3.0,1.0,1.0,2.0,2.0,8.0,7.0,7.0,4.0,3.0,3.0,3.0,4.0,1.0,2.0,2.0,2.0,2.0,3.0,3.0,3.0,2.0,1.0,3.0,3.0,3.0,3.0,3.0,3.0,3.0,3.0,3.0,3.0,3.0,3.0,2.0,2.0,3.0,2.0,0.0,0.0,0.0,0.0,0.0,0.0,0.0,0.0,0.0,0.0,0.0,8.0,5.0,8.0,3.0,2.0,2.0,7.0,2.0,2.0,2.0,2.0,2.0,2.0,2.0,6.0,4.0,1.0,2.0,0.0,1.0,2.0,1.0,1.0,1.0,2.0,2.0,3.0,3.0,2.0,3.0,2.0,2.0,2.0,1.0,1.0,1.0,2.0,2.0,2.0,1.0,3.0,2.0,4.0,2.0,2.0,1.0,7.0,8.0,7.0,5.0,5.0,6.0,7.0,1.0,1.0,1.0,1.0,2.0,3.0,1.0,1.0,1.0,2.0,2.0,8.0,3.0,2.0,1.0,3.0,3.0,1.0,2.0,2.0,6.0,4.0,1.0,3.0,4.0,5.0,3.0,1.0,4.0,1.0,4.0,2.0,3.0,2.0,3.0,2.0,1.0,1.0,1.0,1.0,2.0,1.0,1.0,1.0,2.0,2.0,2.0,2.0,2.0,2.0,2.0,2.0,1.0,2.0,2.0,2.0,2.0,2.0,2.0,3.0,1.0,2.0,3.0,2.0,3.0,3.0,2.0,2.0,1.0,4.0,3.0,3.0,4.0,1.0,3.0,6.0,10.0,3.0,8.0,9.0,2.0,10.0,8.0,6.0,7.0,9.0,5.0,4.0,3.0,1.0,1.0,1.0,1.0,1.0,1.0
792071478,1.0,1.0,2.0,3.0,3.0,1.0,1.0,1.0,2.0,1.0,1.0,2.0,1.0,2.0,2.0,2.0,2.0,1.0,2.0,1.0,1.0,2.0,2.0,1.0,1.0,2.0,2.0,2.0,2.0,4.0,2.0,2.0,4.0,3.0,2.0,5.0,5.0,3.0,2.0,2.0,2.0,2.0,2.0,3.0,2.0,2.0,7.0,8.0,9.0,4.0,4.0,4.0,4.0,4.0,2.0,2.0,1.0,4.0,4.0,4.0,4.0,4.0,3.0,2.0,4.0,2.0,4.0,2.0,2.0,2.0,2.0,2.0,2.0,2.0,1.0,2.0,2.0,2.0,3.0,2.0,0.0,0.0,0.0,0.0,0.0,0.0,0.0,0.0,0.0,0.0,0.0,9.0,7.0,9.0,2.0,8.0,2.0,5.0,2.0,1.0,3.0,2.0,3.0,2.0,2.0,9.0,4.0,2.0,2.0,1.0,0.0,1.0,0.0,0.0,0.0,2.0,2.0,4.0,2.0,4.0,2.0,3.0,2.0,2.0,1.0,,,3.0,2.0,2.0,2.0,3.0,1.0,4.0,2.0,2.0,2.0,8.0,6.0,3.0,8.0,9.0,8.0,8.0,1.0,1.0,1.0,1.0,2.0,2.0,7.0,7.0,2.0,2.0,1.0,9.0,1.0,1.0,1.0,1.0,1.0,1.0,1.0,1.0,1.0,1.0,1.0,1.0,1.0,7.0,1.0,,1.0,,8.0,3.0,3.0,2.0,2.0,2.0,1.0,1.0,4.0,1.0,1.0,1.0,1.0,1.0,3.0,3.0,3.0,3.0,2.0,3.0,3.0,3.0,2.0,2.0,2.0,2.0,1.0,1.0,1.0,4.0,2.0,2.0,2.0,1.0,2.0,4.0,4.0,2.0,3.0,,4.0,4.0,,1.0,3.0,8.0,8.0,2.0,9.0,3.0,,7.0,6.0,8.0,9.0,6.0,8.0,9.0,1.0,2.0,4.0,3.0,1.0,4.0,3.0
68071502,1.0,3.0,3.0,3.0,1.0,3.0,1.0,2.0,1.0,1.0,2.0,1.0,2.0,2.0,2.0,2.0,1.0,1.0,2.0,1.0,2.0,2.0,2.0,1.0,2.0,2.0,1.0,1.0,1.0,3.0,2.0,1.0,1.0,1.0,4.0,4.0,4.0,3.0,1.0,4.0,1.0,3.0,1.0,1.0,1.0,2.0,9.0,6.0,10.0,4.0,2.0,1.0,3.0,4.0,2.0,2.0,1.0,4.0,2.0,3.0,2.0,2.0,3.0,3.0,3.0,3.0,3.0,3.0,3.0,4.0,4.0,4.0,3.0,3.0,3.0,3.0,3.0,2.0,3.0,3.0,1.0,1.0,0.0,0.0,0.0,0.0,0.0,0.0,0.0,0.0,0.0,10.0,10.0,1.0,10.0,1.0,1.0,10.0,4.0,4.0,4.0,4.0,3.0,3.0,5.0,10.0,3.0,0.0,2.0,2.0,2.0,2.0,2.0,2.0,2.0,3.0,1.0,4.0,1.0,4.0,4.0,4.0,4.0,4.0,1.0,2.0,2.0,3.0,1.0,2.0,2.0,3.0,3.0,3.0,2.0,2.0,1.0,10.0,10.0,10.0,10.0,1.0,10.0,7.0,1.0,2.0,2.0,2.0,3.0,3.0,4.0,4.0,2.0,1.0,2.0,1.0,10.0,1.0,1.0,1.0,1.0,1.0,1.0,1.0,1.0,10.0,1.0,10.0,1.0,1.0,1.0,1.0,1.0,1.0,10.0,4.0,4.0,4.0,2.0,2.0,1.0,1.0,3.0,1.0,1.0,1.0,1.0,2.0,2.0,3.0,2.0,3.0,1.0,3.0,2.0,2.0,1.0,3.0,3.0,3.0,1.0,1.0,4.0,2.0,2.0,2.0,4.0,4.0,1.0,1.0,3.0,3.0,1.0,,1.0,1.0,4.0,1.0,4.0,10.0,1.0,10.0,10.0,1.0,10.0,10.0,1.0,10.0,10.0,10.0,1.0,1.0,4.0,4.0,3.0,2.0,2.0,4.0,2.0
51070749,1.0,1.0,2.0,4.0,1.0,1.0,1.0,2.0,1.0,1.0,2.0,1.0,2.0,2.0,1.0,2.0,2.0,1.0,2.0,2.0,2.0,1.0,1.0,1.0,2.0,2.0,1.0,4.0,4.0,4.0,4.0,3.0,4.0,2.0,4.0,5.0,4.0,2.0,1.0,4.0,4.0,1.0,1.0,1.0,1.0,2.0,10.0,10.0,10.0,4.0,4.0,4.0,4.0,4.0,1.0,2.0,1.0,4.0,2.0,4.0,4.0,4.0,4.0,4.0,4.0,4.0,4.0,3.0,4.0,4.0,4.0,4.0,4.0,2.0,4.0,2.0,2.0,2.0,4.0,4.0,0.0,0.0,0.0,0.0,0.0,0.0,0.0,0.0,0.0,0.0,0.0,10.0,1.0,10.0,1.0,1.0,2.0,10.0,3.0,4.0,4.0,3.0,3.0,2.0,2.0,10.0,4.0,2.0,2.0,0.0,0.0,0.0,2.0,0.0,0.0,3.0,3.0,3.0,2.0,3.0,3.0,4.0,2.0,4.0,1.0,1.0,2.0,1.0,1.0,2.0,2.0,1.0,1.0,1.0,1.0,2.0,2.0,10.0,10.0,10.0,9.0,1.0,10.0,10.0,1.0,1.0,1.0,1.0,3.0,2.0,7.0,1.0,1.0,1.0,2.0,1.0,1.0,1.0,1.0,1.0,1.0,1.0,1.0,1.0,2.0,1.0,1.0,1.0,1.0,1.0,1.0,1.0,1.0,1.0,1.0,4.0,4.0,4.0,3.0,3.0,5.0,1.0,5.0,5.0,5.0,1.0,5.0,5.0,3.0,3.0,2.0,3.0,3.0,3.0,3.0,2.0,3.0,3.0,2.0,3.0,3.0,3.0,3.0,4.0,3.0,1.0,4.0,4.0,1.0,3.0,4.0,2.0,1.0,5.0,1.0,4.0,3.0,1.0,3.0,10.0,1.0,1.0,10.0,10.0,2.0,8.0,6.0,8.0,10.0,10.0,4.0,2.0,4.0,1.0,1.0,1.0,1.0,2.0,3.0
32070333,1.0,1.0,2.0,2.0,2.0,3.0,1.0,1.0,2.0,1.0,1.0,2.0,2.0,2.0,2.0,1.0,2.0,1.0,2.0,2.0,2.0,2.0,2.0,1.0,2.0,2.0,1.0,3.0,3.0,4.0,4.0,3.0,4.0,2.0,4.0,2.0,4.0,3.0,3.0,3.0,3.0,1.0,1.0,1.0,1.0,1.0,8.0,8.0,8.0,4.0,4.0,4.0,4.0,4.0,3.0,1.0,1.0,1.0,2.0,2.0,1.0,1.0,3.0,4.0,3.0,3.0,4.0,4.0,3.0,4.0,3.0,3.0,3.0,2.0,2.0,3.0,3.0,2.0,2.0,2.0,0.0,0.0,0.0,0.0,1.0,0.0,0.0,0.0,0.0,0.0,0.0,8.0,5.0,5.0,3.0,5.0,1.0,8.0,2.0,3.0,2.0,2.0,2.0,2.0,3.0,1.0,5.0,2.0,2.0,1.0,2.0,1.0,2.0,1.0,1.0,2.0,2.0,3.0,3.0,3.0,3.0,2.0,3.0,4.0,1.0,1.0,2.0,2.0,2.0,2.0,2.0,4.0,4.0,4.0,1.0,1.0,1.0,5.0,5.0,5.0,1.0,8.0,5.0,2.0,1.0,1.0,1.0,1.0,4.0,4.0,6.0,2.0,1.0,2.0,1.0,1.0,1.0,1.0,1.0,1.0,1.0,,,,,10.0,,,1.0,4.0,1.0,4.0,3.0,3.0,1.0,4.0,4.0,3.0,1.0,1.0,2.0,1.0,1.0,1.0,4.0,1.0,1.0,1.0,1.0,2.0,1.0,2.0,1.0,2.0,2.0,1.0,2.0,2.0,2.0,,1.0,1.0,1.0,4.0,2.0,3.0,2.0,2.0,2.0,3.0,,,1.0,2.0,4.0,4.0,4.0,1.0,4.0,3.0,9.0,2.0,9.0,8.0,1.0,9.0,5.0,9.0,10.0,10.0,10.0,10.0,3.0,2.0,1.0,1.0,1.0,2.0,2.0
586071102,1.0,1.0,4.0,1.0,1.0,1.0,1.0,2.0,1.0,1.0,2.0,1.0,2.0,2.0,2.0,2.0,1.0,1.0,2.0,1.0,1.0,1.0,1.0,1.0,1.0,2.0,1.0,1.0,1.0,1.0,1.0,1.0,1.0,1.0,,,1.0,1.0,3.0,1.0,1.0,3.0,1.0,3.0,2.0,2.0,10.0,10.0,4.0,3.0,4.0,3.0,2.0,4.0,2.0,2.0,1.0,1.0,1.0,4.0,4.0,4.0,1.0,1.0,,3.0,,,,2.0,3.0,,,2.0,,1.0,1.0,,,,0.0,0.0,,0.0,0.0,0.0,0.0,0.0,,0.0,0.0,10.0,1.0,1.0,,10.0,2.0,10.0,,,,,,3.0,2.0,,,,,1.0,,,,2.0,,4.0,2.0,3.0,4.0,,3.0,4.0,3.0,,1.0,1.0,2.0,1.0,1.0,2.0,2.0,1.0,1.0,1.0,1.0,2.0,1.0,10.0,10.0,10.0,10.0,10.0,5.0,10.0,1.0,1.0,1.0,1.0,1.0,1.0,6.0,7.0,1.0,1.0,2.0,1.0,1.0,1.0,1.0,1.0,1.0,,1.0,1.0,1.0,1.0,1.0,1.0,1.0,1.0,1.0,1.0,1.0,1.0,,1.0,,2.0,4.0,3.0,5.0,2.0,5.0,5.0,5.0,5.0,5.0,2.0,3.0,3.0,3.0,3.0,3.0,2.0,3.0,3.0,3.0,3.0,3.0,3.0,1.0,1.0,,,,4.0,,,,3.0,1.0,1.0,1.0,,2.0,,1.0,2.0,2.0,,10.0,,10.0,10.0,10.0,10.0,1.0,10.0,5.0,1.0,1.0,1.0,,1.0,1.0,1.0,1.0,,1.0
196070947,1.0,1.0,1.0,3.0,2.0,3.0,1.0,,,,,1.0,1.0,1.0,,1.0,,,,,1.0,,,,,,3.0,4.0,3.0,,,,,,,,,,,,,2.0,2.0,3.0,2.0,1.0,5.0,6.0,5.0,4.0,4.0,4.0,4.0,4.0,3.0,2.0,1.0,2.0,2.0,4.0,4.0,4.0,2.0,1.0,2.0,3.0,3.0,2.0,3.0,3.0,3.0,2.0,2.0,3.0,3.0,2.0,2.0,3.0,2.0,3.0,,,,,,,0.0,2.0,2.0,1.0,2.0,6.0,6.0,5.0,6.0,6.0,2.0,7.0,2.0,3.0,2.0,3.0,4.0,2.0,4.0,7.0,2.0,0.0,1.0,0.0,1.0,2.0,1.0,1.0,1.0,3.0,2.0,4.0,4.0,4.0,,3.0,3.0,3.0,2.0,2.0,2.0,1.0,1.0,2.0,2.0,1.0,1.0,1.0,2.0,1.0,1.0,6.0,5.0,6.0,5.0,,,,,,,,,,,,,,,,5.0,4.0,1.0,1.0,1.0,4.0,4.0,6.0,5.0,6.0,1.0,1.0,1.0,1.0,1.0,,1.0,,1.0,2.0,2.0,2.0,2.0,,1.0,2.0,3.0,1.0,1.0,1.0,1.0,2.0,2.0,2.0,2.0,3.0,2.0,2.0,2.0,3.0,2.0,2.0,2.0,2.0,2.0,2.0,3.0,4.0,4.0,,,,,,,,,4.0,3.0,4.0,,4.0,4.0,5.0,4.0,6.0,,,,,,,,,,6.0,,2.0,2.0,2.0,1.0,1.0,3.0
218070928,2.0,3.0,1.0,4.0,2.0,1.0,1.0,2.0,1.0,1.0,2.0,1.0,2.0,1.0,2.0,2.0,2.0,1.0,2.0,2.0,2.0,2.0,2.0,2.0,2.0,2.0,1.0,2.0,3.0,3.0,3.0,3.0,3.0,3.0,4.0,2.0,3.0,2.0,1.0,2.0,4.0,3.0,1.0,1.0,1.0,1.0,8.0,10.0,10.0,4.0,4.0,4.0,4.0,4.0,2.0,1.0,1.0,1.0,1.0,3.0,3.0,2.0,1.0,1.0,3.0,1.0,3.0,1.0,1.0,3.0,3.0,3.0,3.0,1.0,3.0,1.0,1.0,1.0,1.0,1.0,1.0,2.0,2.0,0.0,0.0,0.0,2.0,0.0,0.0,0.0,0.0,1.0,10.0,1.0,5.0,1.0,,10.0,2.0,2.0,2.0,2.0,1.0,1.0,4.0,10.0,3.0,2.0,0.0,2.0,0.0,2.0,0.0,2.0,2.0,3.0,1.0,3.0,2.0,4.0,4.0,4.0,3.0,4.0,2.0,1.0,2.0,2.0,1.0,2.0,1.0,1.0,1.0,1.0,1.0,2.0,,10.0,10.0,10.0,10.0,5.0,5.0,10.0,1.0,2.0,1.0,1.0,1.0,3.0,4.0,3.0,1.0,2.0,2.0,1.0,10.0,1.0,10.0,10.0,10.0,5.0,1.0,10.0,10.0,10.0,10.0,10.0,10.0,10.0,10.0,10.0,7.0,10.0,5.0,1.0,2.0,4.0,4.0,3.0,2.0,1.0,2.0,1.0,1.0,1.0,1.0,1.0,2.0,2.0,3.0,3.0,2.0,2.0,3.0,3.0,3.0,3.0,3.0,3.0,1.0,1.0,3.0,4.0,4.0,3.0,2.0,4.0,4.0,1.0,2.0,1.0,4.0,,1.0,1.0,3.0,2.0,3.0,10.0,1.0,1.0,10.0,1.0,1.0,1.0,1.0,1.0,10.0,1.0,5.0,1.0,1.0,1.0,1.0,1.0,1.0,2.0,3.0
156070749,1.0,2.0,3.0,3.0,2.0,4.0,1.0,1.0,1.0,1.0,2.0,1.0,2.0,2.0,2.0,2.0,2.0,1.0,2.0,1.0,2.0,1.0,,1.0,2.0,2.0,2.0,3.0,2.0,2.0,2.0,2.0,2.0,2.0,4.0,4.0,2.0,2.0,4.0,2.0,2.0,3.0,1.0,1.0,2.0,2.0,8.0,8.0,8.0,4.0,4.0,4.0,4.0,4.0,1.0,1.0,1.0,2.0,2.0,3.0,3.0,3.0,2.0,2.0,2.0,2.0,2.0,2.0,1.0,1.0,1.0,1.0,1.0,3.0,3.0,3.0,2.0,3.0,3.0,3.0,2.0,0.0,0.0,0.0,0.0,0.0,0.0,0.0,0.0,0.0,0.0,3.0,9.0,3.0,2.0,3.0,1.0,8.0,1.0,2.0,2.0,3.0,3.0,2.0,4.0,7.0,4.0,2.0,2.0,0.0,,0.0,2.0,0.0,0.0,,2.0,,,,,,,,,,,4.0,3.0,2.0,2.0,4.0,4.0,,1.0,2.0,2.0,8.0,8.0,3.0,4.0,3.0,8.0,9.0,1.0,1.0,1.0,1.0,3.0,3.0,4.0,6.0,1.0,2.0,2.0,8.0,4.0,4.0,4.0,2.0,2.0,2.0,2.0,2.0,4.0,3.0,2.0,1.0,4.0,8.0,1.0,1.0,2.0,1.0,9.0,2.0,2.0,2.0,3.0,2.0,5.0,1.0,5.0,3.0,5.0,5.0,5.0,1.0,1.0,2.0,2.0,2.0,1.0,2.0,2.0,2.0,3.0,3.0,3.0,3.0,2.0,,,,,,,,,,,,,,2.0,3.0,2.0,2.0,3.0,,2.0,3.0,8.0,8.0,8.0,8.0,8.0,8.0,8.0,8.0,8.0,8.0,2.0,2.0,2.0,2.0,2.0,3.0,3.0
124075046,3.0,3.0,2.0,3.0,2.0,4.0,2.0,1.0,1.0,2.0,1.0,2.0,2.0,1.0,2.0,1.0,2.0,1.0,2.0,2.0,2.0,2.0,2.0,1.0,2.0,2.0,3.0,4.0,4.0,4.0,4.0,3.0,5.0,3.0,5.0,2.0,4.0,3.0,5.0,4.0,4.0,1.0,2.0,2.0,3.0,1.0,9.0,5.0,4.0,4.0,4.0,4.0,2.0,4.0,2.0,1.0,1.0,1.0,1.0,2.0,1.0,1.0,4.0,3.0,3.0,4.0,3.0,3.0,3.0,3.0,4.0,4.0,3.0,2.0,3.0,3.0,4.0,3.0,3.0,3.0,0.0,0.0,0.0,0.0,0.0,0.0,1.0,0.0,0.0,0.0,0.0,2.0,7.0,4.0,4.0,5.0,1.0,6.0,3.0,3.0,2.0,2.0,2.0,1.0,3.0,7.0,4.0,2.0,2.0,0.0,2.0,0.0,2.0,0.0,0.0,2.0,2.0,4.0,4.0,4.0,3.0,4.0,4.0,4.0,2.0,2.0,2.0,3.0,4.0,2.0,2.0,4.0,4.0,4.0,2.0,1.0,1.0,8.0,7.0,1.0,3.0,3.0,10.0,1.0,2.0,2.0,2.0,2.0,4.0,4.0,7.0,8.0,3.0,2.0,2.0,9.0,2.0,4.0,1.0,1.0,2.0,9.0,5.0,8.0,7.0,10.0,3.0,9.0,1.0,1.0,2.0,1.0,10.0,3.0,2.0,2.0,4.0,4.0,2.0,3.0,4.0,4.0,4.0,1.0,1.0,1.0,1.0,4.0,1.0,1.0,2.0,2.0,1.0,2.0,2.0,2.0,1.0,1.0,2.0,2.0,2.0,1.0,1.0,4.0,3.0,4.0,2.0,1.0,3.0,4.0,3.0,1.0,1.0,3.0,4.0,2.0,4.0,2.0,4.0,4.0,9.0,1.0,8.0,8.0,5.0,8.0,7.0,6.0,9.0,9.0,6.0,3.0,1.0,2.0,2.0,2.0,2.0,2.0,3.0
630070238,1.0,1.0,1.0,1.0,1.0,1.0,1.0,1.0,2.0,1.0,2.0,1.0,2.0,2.0,2.0,2.0,1.0,1.0,2.0,2.0,1.0,2.0,1.0,2.0,2.0,2.0,1.0,2.0,1.0,1.0,2.0,3.0,1.0,2.0,1.0,2.0,1.0,3.0,2.0,,2.0,3.0,2.0,2.0,3.0,3.0,5.0,5.0,5.0,4.0,1.0,2.0,1.0,3.0,,2.0,3.0,4.0,4.0,4.0,4.0,4.0,3.0,3.0,2.0,2.0,3.0,3.0,3.0,3.0,2.0,3.0,3.0,2.0,3.0,2.0,2.0,2.0,2.0,2.0,0.0,0.0,0.0,0.0,0.0,0.0,0.0,0.0,0.0,0.0,0.0,5.0,10.0,5.0,5.0,5.0,,10.0,1.0,1.0,1.0,1.0,1.0,1.0,1.0,10.0,4.0,1.0,1.0,1.0,1.0,1.0,1.0,1.0,1.0,3.0,3.0,3.0,3.0,3.0,3.0,3.0,3.0,3.0,1.0,1.0,1.0,1.0,1.0,2.0,2.0,1.0,1.0,1.0,2.0,2.0,1.0,1.0,1.0,1.0,1.0,10.0,1.0,10.0,1.0,2.0,1.0,1.0,1.0,,2.0,2.0,1.0,2.0,2.0,10.0,1.0,4.0,3.0,5.0,3.0,4.0,3.0,5.0,1.0,1.0,1.0,1.0,1.0,1.0,1.0,1.0,1.0,1.0,1.0,4.0,4.0,4.0,4.0,3.0,1.0,1.0,1.0,1.0,1.0,1.0,1.0,1.0,3.0,3.0,3.0,3.0,3.0,3.0,3.0,3.0,,3.0,3.0,3.0,1.0,,4.0,4.0,4.0,1.0,4.0,4.0,4.0,4.0,4.0,4.0,1.0,,1.0,2.0,1.0,2.0,2.0,5.0,1.0,2.0,3.0,2.0,4.0,4.0,3.0,3.0,3.0,10.0,1.0,1.0,4.0,,4.0,4.0,1.0,1.0,1.0
496070755,1.0,2.0,1.0,2.0,3.0,2.0,1.0,1.0,2.0,2.0,1.0,2.0,2.0,1.0,1.0,2.0,2.0,1.0,2.0,2.0,1.0,2.0,1.0,1.0,2.0,1.0,4.0,3.0,2.0,3.0,2.0,1.0,3.0,2.0,4.0,3.0,2.0,3.0,4.0,5.0,4.0,2.0,1.0,2.0,3.0,2.0,4.0,5.0,2.0,2.0,3.0,2.0,3.0,2.0,3.0,1.0,2.0,1.0,3.0,2.0,3.0,2.0,3.0,2.0,3.0,2.0,1.0,2.0,3.0,2.0,2.0,1.0,3.0,2.0,3.0,4.0,2.0,2.0,1.0,4.0,0.0,1.0,2.0,1.0,0.0,1.0,2.0,1.0,0.0,1.0,2.0,6.0,3.0,9.0,7.0,10.0,1.0,6.0,3.0,2.0,3.0,4.0,2.0,3.0,2.0,6.0,3.0,1.0,0.0,1.0,2.0,1.0,1.0,0.0,1.0,1.0,2.0,3.0,2.0,3.0,1.0,2.0,2.0,3.0,2.0,1.0,2.0,3.0,2.0,1.0,2.0,2.0,3.0,4.0,1.0,1.0,2.0,3.0,2.0,7.0,5.0,8.0,9.0,4.0,1.0,1.0,2.0,2.0,3.0,1.0,1.0,2.0,2.0,1.0,2.0,7.0,5.0,4.0,3.0,4.0,4.0,3.0,2.0,1.0,3.0,4.0,5.0,3.0,2.0,4.0,3.0,5.0,4.0,3.0,2.0,4.0,3.0,4.0,3.0,2.0,3.0,2.0,2.0,3.0,4.0,3.0,3.0,2.0,2.0,1.0,2.0,3.0,2.0,2.0,3.0,1.0,2.0,3.0,2.0,2.0,3.0,,2.0,2.0,3.0,4.0,2.0,1.0,2.0,3.0,2.0,3.0,3.0,2.0,4.0,3.0,3.0,2.0,3.0,9.0,7.0,10.0,6.0,4.0,1.0,4.0,6.0,4.0,2.0,7.0,1.0,2.0,1.0,,2.0,3.0,2.0,2.0,3.0
462070834,1.0,2.0,2.0,3.0,2.0,1.0,1.0,1.0,1.0,2.0,2.0,1.0,1.0,2.0,2.0,2.0,2.0,1.0,1.0,1.0,1.0,1.0,1.0,1.0,1.0,2.0,1.0,3.0,2.0,3.0,2.0,2.0,2.0,2.0,1.0,5.0,2.0,2.0,2.0,2.0,4.0,3.0,1.0,1.0,2.0,2.0,10.0,9.0,8.0,4.0,4.0,4.0,4.0,4.0,1.0,2.0,1.0,1.0,2.0,3.0,4.0,4.0,2.0,1.0,2.0,2.0,2.0,1.0,2.0,2.0,2.0,2.0,2.0,2.0,2.0,3.0,1.0,2.0,2.0,2.0,0.0,0.0,0.0,0.0,0.0,0.0,0.0,0.0,0.0,0.0,0.0,4.0,7.0,8.0,3.0,3.0,2.0,9.0,3.0,3.0,3.0,2.0,2.0,1.0,2.0,2.0,1.0,2.0,2.0,0.0,0.0,0.0,2.0,0.0,0.0,3.0,2.0,1.0,4.0,4.0,4.0,4.0,3.0,2.0,1.0,1.0,2.0,2.0,1.0,2.0,2.0,,1.0,1.0,1.0,1.0,1.0,9.0,8.0,2.0,3.0,2.0,9.0,10.0,1.0,1.0,1.0,1.0,1.0,1.0,1.0,1.0,1.0,2.0,1.0,8.0,1.0,2.0,1.0,1.0,1.0,1.0,1.0,1.0,4.0,1.0,1.0,1.0,1.0,1.0,1.0,1.0,1.0,1.0,10.0,2.0,3.0,3.0,4.0,3.0,4.0,1.0,2.0,2.0,5.0,5.0,5.0,5.0,3.0,3.0,3.0,3.0,3.0,3.0,2.0,1.0,3.0,3.0,3.0,3.0,1.0,1.0,2.0,2.0,1.0,1.0,2.0,2.0,1.0,3.0,2.0,2.0,,4.0,4.0,2.0,3.0,3.0,2.0,,9.0,2.0,9.0,9.0,3.0,,5.0,7.0,8.0,8.0,6.0,5.0,1.0,1.0,1.0,1.0,2.0,3.0,3.0
158070800,2.0,2.0,3.0,3.0,3.0,3.0,1.0,2.0,1.0,1.0,2.0,1.0,2.0,2.0,2.0,2.0,2.0,1.0,2.0,1.0,2.0,1.0,2.0,1.0,2.0,1.0,2.0,3.0,,,3.0,2.0,2.0,3.0,2.0,,1.0,3.0,4.0,4.0,2.0,2.0,,,2.0,2.0,10.0,10.0,10.0,4.0,2.0,4.0,4.0,4.0,1.0,2.0,1.0,2.0,2.0,2.0,2.0,2.0,,2.0,2.0,2.0,2.0,2.0,,,3.0,,2.0,2.0,2.0,2.0,2.0,2.0,2.0,2.0,0.0,0.0,0.0,0.0,0.0,0.0,0.0,1.0,0.0,0.0,0.0,10.0,6.0,6.0,5.0,3.0,1.0,10.0,3.0,2.0,2.0,3.0,,4.0,4.0,5.0,3.0,2.0,2.0,0.0,0.0,2.0,2.0,1.0,0.0,3.0,2.0,4.0,4.0,4.0,4.0,4.0,,4.0,1.0,1.0,2.0,4.0,3.0,2.0,2.0,3.0,4.0,4.0,1.0,2.0,1.0,6.0,9.0,5.0,5.0,5.0,5.0,10.0,1.0,2.0,2.0,2.0,4.0,3.0,4.0,5.0,2.0,1.0,2.0,5.0,1.0,1.0,1.0,1.0,1.0,1.0,1.0,5.0,1.0,5.0,1.0,1.0,1.0,10.0,1.0,1.0,1.0,1.0,10.0,1.0,2.0,3.0,2.0,2.0,1.0,5.0,5.0,5.0,5.0,5.0,5.0,2.0,2.0,2.0,2.0,3.0,3.0,3.0,3.0,1.0,3.0,3.0,3.0,3.0,1.0,1.0,1.0,3.0,4.0,1.0,1.0,1.0,1.0,3.0,1.0,1.0,1.0,4.0,2.0,,3.0,3.0,,6.0,6.0,5.0,10.0,6.0,2.0,8.0,5.0,2.0,10.0,5.0,10.0,1.0,2.0,2.0,2.0,2.0,2.0,4.0,4.0
158070468,1.0,1.0,2.0,2.0,1.0,1.0,1.0,2.0,1.0,1.0,2.0,2.0,2.0,1.0,1.0,2.0,2.0,1.0,2.0,1.0,2.0,1.0,2.0,1.0,2.0,2.0,1.0,3.0,3.0,3.0,3.0,1.0,2.0,1.0,2.0,2.0,2.0,2.0,2.0,2.0,2.0,1.0,3.0,3.0,1.0,1.0,8.0,9.0,8.0,4.0,4.0,4.0,3.0,4.0,1.0,1.0,1.0,1.0,2.0,3.0,2.0,2.0,2.0,2.0,3.0,3.0,3.0,2.0,2.0,3.0,3.0,3.0,2.0,2.0,3.0,2.0,2.0,2.0,2.0,2.0,2.0,2.0,0.0,2.0,0.0,1.0,2.0,1.0,0.0,1.0,1.0,10.0,10.0,9.0,1.0,10.0,1.0,10.0,2.0,3.0,4.0,2.0,2.0,1.0,1.0,10.0,3.0,2.0,2.0,1.0,0.0,2.0,2.0,2.0,2.0,3.0,1.0,4.0,4.0,4.0,4.0,4.0,4.0,4.0,1.0,1.0,2.0,4.0,4.0,2.0,2.0,1.0,1.0,2.0,1.0,2.0,1.0,8.0,3.0,8.0,8.0,3.0,9.0,1.0,2.0,1.0,1.0,2.0,3.0,3.0,3.0,8.0,1.0,2.0,2.0,2.0,1.0,1.0,1.0,1.0,1.0,6.0,1.0,1.0,8.0,6.0,1.0,8.0,1.0,5.0,1.0,1.0,1.0,1.0,9.0,4.0,4.0,4.0,2.0,2.0,5.0,1.0,2.0,5.0,5.0,5.0,4.0,5.0,2.0,3.0,2.0,3.0,3.0,3.0,3.0,1.0,3.0,3.0,3.0,3.0,1.0,1.0,1.0,4.0,2.0,2.0,3.0,1.0,2.0,2.0,1.0,1.0,2.0,1.0,1.0,1.0,4.0,2.0,4.0,2.0,10.0,1.0,10.0,6.0,9.0,10.0,8.0,2.0,10.0,10.0,10.0,8.0,2.0,1.0,2.0,2.0,2.0,2.0,2.0
462070079,1.0,1.0,1.0,1.0,1.0,1.0,1.0,1.0,2.0,2.0,2.0,2.0,1.0,2.0,1.0,2.0,1.0,1.0,2.0,2.0,2.0,1.0,2.0,1.0,1.0,1.0,2.0,3.0,3.0,3.0,2.0,2.0,2.0,2.0,4.0,5.0,2.0,2.0,2.0,2.0,2.0,3.0,3.0,1.0,2.0,2.0,10.0,9.0,10.0,4.0,4.0,4.0,3.0,4.0,1.0,2.0,1.0,1.0,1.0,4.0,4.0,2.0,2.0,2.0,4.0,4.0,4.0,4.0,4.0,3.0,4.0,4.0,2.0,2.0,4.0,4.0,2.0,3.0,4.0,4.0,0.0,0.0,0.0,0.0,0.0,0.0,0.0,0.0,0.0,0.0,0.0,1.0,4.0,5.0,2.0,3.0,2.0,10.0,3.0,3.0,3.0,3.0,4.0,2.0,4.0,1.0,2.0,2.0,2.0,2.0,2.0,2.0,2.0,2.0,2.0,3.0,2.0,3.0,4.0,1.0,4.0,2.0,3.0,2.0,1.0,1.0,1.0,2.0,3.0,2.0,2.0,,2.0,2.0,1.0,1.0,1.0,10.0,10.0,10.0,9.0,2.0,5.0,10.0,1.0,1.0,1.0,1.0,1.0,1.0,3.0,1.0,2.0,2.0,1.0,2.0,1.0,1.0,1.0,1.0,1.0,1.0,1.0,1.0,10.0,1.0,1.0,1.0,1.0,1.0,1.0,1.0,1.0,1.0,10.0,1.0,4.0,4.0,1.0,1.0,1.0,4.0,5.0,1.0,2.0,1.0,1.0,1.0,2.0,2.0,2.0,2.0,2.0,2.0,2.0,2.0,2.0,2.0,2.0,2.0,1.0,1.0,1.0,4.0,1.0,1.0,1.0,2.0,2.0,4.0,4.0,4.0,1.0,1.0,3.0,3.0,3.0,3.0,3.0,5.0,10.0,10.0,10.0,10.0,10.0,10.0,10.0,10.0,10.0,10.0,4.0,4.0,2.0,2.0,2.0,2.0,2.0,2.0,2.0
68070644,2.0,3.0,1.0,3.0,1.0,3.0,1.0,2.0,1.0,1.0,2.0,1.0,2.0,2.0,2.0,2.0,1.0,1.0,2.0,1.0,1.0,1.0,2.0,1.0,2.0,2.0,1.0,2.0,3.0,3.0,3.0,1.0,4.0,2.0,4.0,2.0,2.0,2.0,2.0,2.0,2.0,1.0,1.0,1.0,2.0,3.0,10.0,10.0,6.0,4.0,3.0,3.0,2.0,4.0,1.0,2.0,3.0,4.0,3.0,4.0,3.0,4.0,1.0,3.0,3.0,3.0,3.0,4.0,4.0,3.0,4.0,4.0,3.0,3.0,4.0,4.0,3.0,4.0,,,0.0,1.0,1.0,2.0,0.0,0.0,0.0,0.0,0.0,0.0,0.0,1.0,9.0,1.0,10.0,2.0,2.0,10.0,3.0,4.0,3.0,2.0,,2.0,3.0,10.0,,2.0,2.0,2.0,,2.0,1.0,2.0,2.0,3.0,3.0,1.0,1.0,4.0,3.0,,1.0,4.0,1.0,1.0,2.0,1.0,1.0,2.0,2.0,,,4.0,2.0,2.0,1.0,10.0,10.0,6.0,3.0,10.0,9.0,10.0,1.0,,,,3.0,3.0,3.0,2.0,1.0,2.0,,3.0,1.0,2.0,2.0,1.0,1.0,1.0,1.0,1.0,10.0,1.0,1.0,,1.0,1.0,1.0,1.0,1.0,1.0,1.0,1.0,1.0,1.0,4.0,3.0,3.0,1.0,5.0,1.0,5.0,3.0,5.0,2.0,2.0,,2.0,2.0,1.0,1.0,3.0,3.0,3.0,3.0,3.0,3.0,1.0,1.0,4.0,,2.0,3.0,3.0,3.0,2.0,3.0,2.0,1.0,3.0,,4.0,2.0,3.0,,,,9.0,8.0,9.0,,,,10.0,10.0,10.0,1.0,,,3.0,3.0,2.0,3.0,1.0,2.0,1.0
76071918,2.0,2.0,3.0,1.0,2.0,2.0,2.0,2.0,1.0,2.0,2.0,2.0,2.0,2.0,2.0,2.0,1.0,1.0,2.0,2.0,2.0,2.0,2.0,1.0,2.0,2.0,2.0,4.0,2.0,2.0,1.0,4.0,4.0,2.0,4.0,2.0,2.0,3.0,4.0,2.0,3.0,3.0,2.0,1.0,2.0,4.0,10.0,8.0,2.0,4.0,2.0,2.0,1.0,4.0,2.0,2.0,2.0,2.0,,3.0,2.0,2.0,1.0,1.0,1.0,1.0,1.0,1.0,1.0,,,1.0,1.0,1.0,4.0,1.0,1.0,,,,1.0,0.0,0.0,0.0,0.0,,2.0,0.0,,2.0,0.0,1.0,10.0,1.0,10.0,10.0,1.0,10.0,4.0,4.0,4.0,4.0,4.0,,3.0,10.0,4.0,2.0,2.0,2.0,2.0,1.0,0.0,2.0,2.0,3.0,3.0,2.0,2.0,2.0,4.0,2.0,3.0,1.0,2.0,1.0,2.0,4.0,4.0,2.0,1.0,4.0,4.0,4.0,1.0,2.0,2.0,,1.0,10.0,1.0,1.0,10.0,10.0,1.0,2.0,,,4.0,4.0,6.0,7.0,1.0,2.0,2.0,,1.0,10.0,1.0,10.0,10.0,10.0,10.0,,10.0,10.0,,,,10.0,,,10.0,10.0,,1.0,1.0,1.0,1.0,1.0,5.0,1.0,1.0,5.0,5.0,5.0,5.0,1.0,3.0,3.0,3.0,1.0,3.0,3.0,3.0,2.0,,,,2.0,1.0,1.0,2.0,,2.0,2.0,,,2.0,,1.0,1.0,1.0,4.0,1.0,1.0,1.0,2.0,4.0,,1.0,,5.0,1.0,5.0,10.0,1.0,5.0,5.0,1.0,5.0,2.0,3.0,2.0,1.0,1.0,1.0,4.0,4.0
558070365,1.0,1.0,3.0,3.0,1.0,3.0,1.0,2.0,1.0,2.0,2.0,1.0,1.0,2.0,2.0,2.0,1.0,1.0,2.0,2.0,2.0,2.0,2.0,1.0,2.0,2.0,2.0,4.0,3.0,3.0,3.0,1.0,2.0,1.0,4.0,3.0,3.0,1.0,2.0,2.0,2.0,3.0,1.0,1.0,1.0,3.0,10.0,10.0,5.0,4.0,4.0,4.0,3.0,4.0,2.0,2.0,1.0,4.0,2.0,4.0,4.0,3.0,3.0,3.0,4.0,3.0,3.0,3.0,3.0,3.0,3.0,3.0,4.0,2.0,4.0,3.0,3.0,3.0,3.0,3.0,0.0,0.0,0.0,0.0,0.0,0.0,0.0,0.0,0.0,0.0,0.0,10.0,10.0,10.0,10.0,10.0,2.0,10.0,3.0,4.0,3.0,4.0,3.0,3.0,3.0,8.0,3.0,1.0,0.0,2.0,2.0,2.0,2.0,2.0,2.0,3.0,3.0,2.0,2.0,3.0,4.0,4.0,4.0,3.0,1.0,1.0,2.0,2.0,1.0,2.0,2.0,1.0,1.0,1.0,2.0,2.0,2.0,5.0,6.0,6.0,5.0,4.0,6.0,10.0,1.0,2.0,2.0,2.0,1.0,4.0,6.0,7.0,2.0,2.0,2.0,6.0,7.0,10.0,1.0,9.0,1.0,5.0,5.0,5.0,6.0,5.0,5.0,5.0,4.0,4.0,3.0,2.0,5.0,1.0,5.0,3.0,3.0,3.0,4.0,1.0,5.0,2.0,3.0,1.0,5.0,1.0,1.0,3.0,3.0,3.0,3.0,3.0,3.0,3.0,3.0,3.0,3.0,3.0,3.0,3.0,3.0,3.0,4.0,2.0,3.0,1.0,3.0,4.0,3.0,3.0,3.0,3.0,1.0,3.0,3.0,1.0,4.0,1.0,2.0,5.0,8.0,5.0,8.0,8.0,5.0,5.0,5.0,5.0,6.0,10.0,3.0,5.0,3.0,1.0,1.0,2.0,2.0,2.0,3.0
528071984,1.0,1.0,1.0,2.0,2.0,3.0,1.0,2.0,2.0,1.0,2.0,1.0,1.0,2.0,2.0,2.0,1.0,1.0,2.0,2.0,2.0,2.0,2.0,1.0,2.0,2.0,3.0,4.0,,3.0,3.0,3.0,4.0,2.0,4.0,2.0,5.0,3.0,3.0,4.0,2.0,,,,1.0,2.0,8.0,8.0,8.0,4.0,4.0,4.0,4.0,4.0,2.0,1.0,1.0,2.0,2.0,3.0,2.0,2.0,2.0,2.0,2.0,2.0,2.0,2.0,2.0,2.0,2.0,2.0,2.0,1.0,2.0,3.0,2.0,1.0,2.0,2.0,0.0,2.0,2.0,0.0,0.0,1.0,0.0,1.0,0.0,0.0,0.0,6.0,5.0,4.0,4.0,3.0,1.0,4.0,2.0,2.0,2.0,2.0,2.0,1.0,,8.0,,2.0,2.0,,2.0,,2.0,0.0,2.0,2.0,2.0,3.0,3.0,3.0,,3.0,3.0,,2.0,1.0,2.0,3.0,4.0,2.0,2.0,3.0,3.0,3.0,1.0,1.0,,,8.0,2.0,6.0,5.0,9.0,4.0,,2.0,2.0,2.0,3.0,4.0,6.0,6.0,,2.0,2.0,8.0,1.0,4.0,3.0,1.0,1.0,10.0,5.0,9.0,9.0,9.0,5.0,5.0,2.0,3.0,3.0,1.0,10.0,5.0,1.0,3.0,4.0,4.0,2.0,2.0,1.0,1.0,1.0,1.0,1.0,1.0,4.0,1.0,1.0,,2.0,2.0,,,2.0,1.0,1.0,1.0,2.0,3.0,1.0,1.0,1.0,4.0,3.0,4.0,1.0,2.0,3.0,4.0,1.0,2.0,2.0,2.0,3.0,2.0,4.0,1.0,4.0,6.0,5.0,1.0,10.0,5.0,5.0,6.0,5.0,5.0,5.0,9.0,8.0,8.0,2.0,1.0,2.0,2.0,2.0,3.0,4.0
826070906,3.0,2.0,2.0,2.0,4.0,4.0,1.0,1.0,2.0,1.0,2.0,1.0,2.0,2.0,2.0,2.0,2.0,2.0,2.0,2.0,2.0,2.0,2.0,1.0,2.0,2.0,4.0,4.0,4.0,4.0,4.0,2.0,5.0,5.0,5.0,4.0,5.0,5.0,3.0,2.0,3.0,2.0,1.0,2.0,1.0,2.0,7.0,6.0,6.0,4.0,4.0,4.0,4.0,4.0,1.0,1.0,1.0,1.0,1.0,2.0,2.0,2.0,3.0,2.0,3.0,2.0,2.0,2.0,2.0,3.0,3.0,3.0,3.0,2.0,2.0,2.0,2.0,2.0,2.0,2.0,0.0,0.0,2.0,0.0,2.0,2.0,0.0,2.0,0.0,0.0,0.0,3.0,7.0,5.0,4.0,4.0,1.0,7.0,3.0,3.0,2.0,2.0,3.0,2.0,,4.0,4.0,2.0,2.0,1.0,2.0,1.0,2.0,0.0,2.0,2.0,2.0,4.0,4.0,4.0,3.0,4.0,4.0,4.0,,,,4.0,4.0,,,3.0,3.0,4.0,2.0,2.0,,9.0,9.0,1.0,1.0,1.0,10.0,1.0,2.0,2.0,2.0,2.0,4.0,,7.0,8.0,3.0,,,10.0,1.0,1.0,1.0,1.0,1.0,10.0,3.0,7.0,7.0,7.0,5.0,7.0,,1.0,1.0,1.0,7.0,1.0,1.0,2.0,4.0,4.0,1.0,1.0,3.0,2.0,1.0,1.0,1.0,1.0,1.0,2.0,1.0,1.0,1.0,2.0,1.0,1.0,1.0,1.0,1.0,1.0,1.0,2.0,1.0,1.0,1.0,3.0,2.0,4.0,2.0,1.0,3.0,4.0,1.0,2.0,1.0,3.0,4.0,4.0,4.0,1.0,4.0,3.0,8.0,1.0,10.0,10.0,1.0,10.0,3.0,5.0,10.0,10.0,7.0,6.0,2.0,3.0,2.0,2.0,3.0,2.0,3.0
218070974,1.0,3.0,1.0,1.0,1.0,2.0,1.0,1.0,2.0,2.0,2.0,1.0,1.0,2.0,2.0,2.0,1.0,1.0,2.0,1.0,2.0,2.0,2.0,1.0,2.0,2.0,4.0,3.0,4.0,4.0,4.0,4.0,4.0,5.0,5.0,4.0,4.0,5.0,2.0,5.0,4.0,3.0,1.0,1.0,2.0,2.0,1.0,7.0,2.0,4.0,2.0,3.0,3.0,2.0,2.0,2.0,1.0,3.0,2.0,4.0,4.0,4.0,1.0,1.0,1.0,1.0,2.0,1.0,1.0,1.0,2.0,2.0,2.0,3.0,3.0,3.0,2.0,2.0,2.0,2.0,2.0,0.0,0.0,0.0,0.0,0.0,0.0,0.0,0.0,0.0,0.0,9.0,9.0,5.0,5.0,7.0,1.0,10.0,4.0,2.0,2.0,2.0,3.0,4.0,2.0,9.0,1.0,0.0,2.0,2.0,0.0,2.0,0.0,2.0,2.0,3.0,2.0,1.0,1.0,3.0,3.0,3.0,2.0,3.0,2.0,2.0,2.0,2.0,1.0,2.0,1.0,4.0,4.0,4.0,1.0,2.0,1.0,1.0,8.0,5.0,4.0,8.0,8.0,10.0,1.0,2.0,2.0,1.0,3.0,3.0,4.0,3.0,2.0,1.0,2.0,7.0,5.0,5.0,1.0,1.0,1.0,5.0,1.0,1.0,1.0,7.0,1.0,2.0,1.0,7.0,1.0,1.0,1.0,1.0,1.0,3.0,3.0,2.0,4.0,1.0,2.0,1.0,5.0,1.0,2.0,1.0,1.0,1.0,3.0,3.0,2.0,3.0,1.0,3.0,3.0,3.0,3.0,3.0,3.0,3.0,3.0,1.0,3.0,4.0,2.0,1.0,2.0,2.0,1.0,2.0,3.0,3.0,1.0,,2.0,3.0,3.0,1.0,4.0,5.0,4.0,5.0,8.0,5.0,9.0,7.0,6.0,7.0,10.0,9.0,8.0,9.0,2.0,1.0,2.0,2.0,2.0,3.0,3.0
156071307,1.0,2.0,2.0,4.0,2.0,4.0,1.0,1.0,1.0,1.0,2.0,2.0,2.0,1.0,2.0,2.0,2.0,1.0,2.0,2.0,2.0,2.0,2.0,1.0,2.0,2.0,2.0,1.0,3.0,3.0,2.0,3.0,4.0,2.0,4.0,3.0,1.0,1.0,2.0,2.0,2.0,1.0,1.0,3.0,2.0,2.0,8.0,8.0,8.0,4.0,4.0,4.0,4.0,4.0,1.0,2.0,1.0,2.0,2.0,3.0,3.0,3.0,3.0,2.0,3.0,3.0,3.0,3.0,3.0,,,,,2.0,,3.0,3.0,2.0,2.0,4.0,0.0,0.0,1.0,1.0,0.0,0.0,1.0,0.0,0.0,0.0,0.0,1.0,1.0,1.0,3.0,8.0,1.0,10.0,3.0,3.0,3.0,2.0,2.0,3.0,4.0,3.0,3.0,2.0,0.0,1.0,,1.0,2.0,1.0,0.0,,2.0,,,,,,,,,,,2.0,2.0,2.0,2.0,3.0,3.0,,2.0,1.0,2.0,10.0,8.0,4.0,1.0,1.0,10.0,1.0,2.0,2.0,2.0,2.0,4.0,4.0,7.0,8.0,2.0,1.0,1.0,2.0,1.0,1.0,1.0,1.0,1.0,5.0,1.0,1.0,5.0,4.0,5.0,6.0,1.0,3.0,1.0,1.0,1.0,1.0,6.0,2.0,4.0,3.0,3.0,1.0,5.0,5.0,5.0,1.0,3.0,1.0,1.0,1.0,2.0,3.0,2.0,,1.0,3.0,3.0,2.0,2.0,3.0,3.0,3.0,2.0,,,,,,,,,,,,,,4.0,3.0,4.0,1.0,3.0,,8.0,2.0,10.0,10.0,6.0,10.0,10.0,2.0,10.0,10.0,3.0,5.0,2.0,2.0,2.0,2.0,2.0,3.0,3.0
156071603,2.0,2.0,3.0,3.0,2.0,4.0,1.0,1.0,1.0,1.0,2.0,1.0,2.0,2.0,2.0,2.0,2.0,1.0,2.0,1.0,2.0,2.0,2.0,1.0,2.0,2.0,1.0,2.0,3.0,3.0,2.0,2.0,3.0,2.0,2.0,3.0,2.0,1.0,2.0,3.0,2.0,3.0,1.0,3.0,2.0,1.0,5.0,9.0,9.0,4.0,4.0,4.0,4.0,4.0,1.0,1.0,1.0,2.0,2.0,3.0,3.0,3.0,3.0,2.0,2.0,2.0,3.0,3.0,2.0,2.0,2.0,2.0,3.0,3.0,3.0,2.0,2.0,2.0,2.0,2.0,0.0,0.0,0.0,,0.0,0.0,0.0,0.0,0.0,,,5.0,3.0,9.0,2.0,6.0,1.0,5.0,2.0,2.0,3.0,2.0,2.0,3.0,2.0,6.0,3.0,2.0,2.0,1.0,,1.0,1.0,0.0,0.0,,2.0,,,,,,,,,,,2.0,1.0,2.0,2.0,3.0,3.0,,1.0,2.0,1.0,5.0,7.0,6.0,5.0,5.0,7.0,3.0,2.0,2.0,2.0,2.0,2.0,2.0,7.0,8.0,2.0,2.0,2.0,4.0,3.0,1.0,1.0,1.0,1.0,1.0,1.0,5.0,3.0,5.0,1.0,2.0,1.0,1.0,1.0,1.0,3.0,3.0,4.0,2.0,3.0,2.0,2.0,3.0,4.0,4.0,4.0,1.0,4.0,2.0,2.0,1.0,2.0,2.0,3.0,2.0,2.0,2.0,3.0,2.0,1.0,2.0,3.0,3.0,3.0,,,,,,,,,,,,,,3.0,3.0,2.0,2.0,3.0,,6.0,4.0,6.0,5.0,8.0,8.0,7.0,7.0,9.0,7.0,5.0,5.0,2.0,1.0,2.0,3.0,3.0,3.0,3.0
276070480,1.0,3.0,2.0,3.0,1.0,1.0,1.0,2.0,2.0,1.0,2.0,1.0,2.0,2.0,1.0,2.0,2.0,1.0,2.0,2.0,2.0,2.0,2.0,1.0,2.0,2.0,4.0,4.0,4.0,4.0,3.0,1.0,5.0,4.0,4.0,1.0,1.0,4.0,4.0,2.0,2.0,1.0,1.0,3.0,2.0,1.0,8.0,10.0,10.0,4.0,4.0,4.0,4.0,4.0,1.0,1.0,1.0,2.0,1.0,3.0,2.0,2.0,1.0,1.0,3.0,2.0,2.0,2.0,2.0,1.0,2.0,1.0,2.0,2.0,1.0,3.0,3.0,2.0,2.0,2.0,1.0,0.0,0.0,0.0,0.0,0.0,0.0,2.0,0.0,0.0,1.0,6.0,,5.0,5.0,6.0,1.0,4.0,2.0,2.0,1.0,1.0,2.0,1.0,4.0,,5.0,2.0,2.0,0.0,2.0,1.0,2.0,0.0,0.0,,1.0,4.0,4.0,4.0,4.0,4.0,4.0,4.0,1.0,1.0,2.0,4.0,4.0,2.0,2.0,3.0,4.0,4.0,1.0,1.0,1.0,7.0,8.0,6.0,6.0,5.0,7.0,10.0,1.0,1.0,1.0,1.0,3.0,4.0,2.0,2.0,1.0,1.0,2.0,1.0,2.0,1.0,1.0,1.0,1.0,7.0,4.0,1.0,7.0,5.0,1.0,1.0,1.0,1.0,1.0,1.0,1.0,1.0,1.0,4.0,4.0,4.0,3.0,2.0,5.0,2.0,2.0,5.0,5.0,5.0,5.0,2.0,2.0,3.0,2.0,3.0,1.0,3.0,3.0,2.0,3.0,3.0,3.0,3.0,1.0,1.0,1.0,4.0,4.0,4.0,,1.0,4.0,4.0,1.0,1.0,1.0,,2.0,3.0,4.0,1.0,3.0,5.0,4.0,1.0,10.0,8.0,1.0,5.0,6.0,1.0,10.0,10.0,8.0,10.0,2.0,,1.0,1.0,2.0,2.0,3.0
36071200,1.0,1.0,1.0,2.0,1.0,3.0,1.0,1.0,1.0,1.0,1.0,2.0,2.0,2.0,2.0,2.0,2.0,1.0,2.0,2.0,2.0,2.0,2.0,1.0,2.0,2.0,1.0,4.0,4.0,4.0,4.0,4.0,5.0,2.0,5.0,3.0,5.0,3.0,5.0,2.0,2.0,2.0,1.0,2.0,1.0,2.0,7.0,5.0,5.0,2.0,1.0,1.0,1.0,2.0,3.0,2.0,2.0,4.0,2.0,3.0,4.0,4.0,4.0,4.0,4.0,4.0,4.0,4.0,4.0,2.0,2.0,1.0,1.0,2.0,2.0,3.0,3.0,2.0,3.0,2.0,1.0,0.0,2.0,0.0,2.0,0.0,0.0,1.0,0.0,0.0,0.0,10.0,3.0,10.0,1.0,5.0,1.0,3.0,1.0,1.0,1.0,1.0,1.0,1.0,5.0,1.0,3.0,1.0,2.0,2.0,2.0,2.0,2.0,2.0,2.0,3.0,3.0,3.0,1.0,3.0,3.0,1.0,1.0,3.0,1.0,2.0,2.0,1.0,1.0,2.0,2.0,1.0,1.0,1.0,1.0,2.0,2.0,5.0,5.0,5.0,5.0,3.0,5.0,10.0,1.0,1.0,1.0,1.0,3.0,4.0,7.0,7.0,2.0,2.0,2.0,1.0,5.0,5.0,1.0,4.0,5.0,9.0,5.0,5.0,5.0,5.0,5.0,5.0,1.0,3.0,1.0,1.0,5.0,1.0,1.0,4.0,4.0,4.0,1.0,1.0,1.0,5.0,5.0,1.0,5.0,1.0,,1.0,2.0,3.0,2.0,2.0,2.0,1.0,1.0,1.0,1.0,2.0,1.0,3.0,1.0,1.0,1.0,3.0,3.0,4.0,1.0,1.0,3.0,4.0,1.0,1.0,2.0,3.0,2.0,2.0,4.0,1.0,3.0,5.0,5.0,5.0,5.0,5.0,5.0,5.0,5.0,5.0,5.0,5.0,6.0,7.0,2.0,1.0,2.0,2.0,2.0,2.0,2.0
788071048,1.0,1.0,1.0,4.0,2.0,1.0,1.0,2.0,1.0,1.0,1.0,1.0,1.0,1.0,1.0,1.0,1.0,1.0,1.0,1.0,1.0,1.0,2.0,1.0,1.0,2.0,1.0,1.0,1.0,4.0,1.0,1.0,1.0,1.0,1.0,,1.0,1.0,1.0,1.0,1.0,1.0,1.0,3.0,2.0,2.0,7.0,5.0,5.0,4.0,4.0,4.0,4.0,4.0,2.0,2.0,1.0,4.0,4.0,4.0,4.0,4.0,4.0,2.0,3.0,3.0,3.0,3.0,3.0,3.0,4.0,4.0,4.0,3.0,4.0,2.0,2.0,3.0,2.0,2.0,0.0,0.0,0.0,0.0,0.0,0.0,0.0,0.0,0.0,0.0,0.0,9.0,7.0,8.0,4.0,9.0,2.0,7.0,3.0,2.0,3.0,3.0,3.0,1.0,5.0,10.0,2.0,0.0,2.0,0.0,0.0,0.0,2.0,0.0,2.0,2.0,2.0,4.0,3.0,3.0,3.0,3.0,3.0,3.0,1.0,2.0,2.0,1.0,1.0,2.0,2.0,1.0,1.0,1.0,1.0,2.0,1.0,10.0,10.0,9.0,8.0,7.0,4.0,1.0,1.0,1.0,1.0,1.0,1.0,1.0,7.0,1.0,1.0,1.0,1.0,2.0,1.0,1.0,1.0,1.0,1.0,1.0,1.0,1.0,1.0,1.0,1.0,1.0,1.0,1.0,1.0,1.0,1.0,1.0,1.0,1.0,1.0,1.0,3.0,2.0,1.0,1.0,1.0,1.0,1.0,1.0,1.0,1.0,1.0,1.0,1.0,1.0,3.0,3.0,3.0,3.0,3.0,3.0,3.0,3.0,3.0,3.0,1.0,1.0,1.0,1.0,1.0,3.0,3.0,3.0,3.0,3.0,1.0,3.0,4.0,4.0,4.0,4.0,3.0,6.0,10.0,1.0,5.0,10.0,3.0,4.0,3.0,3.0,3.0,10.0,6.0,6.0,3.0,1.0,1.0,1.0,1.0,1.0,1.0
203070185,1.0,3.0,2.0,4.0,2.0,3.0,1.0,1.0,2.0,1.0,2.0,2.0,1.0,2.0,2.0,1.0,2.0,1.0,1.0,2.0,1.0,1.0,2.0,1.0,2.0,2.0,2.0,2.0,2.0,3.0,2.0,1.0,3.0,2.0,4.0,4.0,2.0,3.0,2.0,2.0,2.0,2.0,2.0,2.0,2.0,4.0,8.0,7.0,6.0,4.0,4.0,4.0,3.0,4.0,3.0,2.0,1.0,3.0,2.0,3.0,2.0,4.0,3.0,3.0,2.0,2.0,3.0,2.0,2.0,3.0,3.0,3.0,2.0,2.0,1.0,2.0,2.0,3.0,2.0,3.0,0.0,0.0,0.0,0.0,0.0,0.0,0.0,0.0,0.0,0.0,0.0,5.0,7.0,2.0,3.0,7.0,2.0,5.0,1.0,1.0,1.0,1.0,1.0,1.0,4.0,1.0,3.0,0.0,0.0,2.0,0.0,2.0,1.0,0.0,1.0,3.0,2.0,4.0,4.0,4.0,4.0,4.0,4.0,4.0,2.0,2.0,2.0,2.0,4.0,2.0,2.0,4.0,4.0,4.0,1.0,1.0,2.0,8.0,6.0,8.0,7.0,7.0,4.0,8.0,1.0,2.0,2.0,2.0,4.0,2.0,6.0,5.0,1.0,1.0,2.0,7.0,7.0,3.0,4.0,2.0,2.0,3.0,2.0,5.0,7.0,9.0,3.0,7.0,3.0,3.0,1.0,1.0,5.0,3.0,5.0,1.0,4.0,2.0,4.0,3.0,4.0,1.0,2.0,5.0,2.0,3.0,5.0,2.0,2.0,3.0,3.0,3.0,3.0,3.0,3.0,3.0,3.0,2.0,3.0,3.0,1.0,1.0,4.0,4.0,4.0,3.0,3.0,4.0,4.0,4.0,4.0,1.0,3.0,5.0,3.0,3.0,3.0,2.0,3.0,8.0,8.0,6.0,8.0,10.0,5.0,9.0,9.0,8.0,8.0,7.0,7.0,7.0,3.0,2.0,1.0,2.0,2.0,3.0,3.0
392070373,,,,,,,2.0,2.0,2.0,2.0,2.0,2.0,2.0,2.0,2.0,2.0,2.0,,,,,,,,,,,2.0,1.0,1.0,1.0,1.0,1.0,1.0,2.0,4.0,1.0,1.0,1.0,1.0,1.0,3.0,1.0,1.0,3.0,3.0,3.0,5.0,5.0,2.0,4.0,3.0,3.0,3.0,2.0,2.0,2.0,4.0,3.0,,3.0,4.0,4.0,2.0,2.0,2.0,2.0,2.0,2.0,3.0,4.0,4.0,3.0,4.0,4.0,4.0,4.0,4.0,4.0,3.0,,,,,,,,,,,,,,,,,1.0,6.0,3.0,4.0,2.0,2.0,3.0,2.0,2.0,8.0,2.0,1.0,1.0,1.0,2.0,1.0,1.0,1.0,1.0,3.0,3.0,3.0,3.0,3.0,3.0,3.0,3.0,3.0,1.0,1.0,,2.0,2.0,2.0,2.0,2.0,2.0,2.0,2.0,2.0,,1.0,1.0,,,6.0,5.0,1.0,2.0,2.0,2.0,2.0,4.0,4.0,4.0,1.0,3.0,,,1.0,1.0,1.0,1.0,1.0,1.0,1.0,1.0,1.0,1.0,1.0,5.0,1.0,1.0,1.0,1.0,1.0,1.0,1.0,1.0,3.0,3.0,4.0,2.0,2.0,,,1.0,,,,,,3.0,3.0,3.0,1.0,3.0,3.0,3.0,3.0,3.0,3.0,3.0,3.0,2.0,2.0,3.0,3.0,3.0,3.0,3.0,3.0,3.0,3.0,3.0,3.0,1.0,1.0,4.0,4.0,4.0,2.0,4.0,5.0,5.0,1.0,10.0,1.0,1.0,5.0,1.0,1.0,10.0,10.0,5.0,5.0,2.0,3.0,3.0,3.0,3.0,3.0,4.0
764071258,1.0,3.0,2.0,2.0,1.0,2.0,2.0,2.0,1.0,1.0,2.0,1.0,1.0,1.0,2.0,2.0,2.0,1.0,2.0,2.0,2.0,2.0,2.0,1.0,2.0,2.0,2.0,3.0,4.0,4.0,4.0,2.0,2.0,2.0,4.0,2.0,2.0,2.0,2.0,2.0,2.0,3.0,1.0,3.0,1.0,2.0,8.0,7.0,5.0,4.0,4.0,4.0,3.0,4.0,2.0,2.0,1.0,2.0,2.0,3.0,3.0,3.0,3.0,3.0,3.0,3.0,3.0,3.0,3.0,3.0,3.0,3.0,3.0,2.0,3.0,3.0,3.0,,,,0.0,0.0,0.0,0.0,0.0,0.0,0.0,0.0,0.0,0.0,0.0,5.0,5.0,5.0,5.0,5.0,1.0,8.0,2.0,2.0,2.0,2.0,2.0,1.0,4.0,7.0,2.0,2.0,1.0,2.0,1.0,2.0,2.0,1.0,2.0,3.0,2.0,4.0,2.0,4.0,4.0,2.0,4.0,4.0,1.0,1.0,2.0,2.0,2.0,1.0,1.0,3.0,3.0,3.0,2.0,2.0,1.0,10.0,10.0,5.0,1.0,1.0,8.0,1.0,2.0,1.0,1.0,1.0,3.0,3.0,2.0,3.0,2.0,2.0,1.0,2.0,1.0,1.0,1.0,1.0,1.0,5.0,5.0,1.0,5.0,8.0,1.0,1.0,1.0,1.0,1.0,1.0,1.0,1.0,5.0,1.0,4.0,4.0,2.0,2.0,5.0,1.0,5.0,5.0,5.0,5.0,1.0,1.0,2.0,2.0,2.0,2.0,2.0,1.0,3.0,3.0,2.0,3.0,3.0,3.0,1.0,1.0,3.0,2.0,3.0,2.0,,2.0,2.0,,2.0,2.0,1.0,,1.0,1.0,2.0,1.0,4.0,,1.0,1.0,10.0,10.0,1.0,10.0,1.0,1.0,10.0,10.0,8.0,7.0,2.0,1.0,1.0,2.0,2.0,3.0,3.0
231070996,1.0,1.0,1.0,4.0,2.0,2.0,2.0,1.0,2.0,2.0,2.0,2.0,2.0,2.0,1.0,2.0,1.0,1.0,2.0,1.0,2.0,2.0,2.0,1.0,2.0,1.0,1.0,2.0,2.0,3.0,3.0,3.0,2.0,1.0,2.0,,1.0,2.0,2.0,2.0,2.0,3.0,2.0,2.0,2.0,2.0,4.0,4.0,5.0,2.0,3.0,1.0,2.0,3.0,2.0,1.0,1.0,2.0,2.0,2.0,2.0,2.0,1.0,2.0,3.0,3.0,3.0,3.0,3.0,3.0,3.0,3.0,2.0,2.0,2.0,2.0,2.0,2.0,2.0,2.0,2.0,0.0,0.0,0.0,0.0,0.0,0.0,0.0,0.0,0.0,0.0,1.0,10.0,1.0,1.0,1.0,2.0,10.0,3.0,3.0,3.0,3.0,3.0,2.0,2.0,6.0,1.0,2.0,2.0,2.0,2.0,2.0,2.0,2.0,2.0,3.0,3.0,2.0,3.0,3.0,2.0,3.0,2.0,2.0,1.0,1.0,2.0,4.0,2.0,1.0,1.0,4.0,3.0,2.0,1.0,1.0,1.0,7.0,10.0,4.0,6.0,1.0,10.0,10.0,1.0,1.0,1.0,1.0,1.0,2.0,1.0,1.0,1.0,1.0,1.0,6.0,1.0,1.0,1.0,1.0,1.0,,1.0,1.0,1.0,1.0,1.0,1.0,1.0,1.0,1.0,1.0,1.0,1.0,1.0,1.0,1.0,1.0,4.0,3.0,5.0,5.0,5.0,5.0,5.0,5.0,5.0,3.0,2.0,3.0,2.0,2.0,2.0,3.0,2.0,3.0,3.0,3.0,3.0,3.0,2.0,3.0,4.0,3.0,3.0,2.0,3.0,3.0,4.0,3.0,3.0,4.0,1.0,2.0,4.0,2.0,2.0,2.0,2.0,,10.0,10.0,10.0,10.0,10.0,10.0,10.0,10.0,10.0,10.0,4.0,4.0,3.0,3.0,1.0,1.0,3.0,3.0,3.0
804070721,1.0,2.0,2.0,2.0,2.0,2.0,2.0,2.0,1.0,1.0,2.0,1.0,1.0,2.0,1.0,2.0,2.0,1.0,2.0,2.0,1.0,1.0,2.0,1.0,2.0,2.0,2.0,2.0,2.0,3.0,2.0,2.0,2.0,1.0,4.0,4.0,1.0,2.0,1.0,2.0,2.0,3.0,1.0,1.0,2.0,2.0,7.0,7.0,5.0,4.0,4.0,4.0,4.0,4.0,2.0,1.0,1.0,2.0,1.0,3.0,2.0,2.0,1.0,3.0,4.0,3.0,,2.0,3.0,4.0,3.0,3.0,3.0,3.0,2.0,2.0,3.0,3.0,2.0,2.0,2.0,0.0,0.0,0.0,0.0,0.0,0.0,0.0,0.0,0.0,0.0,5.0,6.0,3.0,7.0,7.0,1.0,7.0,3.0,3.0,,3.0,3.0,2.0,4.0,6.0,1.0,0.0,1.0,2.0,1.0,2.0,0.0,2.0,2.0,4.0,2.0,3.0,2.0,4.0,4.0,2.0,3.0,4.0,1.0,1.0,2.0,2.0,1.0,2.0,2.0,1.0,1.0,1.0,1.0,2.0,1.0,8.0,8.0,6.0,5.0,3.0,8.0,10.0,1.0,1.0,1.0,1.0,,2.0,3.0,1.0,1.0,2.0,2.0,6.0,,6.0,1.0,1.0,1.0,1.0,5.0,6.0,7.0,8.0,1.0,,1.0,5.0,1.0,1.0,7.0,4.0,1.0,2.0,3.0,3.0,2.0,2.0,5.0,1.0,5.0,1.0,4.0,1.0,1.0,1.0,1.0,3.0,3.0,,2.0,,3.0,3.0,1.0,2.0,3.0,3.0,1.0,1.0,3.0,2.0,1.0,2.0,3.0,3.0,2.0,4.0,1.0,1.0,1.0,3.0,,4.0,3.0,2.0,1.0,6.0,10.0,,10.0,10.0,6.0,6.0,10.0,10.0,10.0,8.0,5.0,5.0,2.0,2.0,1.0,1.0,1.0,2.0,2.0
528071597,1.0,1.0,1.0,2.0,2.0,4.0,1.0,1.0,2.0,1.0,2.0,1.0,1.0,2.0,2.0,2.0,2.0,2.0,2.0,2.0,2.0,2.0,2.0,1.0,2.0,2.0,2.0,3.0,4.0,4.0,4.0,2.0,5.0,5.0,5.0,1.0,5.0,4.0,4.0,2.0,2.0,3.0,1.0,1.0,2.0,3.0,7.0,7.0,8.0,4.0,4.0,4.0,4.0,4.0,2.0,1.0,1.0,1.0,1.0,2.0,1.0,1.0,3.0,2.0,3.0,3.0,2.0,2.0,2.0,2.0,3.0,2.0,2.0,2.0,2.0,3.0,3.0,2.0,2.0,3.0,0.0,0.0,0.0,0.0,0.0,0.0,0.0,0.0,0.0,0.0,0.0,4.0,6.0,4.0,4.0,4.0,1.0,8.0,2.0,3.0,2.0,3.0,3.0,2.0,4.0,4.0,3.0,0.0,2.0,0.0,2.0,0.0,2.0,2.0,2.0,2.0,2.0,4.0,3.0,4.0,4.0,3.0,4.0,4.0,2.0,2.0,2.0,4.0,,2.0,2.0,3.0,2.0,3.0,2.0,2.0,2.0,7.0,7.0,2.0,4.0,5.0,7.0,1.0,2.0,2.0,2.0,2.0,4.0,4.0,7.0,8.0,3.0,1.0,2.0,5.0,1.0,1.0,1.0,1.0,1.0,10.0,10.0,10.0,10.0,10.0,10.0,10.0,1.0,1.0,1.0,1.0,10.0,1.0,1.0,2.0,4.0,4.0,2.0,2.0,1.0,1.0,2.0,1.0,1.0,1.0,1.0,2.0,2.0,2.0,2.0,3.0,3.0,3.0,3.0,3.0,3.0,2.0,3.0,3.0,1.0,1.0,2.0,4.0,3.0,3.0,3.0,4.0,3.0,3.0,2.0,2.0,1.0,2.0,2.0,2.0,4.0,2.0,4.0,5.0,7.0,1.0,10.0,9.0,4.0,10.0,7.0,2.0,10.0,10.0,8.0,7.0,3.0,2.0,1.0,1.0,1.0,4.0,4.0
558070442,1.0,1.0,1.0,3.0,1.0,1.0,1.0,2.0,1.0,1.0,2.0,1.0,1.0,2.0,2.0,2.0,2.0,1.0,2.0,2.0,2.0,2.0,2.0,2.0,2.0,2.0,2.0,2.0,3.0,3.0,3.0,3.0,4.0,4.0,4.0,3.0,3.0,2.0,2.0,2.0,2.0,3.0,3.0,1.0,3.0,3.0,9.0,7.0,5.0,4.0,4.0,4.0,2.0,4.0,1.0,2.0,2.0,3.0,2.0,4.0,4.0,4.0,3.0,3.0,4.0,3.0,4.0,3.0,4.0,3.0,3.0,4.0,3.0,3.0,3.0,3.0,3.0,3.0,3.0,3.0,1.0,0.0,0.0,0.0,0.0,0.0,0.0,0.0,0.0,0.0,0.0,9.0,1.0,7.0,5.0,9.0,,10.0,3.0,3.0,3.0,3.0,2.0,1.0,3.0,5.0,3.0,1.0,1.0,1.0,1.0,1.0,1.0,1.0,1.0,2.0,1.0,3.0,3.0,4.0,4.0,4.0,4.0,4.0,1.0,2.0,2.0,1.0,3.0,2.0,2.0,1.0,1.0,1.0,1.0,1.0,2.0,7.0,6.0,8.0,6.0,6.0,6.0,10.0,1.0,1.0,1.0,1.0,3.0,3.0,5.0,2.0,2.0,1.0,1.0,2.0,1.0,1.0,1.0,1.0,1.0,5.0,5.0,1.0,10.0,5.0,1.0,5.0,1.0,5.0,1.0,1.0,5.0,1.0,5.0,4.0,4.0,4.0,4.0,1.0,5.0,3.0,5.0,5.0,5.0,5.0,5.0,5.0,3.0,3.0,3.0,3.0,3.0,3.0,3.0,3.0,3.0,3.0,3.0,3.0,2.0,3.0,4.0,4.0,2.0,4.0,4.0,4.0,4.0,4.0,4.0,4.0,1.0,5.0,4.0,4.0,4.0,1.0,1.0,,1.0,1.0,10.0,5.0,5.0,5.0,5.0,5.0,5.0,5.0,5.0,5.0,3.0,1.0,1.0,1.0,1.0,1.0,1.0
104070345,1.0,2.0,2.0,2.0,1.0,2.0,1.0,2.0,1.0,2.0,2.0,1.0,2.0,1.0,1.0,2.0,2.0,1.0,1.0,1.0,1.0,1.0,1.0,1.0,1.0,1.0,1.0,2.0,2.0,3.0,3.0,2.0,4.0,2.0,4.0,5.0,2.0,1.0,1.0,2.0,5.0,2.0,1.0,3.0,2.0,2.0,5.0,6.0,6.0,4.0,4.0,4.0,4.0,4.0,2.0,2.0,1.0,2.0,2.0,3.0,4.0,4.0,4.0,3.0,3.0,3.0,3.0,2.0,2.0,2.0,3.0,3.0,3.0,3.0,3.0,3.0,3.0,3.0,3.0,3.0,0.0,0.0,0.0,0.0,0.0,0.0,0.0,0.0,0.0,0.0,0.0,1.0,10.0,10.0,1.0,10.0,1.0,10.0,2.0,2.0,2.0,2.0,2.0,1.0,4.0,6.0,3.0,1.0,2.0,0.0,1.0,1.0,2.0,2.0,1.0,3.0,3.0,2.0,2.0,2.0,4.0,2.0,2.0,4.0,1.0,1.0,1.0,4.0,1.0,2.0,2.0,1.0,1.0,1.0,1.0,2.0,1.0,3.0,3.0,1.0,6.0,5.0,5.0,10.0,1.0,1.0,1.0,1.0,3.0,2.0,4.0,2.0,1.0,2.0,1.0,5.0,5.0,5.0,1.0,5.0,5.0,1.0,1.0,1.0,5.0,5.0,5.0,6.0,1.0,5.0,5.0,1.0,1.0,1.0,10.0,2.0,2.0,2.0,2.0,3.0,5.0,5.0,5.0,5.0,5.0,2.0,1.0,5.0,2.0,2.0,2.0,2.0,2.0,2.0,,2.0,2.0,,,,,,4.0,4.0,4.0,4.0,4.0,2.0,4.0,4.0,2.0,2.0,3.0,4.0,2.0,2.0,3.0,2.0,2.0,,6.0,1.0,6.0,1.0,1.0,1.0,1.0,6.0,6.0,10.0,5.0,6.0,2.0,1.0,2.0,2.0,2.0,3.0,3.0
462070333,1.0,1.0,3.0,4.0,1.0,1.0,1.0,2.0,1.0,1.0,2.0,1.0,2.0,2.0,1.0,2.0,2.0,1.0,2.0,1.0,2.0,1.0,1.0,1.0,1.0,2.0,1.0,2.0,1.0,1.0,1.0,3.0,1.0,1.0,2.0,5.0,1.0,1.0,1.0,2.0,1.0,3.0,1.0,1.0,1.0,1.0,10.0,10.0,10.0,4.0,4.0,4.0,4.0,4.0,1.0,1.0,1.0,1.0,2.0,3.0,3.0,2.0,2.0,1.0,3.0,3.0,3.0,1.0,3.0,4.0,4.0,4.0,2.0,1.0,2.0,2.0,1.0,2.0,2.0,2.0,0.0,0.0,0.0,0.0,0.0,0.0,0.0,0.0,0.0,0.0,0.0,10.0,1.0,1.0,3.0,1.0,1.0,10.0,3.0,3.0,3.0,2.0,2.0,1.0,2.0,1.0,2.0,2.0,0.0,2.0,0.0,2.0,0.0,2.0,2.0,3.0,1.0,3.0,4.0,3.0,4.0,3.0,3.0,2.0,2.0,2.0,2.0,3.0,2.0,2.0,2.0,,1.0,3.0,1.0,2.0,1.0,7.0,2.0,10.0,4.0,2.0,9.0,10.0,1.0,1.0,1.0,1.0,1.0,1.0,4.0,1.0,1.0,2.0,1.0,2.0,1.0,2.0,1.0,1.0,1.0,1.0,1.0,1.0,8.0,1.0,1.0,1.0,1.0,1.0,1.0,1.0,1.0,1.0,10.0,1.0,4.0,4.0,4.0,2.0,5.0,1.0,5.0,1.0,5.0,1.0,1.0,1.0,1.0,2.0,3.0,3.0,3.0,1.0,3.0,3.0,3.0,2.0,3.0,3.0,1.0,1.0,2.0,2.0,1.0,1.0,2.0,2.0,1.0,3.0,2.0,2.0,1.0,3.0,1.0,1.0,3.0,2.0,1.0,1.0,2.0,10.0,10.0,10.0,9.0,2.0,8.0,1.0,4.0,1.0,5.0,1.0,3.0,1.0,1.0,1.0,1.0,1.0,2.0
909070261,1.0,1.0,2.0,2.0,3.0,2.0,1.0,1.0,2.0,2.0,1.0,1.0,2.0,1.0,2.0,2.0,2.0,2.0,2.0,2.0,2.0,2.0,2.0,2.0,2.0,2.0,1.0,3.0,4.0,4.0,4.0,1.0,5.0,4.0,4.0,1.0,5.0,1.0,5.0,3.0,5.0,3.0,1.0,1.0,1.0,1.0,10.0,10.0,7.0,4.0,4.0,4.0,4.0,4.0,1.0,1.0,1.0,1.0,1.0,1.0,1.0,1.0,3.0,2.0,4.0,3.0,2.0,2.0,2.0,3.0,3.0,3.0,2.0,2.0,3.0,2.0,3.0,2.0,2.0,2.0,2.0,2.0,1.0,0.0,0.0,0.0,1.0,1.0,0.0,2.0,0.0,10.0,4.0,6.0,1.0,4.0,1.0,9.0,2.0,2.0,2.0,1.0,3.0,2.0,,2.0,5.0,2.0,2.0,0.0,2.0,0.0,2.0,0.0,0.0,2.0,1.0,3.0,3.0,3.0,3.0,2.0,3.0,3.0,,,,,3.0,,,3.0,3.0,3.0,1.0,1.0,,8.0,8.0,2.0,4.0,3.0,8.0,8.0,1.0,1.0,2.0,1.0,4.0,4.0,2.0,1.0,1.0,,,8.0,1.0,2.0,1.0,1.0,1.0,1.0,2.0,8.0,7.0,10.0,1.0,10.0,,1.0,1.0,1.0,7.0,1.0,7.0,1.0,4.0,3.0,2.0,2.0,2.0,1.0,1.0,2.0,2.0,1.0,2.0,2.0,1.0,2.0,1.0,1.0,1.0,1.0,2.0,1.0,1.0,1.0,3.0,3.0,1.0,1.0,2.0,3.0,1.0,3.0,3.0,1.0,3.0,4.0,1.0,2.0,1.0,5.0,2.0,3.0,4.0,2.0,4.0,5.0,8.0,1.0,10.0,8.0,2.0,9.0,2.0,6.0,10.0,10.0,4.0,1.0,2.0,,1.0,1.0,3.0,2.0,2.0
300070157,1.0,1.0,2.0,2.0,2.0,1.0,1.0,2.0,2.0,2.0,2.0,1.0,2.0,1.0,1.0,2.0,1.0,1.0,2.0,2.0,1.0,2.0,2.0,1.0,2.0,2.0,1.0,4.0,4.0,4.0,4.0,4.0,5.0,1.0,5.0,5.0,2.0,4.0,1.0,2.0,1.0,3.0,2.0,1.0,3.0,1.0,1.0,1.0,1.0,1.0,1.0,4.0,1.0,4.0,3.0,2.0,1.0,1.0,1.0,4.0,2.0,2.0,1.0,1.0,4.0,4.0,4.0,1.0,1.0,4.0,4.0,4.0,4.0,2.0,4.0,4.0,4.0,1.0,,2.0,0.0,0.0,0.0,0.0,1.0,0.0,0.0,0.0,0.0,0.0,0.0,9.0,1.0,1.0,4.0,6.0,1.0,10.0,4.0,4.0,4.0,4.0,4.0,4.0,5.0,10.0,1.0,0.0,0.0,2.0,1.0,2.0,0.0,2.0,2.0,3.0,4.0,1.0,1.0,4.0,2.0,1.0,1.0,2.0,1.0,1.0,2.0,1.0,1.0,1.0,2.0,1.0,1.0,4.0,1.0,2.0,1.0,10.0,4.0,6.0,5.0,4.0,6.0,10.0,1.0,2.0,1.0,1.0,3.0,1.0,2.0,3.0,1.0,2.0,2.0,9.0,1.0,5.0,1.0,1.0,1.0,1.0,1.0,4.0,4.0,5.0,1.0,1.0,1.0,1.0,2.0,1.0,4.0,2.0,8.0,4.0,4.0,4.0,2.0,1.0,5.0,2.0,5.0,5.0,5.0,3.0,5.0,2.0,2.0,3.0,3.0,3.0,3.0,1.0,1.0,1.0,1.0,3.0,3.0,3.0,1.0,1.0,4.0,2.0,3.0,4.0,4.0,4.0,,4.0,1.0,1.0,1.0,,2.0,2.0,1.0,2.0,3.0,6.0,8.0,1.0,9.0,7.0,9.0,10.0,7.0,8.0,10.0,8.0,5.0,3.0,4.0,1.0,1.0,1.0,1.0,4.0,4.0
300070556,1.0,1.0,1.0,2.0,1.0,2.0,1.0,2.0,1.0,2.0,2.0,1.0,2.0,1.0,2.0,2.0,1.0,1.0,2.0,1.0,1.0,1.0,2.0,1.0,2.0,2.0,3.0,2.0,3.0,4.0,4.0,1.0,4.0,2.0,3.0,4.0,2.0,1.0,2.0,2.0,3.0,3.0,1.0,1.0,2.0,2.0,9.0,8.0,7.0,4.0,4.0,4.0,4.0,4.0,1.0,1.0,1.0,2.0,1.0,4.0,3.0,3.0,3.0,1.0,2.0,4.0,2.0,1.0,3.0,3.0,4.0,4.0,3.0,3.0,2.0,4.0,4.0,3.0,4.0,4.0,0.0,0.0,0.0,2.0,0.0,0.0,0.0,0.0,0.0,0.0,0.0,4.0,4.0,3.0,3.0,4.0,1.0,10.0,3.0,4.0,3.0,3.0,4.0,3.0,2.0,5.0,1.0,0.0,0.0,2.0,2.0,2.0,2.0,1.0,2.0,3.0,2.0,4.0,2.0,4.0,4.0,4.0,4.0,4.0,1.0,2.0,2.0,4.0,4.0,2.0,2.0,4.0,4.0,4.0,1.0,1.0,1.0,9.0,10.0,9.0,4.0,3.0,10.0,7.0,1.0,2.0,2.0,2.0,3.0,3.0,6.0,3.0,1.0,2.0,2.0,3.0,1.0,1.0,1.0,1.0,1.0,3.0,6.0,8.0,9.0,10.0,3.0,4.0,2.0,3.0,1.0,1.0,10.0,3.0,3.0,2.0,3.0,2.0,1.0,2.0,2.0,1.0,1.0,1.0,3.0,3.0,5.0,1.0,3.0,3.0,1.0,1.0,1.0,1.0,1.0,1.0,1.0,1.0,1.0,1.0,1.0,1.0,1.0,4.0,3.0,4.0,3.0,1.0,3.0,4.0,1.0,1.0,1.0,,4.0,3.0,4.0,1.0,4.0,3.0,8.0,2.0,10.0,10.0,1.0,7.0,2.0,7.0,10.0,10.0,7.0,7.0,1.0,1.0,1.0,1.0,1.0,2.0,2.0
20070519,1.0,1.0,2.0,3.0,2.0,3.0,1.0,2.0,1.0,1.0,2.0,2.0,2.0,2.0,2.0,2.0,2.0,1.0,2.0,2.0,2.0,2.0,2.0,2.0,2.0,2.0,2.0,2.0,4.0,4.0,4.0,3.0,5.0,4.0,5.0,5.0,4.0,4.0,4.0,2.0,2.0,2.0,1.0,1.0,1.0,1.0,7.0,10.0,8.0,4.0,4.0,4.0,3.0,4.0,2.0,1.0,1.0,3.0,1.0,3.0,2.0,2.0,3.0,,3.0,3.0,3.0,1.0,1.0,2.0,2.0,3.0,3.0,2.0,2.0,2.0,1.0,1.0,1.0,1.0,0.0,0.0,0.0,0.0,0.0,0.0,0.0,0.0,0.0,0.0,0.0,1.0,4.0,1.0,5.0,1.0,1.0,,2.0,2.0,2.0,2.0,3.0,1.0,4.0,3.0,3.0,2.0,2.0,0.0,1.0,0.0,,2.0,0.0,2.0,1.0,4.0,4.0,3.0,3.0,3.0,3.0,3.0,2.0,2.0,2.0,2.0,2.0,2.0,2.0,4.0,4.0,4.0,2.0,2.0,1.0,10.0,10.0,7.0,6.0,3.0,2.0,1.0,2.0,2.0,2.0,2.0,4.0,4.0,7.0,8.0,2.0,2.0,2.0,,7.0,2.0,1.0,1.0,1.0,10.0,2.0,1.0,1.0,10.0,1.0,1.0,1.0,1.0,1.0,1.0,10.0,1.0,1.0,2.0,4.0,4.0,1.0,3.0,5.0,2.0,5.0,5.0,5.0,5.0,5.0,5.0,1.0,3.0,2.0,3.0,3.0,2.0,3.0,2.0,2.0,2.0,2.0,3.0,,,,,2.0,,,2.0,,4.0,1.0,1.0,1.0,2.0,2.0,2.0,4.0,2.0,4.0,5.0,1.0,1.0,10.0,10.0,1.0,1.0,1.0,8.0,10.0,10.0,10.0,8.0,1.0,,1.0,1.0,1.0,3.0,4.0
68071220,1.0,3.0,4.0,2.0,1.0,4.0,1.0,2.0,2.0,2.0,2.0,1.0,2.0,2.0,2.0,2.0,2.0,2.0,2.0,1.0,2.0,2.0,2.0,2.0,2.0,2.0,1.0,2.0,3.0,4.0,3.0,1.0,2.0,2.0,4.0,2.0,2.0,2.0,2.0,2.0,2.0,,1.0,1.0,2.0,2.0,6.0,10.0,5.0,3.0,4.0,3.0,3.0,4.0,2.0,2.0,3.0,4.0,3.0,4.0,4.0,4.0,4.0,3.0,3.0,4.0,4.0,4.0,4.0,4.0,4.0,4.0,4.0,4.0,4.0,4.0,4.0,4.0,3.0,3.0,0.0,0.0,0.0,0.0,0.0,0.0,0.0,0.0,0.0,0.0,0.0,8.0,9.0,9.0,3.0,2.0,1.0,9.0,1.0,2.0,2.0,4.0,3.0,2.0,5.0,8.0,2.0,0.0,0.0,1.0,,0.0,2.0,0.0,2.0,4.0,1.0,4.0,3.0,3.0,1.0,4.0,4.0,4.0,,,,1.0,1.0,2.0,2.0,1.0,1.0,1.0,1.0,,1.0,10.0,10.0,1.0,,1.0,10.0,10.0,1.0,2.0,1.0,1.0,3.0,2.0,7.0,8.0,1.0,2.0,2.0,1.0,9.0,,1.0,1.0,1.0,8.0,1.0,1.0,1.0,5.0,1.0,1.0,3.0,5.0,1.0,1.0,1.0,1.0,1.0,1.0,1.0,3.0,3.0,3.0,3.0,1.0,5.0,1.0,5.0,5.0,5.0,3.0,3.0,3.0,3.0,2.0,2.0,2.0,2.0,2.0,2.0,3.0,2.0,3.0,3.0,3.0,1.0,3.0,3.0,3.0,3.0,3.0,3.0,4.0,1.0,1.0,3.0,,3.0,,3.0,1.0,2.0,9.0,10.0,3.0,10.0,10.0,1.0,10.0,10.0,5.0,10.0,9.0,8.0,9.0,3.0,1.0,1.0,3.0,3.0,4.0,1.0
300070049,1.0,3.0,2.0,3.0,1.0,3.0,1.0,2.0,1.0,1.0,2.0,1.0,2.0,2.0,2.0,1.0,2.0,1.0,2.0,1.0,2.0,2.0,2.0,2.0,2.0,2.0,1.0,3.0,,1.0,1.0,1.0,2.0,4.0,4.0,2.0,2.0,2.0,2.0,4.0,2.0,3.0,3.0,,2.0,2.0,5.0,5.0,5.0,4.0,4.0,4.0,2.0,4.0,1.0,2.0,1.0,3.0,2.0,4.0,,,2.0,2.0,2.0,2.0,2.0,2.0,2.0,3.0,,3.0,3.0,3.0,3.0,3.0,3.0,3.0,3.0,3.0,0.0,0.0,0.0,0.0,0.0,0.0,0.0,0.0,0.0,0.0,0.0,4.0,4.0,1.0,1.0,1.0,2.0,5.0,,,,,,2.0,2.0,4.0,,,2.0,0.0,,,,,,2.0,1.0,3.0,3.0,3.0,2.0,3.0,3.0,3.0,2.0,2.0,2.0,1.0,2.0,2.0,2.0,3.0,2.0,2.0,1.0,2.0,,3.0,6.0,7.0,3.0,7.0,7.0,10.0,1.0,1.0,1.0,1.0,2.0,1.0,6.0,2.0,1.0,1.0,2.0,7.0,1.0,1.0,1.0,1.0,,1.0,1.0,7.0,7.0,,1.0,1.0,1.0,1.0,1.0,1.0,,1.0,1.0,4.0,4.0,4.0,4.0,3.0,5.0,,,1.0,1.0,1.0,5.0,1.0,3.0,3.0,3.0,3.0,,3.0,,,3.0,3.0,3.0,3.0,,,,,,,,,,,,,1.0,,3.0,3.0,4.0,1.0,,5.0,6.0,,6.0,7.0,1.0,6.0,7.0,,8.0,7.0,5.0,10.0,3.0,,,,,,
586070096,1.0,1.0,4.0,1.0,1.0,1.0,1.0,2.0,1.0,2.0,1.0,1.0,2.0,2.0,1.0,2.0,2.0,1.0,2.0,2.0,2.0,2.0,2.0,2.0,2.0,2.0,1.0,1.0,1.0,1.0,1.0,4.0,1.0,1.0,1.0,1.0,1.0,1.0,1.0,1.0,1.0,3.0,1.0,1.0,2.0,2.0,10.0,10.0,10.0,4.0,4.0,2.0,2.0,4.0,3.0,2.0,1.0,1.0,1.0,2.0,4.0,4.0,1.0,1.0,2.0,2.0,1.0,4.0,4.0,2.0,2.0,2.0,2.0,1.0,4.0,4.0,1.0,3.0,1.0,1.0,0.0,0.0,0.0,0.0,0.0,0.0,,0.0,0.0,0.0,0.0,10.0,10.0,1.0,1.0,1.0,1.0,10.0,3.0,3.0,2.0,3.0,,3.0,1.0,1.0,4.0,2.0,2.0,2.0,2.0,2.0,0.0,2.0,2.0,2.0,4.0,2.0,2.0,2.0,2.0,2.0,2.0,2.0,1.0,1.0,2.0,1.0,1.0,2.0,2.0,1.0,1.0,1.0,2.0,2.0,1.0,10.0,10.0,1.0,10.0,10.0,10.0,10.0,1.0,1.0,1.0,1.0,1.0,1.0,7.0,3.0,1.0,2.0,1.0,1.0,1.0,1.0,1.0,1.0,1.0,1.0,1.0,1.0,1.0,1.0,1.0,1.0,1.0,1.0,1.0,1.0,1.0,1.0,1.0,1.0,1.0,1.0,2.0,2.0,5.0,2.0,5.0,1.0,5.0,5.0,5.0,2.0,3.0,3.0,3.0,3.0,3.0,3.0,3.0,2.0,3.0,,3.0,3.0,1.0,1.0,4.0,1.0,1.0,1.0,,4.0,1.0,1.0,3.0,1.0,1.0,2.0,4.0,4.0,2.0,3.0,1.0,,10.0,10.0,10.0,10.0,8.0,9.0,1.0,10.0,10.0,10.0,5.0,5.0,2.0,1.0,1.0,1.0,1.0,1.0,1.0
320070869,1.0,2.0,2.0,2.0,1.0,1.0,1.0,1.0,1.0,1.0,1.0,1.0,1.0,1.0,1.0,1.0,1.0,2.0,1.0,1.0,1.0,1.0,1.0,2.0,1.0,1.0,1.0,1.0,3.0,3.0,3.0,2.0,4.0,3.0,2.0,4.0,2.0,1.0,1.0,1.0,2.0,3.0,1.0,1.0,2.0,2.0,7.0,8.0,6.0,4.0,4.0,4.0,3.0,4.0,2.0,2.0,1.0,2.0,2.0,3.0,3.0,3.0,1.0,3.0,2.0,2.0,3.0,3.0,3.0,3.0,4.0,3.0,3.0,2.0,3.0,2.0,1.0,2.0,2.0,1.0,2.0,2.0,1.0,1.0,1.0,1.0,1.0,2.0,1.0,1.0,1.0,7.0,5.0,7.0,3.0,5.0,,10.0,3.0,3.0,3.0,3.0,3.0,2.0,4.0,8.0,4.0,1.0,0.0,2.0,2.0,2.0,2.0,1.0,2.0,1.0,2.0,3.0,1.0,2.0,4.0,3.0,3.0,4.0,1.0,2.0,2.0,1.0,1.0,2.0,2.0,1.0,1.0,2.0,2.0,2.0,2.0,5.0,8.0,5.0,3.0,10.0,8.0,10.0,1.0,1.0,1.0,1.0,2.0,3.0,2.0,3.0,2.0,2.0,2.0,3.0,5.0,10.0,1.0,1.0,1.0,3.0,3.0,1.0,1.0,5.0,1.0,1.0,1.0,5.0,1.0,1.0,1.0,1.0,5.0,1.0,2.0,1.0,3.0,2.0,2.0,1.0,2.0,1.0,5.0,1.0,1.0,2.0,2.0,3.0,2.0,2.0,1.0,2.0,2.0,1.0,1.0,2.0,2.0,2.0,1.0,1.0,1.0,2.0,2.0,1.0,1.0,2.0,1.0,1.0,2.0,2.0,1.0,3.0,1.0,1.0,3.0,1.0,3.0,7.0,6.0,5.0,7.0,4.0,8.0,5.0,3.0,5.0,10.0,9.0,7.0,8.0,2.0,1.0,1.0,2.0,2.0,2.0,2.0
434070297,1.0,2.0,4.0,1.0,1.0,1.0,1.0,2.0,1.0,2.0,2.0,1.0,2.0,2.0,1.0,1.0,2.0,2.0,2.0,2.0,2.0,1.0,2.0,2.0,2.0,2.0,1.0,3.0,1.0,3.0,3.0,4.0,1.0,1.0,1.0,5.0,1.0,1.0,1.0,1.0,1.0,3.0,1.0,1.0,2.0,2.0,5.0,10.0,,2.0,2.0,1.0,1.0,2.0,1.0,2.0,1.0,2.0,2.0,3.0,4.0,4.0,1.0,1.0,4.0,4.0,4.0,1.0,1.0,4.0,4.0,4.0,1.0,3.0,4.0,4.0,1.0,1.0,4.0,1.0,2.0,0.0,0.0,0.0,0.0,0.0,0.0,2.0,2.0,0.0,0.0,5.0,10.0,,,,1.0,10.0,2.0,2.0,3.0,3.0,3.0,3.0,2.0,7.0,2.0,2.0,1.0,1.0,2.0,1.0,2.0,0.0,1.0,3.0,2.0,2.0,3.0,1.0,2.0,3.0,2.0,2.0,1.0,1.0,2.0,1.0,1.0,2.0,2.0,1.0,1.0,1.0,2.0,2.0,1.0,10.0,10.0,10.0,,,5.0,10.0,1.0,1.0,2.0,2.0,1.0,1.0,1.0,1.0,1.0,2.0,2.0,10.0,1.0,1.0,1.0,1.0,1.0,10.0,1.0,9.0,10.0,10.0,1.0,1.0,1.0,1.0,1.0,10.0,10.0,1.0,1.0,1.0,1.0,2.0,2.0,1.0,5.0,3.0,3.0,2.0,2.0,2.0,3.0,3.0,2.0,2.0,2.0,2.0,1.0,3.0,3.0,3.0,3.0,3.0,2.0,3.0,3.0,3.0,3.0,1.0,1.0,1.0,1.0,3.0,1.0,1.0,4.0,4.0,1.0,4.0,1.0,2.0,2.0,2.0,3.0,5.0,1.0,1.0,2.0,1.0,1.0,1.0,9.0,9.0,1.0,5.0,,,4.0,1.0,1.0,1.0,1.0,1.0,1.0
608070200,1.0,2.0,3.0,3.0,1.0,1.0,2.0,1.0,1.0,1.0,2.0,1.0,2.0,2.0,2.0,2.0,1.0,1.0,2.0,1.0,2.0,2.0,2.0,1.0,2.0,2.0,2.0,3.0,2.0,1.0,3.0,3.0,2.0,2.0,4.0,4.0,2.0,2.0,2.0,1.0,2.0,3.0,1.0,1.0,2.0,2.0,8.0,4.0,1.0,2.0,3.0,2.0,1.0,1.0,3.0,2.0,1.0,1.0,1.0,2.0,2.0,3.0,1.0,3.0,2.0,1.0,3.0,3.0,2.0,2.0,4.0,4.0,2.0,1.0,3.0,3.0,2.0,3.0,2.0,1.0,0.0,0.0,0.0,0.0,0.0,0.0,0.0,0.0,0.0,0.0,0.0,6.0,7.0,10.0,2.0,2.0,1.0,9.0,2.0,2.0,3.0,2.0,2.0,1.0,4.0,2.0,5.0,0.0,0.0,0.0,0.0,0.0,2.0,0.0,0.0,4.0,2.0,3.0,3.0,3.0,3.0,3.0,3.0,3.0,2.0,2.0,2.0,2.0,2.0,2.0,2.0,2.0,2.0,2.0,2.0,2.0,1.0,7.0,9.0,9.0,10.0,9.0,9.0,10.0,1.0,1.0,1.0,1.0,2.0,3.0,2.0,1.0,1.0,,2.0,9.0,9.0,9.0,1.0,1.0,1.0,1.0,1.0,1.0,1.0,4.0,1.0,1.0,1.0,5.0,1.0,1.0,1.0,1.0,1.0,3.0,3.0,3.0,3.0,3.0,4.0,4.0,4.0,3.0,5.0,3.0,5.0,4.0,3.0,3.0,3.0,3.0,2.0,2.0,2.0,1.0,,,,,1.0,1.0,3.0,3.0,3.0,1.0,3.0,3.0,1.0,3.0,1.0,1.0,1.0,1.0,2.0,3.0,3.0,3.0,3.0,2.0,3.0,3.0,9.0,4.0,8.0,8.0,6.0,9.0,10.0,3.0,2.0,8.0,1.0,1.0,1.0,1.0,3.0,1.0,1.0
196070471,1.0,1.0,1.0,2.0,1.0,2.0,2.0,1.0,1.0,1.0,2.0,2.0,1.0,2.0,1.0,2.0,2.0,1.0,2.0,2.0,2.0,2.0,2.0,1.0,2.0,2.0,3.0,3.0,3.0,3.0,3.0,3.0,5.0,2.0,4.0,,3.0,3.0,1.0,4.0,2.0,2.0,1.0,2.0,2.0,1.0,7.0,7.0,7.0,4.0,2.0,4.0,4.0,4.0,1.0,2.0,1.0,2.0,2.0,3.0,3.0,3.0,1.0,2.0,2.0,2.0,2.0,2.0,2.0,2.0,3.0,2.0,2.0,2.0,2.0,3.0,3.0,3.0,3.0,2.0,2.0,0.0,0.0,0.0,0.0,0.0,1.0,0.0,0.0,0.0,0.0,4.0,2.0,1.0,1.0,2.0,2.0,10.0,3.0,2.0,3.0,2.0,2.0,2.0,4.0,3.0,3.0,2.0,1.0,2.0,1.0,2.0,1.0,2.0,2.0,2.0,3.0,1.0,3.0,4.0,3.0,3.0,4.0,3.0,1.0,1.0,2.0,2.0,2.0,1.0,1.0,1.0,2.0,4.0,1.0,1.0,1.0,10.0,10.0,5.0,5.0,2.0,10.0,10.0,1.0,1.0,1.0,1.0,2.0,3.0,2.0,3.0,1.0,2.0,1.0,3.0,1.0,1.0,1.0,1.0,1.0,10.0,2.0,1.0,10.0,10.0,1.0,1.0,1.0,1.0,1.0,1.0,10.0,1.0,1.0,4.0,4.0,4.0,2.0,2.0,1.0,1.0,1.0,1.0,1.0,1.0,1.0,1.0,2.0,2.0,2.0,2.0,3.0,2.0,2.0,3.0,3.0,3.0,3.0,3.0,2.0,2.0,1.0,4.0,2.0,4.0,2.0,1.0,4.0,4.0,1.0,1.0,1.0,1.0,3.0,3.0,3.0,1.0,3.0,,10.0,1.0,7.0,10.0,2.0,10.0,10.0,7.0,10.0,10.0,10.0,10.0,1.0,1.0,1.0,1.0,1.0,2.0,2.0
586071203,1.0,2.0,1.0,2.0,1.0,1.0,2.0,2.0,2.0,2.0,1.0,1.0,2.0,2.0,1.0,1.0,1.0,1.0,1.0,2.0,2.0,2.0,1.0,1.0,1.0,2.0,1.0,1.0,1.0,3.0,1.0,1.0,1.0,1.0,3.0,3.0,3.0,1.0,1.0,1.0,1.0,3.0,1.0,3.0,1.0,2.0,10.0,10.0,5.0,4.0,3.0,3.0,2.0,4.0,1.0,,1.0,1.0,1.0,3.0,2.0,3.0,1.0,1.0,2.0,2.0,1.0,2.0,2.0,1.0,2.0,2.0,2.0,1.0,1.0,2.0,1.0,1.0,1.0,1.0,0.0,0.0,0.0,0.0,0.0,0.0,0.0,0.0,0.0,0.0,0.0,10.0,10.0,1.0,1.0,10.0,1.0,10.0,2.0,1.0,2.0,2.0,2.0,2.0,2.0,10.0,4.0,1.0,2.0,1.0,1.0,2.0,1.0,1.0,1.0,3.0,2.0,3.0,3.0,3.0,3.0,2.0,3.0,2.0,1.0,1.0,2.0,1.0,1.0,2.0,2.0,1.0,1.0,3.0,1.0,1.0,1.0,10.0,10.0,1.0,1.0,10.0,10.0,10.0,1.0,1.0,1.0,1.0,1.0,1.0,4.0,2.0,1.0,1.0,1.0,1.0,1.0,1.0,1.0,1.0,1.0,1.0,1.0,1.0,1.0,1.0,1.0,1.0,4.0,2.0,1.0,1.0,1.0,1.0,4.0,1.0,1.0,2.0,1.0,1.0,5.0,1.0,5.0,4.0,5.0,5.0,4.0,1.0,3.0,3.0,3.0,3.0,2.0,2.0,3.0,2.0,3.0,3.0,3.0,3.0,1.0,1.0,2.0,2.0,1.0,2.0,2.0,1.0,1.0,2.0,2.0,1.0,1.0,5.0,3.0,1.0,3.0,2.0,3.0,,10.0,1.0,10.0,10.0,5.0,10.0,2.0,10.0,10.0,10.0,1.0,1.0,2.0,1.0,1.0,1.0,1.0,2.0,1.0
124074881,1.0,1.0,1.0,2.0,1.0,2.0,1.0,1.0,1.0,2.0,2.0,1.0,2.0,2.0,2.0,2.0,2.0,1.0,2.0,2.0,2.0,2.0,2.0,1.0,2.0,2.0,1.0,3.0,4.0,4.0,4.0,3.0,5.0,1.0,5.0,1.0,5.0,1.0,2.0,1.0,1.0,1.0,2.0,2.0,1.0,1.0,10.0,10.0,10.0,4.0,4.0,4.0,4.0,4.0,2.0,2.0,1.0,2.0,1.0,3.0,2.0,2.0,1.0,2.0,2.0,2.0,2.0,1.0,2.0,2.0,2.0,2.0,4.0,1.0,1.0,2.0,2.0,3.0,1.0,1.0,2.0,0.0,0.0,0.0,0.0,1.0,0.0,2.0,0.0,0.0,0.0,10.0,8.0,10.0,8.0,10.0,1.0,10.0,3.0,2.0,1.0,2.0,2.0,1.0,3.0,10.0,3.0,1.0,1.0,0.0,1.0,0.0,2.0,2.0,1.0,3.0,2.0,3.0,4.0,4.0,4.0,3.0,4.0,4.0,1.0,1.0,2.0,3.0,4.0,2.0,2.0,4.0,2.0,3.0,2.0,1.0,1.0,9.0,9.0,9.0,9.0,9.0,4.0,6.0,1.0,2.0,2.0,2.0,4.0,4.0,2.0,2.0,1.0,2.0,2.0,10.0,1.0,1.0,1.0,1.0,1.0,10.0,1.0,1.0,6.0,1.0,6.0,1.0,1.0,1.0,1.0,1.0,1.0,1.0,6.0,2.0,4.0,4.0,2.0,3.0,5.0,5.0,5.0,5.0,5.0,5.0,5.0,5.0,1.0,2.0,2.0,2.0,3.0,2.0,2.0,1.0,3.0,1.0,3.0,3.0,1.0,1.0,1.0,4.0,4.0,4.0,2.0,2.0,2.0,4.0,1.0,1.0,1.0,1.0,1.0,1.0,1.0,1.0,1.0,6.0,6.0,6.0,6.0,6.0,6.0,6.0,6.0,6.0,6.0,10.0,6.0,2.0,3.0,1.0,1.0,1.0,1.0,3.0,3.0
104070693,2.0,3.0,2.0,2.0,1.0,1.0,1.0,2.0,2.0,1.0,2.0,1.0,2.0,1.0,1.0,2.0,2.0,1.0,1.0,1.0,2.0,1.0,1.0,1.0,1.0,1.0,1.0,3.0,4.0,4.0,4.0,1.0,4.0,1.0,4.0,4.0,4.0,1.0,2.0,1.0,4.0,3.0,1.0,3.0,2.0,2.0,7.0,6.0,5.0,4.0,4.0,4.0,2.0,4.0,1.0,2.0,1.0,1.0,3.0,3.0,4.0,1.0,1.0,4.0,2.0,1.0,2.0,1.0,1.0,1.0,1.0,2.0,2.0,2.0,2.0,2.0,2.0,2.0,1.0,2.0,2.0,0.0,0.0,0.0,0.0,2.0,0.0,2.0,2.0,0.0,0.0,8.0,10.0,9.0,1.0,1.0,2.0,5.0,2.0,3.0,4.0,3.0,3.0,2.0,2.0,8.0,4.0,2.0,0.0,0.0,0.0,0.0,2.0,0.0,0.0,3.0,1.0,4.0,3.0,4.0,4.0,4.0,4.0,4.0,2.0,2.0,2.0,1.0,1.0,2.0,2.0,1.0,1.0,1.0,2.0,2.0,1.0,8.0,10.0,6.0,8.0,4.0,1.0,10.0,1.0,1.0,1.0,1.0,3.0,1.0,4.0,2.0,1.0,1.0,2.0,2.0,1.0,9.0,1.0,1.0,1.0,1.0,1.0,1.0,2.0,1.0,1.0,2.0,3.0,9.0,1.0,2.0,3.0,1.0,9.0,1.0,2.0,3.0,1.0,2.0,5.0,4.0,4.0,5.0,5.0,5.0,5.0,4.0,3.0,3.0,3.0,3.0,3.0,3.0,,3.0,3.0,,,,2.0,3.0,1.0,4.0,4.0,4.0,1.0,1.0,4.0,4.0,2.0,1.0,1.0,3.0,2.0,3.0,2.0,1.0,3.0,,9.0,8.0,9.0,9.0,4.0,8.0,10.0,10.0,10.0,10.0,10.0,8.0,2.0,1.0,2.0,3.0,1.0,4.0,3.0
762070616,1.0,1.0,3.0,1.0,1.0,1.0,2.0,2.0,1.0,2.0,2.0,1.0,2.0,1.0,2.0,2.0,2.0,1.0,1.0,2.0,1.0,,2.0,1.0,1.0,2.0,1.0,3.0,1.0,3.0,1.0,4.0,1.0,1.0,5.0,,1.0,1.0,1.0,1.0,1.0,1.0,1.0,1.0,1.0,2.0,9.0,7.0,6.0,4.0,4.0,4.0,3.0,4.0,1.0,2.0,1.0,1.0,1.0,3.0,4.0,4.0,1.0,1.0,1.0,1.0,1.0,1.0,3.0,3.0,3.0,3.0,3.0,1.0,1.0,3.0,1.0,1.0,3.0,3.0,0.0,2.0,1.0,2.0,2.0,1.0,1.0,2.0,1.0,2.0,1.0,8.0,9.0,7.0,2.0,8.0,1.0,6.0,,,,,,1.0,2.0,,3.0,2.0,2.0,2.0,2.0,1.0,2.0,2.0,2.0,1.0,2.0,4.0,4.0,4.0,4.0,4.0,4.0,4.0,1.0,2.0,2.0,4.0,2.0,2.0,2.0,4.0,4.0,4.0,1.0,1.0,1.0,6.0,8.0,3.0,5.0,6.0,9.0,7.0,1.0,1.0,1.0,1.0,1.0,1.0,2.0,1.0,1.0,1.0,2.0,4.0,6.0,7.0,2.0,4.0,2.0,,2.0,2.0,3.0,3.0,2.0,8.0,3.0,4.0,4.0,5.0,2.0,4.0,2.0,1.0,4.0,4.0,3.0,3.0,5.0,1.0,5.0,1.0,5.0,2.0,5.0,1.0,3.0,3.0,3.0,3.0,3.0,3.0,3.0,3.0,3.0,3.0,3.0,3.0,1.0,3.0,3.0,4.0,1.0,4.0,3.0,2.0,4.0,1.0,2.0,1.0,2.0,4.0,2.0,3.0,2.0,2.0,1.0,7.0,3.0,8.0,2.0,3.0,8.0,9.0,5.0,6.0,5.0,8.0,8.0,6.0,1.0,1.0,1.0,3.0,3.0,3.0,1.0
840072336,1.0,1.0,1.0,1.0,4.0,1.0,2.0,1.0,2.0,2.0,2.0,1.0,2.0,2.0,1.0,1.0,1.0,1.0,2.0,2.0,2.0,2.0,2.0,2.0,2.0,2.0,2.0,3.0,2.0,4.0,3.0,2.0,4.0,2.0,4.0,3.0,4.0,4.0,2.0,1.0,1.0,3.0,1.0,1.0,2.0,3.0,8.0,9.0,9.0,4.0,2.0,4.0,4.0,4.0,1.0,2.0,2.0,2.0,2.0,3.0,2.0,2.0,2.0,1.0,4.0,4.0,4.0,1.0,3.0,2.0,4.0,4.0,4.0,4.0,3.0,3.0,3.0,4.0,4.0,4.0,2.0,0.0,0.0,0.0,1.0,0.0,2.0,1.0,2.0,0.0,0.0,7.0,8.0,7.0,2.0,7.0,2.0,9.0,3.0,3.0,3.0,2.0,3.0,2.0,4.0,4.0,4.0,2.0,2.0,0.0,1.0,2.0,2.0,2.0,2.0,3.0,2.0,3.0,4.0,4.0,3.0,3.0,4.0,3.0,2.0,2.0,1.0,4.0,4.0,2.0,2.0,1.0,1.0,3.0,1.0,1.0,1.0,9.0,6.0,3.0,7.0,1.0,10.0,10.0,1.0,1.0,1.0,1.0,3.0,4.0,2.0,2.0,1.0,1.0,2.0,9.0,1.0,1.0,1.0,1.0,1.0,8.0,7.0,6.0,10.0,10.0,1.0,8.0,1.0,1.0,7.0,1.0,10.0,5.0,9.0,1.0,3.0,4.0,1.0,1.0,1.0,1.0,1.0,1.0,1.0,1.0,1.0,1.0,1.0,1.0,3.0,3.0,1.0,1.0,,1.0,1.0,1.0,1.0,3.0,1.0,1.0,2.0,4.0,4.0,1.0,4.0,2.0,2.0,2.0,2.0,1.0,1.0,,2.0,2.0,3.0,2.0,4.0,8.0,6.0,1.0,10.0,5.0,7.0,5.0,1.0,8.0,10.0,10.0,8.0,4.0,2.0,1.0,3.0,3.0,1.0,3.0,3.0
554070700,1.0,2.0,2.0,3.0,1.0,2.0,1.0,1.0,1.0,1.0,1.0,1.0,2.0,1.0,2.0,1.0,2.0,2.0,2.0,2.0,2.0,2.0,2.0,2.0,2.0,2.0,1.0,3.0,,3.0,2.0,2.0,4.0,4.0,4.0,2.0,4.0,3.0,1.0,3.0,2.0,1.0,2.0,2.0,2.0,1.0,8.0,7.0,7.0,4.0,4.0,4.0,4.0,4.0,2.0,2.0,,,,,,,,,,,,,,,,,,,,,,,,,1.0,2.0,2.0,0.0,0.0,,2.0,0.0,0.0,0.0,0.0,10.0,3.0,10.0,1.0,1.0,1.0,10.0,3.0,3.0,2.0,2.0,2.0,3.0,4.0,5.0,2.0,0.0,0.0,2.0,1.0,1.0,2.0,2.0,2.0,3.0,3.0,2.0,2.0,3.0,2.0,1.0,3.0,3.0,1.0,1.0,2.0,4.0,3.0,2.0,1.0,3.0,3.0,3.0,1.0,2.0,2.0,5.0,5.0,1.0,5.0,4.0,5.0,3.0,,,,,3.0,3.0,5.0,6.0,1.0,2.0,2.0,5.0,1.0,7.0,1.0,1.0,1.0,10.0,7.0,7.0,1.0,10.0,1.0,8.0,1.0,1.0,1.0,1.0,8.0,1.0,5.0,3.0,3.0,3.0,2.0,2.0,4.0,3.0,1.0,1.0,2.0,1.0,1.0,2.0,1.0,3.0,3.0,3.0,3.0,3.0,3.0,3.0,2.0,2.0,3.0,3.0,1.0,1.0,2.0,2.0,1.0,2.0,2.0,3.0,1.0,3.0,4.0,1.0,2.0,4.0,2.0,2.0,4.0,3.0,4.0,5.0,5.0,5.0,5.0,5.0,5.0,5.0,5.0,5.0,5.0,5.0,8.0,3.0,,1.0,2.0,2.0,2.0,2.0,3.0
36071552,1.0,1.0,2.0,2.0,3.0,3.0,1.0,1.0,2.0,1.0,1.0,1.0,2.0,2.0,2.0,2.0,2.0,1.0,2.0,2.0,2.0,2.0,2.0,2.0,2.0,2.0,2.0,4.0,4.0,4.0,4.0,1.0,5.0,5.0,5.0,1.0,5.0,2.0,5.0,3.0,4.0,2.0,1.0,1.0,2.0,4.0,8.0,4.0,3.0,2.0,3.0,2.0,2.0,4.0,1.0,2.0,1.0,2.0,2.0,2.0,2.0,2.0,3.0,1.0,3.0,3.0,2.0,1.0,1.0,3.0,3.0,3.0,2.0,2.0,1.0,3.0,4.0,2.0,2.0,3.0,0.0,0.0,0.0,1.0,0.0,2.0,0.0,0.0,0.0,0.0,0.0,1.0,5.0,4.0,3.0,3.0,1.0,7.0,2.0,2.0,2.0,2.0,2.0,1.0,4.0,4.0,5.0,1.0,2.0,1.0,2.0,0.0,2.0,1.0,1.0,2.0,2.0,3.0,4.0,4.0,3.0,3.0,4.0,3.0,1.0,1.0,2.0,3.0,,2.0,1.0,1.0,1.0,2.0,2.0,2.0,1.0,5.0,8.0,3.0,2.0,2.0,8.0,6.0,2.0,2.0,2.0,2.0,4.0,4.0,6.0,8.0,2.0,1.0,2.0,5.0,1.0,1.0,1.0,1.0,1.0,10.0,4.0,10.0,10.0,10.0,3.0,10.0,1.0,1.0,1.0,1.0,5.0,1.0,1.0,4.0,4.0,4.0,2.0,2.0,4.0,1.0,1.0,4.0,3.0,2.0,,2.0,1.0,1.0,1.0,1.0,2.0,2.0,3.0,2.0,2.0,2.0,3.0,3.0,1.0,1.0,1.0,4.0,3.0,4.0,2.0,1.0,4.0,4.0,2.0,3.0,1.0,4.0,4.0,4.0,4.0,1.0,4.0,2.0,5.0,1.0,10.0,10.0,1.0,7.0,5.0,1.0,10.0,10.0,7.0,6.0,3.0,3.0,2.0,2.0,3.0,3.0,3.0
528070640,2.0,2.0,1.0,2.0,2.0,,2.0,1.0,2.0,1.0,1.0,1.0,2.0,2.0,2.0,1.0,2.0,2.0,2.0,2.0,2.0,2.0,2.0,2.0,2.0,2.0,3.0,3.0,3.0,3.0,3.0,,5.0,3.0,4.0,,4.0,4.0,,4.0,5.0,2.0,2.0,3.0,2.0,3.0,3.0,3.0,7.0,4.0,4.0,4.0,4.0,4.0,2.0,,1.0,2.0,1.0,2.0,2.0,2.0,3.0,3.0,4.0,4.0,3.0,3.0,3.0,4.0,4.0,4.0,3.0,3.0,3.0,3.0,3.0,3.0,,,0.0,0.0,0.0,0.0,0.0,0.0,0.0,0.0,0.0,0.0,0.0,4.0,4.0,7.0,4.0,6.0,2.0,7.0,2.0,2.0,2.0,2.0,3.0,2.0,,3.0,2.0,0.0,2.0,2.0,2.0,2.0,2.0,2.0,2.0,3.0,2.0,3.0,2.0,,,3.0,3.0,,2.0,2.0,2.0,3.0,4.0,2.0,,3.0,3.0,,1.0,1.0,1.0,7.0,,5.0,6.0,2.0,7.0,,1.0,1.0,,,3.0,3.0,7.0,,,2.0,2.0,5.0,1.0,5.0,1.0,6.0,4.0,,5.0,,10.0,10.0,,,1.0,1.0,5.0,,10.0,,,4.0,4.0,4.0,1.0,2.0,1.0,1.0,1.0,1.0,5.0,1.0,1.0,1.0,2.0,2.0,2.0,2.0,2.0,2.0,2.0,2.0,1.0,2.0,,3.0,1.0,1.0,,1.0,1.0,,3.0,,2.0,,2.0,2.0,1.0,4.0,3.0,2.0,4.0,1.0,4.0,8.0,3.0,1.0,10.0,10.0,1.0,10.0,7.0,1.0,10.0,10.0,2.0,2.0,3.0,3.0,2.0,3.0,3.0,4.0,
496070951,2.0,2.0,2.0,2.0,2.0,2.0,1.0,1.0,1.0,1.0,1.0,2.0,2.0,2.0,2.0,2.0,2.0,2.0,2.0,2.0,2.0,2.0,2.0,2.0,2.0,2.0,1.0,1.0,1.0,1.0,1.0,1.0,5.0,5.0,5.0,5.0,5.0,5.0,5.0,5.0,5.0,2.0,2.0,2.0,1.0,1.0,1.0,1.0,2.0,1.0,3.0,3.0,3.0,3.0,3.0,2.0,1.0,1.0,1.0,1.0,2.0,2.0,3.0,3.0,3.0,3.0,3.0,3.0,3.0,3.0,3.0,3.0,3.0,3.0,3.0,3.0,3.0,3.0,3.0,3.0,1.0,1.0,1.0,1.0,1.0,1.0,1.0,1.0,1.0,1.0,1.0,7.0,6.0,6.0,6.0,6.0,2.0,7.0,3.0,3.0,3.0,3.0,3.0,3.0,5.0,7.0,3.0,1.0,1.0,1.0,1.0,1.0,1.0,1.0,1.0,2.0,3.0,3.0,3.0,3.0,3.0,3.0,3.0,3.0,2.0,2.0,1.0,1.0,1.0,2.0,2.0,2.0,2.0,3.0,2.0,2.0,2.0,1.0,4.0,4.0,4.0,4.0,4.0,7.0,2.0,2.0,2.0,2.0,2.0,2.0,5.0,5.0,2.0,2.0,2.0,6.0,5.0,5.0,5.0,5.0,5.0,5.0,5.0,5.0,5.0,5.0,5.0,5.0,5.0,5.0,5.0,5.0,5.0,5.0,5.0,3.0,3.0,3.0,3.0,2.0,2.0,2.0,2.0,2.0,2.0,2.0,2.0,2.0,2.0,2.0,2.0,2.0,2.0,2.0,2.0,2.0,2.0,2.0,2.0,2.0,3.0,3.0,2.0,2.0,2.0,2.0,2.0,2.0,2.0,2.0,2.0,2.0,3.0,4.0,2.0,2.0,2.0,2.0,2.0,7.0,4.0,4.0,4.0,4.0,4.0,4.0,4.0,4.0,4.0,6.0,6.0,7.0,4.0,4.0,2.0,2.0,2.0,2.0,2.0
203070413,1.0,3.0,,4.0,4.0,2.0,1.0,2.0,1.0,1.0,2.0,2.0,1.0,1.0,2.0,2.0,2.0,1.0,2.0,1.0,1.0,1.0,2.0,1.0,2.0,2.0,,2.0,,,,1.0,3.0,2.0,,4.0,3.0,2.0,,,3.0,2.0,2.0,2.0,3.0,4.0,5.0,3.0,,4.0,4.0,4.0,4.0,4.0,,2.0,2.0,2.0,2.0,4.0,,,2.0,3.0,3.0,2.0,,3.0,3.0,,3.0,3.0,2.0,,,,3.0,,,2.0,0.0,0.0,0.0,0.0,0.0,0.0,0.0,0.0,0.0,0.0,0.0,5.0,,4.0,5.0,5.0,1.0,8.0,,,,,,1.0,3.0,,4.0,2.0,1.0,2.0,2.0,2.0,2.0,2.0,2.0,3.0,3.0,,,,,,,,1.0,1.0,2.0,4.0,4.0,2.0,,2.0,2.0,,2.0,2.0,2.0,,,8.0,,1.0,4.0,8.0,1.0,,,1.0,,,4.0,4.0,1.0,2.0,2.0,4.0,,,3.0,,,4.0,3.0,4.0,4.0,,2.0,,2.0,2.0,2.0,2.0,2.0,2.0,4.0,,,,4.0,3.0,2.0,2.0,2.0,5.0,5.0,5.0,5.0,4.0,3.0,3.0,3.0,3.0,3.0,3.0,3.0,3.0,3.0,3.0,3.0,3.0,3.0,3.0,,,,,,,,,,,,5.0,,,,,,,7.0,,,7.0,,7.0,8.0,3.0,8.0,5.0,5.0,,3.0,2.0,1.0,1.0,2.0,4.0,4.0
704070716,2.0,2.0,2.0,2.0,1.0,2.0,1.0,1.0,1.0,2.0,2.0,2.0,2.0,2.0,2.0,1.0,1.0,1.0,2.0,1.0,2.0,1.0,1.0,1.0,1.0,1.0,2.0,2.0,2.0,3.0,2.0,2.0,2.0,2.0,2.0,2.0,4.0,2.0,2.0,2.0,2.0,3.0,1.0,1.0,1.0,2.0,5.0,9.0,8.0,4.0,4.0,4.0,4.0,4.0,1.0,1.0,1.0,2.0,2.0,2.0,2.0,2.0,2.0,2.0,2.0,1.0,1.0,1.0,1.0,1.0,1.0,1.0,1.0,2.0,1.0,2.0,2.0,2.0,2.0,1.0,0.0,0.0,0.0,0.0,2.0,0.0,0.0,0.0,0.0,0.0,0.0,9.0,8.0,3.0,3.0,2.0,1.0,5.0,2.0,2.0,2.0,2.0,2.0,2.0,4.0,7.0,4.0,2.0,2.0,0.0,2.0,0.0,2.0,0.0,0.0,3.0,1.0,4.0,2.0,4.0,4.0,4.0,3.0,3.0,1.0,2.0,2.0,3.0,3.0,2.0,2.0,3.0,3.0,3.0,1.0,1.0,1.0,9.0,10.0,5.0,4.0,5.0,10.0,5.0,2.0,2.0,2.0,2.0,3.0,2.0,7.0,5.0,2.0,2.0,2.0,5.0,5.0,4.0,3.0,3.0,3.0,5.0,3.0,3.0,3.0,5.0,5.0,3.0,3.0,3.0,3.0,2.0,4.0,2.0,3.0,2.0,2.0,2.0,1.0,2.0,3.0,1.0,2.0,2.0,5.0,2.0,2.0,2.0,2.0,3.0,2.0,3.0,2.0,2.0,2.0,2.0,2.0,2.0,,,1.0,1.0,1.0,4.0,4.0,4.0,2.0,2.0,2.0,4.0,1.0,1.0,1.0,2.0,2.0,2.0,1.0,1.0,3.0,,8.0,7.0,9.0,9.0,9.0,8.0,8.0,7.0,9.0,9.0,9.0,9.0,1.0,1.0,1.0,1.0,1.0,2.0,2.0
124072920,1.0,2.0,1.0,3.0,2.0,4.0,1.0,1.0,2.0,2.0,1.0,1.0,2.0,2.0,2.0,1.0,2.0,1.0,2.0,2.0,2.0,2.0,2.0,1.0,2.0,2.0,3.0,3.0,4.0,4.0,3.0,2.0,4.0,3.0,4.0,2.0,5.0,5.0,4.0,4.0,5.0,1.0,1.0,3.0,3.0,2.0,8.0,4.0,8.0,4.0,4.0,4.0,4.0,4.0,2.0,2.0,1.0,2.0,1.0,2.0,2.0,2.0,4.0,4.0,4.0,4.0,2.0,2.0,2.0,2.0,4.0,2.0,1.0,3.0,4.0,2.0,2.0,2.0,1.0,1.0,0.0,1.0,2.0,0.0,0.0,0.0,2.0,0.0,0.0,0.0,0.0,3.0,3.0,5.0,7.0,5.0,1.0,6.0,2.0,2.0,3.0,3.0,4.0,3.0,3.0,5.0,3.0,2.0,2.0,0.0,2.0,0.0,2.0,0.0,1.0,2.0,2.0,3.0,3.0,4.0,3.0,4.0,3.0,3.0,1.0,2.0,2.0,3.0,3.0,2.0,2.0,3.0,4.0,3.0,1.0,1.0,2.0,5.0,9.0,1.0,5.0,7.0,9.0,1.0,2.0,2.0,2.0,2.0,3.0,3.0,7.0,7.0,2.0,1.0,2.0,5.0,2.0,6.0,1.0,2.0,3.0,10.0,6.0,10.0,10.0,9.0,3.0,8.0,1.0,1.0,1.0,1.0,10.0,1.0,1.0,4.0,4.0,4.0,3.0,2.0,4.0,1.0,2.0,2.0,1.0,1.0,1.0,2.0,1.0,1.0,1.0,1.0,1.0,2.0,2.0,1.0,1.0,1.0,1.0,1.0,2.0,1.0,2.0,4.0,2.0,4.0,4.0,3.0,1.0,3.0,4.0,3.0,1.0,4.0,4.0,1.0,4.0,1.0,4.0,3.0,1.0,1.0,10.0,8.0,1.0,7.0,6.0,5.0,10.0,6.0,6.0,7.0,2.0,2.0,2.0,2.0,1.0,2.0,3.0
76070013,1.0,2.0,1.0,2.0,1.0,2.0,1.0,2.0,2.0,1.0,2.0,2.0,2.0,2.0,1.0,2.0,1.0,1.0,2.0,2.0,2.0,2.0,2.0,2.0,2.0,2.0,1.0,2.0,4.0,3.0,3.0,3.0,4.0,2.0,3.0,2.0,4.0,2.0,2.0,4.0,3.0,2.0,1.0,1.0,2.0,2.0,4.0,7.0,9.0,4.0,4.0,4.0,2.0,4.0,1.0,2.0,2.0,3.0,3.0,3.0,3.0,4.0,,,3.0,2.0,3.0,2.0,,4.0,3.0,3.0,2.0,,4.0,,3.0,3.0,,3.0,2.0,,0.0,0.0,0.0,0.0,0.0,0.0,,,,3.0,1.0,1.0,1.0,,,1.0,3.0,,2.0,2.0,,1.0,3.0,5.0,2.0,1.0,0.0,1.0,0.0,1.0,,2.0,2.0,3.0,3.0,1.0,2.0,4.0,,1.0,2.0,1.0,1.0,1.0,2.0,1.0,1.0,2.0,2.0,1.0,1.0,2.0,2.0,2.0,2.0,9.0,6.0,7.0,9.0,8.0,9.0,5.0,1.0,2.0,,,4.0,3.0,2.0,1.0,1.0,,2.0,6.0,1.0,,1.0,8.0,1.0,1.0,2.0,1.0,7.0,6.0,1.0,1.0,1.0,7.0,1.0,1.0,9.0,1.0,3.0,4.0,4.0,3.0,3.0,3.0,2.0,2.0,5.0,1.0,5.0,1.0,5.0,1.0,3.0,3.0,3.0,,3.0,,,,,,3.0,3.0,,,2.0,,2.0,3.0,3.0,,1.0,,1.0,1.0,,4.0,,,2.0,,,,,,1.0,1.0,,,,2.0,1.0,6.0,6.0,10.0,2.0,4.0,2.0,2.0,3.0,,
170074611,1.0,1.0,1.0,4.0,1.0,1.0,1.0,2.0,2.0,1.0,1.0,1.0,2.0,2.0,2.0,2.0,2.0,1.0,2.0,2.0,2.0,2.0,2.0,2.0,2.0,2.0,2.0,2.0,3.0,3.0,3.0,2.0,2.0,4.0,4.0,5.0,4.0,2.0,2.0,2.0,2.0,3.0,1.0,1.0,3.0,3.0,8.0,10.0,6.0,3.0,4.0,4.0,3.0,4.0,2.0,2.0,1.0,2.0,3.0,2.0,1.0,2.0,1.0,2.0,3.0,1.0,4.0,1.0,3.0,2.0,4.0,3.0,3.0,1.0,2.0,3.0,1.0,1.0,1.0,1.0,1.0,1.0,1.0,1.0,2.0,1.0,1.0,1.0,1.0,2.0,1.0,8.0,1.0,8.0,6.0,1.0,1.0,7.0,2.0,2.0,2.0,2.0,2.0,2.0,3.0,9.0,3.0,0.0,2.0,2.0,2.0,2.0,0.0,2.0,2.0,3.0,1.0,4.0,3.0,3.0,4.0,2.0,3.0,4.0,2.0,2.0,2.0,1.0,1.0,2.0,2.0,1.0,1.0,1.0,1.0,2.0,1.0,6.0,8.0,7.0,1.0,10.0,6.0,10.0,1.0,1.0,1.0,1.0,2.0,2.0,5.0,2.0,2.0,2.0,2.0,1.0,1.0,1.0,1.0,1.0,1.0,6.0,1.0,1.0,10.0,4.0,1.0,1.0,1.0,1.0,1.0,1.0,1.0,1.0,1.0,1.0,1.0,4.0,3.0,3.0,5.0,2.0,5.0,5.0,5.0,5.0,5.0,2.0,3.0,3.0,3.0,3.0,3.0,1.0,3.0,1.0,3.0,3.0,3.0,3.0,1.0,1.0,2.0,3.0,1.0,1.0,1.0,1.0,1.0,3.0,1.0,1.0,1.0,3.0,1.0,1.0,1.0,1.0,4.0,7.0,1.0,1.0,1.0,1.0,1.0,1.0,1.0,1.0,1.0,10.0,10.0,10.0,3.0,1.0,1.0,3.0,1.0,3.0,2.0
156071759,1.0,2.0,2.0,2.0,2.0,3.0,1.0,1.0,1.0,1.0,2.0,1.0,2.0,2.0,2.0,2.0,2.0,1.0,1.0,1.0,1.0,1.0,1.0,1.0,1.0,1.0,1.0,2.0,2.0,1.0,2.0,2.0,2.0,2.0,4.0,4.0,1.0,2.0,4.0,2.0,2.0,1.0,1.0,1.0,1.0,2.0,6.0,9.0,10.0,4.0,4.0,4.0,3.0,4.0,2.0,2.0,1.0,1.0,1.0,3.0,3.0,3.0,3.0,2.0,2.0,2.0,2.0,2.0,2.0,1.0,2.0,1.0,1.0,2.0,2.0,2.0,1.0,1.0,2.0,2.0,0.0,0.0,0.0,0.0,0.0,0.0,0.0,0.0,0.0,0.0,0.0,7.0,6.0,7.0,5.0,5.0,1.0,7.0,2.0,2.0,2.0,2.0,2.0,3.0,4.0,4.0,3.0,1.0,2.0,0.0,,0.0,2.0,2.0,0.0,,1.0,,,,,,,,,,,2.0,2.0,2.0,2.0,1.0,1.0,,2.0,2.0,1.0,10.0,10.0,5.0,5.0,1.0,8.0,7.0,2.0,2.0,2.0,2.0,2.0,3.0,7.0,8.0,2.0,2.0,1.0,5.0,5.0,1.0,1.0,1.0,1.0,1.0,1.0,1.0,4.0,2.0,1.0,1.0,1.0,5.0,1.0,1.0,1.0,1.0,10.0,1.0,2.0,2.0,1.0,2.0,5.0,1.0,4.0,1.0,2.0,2.0,1.0,1.0,1.0,2.0,2.0,2.0,1.0,2.0,3.0,2.0,2.0,1.0,2.0,1.0,3.0,,,,,,,,,,,,,,3.0,3.0,3.0,2.0,3.0,,5.0,1.0,10.0,10.0,10.0,10.0,10.0,5.0,10.0,10.0,5.0,8.0,2.0,1.0,1.0,1.0,1.0,2.0,2.0
170076483,1.0,1.0,1.0,4.0,1.0,2.0,1.0,1.0,2.0,1.0,2.0,1.0,2.0,1.0,2.0,2.0,2.0,1.0,2.0,2.0,2.0,2.0,2.0,2.0,2.0,2.0,2.0,3.0,3.0,3.0,2.0,2.0,4.0,2.0,4.0,3.0,4.0,2.0,2.0,2.0,4.0,1.0,1.0,1.0,1.0,1.0,10.0,10.0,8.0,4.0,4.0,4.0,2.0,4.0,2.0,2.0,1.0,3.0,3.0,3.0,3.0,3.0,3.0,3.0,3.0,3.0,3.0,3.0,3.0,3.0,3.0,3.0,3.0,3.0,3.0,3.0,3.0,3.0,3.0,3.0,0.0,0.0,0.0,0.0,0.0,0.0,0.0,0.0,0.0,0.0,0.0,10.0,10.0,1.0,1.0,10.0,1.0,10.0,4.0,3.0,3.0,4.0,4.0,4.0,2.0,10.0,1.0,0.0,0.0,2.0,2.0,2.0,0.0,2.0,2.0,3.0,3.0,1.0,2.0,2.0,2.0,1.0,1.0,1.0,2.0,2.0,2.0,3.0,3.0,2.0,1.0,3.0,1.0,1.0,1.0,2.0,2.0,5.0,7.0,7.0,7.0,7.0,8.0,10.0,1.0,2.0,2.0,2.0,3.0,3.0,6.0,2.0,1.0,2.0,2.0,8.0,5.0,5.0,5.0,5.0,5.0,5.0,5.0,5.0,5.0,5.0,5.0,5.0,1.0,5.0,5.0,1.0,5.0,1.0,8.0,2.0,2.0,3.0,4.0,3.0,4.0,1.0,1.0,2.0,4.0,4.0,4.0,4.0,2.0,2.0,2.0,3.0,2.0,2.0,2.0,2.0,2.0,3.0,2.0,3.0,1.0,1.0,3.0,3.0,1.0,1.0,3.0,3.0,1.0,1.0,3.0,1.0,1.0,3.0,4.0,1.0,4.0,1.0,4.0,1.0,9.0,5.0,7.0,7.0,5.0,5.0,1.0,3.0,10.0,5.0,5.0,3.0,2.0,1.0,1.0,1.0,1.0,1.0,1.0
862070365,2.0,3.0,2.0,3.0,2.0,2.0,2.0,1.0,2.0,2.0,1.0,2.0,1.0,1.0,2.0,2.0,1.0,1.0,2.0,1.0,2.0,1.0,2.0,1.0,2.0,2.0,3.0,4.0,4.0,3.0,3.0,1.0,3.0,2.0,3.0,4.0,3.0,1.0,2.0,3.0,2.0,2.0,3.0,2.0,3.0,3.0,7.0,8.0,1.0,1.0,2.0,2.0,1.0,2.0,3.0,2.0,3.0,4.0,3.0,4.0,3.0,4.0,2.0,4.0,4.0,3.0,4.0,4.0,4.0,4.0,3.0,4.0,3.0,4.0,3.0,4.0,4.0,4.0,3.0,4.0,1.0,0.0,0.0,1.0,1.0,0.0,0.0,0.0,0.0,0.0,0.0,10.0,3.0,9.0,4.0,2.0,2.0,8.0,4.0,4.0,3.0,4.0,3.0,4.0,5.0,4.0,4.0,2.0,2.0,1.0,0.0,1.0,2.0,0.0,0.0,3.0,4.0,1.0,3.0,4.0,3.0,1.0,2.0,4.0,2.0,2.0,2.0,2.0,1.0,2.0,2.0,1.0,2.0,1.0,1.0,2.0,1.0,,,,,,,10.0,1.0,1.0,1.0,1.0,1.0,2.0,2.0,2.0,1.0,1.0,2.0,8.0,3.0,5.0,3.0,3.0,1.0,3.0,5.0,1.0,3.0,8.0,1.0,1.0,3.0,3.0,3.0,5.0,3.0,5.0,3.0,4.0,4.0,4.0,2.0,3.0,5.0,5.0,5.0,1.0,5.0,2.0,2.0,5.0,3.0,2.0,2.0,3.0,3.0,3.0,1.0,2.0,3.0,3.0,2.0,3.0,1.0,1.0,1.0,4.0,3.0,4.0,2.0,3.0,2.0,4.0,3.0,2.0,1.0,4.0,2.0,1.0,1.0,2.0,2.0,7.0,9.0,7.0,9.0,6.0,6.0,9.0,5.0,5.0,7.0,9.0,2.0,1.0,3.0,1.0,2.0,3.0,2.0,3.0,3.0
826071089,2.0,2.0,1.0,3.0,2.0,4.0,1.0,2.0,1.0,2.0,2.0,1.0,1.0,2.0,2.0,2.0,1.0,1.0,2.0,2.0,2.0,2.0,2.0,1.0,2.0,2.0,2.0,,3.0,4.0,4.0,,3.0,3.0,3.0,3.0,5.0,3.0,4.0,3.0,4.0,2.0,,1.0,2.0,5.0,,1.0,1.0,4.0,4.0,3.0,4.0,4.0,1.0,1.0,2.0,2.0,2.0,2.0,,2.0,2.0,2.0,3.0,,3.0,1.0,2.0,2.0,2.0,2.0,2.0,2.0,3.0,3.0,2.0,2.0,,1.0,0.0,0.0,2.0,0.0,0.0,0.0,,2.0,,0.0,0.0,6.0,7.0,7.0,1.0,4.0,2.0,6.0,2.0,2.0,2.0,2.0,3.0,1.0,,,3.0,1.0,1.0,0.0,,,2.0,1.0,0.0,3.0,1.0,4.0,4.0,3.0,4.0,4.0,4.0,4.0,,,,,,,,3.0,4.0,4.0,1.0,1.0,,7.0,6.0,8.0,4.0,10.0,6.0,1.0,2.0,2.0,2.0,1.0,4.0,,7.0,8.0,2.0,,,5.0,1.0,1.0,1.0,2.0,4.0,4.0,6.0,8.0,7.0,6.0,3.0,5.0,,1.0,1.0,1.0,5.0,1.0,5.0,2.0,2.0,3.0,4.0,3.0,4.0,5.0,1.0,5.0,5.0,1.0,5.0,4.0,1.0,3.0,1.0,3.0,1.0,1.0,2.0,3.0,3.0,2.0,3.0,3.0,1.0,1.0,2.0,,,4.0,2.0,2.0,4.0,4.0,,2.0,1.0,4.0,3.0,4.0,4.0,2.0,4.0,3.0,5.0,6.0,8.0,8.0,4.0,,4.0,7.0,10.0,8.0,4.0,3.0,3.0,2.0,2.0,3.0,1.0,2.0,3.0
792072031,1.0,2.0,2.0,3.0,1.0,1.0,1.0,2.0,2.0,2.0,2.0,1.0,2.0,2.0,2.0,1.0,1.0,1.0,1.0,1.0,1.0,1.0,1.0,1.0,1.0,1.0,1.0,4.0,3.0,3.0,3.0,3.0,4.0,1.0,2.0,4.0,2.0,1.0,2.0,2.0,2.0,1.0,1.0,2.0,1.0,1.0,8.0,9.0,6.0,4.0,4.0,4.0,2.0,4.0,2.0,2.0,1.0,1.0,2.0,2.0,2.0,2.0,2.0,1.0,3.0,3.0,3.0,2.0,1.0,2.0,3.0,2.0,2.0,2.0,2.0,2.0,2.0,2.0,1.0,1.0,0.0,0.0,0.0,0.0,0.0,0.0,0.0,0.0,0.0,0.0,0.0,2.0,7.0,2.0,4.0,4.0,1.0,5.0,1.0,1.0,1.0,1.0,1.0,1.0,2.0,9.0,2.0,0.0,2.0,2.0,2.0,2.0,2.0,2.0,2.0,3.0,2.0,3.0,2.0,3.0,3.0,3.0,3.0,3.0,,,,2.0,2.0,2.0,2.0,2.0,2.0,2.0,2.0,1.0,1.0,9.0,10.0,4.0,5.0,4.0,9.0,10.0,1.0,1.0,1.0,1.0,1.0,1.0,4.0,3.0,1.0,1.0,1.0,4.0,1.0,1.0,1.0,1.0,1.0,1.0,1.0,5.0,5.0,1.0,1.0,1.0,1.0,1.0,1.0,,1.0,,1.0,4.0,4.0,4.0,4.0,3.0,5.0,1.0,5.0,2.0,5.0,2.0,1.0,1.0,2.0,2.0,2.0,2.0,2.0,2.0,2.0,2.0,2.0,2.0,2.0,2.0,1.0,1.0,2.0,3.0,2.0,1.0,2.0,1.0,2.0,3.0,2.0,2.0,1.0,,3.0,3.0,,1.0,3.0,5.0,8.0,4.0,9.0,7.0,,7.0,8.0,5.0,10.0,10.0,5.0,5.0,2.0,1.0,1.0,1.0,2.0,2.0,2.0
840071786,1.0,,1.0,2.0,2.0,2.0,2.0,2.0,2.0,1.0,2.0,1.0,2.0,1.0,1.0,1.0,2.0,1.0,2.0,2.0,2.0,2.0,2.0,1.0,2.0,2.0,2.0,3.0,3.0,3.0,3.0,2.0,4.0,2.0,4.0,3.0,4.0,3.0,3.0,2.0,3.0,3.0,1.0,2.0,2.0,3.0,8.0,8.0,8.0,4.0,4.0,4.0,4.0,4.0,1.0,1.0,2.0,2.0,2.0,3.0,2.0,2.0,2.0,2.0,2.0,2.0,3.0,2.0,3.0,4.0,3.0,3.0,2.0,2.0,2.0,3.0,2.0,2.0,3.0,2.0,2.0,0.0,0.0,0.0,0.0,0.0,0.0,0.0,0.0,0.0,0.0,6.0,6.0,4.0,4.0,4.0,,7.0,2.0,,2.0,2.0,2.0,2.0,3.0,6.0,3.0,1.0,2.0,1.0,2.0,2.0,2.0,2.0,1.0,3.0,3.0,3.0,3.0,3.0,2.0,4.0,4.0,3.0,1.0,1.0,2.0,4.0,3.0,2.0,1.0,1.0,1.0,3.0,1.0,1.0,1.0,7.0,,3.0,4.0,3.0,6.0,8.0,1.0,1.0,1.0,1.0,3.0,4.0,2.0,2.0,1.0,2.0,2.0,6.0,6.0,4.0,3.0,2.0,1.0,5.0,5.0,2.0,7.0,8.0,1.0,3.0,1.0,1.0,4.0,1.0,1.0,2.0,5.0,2.0,2.0,2.0,2.0,1.0,4.0,1.0,2.0,1.0,1.0,1.0,1.0,2.0,1.0,2.0,2.0,2.0,2.0,1.0,,1.0,1.0,2.0,2.0,3.0,2.0,1.0,2.0,3.0,3.0,2.0,2.0,2.0,3.0,3.0,2.0,2.0,1.0,,4.0,3.0,3.0,1.0,4.0,6.0,6.0,1.0,10.0,4.0,2.0,9.0,3.0,5.0,10.0,9.0,6.0,4.0,2.0,1.0,2.0,2.0,2.0,2.0,2.0
554070338,1.0,1.0,1.0,2.0,2.0,3.0,1.0,1.0,1.0,2.0,1.0,1.0,2.0,1.0,2.0,2.0,2.0,1.0,2.0,2.0,2.0,2.0,2.0,2.0,2.0,2.0,2.0,3.0,4.0,4.0,4.0,3.0,5.0,3.0,5.0,2.0,4.0,2.0,4.0,3.0,5.0,1.0,2.0,2.0,2.0,3.0,9.0,6.0,4.0,4.0,4.0,4.0,3.0,4.0,3.0,1.0,1.0,2.0,2.0,2.0,2.0,2.0,4.0,,4.0,4.0,,3.0,3.0,4.0,4.0,4.0,3.0,,3.0,3.0,3.0,2.0,,2.0,0.0,1.0,0.0,0.0,0.0,0.0,0.0,2.0,0.0,0.0,0.0,10.0,5.0,4.0,1.0,7.0,1.0,4.0,2.0,2.0,2.0,2.0,2.0,1.0,4.0,3.0,5.0,2.0,2.0,0.0,2.0,0.0,2.0,0.0,0.0,2.0,2.0,3.0,3.0,4.0,2.0,4.0,4.0,4.0,1.0,2.0,2.0,2.0,1.0,2.0,2.0,1.0,2.0,4.0,2.0,1.0,2.0,4.0,5.0,1.0,5.0,1.0,10.0,1.0,2.0,1.0,2.0,2.0,4.0,4.0,7.0,8.0,3.0,2.0,1.0,5.0,1.0,1.0,1.0,1.0,1.0,10.0,10.0,10.0,10.0,10.0,10.0,10.0,1.0,1.0,1.0,1.0,10.0,1.0,1.0,3.0,3.0,2.0,3.0,2.0,4.0,5.0,4.0,1.0,1.0,1.0,1.0,1.0,1.0,2.0,1.0,2.0,1.0,1.0,1.0,1.0,1.0,1.0,1.0,2.0,1.0,1.0,2.0,4.0,2.0,3.0,4.0,2.0,2.0,4.0,2.0,1.0,1.0,3.0,4.0,2.0,3.0,1.0,4.0,4.0,8.0,1.0,10.0,9.0,3.0,10.0,1.0,1.0,10.0,10.0,6.0,5.0,2.0,,3.0,2.0,1.0,3.0,3.0
156071597,1.0,2.0,3.0,3.0,2.0,2.0,2.0,1.0,1.0,1.0,2.0,1.0,2.0,1.0,2.0,2.0,2.0,2.0,2.0,2.0,2.0,2.0,2.0,1.0,2.0,2.0,2.0,1.0,3.0,2.0,3.0,2.0,4.0,4.0,3.0,3.0,2.0,1.0,1.0,2.0,3.0,3.0,1.0,1.0,2.0,2.0,8.0,6.0,6.0,4.0,4.0,4.0,4.0,4.0,1.0,2.0,1.0,2.0,3.0,4.0,4.0,3.0,3.0,2.0,2.0,2.0,3.0,2.0,2.0,2.0,2.0,2.0,3.0,3.0,3.0,3.0,2.0,2.0,2.0,2.0,0.0,0.0,0.0,0.0,0.0,0.0,0.0,0.0,2.0,2.0,0.0,3.0,6.0,6.0,3.0,3.0,1.0,6.0,2.0,2.0,3.0,2.0,1.0,4.0,4.0,7.0,3.0,1.0,2.0,2.0,,0.0,2.0,1.0,1.0,,2.0,,,,,,,,,,,,1.0,2.0,2.0,3.0,2.0,,2.0,2.0,1.0,9.0,9.0,5.0,4.0,3.0,8.0,3.0,2.0,2.0,2.0,2.0,4.0,4.0,7.0,8.0,3.0,2.0,2.0,8.0,4.0,2.0,2.0,1.0,1.0,9.0,3.0,4.0,6.0,6.0,3.0,6.0,6.0,10.0,10.0,10.0,10.0,6.0,6.0,1.0,3.0,4.0,2.0,2.0,1.0,1.0,4.0,1.0,,1.0,1.0,3.0,1.0,3.0,3.0,3.0,1.0,3.0,3.0,2.0,1.0,2.0,3.0,2.0,3.0,,,,,,,,,,,,,,1.0,3.0,3.0,1.0,4.0,,6.0,1.0,10.0,10.0,6.0,1.0,1.0,4.0,10.0,10.0,8.0,7.0,1.0,1.0,3.0,1.0,2.0,3.0,4.0
762071131,1.0,1.0,2.0,1.0,1.0,1.0,2.0,1.0,1.0,1.0,2.0,2.0,2.0,1.0,2.0,2.0,2.0,1.0,1.0,1.0,1.0,,2.0,1.0,1.0,2.0,1.0,3.0,4.0,4.0,4.0,4.0,5.0,5.0,5.0,,1.0,1.0,1.0,1.0,1.0,3.0,1.0,1.0,1.0,2.0,9.0,10.0,10.0,2.0,4.0,4.0,3.0,4.0,1.0,2.0,1.0,2.0,2.0,3.0,4.0,4.0,3.0,1.0,2.0,1.0,,2.0,2.0,1.0,3.0,1.0,2.0,1.0,1.0,1.0,3.0,3.0,2.0,3.0,0.0,0.0,0.0,0.0,0.0,0.0,0.0,0.0,0.0,0.0,0.0,9.0,10.0,2.0,10.0,2.0,2.0,10.0,,,,,,4.0,1.0,,3.0,2.0,2.0,2.0,1.0,2.0,2.0,2.0,2.0,4.0,1.0,2.0,4.0,4.0,4.0,4.0,4.0,4.0,2.0,2.0,2.0,4.0,2.0,2.0,2.0,2.0,2.0,2.0,1.0,1.0,1.0,10.0,10.0,10.0,6.0,6.0,6.0,9.0,1.0,1.0,1.0,1.0,1.0,1.0,7.0,1.0,1.0,2.0,1.0,10.0,5.0,2.0,2.0,2.0,2.0,,2.0,2.0,2.0,2.0,2.0,2.0,2.0,2.0,2.0,2.0,2.0,2.0,2.0,1.0,1.0,1.0,3.0,3.0,5.0,1.0,1.0,5.0,5.0,5.0,5.0,5.0,3.0,3.0,2.0,3.0,2.0,3.0,3.0,3.0,3.0,3.0,3.0,3.0,1.0,1.0,1.0,3.0,1.0,2.0,3.0,3.0,4.0,4.0,1.0,1.0,1.0,5.0,4.0,4.0,2.0,1.0,2.0,10.0,10.0,6.0,9.0,2.0,10.0,10.0,10.0,9.0,10.0,10.0,7.0,6.0,2.0,1.0,1.0,2.0,1.0,2.0,1.0
203070001,1.0,1.0,2.0,4.0,3.0,2.0,2.0,2.0,2.0,1.0,2.0,1.0,2.0,2.0,2.0,1.0,1.0,1.0,2.0,2.0,2.0,2.0,2.0,1.0,2.0,1.0,3.0,3.0,3.0,3.0,3.0,1.0,5.0,1.0,3.0,3.0,5.0,2.0,1.0,2.0,2.0,2.0,3.0,3.0,3.0,3.0,6.0,5.0,7.0,4.0,4.0,4.0,4.0,4.0,1.0,1.0,1.0,1.0,1.0,3.0,2.0,2.0,2.0,2.0,3.0,2.0,1.0,1.0,1.0,2.0,3.0,2.0,2.0,1.0,3.0,2.0,2.0,2.0,2.0,2.0,0.0,0.0,0.0,0.0,0.0,0.0,0.0,0.0,0.0,0.0,0.0,5.0,5.0,1.0,1.0,7.0,,8.0,2.0,2.0,2.0,2.0,2.0,1.0,2.0,,3.0,2.0,2.0,1.0,2.0,1.0,2.0,0.0,1.0,2.0,1.0,4.0,4.0,4.0,4.0,4.0,4.0,4.0,2.0,2.0,2.0,4.0,4.0,2.0,2.0,4.0,4.0,4.0,2.0,2.0,2.0,1.0,6.0,10.0,5.0,10.0,7.0,8.0,1.0,2.0,2.0,2.0,3.0,4.0,4.0,4.0,1.0,2.0,2.0,1.0,1.0,1.0,1.0,1.0,1.0,3.0,3.0,2.0,8.0,9.0,1.0,1.0,1.0,1.0,1.0,1.0,4.0,1.0,1.0,2.0,3.0,2.0,3.0,2.0,2.0,1.0,1.0,1.0,1.0,1.0,2.0,2.0,2.0,,3.0,3.0,3.0,2.0,3.0,2.0,1.0,3.0,3.0,3.0,1.0,1.0,1.0,4.0,2.0,3.0,3.0,1.0,3.0,4.0,1.0,1.0,1.0,4.0,4.0,2.0,4.0,1.0,4.0,5.0,10.0,1.0,10.0,10.0,1.0,10.0,10.0,1.0,10.0,8.0,7.0,8.0,2.0,1.0,1.0,1.0,1.0,2.0,3.0
344070139,1.0,1.0,2.0,3.0,2.0,3.0,1.0,2.0,2.0,1.0,2.0,1.0,2.0,2.0,2.0,1.0,1.0,1.0,2.0,2.0,2.0,2.0,2.0,1.0,2.0,2.0,2.0,3.0,2.0,3.0,3.0,2.0,3.0,1.0,2.0,3.0,4.0,3.0,2.0,4.0,3.0,2.0,2.0,3.0,2.0,3.0,6.0,6.0,6.0,4.0,4.0,4.0,4.0,4.0,1.0,1.0,1.0,2.0,1.0,3.0,3.0,3.0,3.0,3.0,3.0,3.0,3.0,2.0,2.0,2.0,3.0,3.0,3.0,3.0,3.0,3.0,2.0,3.0,3.0,3.0,0.0,0.0,0.0,0.0,0.0,0.0,0.0,0.0,0.0,0.0,0.0,6.0,5.0,6.0,4.0,8.0,1.0,6.0,3.0,2.0,2.0,2.0,2.0,2.0,4.0,7.0,3.0,1.0,1.0,2.0,0.0,0.0,1.0,1.0,2.0,3.0,2.0,3.0,3.0,3.0,3.0,3.0,3.0,3.0,1.0,1.0,2.0,3.0,3.0,1.0,2.0,4.0,4.0,4.0,1.0,2.0,1.0,5.0,5.0,4.0,4.0,4.0,6.0,6.0,1.0,1.0,1.0,2.0,2.0,2.0,6.0,7.0,3.0,2.0,2.0,5.0,4.0,1.0,1.0,1.0,1.0,5.0,4.0,5.0,5.0,5.0,5.0,6.0,4.0,4.0,3.0,3.0,2.0,1.0,4.0,2.0,1.0,2.0,3.0,2.0,4.0,1.0,1.0,1.0,1.0,1.0,1.0,1.0,2.0,2.0,2.0,2.0,2.0,2.0,3.0,3.0,2.0,2.0,3.0,3.0,3.0,3.0,1.0,3.0,3.0,3.0,2.0,2.0,3.0,3.0,2.0,2.0,2.0,3.0,3.0,2.0,3.0,2.0,3.0,6.0,7.0,4.0,7.0,7.0,3.0,7.0,6.0,5.0,7.0,8.0,7.0,6.0,2.0,2.0,2.0,,2.0,3.0,3.0
203071188,1.0,1.0,1.0,4.0,1.0,1.0,1.0,1.0,2.0,1.0,2.0,1.0,1.0,2.0,2.0,2.0,2.0,1.0,2.0,2.0,2.0,2.0,2.0,2.0,2.0,2.0,3.0,1.0,2.0,1.0,1.0,1.0,4.0,1.0,2.0,3.0,4.0,1.0,1.0,2.0,2.0,3.0,2.0,1.0,3.0,4.0,8.0,6.0,4.0,4.0,3.0,4.0,4.0,4.0,1.0,2.0,2.0,3.0,2.0,3.0,2.0,2.0,1.0,2.0,2.0,2.0,1.0,1.0,2.0,2.0,2.0,2.0,1.0,1.0,2.0,1.0,1.0,1.0,2.0,1.0,0.0,0.0,0.0,0.0,0.0,0.0,0.0,0.0,0.0,0.0,0.0,9.0,10.0,1.0,3.0,1.0,2.0,5.0,1.0,2.0,1.0,1.0,2.0,1.0,3.0,5.0,3.0,2.0,1.0,2.0,2.0,2.0,2.0,2.0,2.0,2.0,2.0,4.0,3.0,4.0,4.0,4.0,3.0,4.0,2.0,1.0,2.0,4.0,4.0,2.0,2.0,1.0,2.0,1.0,2.0,2.0,,3.0,7.0,3.0,7.0,10.0,3.0,9.0,1.0,1.0,1.0,1.0,2.0,3.0,4.0,1.0,1.0,2.0,1.0,3.0,1.0,1.0,1.0,1.0,1.0,6.0,2.0,7.0,6.0,3.0,6.0,4.0,1.0,1.0,1.0,1.0,3.0,1.0,2.0,4.0,4.0,4.0,4.0,3.0,5.0,1.0,2.0,2.0,5.0,5.0,5.0,1.0,3.0,3.0,3.0,3.0,3.0,3.0,3.0,3.0,3.0,3.0,3.0,3.0,1.0,1.0,2.0,2.0,2.0,3.0,2.0,3.0,3.0,4.0,2.0,2.0,2.0,3.0,4.0,3.0,4.0,1.0,2.0,3.0,9.0,9.0,10.0,9.0,1.0,9.0,9.0,1.0,10.0,9.0,6.0,8.0,2.0,2.0,1.0,1.0,2.0,4.0,4.0
320070718,2.0,1.0,3.0,3.0,2.0,1.0,1.0,1.0,,1.0,1.0,1.0,,1.0,,,,1.0,1.0,1.0,1.0,1.0,1.0,1.0,1.0,1.0,1.0,4.0,4.0,4.0,4.0,1.0,5.0,5.0,5.0,1.0,5.0,1.0,1.0,3.0,3.0,3.0,1.0,1.0,2.0,2.0,10.0,9.0,8.0,3.0,2.0,1.0,1.0,1.0,1.0,2.0,1.0,3.0,4.0,4.0,3.0,3.0,1.0,3.0,3.0,3.0,3.0,3.0,3.0,3.0,3.0,3.0,3.0,2.0,2.0,3.0,3.0,3.0,3.0,3.0,2.0,2.0,2.0,1.0,1.0,2.0,2.0,2.0,,2.0,2.0,5.0,2.0,,7.0,5.0,1.0,10.0,4.0,4.0,4.0,4.0,4.0,4.0,4.0,10.0,3.0,0.0,0.0,0.0,0.0,0.0,0.0,0.0,0.0,3.0,3.0,1.0,2.0,2.0,2.0,2.0,2.0,2.0,2.0,2.0,2.0,1.0,2.0,1.0,2.0,3.0,3.0,2.0,2.0,2.0,1.0,8.0,8.0,6.0,8.0,8.0,6.0,10.0,1.0,2.0,2.0,1.0,3.0,3.0,6.0,1.0,1.0,2.0,2.0,5.0,5.0,8.0,9.0,10.0,10.0,4.0,5.0,5.0,5.0,5.0,4.0,5.0,1.0,1.0,1.0,1.0,1.0,1.0,1.0,1.0,1.0,2.0,1.0,1.0,1.0,2.0,1.0,1.0,2.0,1.0,1.0,1.0,1.0,1.0,1.0,1.0,1.0,1.0,1.0,1.0,1.0,2.0,2.0,2.0,2.0,2.0,1.0,4.0,1.0,1.0,2.0,2.0,1.0,1.0,1.0,1.0,1.0,5.0,2.0,2.0,2.0,2.0,2.0,6.0,5.0,5.0,6.0,5.0,6.0,6.0,5.0,6.0,5.0,6.0,5.0,5.0,1.0,2.0,1.0,2.0,2.0,2.0,2.0
504070478,1.0,3.0,3.0,3.0,1.0,1.0,1.0,1.0,1.0,1.0,2.0,1.0,2.0,2.0,2.0,2.0,2.0,1.0,2.0,1.0,2.0,1.0,2.0,1.0,1.0,2.0,1.0,1.0,1.0,1.0,1.0,1.0,1.0,1.0,1.0,,1.0,1.0,1.0,1.0,1.0,1.0,1.0,1.0,1.0,2.0,9.0,7.0,9.0,3.0,4.0,3.0,3.0,4.0,1.0,1.0,1.0,1.0,1.0,1.0,1.0,1.0,1.0,3.0,3.0,3.0,3.0,4.0,4.0,3.0,4.0,4.0,4.0,4.0,3.0,3.0,3.0,3.0,3.0,3.0,1.0,2.0,1.0,1.0,1.0,1.0,1.0,1.0,1.0,1.0,1.0,3.0,3.0,3.0,2.0,3.0,1.0,9.0,3.0,3.0,3.0,3.0,3.0,2.0,5.0,9.0,4.0,1.0,1.0,1.0,1.0,1.0,1.0,2.0,2.0,1.0,2.0,3.0,2.0,3.0,4.0,3.0,3.0,3.0,2.0,2.0,2.0,4.0,4.0,2.0,2.0,3.0,3.0,4.0,2.0,1.0,2.0,8.0,9.0,7.0,9.0,7.0,9.0,8.0,1.0,1.0,1.0,1.0,3.0,3.0,1.0,1.0,1.0,1.0,1.0,3.0,5.0,5.0,5.0,5.0,6.0,6.0,6.0,7.0,7.0,7.0,7.0,7.0,7.0,7.0,7.0,7.0,7.0,7.0,7.0,3.0,3.0,3.0,2.0,2.0,5.0,5.0,5.0,5.0,5.0,1.0,1.0,1.0,2.0,2.0,2.0,2.0,2.0,2.0,2.0,2.0,3.0,3.0,3.0,2.0,3.0,3.0,1.0,3.0,3.0,3.0,3.0,3.0,3.0,3.0,3.0,3.0,3.0,3.0,2.0,3.0,3.0,3.0,3.0,4.0,5.0,6.0,6.0,6.0,6.0,6.0,6.0,6.0,6.0,6.0,5.0,4.0,2.0,1.0,2.0,2.0,2.0,2.0,2.0
344070673,1.0,2.0,3.0,3.0,2.0,4.0,2.0,1.0,1.0,2.0,1.0,1.0,2.0,1.0,2.0,2.0,2.0,1.0,2.0,2.0,2.0,2.0,2.0,1.0,2.0,2.0,2.0,3.0,3.0,3.0,3.0,2.0,4.0,1.0,4.0,5.0,3.0,2.0,2.0,2.0,3.0,1.0,1.0,3.0,1.0,2.0,7.0,8.0,8.0,4.0,4.0,2.0,4.0,4.0,1.0,1.0,1.0,2.0,2.0,2.0,2.0,2.0,2.0,2.0,2.0,2.0,2.0,2.0,1.0,3.0,3.0,2.0,2.0,1.0,1.0,2.0,2.0,1.0,2.0,2.0,0.0,0.0,0.0,0.0,0.0,0.0,1.0,0.0,0.0,0.0,0.0,8.0,6.0,3.0,4.0,8.0,1.0,3.0,2.0,2.0,2.0,2.0,2.0,2.0,2.0,8.0,3.0,0.0,2.0,2.0,1.0,0.0,2.0,2.0,2.0,3.0,2.0,3.0,3.0,4.0,2.0,4.0,3.0,3.0,1.0,1.0,2.0,4.0,3.0,2.0,2.0,3.0,3.0,3.0,1.0,2.0,2.0,10.0,7.0,2.0,1.0,1.0,10.0,2.0,2.0,2.0,2.0,2.0,4.0,4.0,7.0,8.0,3.0,2.0,2.0,4.0,1.0,2.0,1.0,1.0,1.0,3.0,1.0,1.0,6.0,6.0,5.0,10.0,1.0,1.0,1.0,1.0,1.0,2.0,7.0,2.0,4.0,4.0,4.0,2.0,4.0,2.0,3.0,1.0,1.0,1.0,2.0,2.0,1.0,2.0,2.0,2.0,2.0,3.0,3.0,2.0,2.0,2.0,3.0,3.0,2.0,2.0,1.0,2.0,3.0,3.0,1.0,2.0,3.0,3.0,2.0,1.0,1.0,3.0,4.0,2.0,4.0,1.0,4.0,6.0,8.0,3.0,10.0,8.0,1.0,10.0,1.0,1.0,10.0,10.0,6.0,5.0,3.0,3.0,1.0,,1.0,3.0,3.0
604070292,1.0,2.0,2.0,4.0,1.0,2.0,2.0,2.0,1.0,1.0,2.0,1.0,2.0,1.0,2.0,2.0,1.0,1.0,2.0,2.0,2.0,2.0,2.0,2.0,2.0,2.0,2.0,2.0,3.0,4.0,3.0,2.0,4.0,1.0,4.0,,,2.0,3.0,4.0,2.0,2.0,1.0,1.0,1.0,3.0,5.0,8.0,4.0,3.0,1.0,2.0,4.0,4.0,2.0,2.0,2.0,3.0,3.0,4.0,4.0,3.0,2.0,2.0,3.0,3.0,4.0,4.0,4.0,4.0,4.0,4.0,4.0,1.0,4.0,3.0,3.0,2.0,3.0,3.0,0.0,0.0,0.0,0.0,0.0,0.0,0.0,0.0,0.0,0.0,0.0,6.0,5.0,6.0,4.0,4.0,1.0,10.0,4.0,3.0,4.0,3.0,3.0,2.0,,3.0,3.0,2.0,2.0,2.0,2.0,2.0,0.0,2.0,2.0,2.0,4.0,2.0,4.0,,4.0,4.0,4.0,4.0,1.0,1.0,2.0,1.0,1.0,1.0,1.0,2.0,1.0,2.0,1.0,1.0,2.0,6.0,6.0,6.0,5.0,8.0,3.0,7.0,1.0,1.0,1.0,1.0,2.0,3.0,4.0,4.0,1.0,2.0,2.0,4.0,1.0,2.0,1.0,2.0,1.0,5.0,4.0,1.0,6.0,6.0,2.0,2.0,1.0,1.0,1.0,1.0,4.0,1.0,5.0,2.0,3.0,4.0,4.0,3.0,1.0,2.0,5.0,5.0,5.0,5.0,5.0,4.0,2.0,3.0,3.0,3.0,3.0,3.0,3.0,3.0,3.0,3.0,3.0,3.0,1.0,1.0,3.0,2.0,2.0,3.0,3.0,3.0,2.0,4.0,4.0,3.0,1.0,3.0,2.0,1.0,3.0,2.0,3.0,8.0,4.0,3.0,7.0,4.0,3.0,3.0,7.0,5.0,6.0,5.0,7.0,5.0,4.0,2.0,1.0,1.0,1.0,2.0,2.0
400070945,1.0,4.0,4.0,2.0,1.0,1.0,1.0,2.0,1.0,1.0,2.0,1.0,2.0,2.0,1.0,2.0,2.0,2.0,2.0,1.0,1.0,1.0,2.0,1.0,1.0,1.0,1.0,3.0,4.0,4.0,4.0,3.0,1.0,1.0,1.0,,1.0,1.0,1.0,1.0,1.0,1.0,1.0,1.0,3.0,2.0,10.0,1.0,4.0,4.0,4.0,4.0,4.0,4.0,1.0,2.0,2.0,4.0,4.0,4.0,4.0,4.0,2.0,1.0,2.0,3.0,3.0,1.0,1.0,1.0,4.0,4.0,3.0,3.0,3.0,4.0,4.0,4.0,2.0,2.0,0.0,0.0,0.0,0.0,0.0,0.0,0.0,0.0,0.0,0.0,0.0,1.0,5.0,1.0,1.0,1.0,2.0,10.0,3.0,4.0,4.0,2.0,2.0,1.0,5.0,10.0,3.0,2.0,2.0,2.0,2.0,2.0,2.0,2.0,2.0,3.0,2.0,4.0,4.0,4.0,4.0,2.0,2.0,4.0,2.0,2.0,2.0,1.0,1.0,2.0,2.0,1.0,1.0,1.0,1.0,2.0,2.0,8.0,9.0,4.0,9.0,1.0,5.0,10.0,1.0,1.0,1.0,1.0,1.0,1.0,7.0,1.0,1.0,1.0,1.0,6.0,2.0,,1.0,1.0,1.0,1.0,,1.0,9.0,1.0,1.0,1.0,7.0,7.0,8.0,1.0,,1.0,9.0,1.0,2.0,1.0,3.0,2.0,5.0,5.0,5.0,1.0,1.0,1.0,1.0,1.0,3.0,3.0,3.0,3.0,3.0,3.0,3.0,3.0,3.0,3.0,3.0,3.0,3.0,3.0,4.0,1.0,,1.0,2.0,2.0,1.0,4.0,2.0,2.0,2.0,2.0,2.0,,2.0,2.0,2.0,,2.0,2.0,9.0,1.0,3.0,3.0,3.0,7.0,2.0,8.0,7.0,7.0,2.0,2.0,2.0,2.0,1.0,1.0,1.0
528070154,2.0,2.0,2.0,3.0,2.0,2.0,2.0,1.0,2.0,1.0,2.0,1.0,2.0,2.0,1.0,1.0,2.0,1.0,2.0,2.0,2.0,2.0,2.0,1.0,2.0,2.0,3.0,3.0,3.0,4.0,3.0,,5.0,,5.0,,5.0,4.0,2.0,2.0,3.0,3.0,3.0,1.0,2.0,2.0,8.0,8.0,8.0,4.0,4.0,4.0,4.0,4.0,1.0,2.0,1.0,1.0,2.0,2.0,2.0,2.0,2.0,2.0,3.0,4.0,4.0,2.0,2.0,3.0,3.0,2.0,2.0,2.0,1.0,3.0,4.0,2.0,2.0,2.0,2.0,0.0,0.0,0.0,0.0,0.0,0.0,0.0,0.0,0.0,0.0,6.0,9.0,5.0,4.0,3.0,1.0,7.0,2.0,2.0,2.0,2.0,2.0,1.0,5.0,7.0,3.0,2.0,2.0,,2.0,,2.0,0.0,,3.0,1.0,,,,,,,,1.0,2.0,2.0,3.0,4.0,2.0,2.0,4.0,3.0,4.0,,,,5.0,5.0,5.0,5.0,5.0,5.0,5.0,1.0,1.0,1.0,1.0,3.0,,1.0,1.0,1.0,2.0,2.0,6.0,1.0,1.0,1.0,1.0,1.0,,2.0,2.0,7.0,6.0,3.0,3.0,1.0,1.0,1.0,1.0,10.0,1.0,8.0,2.0,3.0,4.0,3.0,2.0,5.0,5.0,5.0,1.0,1.0,1.0,5.0,4.0,2.0,2.0,3.0,3.0,1.0,2.0,2.0,1.0,1.0,2.0,2.0,3.0,1.0,1.0,1.0,3.0,,4.0,2.0,1.0,4.0,4.0,2.0,1.0,1.0,2.0,4.0,2.0,4.0,2.0,4.0,6.0,5.0,1.0,10.0,5.0,1.0,5.0,1.0,1.0,1.0,8.0,9.0,5.0,,,2.0,4.0,2.0,3.0,2.0
320070001,1.0,2.0,2.0,2.0,1.0,1.0,1.0,1.0,,1.0,1.0,1.0,,,,,,2.0,1.0,2.0,1.0,2.0,1.0,2.0,1.0,1.0,1.0,3.0,3.0,3.0,3.0,3.0,4.0,1.0,3.0,4.0,4.0,1.0,2.0,1.0,1.0,3.0,1.0,1.0,1.0,1.0,7.0,8.0,7.0,3.0,2.0,3.0,2.0,3.0,1.0,2.0,1.0,3.0,2.0,3.0,2.0,3.0,1.0,3.0,3.0,3.0,3.0,3.0,3.0,3.0,3.0,3.0,3.0,2.0,3.0,3.0,2.0,3.0,3.0,3.0,1.0,0.0,0.0,0.0,0.0,0.0,0.0,0.0,0.0,0.0,0.0,5.0,10.0,10.0,6.0,1.0,,10.0,3.0,2.0,3.0,3.0,2.0,3.0,3.0,7.0,3.0,2.0,1.0,2.0,2.0,2.0,2.0,2.0,2.0,1.0,4.0,1.0,1.0,3.0,1.0,1.0,1.0,1.0,1.0,1.0,2.0,1.0,1.0,1.0,1.0,1.0,1.0,1.0,2.0,1.0,1.0,7.0,8.0,7.0,8.0,9.0,8.0,10.0,1.0,1.0,1.0,1.0,3.0,3.0,1.0,1.0,1.0,1.0,2.0,7.0,1.0,1.0,1.0,1.0,1.0,1.0,1.0,1.0,1.0,1.0,1.0,1.0,1.0,1.0,1.0,1.0,1.0,1.0,1.0,2.0,3.0,2.0,2.0,2.0,1.0,1.0,2.0,1.0,1.0,1.0,1.0,1.0,2.0,3.0,3.0,3.0,2.0,3.0,2.0,1.0,2.0,2.0,3.0,3.0,1.0,1.0,3.0,2.0,2.0,2.0,2.0,3.0,2.0,2.0,2.0,2.0,1.0,4.0,2.0,2.0,2.0,1.0,2.0,10.0,8.0,1.0,9.0,9.0,6.0,8.0,9.0,9.0,9.0,10.0,7.0,7.0,2.0,1.0,1.0,1.0,1.0,1.0,2.0
400070202,1.0,2.0,3.0,4.0,1.0,1.0,1.0,2.0,1.0,2.0,2.0,1.0,2.0,2.0,1.0,2.0,1.0,2.0,2.0,1.0,1.0,1.0,2.0,1.0,1.0,2.0,1.0,3.0,1.0,3.0,3.0,1.0,1.0,1.0,3.0,,1.0,1.0,1.0,1.0,1.0,1.0,1.0,1.0,2.0,2.0,10.0,10.0,5.0,4.0,4.0,4.0,4.0,1.0,1.0,2.0,1.0,2.0,2.0,3.0,3.0,4.0,2.0,1.0,3.0,2.0,,1.0,1.0,2.0,4.0,3.0,2.0,2.0,4.0,3.0,2.0,2.0,2.0,2.0,0.0,0.0,0.0,0.0,0.0,0.0,0.0,0.0,0.0,0.0,0.0,1.0,1.0,1.0,3.0,1.0,1.0,2.0,2.0,1.0,1.0,1.0,1.0,1.0,3.0,10.0,2.0,2.0,1.0,2.0,,1.0,2.0,1.0,2.0,4.0,1.0,4.0,3.0,4.0,3.0,4.0,4.0,4.0,2.0,2.0,2.0,1.0,1.0,2.0,2.0,1.0,1.0,1.0,2.0,2.0,1.0,9.0,5.0,5.0,3.0,3.0,1.0,10.0,1.0,1.0,1.0,1.0,1.0,1.0,1.0,1.0,1.0,2.0,1.0,4.0,2.0,,1.0,2.0,9.0,1.0,,1.0,1.0,1.0,1.0,1.0,1.0,1.0,1.0,1.0,,1.0,3.0,1.0,1.0,4.0,4.0,3.0,5.0,2.0,5.0,4.0,5.0,4.0,2.0,4.0,3.0,3.0,3.0,3.0,3.0,3.0,3.0,3.0,3.0,3.0,3.0,3.0,2.0,2.0,2.0,4.0,,2.0,1.0,1.0,4.0,4.0,2.0,1.0,1.0,1.0,4.0,4.0,4.0,2.0,2.0,,1.0,1.0,5.0,6.0,1.0,1.0,6.0,10.0,6.0,5.0,4.0,2.0,2.0,1.0,2.0,2.0,1.0,4.0,2.0
76071567,2.0,2.0,1.0,2.0,2.0,1.0,1.0,2.0,1.0,1.0,2.0,2.0,2.0,2.0,2.0,2.0,2.0,1.0,2.0,2.0,2.0,2.0,2.0,2.0,2.0,2.0,1.0,3.0,3.0,3.0,3.0,3.0,4.0,4.0,4.0,4.0,4.0,2.0,2.0,2.0,2.0,1.0,2.0,1.0,2.0,3.0,7.0,6.0,1.0,4.0,1.0,2.0,2.0,4.0,2.0,2.0,1.0,2.0,2.0,3.0,2.0,2.0,2.0,2.0,2.0,3.0,3.0,3.0,3.0,3.0,4.0,3.0,3.0,2.0,4.0,2.0,2.0,3.0,2.0,2.0,2.0,0.0,0.0,0.0,0.0,0.0,0.0,0.0,0.0,0.0,0.0,1.0,1.0,1.0,,1.0,2.0,10.0,3.0,2.0,3.0,3.0,2.0,3.0,2.0,7.0,3.0,2.0,2.0,0.0,2.0,0.0,2.0,2.0,2.0,2.0,2.0,1.0,2.0,3.0,4.0,4.0,3.0,4.0,1.0,1.0,2.0,1.0,1.0,2.0,2.0,2.0,2.0,2.0,2.0,2.0,1.0,10.0,10.0,1.0,5.0,6.0,7.0,10.0,1.0,1.0,1.0,1.0,3.0,3.0,1.0,1.0,1.0,2.0,2.0,1.0,1.0,1.0,1.0,7.0,1.0,1.0,1.0,1.0,1.0,1.0,1.0,1.0,1.0,7.0,1.0,1.0,1.0,1.0,1.0,2.0,2.0,4.0,2.0,2.0,1.0,1.0,2.0,2.0,5.0,5.0,5.0,1.0,2.0,3.0,2.0,3.0,2.0,2.0,2.0,2.0,,,,,1.0,1.0,3.0,2.0,2.0,1.0,2.0,2.0,1.0,2.0,2.0,2.0,1.0,4.0,2.0,2.0,3.0,2.0,3.0,,3.0,3.0,8.0,8.0,1.0,2.0,2.0,5.0,2.0,10.0,1.0,1.0,4.0,3.0,3.0,3.0,3.0,3.0,3.0
792071447,1.0,1.0,1.0,2.0,2.0,1.0,1.0,1.0,1.0,1.0,2.0,1.0,2.0,2.0,2.0,2.0,2.0,1.0,1.0,1.0,1.0,1.0,1.0,1.0,1.0,1.0,2.0,2.0,2.0,4.0,2.0,2.0,2.0,3.0,5.0,5.0,2.0,2.0,2.0,2.0,2.0,1.0,1.0,1.0,2.0,1.0,7.0,6.0,5.0,4.0,4.0,4.0,3.0,4.0,1.0,2.0,1.0,1.0,2.0,3.0,4.0,3.0,1.0,1.0,2.0,3.0,2.0,1.0,2.0,1.0,2.0,3.0,1.0,1.0,1.0,2.0,1.0,2.0,1.0,1.0,0.0,0.0,0.0,0.0,0.0,0.0,0.0,0.0,0.0,0.0,0.0,3.0,5.0,6.0,3.0,8.0,1.0,6.0,1.0,1.0,1.0,1.0,3.0,1.0,2.0,7.0,1.0,0.0,0.0,0.0,2.0,2.0,0.0,2.0,2.0,4.0,2.0,4.0,4.0,4.0,1.0,4.0,4.0,4.0,2.0,2.0,2.0,2.0,,2.0,2.0,1.0,1.0,1.0,2.0,2.0,1.0,6.0,4.0,7.0,4.0,3.0,6.0,9.0,1.0,1.0,1.0,1.0,2.0,2.0,2.0,5.0,1.0,1.0,1.0,6.0,1.0,1.0,1.0,1.0,1.0,1.0,1.0,1.0,3.0,2.0,1.0,1.0,1.0,1.0,1.0,,1.0,,1.0,3.0,3.0,3.0,2.0,2.0,4.0,1.0,4.0,1.0,1.0,1.0,1.0,1.0,2.0,3.0,3.0,3.0,2.0,3.0,3.0,3.0,2.0,2.0,2.0,2.0,1.0,1.0,1.0,4.0,3.0,4.0,4.0,1.0,4.0,4.0,1.0,1.0,1.0,,4.0,3.0,,2.0,2.0,5.0,8.0,4.0,4.0,5.0,,6.0,7.0,5.0,6.0,5.0,7.0,6.0,2.0,2.0,2.0,2.0,2.0,3.0,3.0
528070297,1.0,2.0,2.0,3.0,3.0,3.0,2.0,2.0,2.0,2.0,1.0,1.0,2.0,1.0,2.0,1.0,2.0,1.0,2.0,2.0,2.0,2.0,2.0,2.0,2.0,2.0,1.0,3.0,3.0,4.0,3.0,1.0,5.0,3.0,5.0,4.0,4.0,2.0,3.0,3.0,3.0,3.0,3.0,2.0,3.0,2.0,5.0,5.0,3.0,4.0,4.0,4.0,2.0,4.0,3.0,1.0,2.0,2.0,2.0,2.0,2.0,2.0,3.0,3.0,3.0,3.0,3.0,2.0,2.0,2.0,3.0,2.0,3.0,2.0,2.0,3.0,2.0,2.0,3.0,2.0,0.0,0.0,0.0,0.0,0.0,0.0,0.0,0.0,0.0,0.0,0.0,3.0,2.0,4.0,5.0,6.0,1.0,3.0,2.0,2.0,2.0,2.0,2.0,2.0,2.0,7.0,3.0,0.0,2.0,2.0,2.0,2.0,2.0,2.0,2.0,3.0,2.0,3.0,2.0,4.0,2.0,2.0,2.0,3.0,1.0,1.0,2.0,,2.0,2.0,2.0,3.0,3.0,3.0,2.0,2.0,1.0,8.0,7.0,3.0,5.0,4.0,8.0,2.0,,,,,,3.0,7.0,8.0,2.0,1.0,2.0,3.0,2.0,2.0,1.0,1.0,2.0,10.0,4.0,6.0,4.0,7.0,,7.0,1.0,2.0,2.0,1.0,4.0,3.0,1.0,2.0,4.0,2.0,2.0,2.0,1.0,1.0,3.0,1.0,4.0,3.0,3.0,5.0,2.0,2.0,2.0,2.0,,3.0,3.0,2.0,3.0,2.0,3.0,3.0,1.0,1.0,2.0,4.0,4.0,4.0,2.0,1.0,4.0,4.0,2.0,2.0,1.0,3.0,4.0,3.0,4.0,1.0,4.0,3.0,8.0,7.0,10.0,7.0,1.0,10.0,4.0,3.0,9.0,10.0,8.0,8.0,2.0,3.0,2.0,2.0,3.0,3.0,2.0
586071707,1.0,1.0,4.0,3.0,4.0,3.0,1.0,2.0,1.0,2.0,2.0,2.0,2.0,2.0,1.0,1.0,1.0,1.0,1.0,1.0,1.0,1.0,1.0,1.0,1.0,1.0,2.0,3.0,4.0,3.0,2.0,3.0,3.0,4.0,5.0,4.0,3.0,2.0,3.0,2.0,3.0,1.0,2.0,3.0,2.0,2.0,6.0,6.0,6.0,1.0,4.0,3.0,4.0,3.0,3.0,1.0,1.0,3.0,4.0,4.0,3.0,4.0,2.0,3.0,4.0,4.0,4.0,4.0,3.0,4.0,4.0,4.0,4.0,4.0,,4.0,4.0,4.0,4.0,4.0,1.0,0.0,1.0,0.0,1.0,0.0,0.0,0.0,1.0,0.0,0.0,7.0,6.0,6.0,6.0,10.0,2.0,6.0,3.0,3.0,3.0,3.0,3.0,2.0,4.0,6.0,3.0,2.0,1.0,0.0,0.0,0.0,1.0,0.0,0.0,2.0,2.0,3.0,4.0,3.0,4.0,3.0,4.0,4.0,2.0,2.0,2.0,2.0,3.0,2.0,2.0,1.0,1.0,1.0,2.0,2.0,1.0,6.0,7.0,5.0,5.0,6.0,6.0,6.0,,,,,3.0,4.0,6.0,6.0,2.0,2.0,2.0,7.0,1.0,2.0,,,,,3.0,,4.0,4.0,5.0,9.0,10.0,6.0,,,7.0,,8.0,3.0,4.0,3.0,4.0,3.0,5.0,5.0,5.0,5.0,5.0,5.0,5.0,5.0,3.0,3.0,3.0,3.0,2.0,3.0,3.0,3.0,3.0,3.0,3.0,3.0,2.0,3.0,3.0,4.0,3.0,4.0,3.0,3.0,4.0,3.0,4.0,3.0,2.0,3.0,3.0,4.0,3.0,4.0,4.0,,8.0,2.0,1.0,3.0,,4.0,3.0,6.0,7.0,7.0,7.0,7.0,2.0,2.0,1.0,1.0,3.0,4.0,4.0
704070203,1.0,2.0,3.0,2.0,1.0,2.0,1.0,2.0,1.0,1.0,2.0,1.0,2.0,2.0,2.0,2.0,1.0,1.0,1.0,1.0,2.0,1.0,2.0,1.0,1.0,2.0,2.0,1.0,2.0,3.0,4.0,2.0,5.0,5.0,4.0,4.0,2.0,2.0,1.0,1.0,2.0,3.0,1.0,1.0,2.0,2.0,9.0,8.0,7.0,4.0,3.0,4.0,3.0,4.0,1.0,2.0,1.0,2.0,2.0,3.0,3.0,2.0,2.0,2.0,2.0,2.0,2.0,2.0,2.0,2.0,2.0,2.0,2.0,2.0,3.0,2.0,2.0,2.0,2.0,2.0,0.0,0.0,0.0,0.0,0.0,0.0,0.0,0.0,0.0,0.0,0.0,10.0,1.0,1.0,1.0,1.0,1.0,7.0,2.0,2.0,2.0,2.0,2.0,3.0,4.0,4.0,3.0,2.0,0.0,0.0,0.0,0.0,0.0,0.0,0.0,3.0,2.0,3.0,2.0,4.0,4.0,3.0,4.0,4.0,1.0,1.0,2.0,1.0,2.0,2.0,2.0,4.0,3.0,4.0,2.0,2.0,1.0,10.0,9.0,2.0,3.0,2.0,9.0,6.0,2.0,2.0,2.0,2.0,4.0,2.0,6.0,7.0,3.0,2.0,2.0,8.0,6.0,2.0,1.0,2.0,1.0,7.0,1.0,4.0,8.0,6.0,6.0,8.0,2.0,5.0,3.0,4.0,5.0,3.0,8.0,3.0,4.0,4.0,2.0,2.0,1.0,1.0,5.0,1.0,3.0,1.0,1.0,2.0,1.0,2.0,2.0,2.0,2.0,2.0,2.0,1.0,1.0,2.0,,,2.0,2.0,2.0,3.0,3.0,3.0,2.0,2.0,3.0,2.0,2.0,3.0,1.0,1.0,2.0,3.0,2.0,2.0,3.0,,9.0,2.0,6.0,8.0,7.0,7.0,8.0,6.0,8.0,10.0,8.0,7.0,2.0,2.0,2.0,1.0,2.0,2.0,2.0
762070285,1.0,1.0,2.0,2.0,1.0,1.0,2.0,2.0,2.0,1.0,1.0,2.0,1.0,2.0,1.0,2.0,2.0,1.0,2.0,1.0,2.0,,2.0,1.0,1.0,2.0,1.0,3.0,1.0,2.0,1.0,1.0,1.0,1.0,5.0,,1.0,1.0,1.0,1.0,2.0,2.0,1.0,1.0,3.0,2.0,8.0,5.0,3.0,4.0,4.0,4.0,4.0,4.0,1.0,2.0,1.0,1.0,2.0,3.0,4.0,3.0,2.0,1.0,2.0,2.0,,1.0,2.0,1.0,3.0,1.0,2.0,4.0,1.0,2.0,3.0,3.0,1.0,1.0,2.0,1.0,1.0,0.0,1.0,0.0,2.0,2.0,2.0,2.0,2.0,10.0,9.0,9.0,7.0,8.0,2.0,3.0,,,,,,2.0,2.0,,2.0,0.0,0.0,0.0,0.0,0.0,0.0,0.0,0.0,3.0,1.0,3.0,3.0,4.0,4.0,4.0,4.0,4.0,1.0,1.0,2.0,4.0,4.0,2.0,2.0,4.0,4.0,4.0,1.0,2.0,1.0,9.0,9.0,3.0,3.0,2.0,10.0,10.0,1.0,1.0,1.0,1.0,1.0,1.0,1.0,1.0,1.0,1.0,1.0,9.0,2.0,3.0,3.0,2.0,2.0,,2.0,2.0,2.0,2.0,2.0,2.0,2.0,2.0,2.0,2.0,2.0,2.0,2.0,2.0,2.0,2.0,2.0,2.0,1.0,1.0,2.0,1.0,4.0,1.0,1.0,1.0,2.0,2.0,2.0,2.0,2.0,2.0,2.0,1.0,1.0,2.0,2.0,2.0,1.0,1.0,1.0,4.0,4.0,4.0,1.0,1.0,4.0,4.0,2.0,1.0,2.0,2.0,1.0,2.0,1.0,1.0,1.0,3.0,9.0,8.0,10.0,9.0,9.0,9.0,9.0,9.0,8.0,8.0,9.0,9.0,1.0,2.0,2.0,2.0,2.0,3.0,4.0
203070952,1.0,1.0,2.0,2.0,1.0,3.0,2.0,1.0,1.0,1.0,2.0,2.0,1.0,1.0,2.0,2.0,2.0,1.0,2.0,2.0,1.0,1.0,2.0,1.0,2.0,2.0,4.0,3.0,2.0,3.0,2.0,2.0,3.0,1.0,1.0,4.0,4.0,3.0,1.0,4.0,2.0,3.0,3.0,3.0,,2.0,3.0,5.0,6.0,4.0,4.0,4.0,4.0,4.0,1.0,2.0,3.0,3.0,3.0,3.0,3.0,3.0,4.0,4.0,4.0,4.0,4.0,4.0,4.0,4.0,4.0,4.0,4.0,4.0,4.0,4.0,4.0,4.0,4.0,4.0,0.0,0.0,0.0,0.0,0.0,0.0,0.0,0.0,0.0,0.0,0.0,10.0,3.0,10.0,6.0,8.0,1.0,10.0,3.0,3.0,2.0,3.0,2.0,3.0,3.0,5.0,5.0,0.0,1.0,2.0,2.0,2.0,2.0,2.0,2.0,3.0,3.0,3.0,3.0,3.0,3.0,3.0,3.0,3.0,2.0,2.0,2.0,2.0,2.0,2.0,2.0,2.0,2.0,2.0,1.0,1.0,,7.0,9.0,3.0,8.0,5.0,3.0,2.0,,,,,2.0,2.0,7.0,8.0,,,,3.0,5.0,10.0,1.0,5.0,6.0,2.0,7.0,10.0,10.0,10.0,5.0,10.0,3.0,4.0,1.0,1.0,10.0,1.0,5.0,4.0,4.0,4.0,2.0,1.0,4.0,1.0,4.0,1.0,1.0,2.0,1.0,1.0,1.0,1.0,1.0,1.0,1.0,1.0,1.0,1.0,1.0,1.0,1.0,1.0,2.0,2.0,3.0,3.0,2.0,2.0,3.0,3.0,2.0,4.0,3.0,2.0,3.0,4.0,4.0,3.0,4.0,1.0,4.0,4.0,1.0,10.0,1.0,1.0,10.0,1.0,1.0,10.0,1.0,10.0,2.0,1.0,3.0,3.0,2.0,2.0,2.0,4.0,4.0
422070017,1.0,2.0,2.0,1.0,1.0,1.0,1.0,2.0,1.0,1.0,2.0,1.0,2.0,2.0,1.0,2.0,2.0,1.0,2.0,2.0,2.0,2.0,2.0,1.0,1.0,2.0,1.0,3.0,3.0,4.0,4.0,3.0,3.0,1.0,3.0,,1.0,1.0,3.0,1.0,2.0,3.0,1.0,1.0,2.0,3.0,8.0,8.0,2.0,4.0,4.0,4.0,3.0,4.0,3.0,2.0,1.0,3.0,3.0,4.0,3.0,3.0,2.0,1.0,3.0,3.0,4.0,1.0,3.0,3.0,4.0,4.0,4.0,3.0,4.0,4.0,4.0,4.0,4.0,4.0,0.0,0.0,0.0,0.0,0.0,0.0,0.0,0.0,0.0,0.0,0.0,10.0,10.0,5.0,5.0,5.0,1.0,10.0,3.0,3.0,3.0,3.0,3.0,1.0,4.0,9.0,1.0,2.0,0.0,2.0,2.0,2.0,2.0,2.0,2.0,3.0,1.0,3.0,4.0,3.0,3.0,3.0,3.0,4.0,2.0,2.0,2.0,4.0,4.0,2.0,2.0,3.0,3.0,4.0,1.0,2.0,1.0,8.0,5.0,6.0,5.0,7.0,7.0,10.0,1.0,2.0,2.0,2.0,,1.0,2.0,2.0,1.0,2.0,2.0,8.0,1.0,,1.0,1.0,1.0,1.0,,1.0,1.0,1.0,1.0,2.0,1.0,1.0,1.0,1.0,1.0,1.0,7.0,3.0,3.0,3.0,3.0,2.0,5.0,1.0,5.0,5.0,5.0,5.0,5.0,5.0,3.0,3.0,3.0,3.0,3.0,3.0,3.0,3.0,3.0,3.0,3.0,3.0,1.0,1.0,3.0,3.0,,1.0,3.0,3.0,1.0,,3.0,3.0,1.0,5.0,2.0,2.0,3.0,2.0,4.0,,5.0,1.0,10.0,2.0,6.0,1.0,6.0,3.0,10.0,10.0,4.0,2.0,4.0,1.0,1.0,1.0,1.0,4.0,4.0
804070441,1.0,2.0,2.0,3.0,2.0,2.0,1.0,2.0,1.0,2.0,2.0,2.0,1.0,1.0,2.0,2.0,2.0,2.0,2.0,2.0,2.0,2.0,2.0,2.0,2.0,2.0,1.0,1.0,3.0,3.0,3.0,3.0,1.0,2.0,2.0,4.0,3.0,3.0,3.0,,4.0,1.0,2.0,1.0,2.0,3.0,5.0,7.0,3.0,4.0,4.0,4.0,4.0,4.0,1.0,1.0,1.0,3.0,2.0,3.0,3.0,4.0,1.0,1.0,3.0,4.0,,3.0,3.0,4.0,4.0,3.0,4.0,3.0,2.0,3.0,3.0,2.0,2.0,,0.0,0.0,0.0,0.0,0.0,0.0,0.0,0.0,0.0,0.0,0.0,5.0,5.0,3.0,3.0,2.0,1.0,8.0,2.0,2.0,2.0,2.0,2.0,1.0,,1.0,2.0,2.0,0.0,2.0,2.0,2.0,2.0,2.0,2.0,3.0,1.0,4.0,4.0,4.0,4.0,4.0,4.0,4.0,2.0,2.0,2.0,1.0,1.0,,2.0,1.0,1.0,1.0,1.0,1.0,1.0,10.0,9.0,6.0,4.0,2.0,6.0,7.0,1.0,2.0,2.0,2.0,,4.0,2.0,2.0,1.0,2.0,2.0,6.0,8.0,1.0,1.0,4.0,4.0,8.0,6.0,7.0,7.0,6.0,5.0,8.0,1.0,1.0,1.0,1.0,1.0,4.0,5.0,4.0,2.0,3.0,3.0,2.0,5.0,3.0,5.0,1.0,5.0,3.0,5.0,5.0,3.0,3.0,3.0,3.0,3.0,3.0,3.0,3.0,3.0,3.0,3.0,3.0,3.0,3.0,1.0,4.0,3.0,4.0,2.0,1.0,3.0,3.0,1.0,1.0,2.0,,3.0,4.0,4.0,1.0,3.0,,8.0,3.0,8.0,9.0,7.0,7.0,5.0,6.0,10.0,6.0,7.0,,2.0,1.0,1.0,1.0,1.0,3.0,
528071079,1.0,2.0,2.0,2.0,2.0,3.0,1.0,2.0,2.0,1.0,2.0,1.0,1.0,2.0,2.0,1.0,2.0,1.0,2.0,2.0,2.0,2.0,2.0,1.0,2.0,2.0,3.0,4.0,4.0,4.0,4.0,3.0,5.0,4.0,5.0,1.0,5.0,3.0,2.0,2.0,3.0,2.0,2.0,1.0,1.0,2.0,9.0,10.0,9.0,4.0,4.0,4.0,4.0,4.0,1.0,1.0,1.0,1.0,1.0,2.0,1.0,2.0,2.0,2.0,2.0,2.0,1.0,1.0,1.0,2.0,2.0,2.0,2.0,1.0,1.0,3.0,2.0,1.0,2.0,2.0,1.0,2.0,0.0,1.0,0.0,1.0,0.0,1.0,1.0,0.0,0.0,5.0,6.0,5.0,5.0,5.0,1.0,4.0,2.0,2.0,2.0,2.0,1.0,1.0,4.0,8.0,3.0,2.0,2.0,2.0,2.0,2.0,2.0,0.0,0.0,3.0,1.0,3.0,4.0,4.0,4.0,4.0,4.0,4.0,1.0,2.0,2.0,4.0,4.0,2.0,2.0,3.0,3.0,4.0,1.0,2.0,1.0,8.0,8.0,1.0,2.0,1.0,10.0,3.0,2.0,2.0,2.0,2.0,4.0,4.0,4.0,8.0,2.0,2.0,2.0,7.0,1.0,1.0,1.0,1.0,1.0,10.0,6.0,6.0,8.0,8.0,5.0,8.0,1.0,1.0,1.0,1.0,7.0,1.0,1.0,2.0,3.0,3.0,1.0,1.0,1.0,1.0,2.0,1.0,3.0,1.0,4.0,3.0,1.0,2.0,1.0,2.0,1.0,1.0,2.0,2.0,1.0,1.0,2.0,2.0,1.0,1.0,1.0,4.0,4.0,4.0,1.0,1.0,4.0,4.0,1.0,1.0,1.0,2.0,4.0,2.0,4.0,1.0,4.0,5.0,9.0,1.0,10.0,8.0,1.0,10.0,6.0,6.0,10.0,10.0,10.0,8.0,1.0,2.0,2.0,3.0,1.0,1.0,1.0
554070313,1.0,1.0,1.0,2.0,4.0,4.0,1.0,2.0,2.0,2.0,2.0,1.0,1.0,1.0,2.0,1.0,2.0,1.0,2.0,2.0,2.0,2.0,2.0,2.0,2.0,2.0,3.0,3.0,3.0,3.0,3.0,1.0,4.0,3.0,4.0,3.0,4.0,3.0,2.0,3.0,4.0,2.0,2.0,1.0,1.0,2.0,7.0,8.0,8.0,4.0,3.0,4.0,4.0,4.0,1.0,1.0,1.0,2.0,1.0,2.0,2.0,2.0,3.0,2.0,3.0,3.0,3.0,2.0,3.0,3.0,3.0,3.0,4.0,3.0,4.0,3.0,3.0,3.0,4.0,3.0,0.0,0.0,0.0,0.0,0.0,0.0,0.0,0.0,0.0,0.0,0.0,10.0,5.0,10.0,3.0,3.0,1.0,6.0,2.0,2.0,2.0,2.0,2.0,2.0,4.0,6.0,3.0,1.0,2.0,1.0,2.0,2.0,2.0,1.0,1.0,2.0,2.0,2.0,4.0,4.0,4.0,4.0,4.0,4.0,2.0,2.0,2.0,4.0,4.0,2.0,2.0,4.0,3.0,4.0,1.0,2.0,2.0,10.0,10.0,1.0,1.0,1.0,8.0,1.0,2.0,2.0,2.0,2.0,4.0,4.0,7.0,8.0,3.0,1.0,1.0,10.0,1.0,1.0,1.0,1.0,1.0,10.0,3.0,5.0,6.0,6.0,3.0,6.0,1.0,1.0,3.0,1.0,3.0,1.0,3.0,2.0,3.0,3.0,2.0,2.0,1.0,1.0,2.0,1.0,2.0,2.0,5.0,2.0,1.0,2.0,3.0,,2.0,1.0,2.0,1.0,2.0,2.0,3.0,3.0,2.0,1.0,1.0,3.0,3.0,3.0,2.0,2.0,4.0,4.0,2.0,1.0,1.0,3.0,4.0,3.0,4.0,2.0,4.0,5.0,1.0,1.0,10.0,3.0,1.0,3.0,1.0,5.0,10.0,10.0,6.0,1.0,1.0,2.0,2.0,2.0,2.0,2.0,2.0
68071419,1.0,2.0,3.0,,1.0,1.0,1.0,2.0,1.0,1.0,2.0,1.0,2.0,2.0,2.0,2.0,1.0,1.0,2.0,2.0,2.0,2.0,2.0,1.0,2.0,2.0,2.0,2.0,3.0,3.0,3.0,3.0,4.0,2.0,2.0,,4.0,2.0,2.0,2.0,1.0,3.0,2.0,1.0,2.0,3.0,10.0,5.0,6.0,4.0,4.0,2.0,3.0,4.0,2.0,2.0,2.0,4.0,4.0,4.0,3.0,4.0,3.0,3.0,3.0,3.0,3.0,4.0,4.0,3.0,4.0,3.0,3.0,2.0,3.0,3.0,2.0,4.0,2.0,,2.0,0.0,0.0,0.0,0.0,0.0,,0.0,0.0,0.0,0.0,2.0,7.0,5.0,4.0,4.0,1.0,7.0,3.0,,3.0,3.0,2.0,3.0,4.0,7.0,3.0,,,1.0,,,,,1.0,3.0,2.0,3.0,1.0,4.0,4.0,4.0,4.0,4.0,2.0,1.0,2.0,1.0,1.0,2.0,2.0,1.0,2.0,1.0,1.0,2.0,2.0,3.0,5.0,7.0,7.0,10.0,1.0,10.0,1.0,1.0,1.0,1.0,2.0,3.0,1.0,2.0,1.0,2.0,2.0,3.0,5.0,2.0,1.0,1.0,1.0,,2.0,1.0,1.0,,1.0,,1.0,1.0,1.0,,,1.0,1.0,1.0,2.0,2.0,3.0,3.0,5.0,2.0,1.0,5.0,5.0,5.0,5.0,5.0,2.0,,2.0,2.0,3.0,3.0,3.0,3.0,,,,,1.0,1.0,,4.0,3.0,4.0,3.0,2.0,4.0,4.0,4.0,2.0,1.0,,3.0,3.0,4.0,1.0,3.0,,2.0,2.0,7.0,8.0,7.0,8.0,6.0,8.0,8.0,7.0,6.0,4.0,3.0,1.0,1.0,2.0,2.0,2.0,2.0
818070833,1.0,2.0,2.0,2.0,1.0,1.0,1.0,2.0,2.0,2.0,2.0,1.0,1.0,2.0,1.0,2.0,1.0,1.0,2.0,1.0,1.0,1.0,2.0,1.0,,1.0,1.0,3.0,2.0,4.0,3.0,3.0,5.0,1.0,4.0,,1.0,1.0,1.0,1.0,1.0,3.0,1.0,,2.0,2.0,6.0,4.0,4.0,4.0,2.0,1.0,3.0,4.0,3.0,2.0,1.0,2.0,2.0,3.0,3.0,3.0,2.0,,4.0,4.0,3.0,,,,4.0,4.0,4.0,4.0,,2.0,3.0,3.0,3.0,2.0,0.0,0.0,0.0,0.0,0.0,0.0,0.0,1.0,0.0,0.0,0.0,9.0,5.0,1.0,8.0,9.0,1.0,10.0,,,,,,,2.0,2.0,2.0,0.0,2.0,2.0,0.0,2.0,0.0,2.0,2.0,3.0,3.0,2.0,,,4.0,2.0,2.0,,1.0,1.0,,1.0,1.0,2.0,2.0,,,,2.0,2.0,1.0,7.0,4.0,7.0,3.0,2.0,3.0,10.0,,1.0,1.0,1.0,1.0,,4.0,1.0,1.0,1.0,1.0,3.0,1.0,1.0,1.0,1.0,1.0,,,6.0,7.0,,1.0,1.0,1.0,1.0,1.0,1.0,,1.0,10.0,,,,2.0,2.0,5.0,5.0,5.0,1.0,2.0,1.0,1.0,1.0,2.0,2.0,3.0,3.0,1.0,1.0,2.0,2.0,,,,,3.0,2.0,3.0,2.0,,1.0,3.0,3.0,1.0,4.0,3.0,2.0,1.0,4.0,4.0,1.0,,1.0,2.0,,10.0,10.0,10.0,7.0,,8.0,6.0,3.0,8.0,10.0,2.0,,4.0,2.0,2.0,2.0,1.0,2.0,3.0
422070953,1.0,1.0,2.0,2.0,2.0,3.0,2.0,2.0,1.0,2.0,2.0,1.0,1.0,2.0,2.0,2.0,2.0,2.0,1.0,2.0,1.0,2.0,1.0,2.0,2.0,1.0,2.0,2.0,2.0,4.0,2.0,3.0,2.0,2.0,4.0,,4.0,2.0,2.0,3.0,2.0,1.0,1.0,1.0,2.0,2.0,7.0,6.0,7.0,4.0,3.0,4.0,4.0,3.0,3.0,2.0,1.0,2.0,3.0,3.0,3.0,3.0,3.0,2.0,3.0,3.0,3.0,3.0,3.0,3.0,3.0,3.0,3.0,3.0,3.0,3.0,2.0,3.0,3.0,3.0,0.0,0.0,0.0,0.0,0.0,0.0,0.0,0.0,0.0,0.0,0.0,8.0,6.0,8.0,7.0,7.0,2.0,9.0,3.0,3.0,3.0,3.0,3.0,4.0,2.0,9.0,3.0,1.0,1.0,1.0,1.0,1.0,1.0,1.0,1.0,3.0,2.0,2.0,3.0,4.0,2.0,4.0,2.0,4.0,2.0,2.0,1.0,2.0,2.0,2.0,2.0,2.0,2.0,2.0,2.0,1.0,1.0,9.0,6.0,8.0,7.0,7.0,7.0,9.0,1.0,1.0,1.0,1.0,2.0,2.0,1.0,1.0,1.0,2.0,1.0,8.0,1.0,,1.0,3.0,4.0,1.0,,2.0,2.0,1.0,1.0,2.0,2.0,3.0,2.0,1.0,1.0,1.0,2.0,2.0,2.0,2.0,2.0,2.0,1.0,1.0,1.0,1.0,5.0,2.0,2.0,1.0,3.0,3.0,3.0,3.0,3.0,3.0,3.0,3.0,3.0,3.0,3.0,3.0,1.0,1.0,2.0,3.0,,3.0,2.0,2.0,2.0,3.0,3.0,3.0,1.0,2.0,3.0,2.0,2.0,3.0,3.0,,7.0,5.0,7.0,6.0,8.0,9.0,5.0,5.0,5.0,9.0,7.0,8.0,2.0,2.0,2.0,2.0,2.0,2.0,2.0
604070326,1.0,2.0,3.0,4.0,2.0,2.0,2.0,2.0,2.0,2.0,2.0,1.0,1.0,1.0,1.0,2.0,2.0,2.0,2.0,2.0,2.0,2.0,2.0,1.0,2.0,2.0,1.0,3.0,3.0,3.0,3.0,2.0,2.0,2.0,2.0,2.0,4.0,2.0,2.0,3.0,2.0,3.0,1.0,1.0,1.0,3.0,6.0,4.0,5.0,3.0,1.0,4.0,1.0,3.0,1.0,2.0,1.0,3.0,1.0,4.0,1.0,2.0,4.0,3.0,3.0,3.0,4.0,3.0,4.0,3.0,4.0,4.0,3.0,3.0,3.0,3.0,2.0,2.0,3.0,2.0,0.0,0.0,0.0,0.0,0.0,0.0,0.0,0.0,0.0,0.0,0.0,5.0,6.0,6.0,6.0,6.0,1.0,10.0,3.0,3.0,3.0,2.0,2.0,1.0,4.0,10.0,4.0,2.0,2.0,2.0,2.0,0.0,2.0,2.0,2.0,2.0,4.0,2.0,2.0,4.0,3.0,2.0,4.0,3.0,1.0,2.0,2.0,1.0,1.0,2.0,2.0,1.0,1.0,1.0,1.0,2.0,1.0,5.0,5.0,8.0,8.0,6.0,6.0,6.0,1.0,2.0,1.0,2.0,2.0,2.0,5.0,6.0,2.0,2.0,2.0,5.0,3.0,3.0,4.0,8.0,8.0,8.0,4.0,4.0,4.0,8.0,6.0,8.0,2.0,1.0,1.0,1.0,5.0,1.0,1.0,1.0,4.0,4.0,4.0,2.0,4.0,1.0,1.0,1.0,4.0,1.0,1.0,1.0,1.0,,1.0,3.0,3.0,3.0,3.0,3.0,1.0,3.0,3.0,3.0,1.0,1.0,3.0,2.0,2.0,2.0,3.0,3.0,2.0,2.0,2.0,1.0,2.0,2.0,2.0,2.0,2.0,2.0,2.0,3.0,5.0,3.0,6.0,4.0,6.0,6.0,8.0,6.0,7.0,8.0,8.0,8.0,3.0,1.0,2.0,2.0,1.0,1.0,1.0
458070693,1.0,1.0,1.0,2.0,2.0,2.0,1.0,1.0,2.0,2.0,2.0,1.0,2.0,2.0,1.0,2.0,2.0,1.0,2.0,2.0,1.0,2.0,2.0,1.0,2.0,2.0,1.0,3.0,3.0,3.0,3.0,3.0,3.0,3.0,3.0,3.0,3.0,3.0,2.0,2.0,3.0,2.0,1.0,2.0,2.0,2.0,8.0,7.0,7.0,4.0,3.0,3.0,3.0,3.0,2.0,1.0,1.0,2.0,2.0,2.0,2.0,2.0,2.0,2.0,2.0,2.0,2.0,2.0,2.0,2.0,2.0,2.0,2.0,2.0,2.0,2.0,2.0,2.0,2.0,2.0,0.0,0.0,0.0,0.0,0.0,0.0,0.0,0.0,0.0,0.0,0.0,7.0,6.0,6.0,5.0,5.0,2.0,8.0,2.0,2.0,2.0,2.0,2.0,3.0,4.0,6.0,3.0,1.0,1.0,2.0,2.0,2.0,1.0,2.0,1.0,3.0,3.0,3.0,2.0,2.0,2.0,3.0,2.0,3.0,1.0,1.0,2.0,4.0,4.0,2.0,2.0,3.0,3.0,3.0,1.0,2.0,1.0,8.0,8.0,6.0,7.0,4.0,7.0,7.0,1.0,1.0,1.0,1.0,2.0,2.0,3.0,2.0,1.0,2.0,2.0,5.0,5.0,5.0,5.0,5.0,5.0,6.0,6.0,6.0,6.0,6.0,7.0,6.0,6.0,7.0,6.0,6.0,7.0,7.0,7.0,2.0,2.0,2.0,2.0,2.0,2.0,2.0,1.0,1.0,2.0,1.0,1.0,2.0,2.0,3.0,3.0,3.0,2.0,2.0,2.0,2.0,2.0,2.0,2.0,2.0,2.0,2.0,2.0,2.0,2.0,2.0,2.0,2.0,2.0,2.0,2.0,2.0,2.0,2.0,2.0,2.0,2.0,2.0,2.0,7.0,5.0,5.0,6.0,5.0,5.0,5.0,5.0,5.0,5.0,6.0,6.0,6.0,2.0,2.0,1.0,1.0,2.0,2.0,3.0
76071615,1.0,1.0,2.0,3.0,1.0,1.0,1.0,1.0,1.0,2.0,2.0,1.0,2.0,2.0,1.0,2.0,2.0,1.0,2.0,2.0,2.0,2.0,2.0,1.0,2.0,2.0,2.0,3.0,,3.0,,2.0,4.0,2.0,4.0,2.0,4.0,2.0,2.0,2.0,4.0,1.0,3.0,1.0,1.0,1.0,10.0,10.0,8.0,4.0,1.0,2.0,4.0,4.0,1.0,2.0,1.0,2.0,1.0,2.0,2.0,2.0,1.0,1.0,2.0,2.0,2.0,2.0,2.0,4.0,4.0,4.0,2.0,2.0,2.0,2.0,2.0,2.0,2.0,2.0,2.0,0.0,0.0,0.0,0.0,0.0,0.0,0.0,0.0,0.0,0.0,,1.0,1.0,1.0,1.0,1.0,10.0,2.0,2.0,2.0,2.0,2.0,1.0,4.0,1.0,3.0,2.0,2.0,0.0,0.0,2.0,2.0,2.0,0.0,2.0,4.0,1.0,1.0,3.0,3.0,1.0,3.0,3.0,1.0,1.0,2.0,1.0,1.0,1.0,1.0,1.0,1.0,1.0,2.0,2.0,,8.0,5.0,1.0,9.0,4.0,5.0,10.0,1.0,2.0,2.0,1.0,2.0,2.0,1.0,1.0,1.0,1.0,1.0,5.0,1.0,1.0,1.0,1.0,1.0,5.0,1.0,1.0,5.0,1.0,1.0,1.0,1.0,6.0,1.0,1.0,1.0,1.0,1.0,2.0,2.0,2.0,2.0,3.0,5.0,2.0,5.0,5.0,5.0,5.0,5.0,5.0,1.0,3.0,3.0,3.0,3.0,3.0,3.0,3.0,1.0,3.0,3.0,3.0,1.0,1.0,2.0,4.0,,2.0,2.0,3.0,2.0,4.0,2.0,3.0,1.0,4.0,3.0,,2.0,2.0,,5.0,1.0,1.0,10.0,5.0,8.0,5.0,5.0,5.0,8.0,8.0,4.0,2.0,2.0,3.0,2.0,2.0,2.0,3.0,3.0
604070091,1.0,2.0,2.0,3.0,1.0,1.0,1.0,2.0,1.0,2.0,2.0,1.0,2.0,1.0,2.0,2.0,1.0,1.0,2.0,2.0,1.0,1.0,1.0,1.0,2.0,2.0,2.0,1.0,3.0,3.0,3.0,1.0,4.0,1.0,3.0,5.0,3.0,1.0,2.0,2.0,2.0,3.0,1.0,1.0,2.0,2.0,7.0,8.0,6.0,4.0,1.0,3.0,4.0,4.0,1.0,2.0,1.0,3.0,3.0,4.0,3.0,3.0,1.0,3.0,2.0,2.0,4.0,3.0,3.0,3.0,4.0,4.0,4.0,3.0,4.0,4.0,4.0,4.0,4.0,3.0,1.0,0.0,0.0,0.0,0.0,0.0,0.0,0.0,0.0,0.0,0.0,8.0,4.0,2.0,1.0,1.0,,10.0,3.0,3.0,4.0,3.0,2.0,2.0,5.0,9.0,4.0,2.0,2.0,2.0,2.0,2.0,2.0,2.0,2.0,3.0,3.0,1.0,2.0,4.0,4.0,2.0,2.0,2.0,1.0,1.0,2.0,3.0,4.0,2.0,2.0,2.0,1.0,2.0,2.0,2.0,1.0,7.0,8.0,10.0,,6.0,7.0,10.0,1.0,1.0,1.0,1.0,2.0,3.0,3.0,2.0,1.0,2.0,2.0,3.0,2.0,1.0,1.0,3.0,1.0,1.0,1.0,3.0,6.0,7.0,1.0,1.0,1.0,1.0,2.0,1.0,1.0,1.0,7.0,1.0,2.0,2.0,3.0,3.0,2.0,1.0,1.0,5.0,5.0,5.0,5.0,2.0,2.0,3.0,3.0,3.0,2.0,3.0,2.0,2.0,,,,,1.0,1.0,3.0,3.0,2.0,2.0,2.0,3.0,2.0,3.0,2.0,1.0,2.0,1.0,2.0,3.0,4.0,1.0,3.0,6.0,5.0,7.0,10.0,3.0,1.0,4.0,4.0,9.0,9.0,9.0,10.0,6.0,3.0,1.0,1.0,1.0,1.0,1.0,2.0
170072173,1.0,2.0,1.0,1.0,2.0,2.0,1.0,1.0,2.0,1.0,1.0,1.0,2.0,2.0,2.0,2.0,2.0,1.0,2.0,1.0,1.0,1.0,2.0,1.0,2.0,2.0,1.0,4.0,4.0,4.0,4.0,1.0,3.0,2.0,1.0,5.0,5.0,1.0,1.0,2.0,2.0,2.0,1.0,1.0,1.0,2.0,8.0,9.0,7.0,4.0,4.0,4.0,2.0,4.0,2.0,2.0,1.0,2.0,1.0,4.0,1.0,4.0,1.0,1.0,2.0,4.0,4.0,2.0,4.0,2.0,2.0,2.0,2.0,2.0,2.0,2.0,2.0,1.0,1.0,1.0,2.0,2.0,1.0,0.0,2.0,2.0,2.0,2.0,2.0,2.0,2.0,6.0,5.0,10.0,1.0,1.0,1.0,10.0,2.0,2.0,2.0,2.0,2.0,3.0,5.0,7.0,1.0,2.0,0.0,2.0,0.0,0.0,0.0,2.0,0.0,3.0,2.0,4.0,3.0,3.0,4.0,3.0,3.0,4.0,1.0,1.0,2.0,4.0,,2.0,2.0,1.0,1.0,1.0,1.0,1.0,1.0,10.0,10.0,5.0,9.0,5.0,8.0,10.0,1.0,1.0,2.0,1.0,2.0,1.0,2.0,1.0,1.0,2.0,2.0,1.0,5.0,5.0,7.0,6.0,8.0,1.0,1.0,1.0,1.0,8.0,8.0,5.0,5.0,10.0,8.0,8.0,5.0,6.0,5.0,1.0,1.0,2.0,1.0,2.0,1.0,5.0,1.0,1.0,2.0,1.0,1.0,1.0,1.0,3.0,3.0,3.0,1.0,3.0,3.0,1.0,3.0,3.0,3.0,3.0,1.0,1.0,1.0,3.0,1.0,1.0,1.0,4.0,4.0,4.0,1.0,1.0,1.0,4.0,1.0,1.0,1.0,1.0,4.0,10.0,10.0,10.0,10.0,10.0,5.0,5.0,10.0,10.0,6.0,10.0,10.0,8.0,1.0,1.0,1.0,1.0,1.0,1.0,1.0
398070062,2.0,2.0,3.0,3.0,2.0,2.0,1.0,2.0,1.0,2.0,2.0,1.0,1.0,2.0,2.0,2.0,1.0,1.0,2.0,1.0,2.0,1.0,2.0,1.0,2.0,2.0,1.0,2.0,3.0,3.0,3.0,3.0,2.0,3.0,3.0,5.0,5.0,1.0,3.0,4.0,4.0,2.0,1.0,2.0,2.0,3.0,6.0,6.0,4.0,4.0,4.0,2.0,2.0,4.0,2.0,2.0,1.0,2.0,2.0,4.0,3.0,3.0,3.0,2.0,4.0,2.0,2.0,4.0,4.0,2.0,4.0,2.0,2.0,1.0,2.0,3.0,3.0,4.0,,3.0,0.0,0.0,0.0,0.0,0.0,0.0,0.0,0.0,0.0,0.0,0.0,5.0,5.0,5.0,5.0,5.0,2.0,6.0,2.0,2.0,3.0,3.0,2.0,3.0,2.0,5.0,3.0,0.0,0.0,2.0,2.0,2.0,2.0,2.0,2.0,3.0,2.0,2.0,2.0,3.0,4.0,4.0,4.0,4.0,2.0,1.0,2.0,2.0,2.0,2.0,2.0,2.0,2.0,,1.0,2.0,1.0,7.0,7.0,3.0,5.0,4.0,5.0,5.0,1.0,2.0,2.0,2.0,3.0,3.0,2.0,2.0,1.0,2.0,2.0,5.0,8.0,7.0,1.0,1.0,1.0,1.0,5.0,5.0,5.0,5.0,1.0,5.0,1.0,3.0,1.0,1.0,4.0,1.0,1.0,3.0,3.0,3.0,1.0,1.0,3.0,1.0,2.0,2.0,2.0,2.0,3.0,3.0,2.0,3.0,2.0,3.0,2.0,3.0,3.0,3.0,2.0,3.0,3.0,3.0,,2.0,3.0,3.0,2.0,3.0,3.0,3.0,2.0,4.0,3.0,2.0,2.0,2.0,2.0,2.0,3.0,2.0,2.0,,10.0,1.0,5.0,8.0,5.0,9.0,9.0,5.0,5.0,5.0,5.0,5.0,2.0,2.0,2.0,3.0,3.0,3.0,3.0
76070250,1.0,1.0,2.0,2.0,1.0,1.0,1.0,2.0,2.0,2.0,2.0,1.0,2.0,2.0,1.0,1.0,1.0,1.0,2.0,2.0,2.0,2.0,2.0,1.0,2.0,2.0,1.0,2.0,3.0,2.0,3.0,2.0,4.0,3.0,3.0,4.0,4.0,2.0,2.0,4.0,2.0,3.0,1.0,1.0,2.0,2.0,10.0,10.0,1.0,4.0,2.0,3.0,2.0,2.0,1.0,2.0,2.0,3.0,3.0,4.0,2.0,2.0,2.0,2.0,3.0,2.0,2.0,2.0,2.0,2.0,2.0,2.0,2.0,2.0,2.0,2.0,2.0,2.0,,,2.0,0.0,0.0,0.0,1.0,0.0,0.0,0.0,0.0,0.0,,1.0,1.0,1.0,1.0,1.0,2.0,10.0,3.0,,2.0,2.0,2.0,3.0,1.0,10.0,3.0,1.0,,0.0,0.0,0.0,,0.0,0.0,3.0,3.0,2.0,2.0,3.0,2.0,3.0,3.0,,1.0,1.0,2.0,1.0,2.0,2.0,1.0,2.0,2.0,2.0,2.0,2.0,2.0,1.0,1.0,1.0,10.0,1.0,5.0,10.0,1.0,2.0,1.0,1.0,2.0,3.0,1.0,2.0,1.0,2.0,2.0,5.0,1.0,1.0,1.0,1.0,1.0,1.0,1.0,1.0,1.0,1.0,1.0,1.0,1.0,,1.0,1.0,1.0,1.0,1.0,1.0,4.0,4.0,2.0,2.0,5.0,1.0,1.0,1.0,2.0,1.0,2.0,1.0,2.0,2.0,2.0,2.0,1.0,2.0,1.0,1.0,1.0,3.0,2.0,2.0,1.0,1.0,2.0,,2.0,1.0,2.0,3.0,2.0,3.0,2.0,2.0,1.0,4.0,,,4.0,2.0,,1.0,1.0,1.0,10.0,10.0,1.0,10.0,1.0,1.0,10.0,10.0,1.0,1.0,2.0,3.0,3.0,3.0,3.0,4.0,3.0
32070623,1.0,1.0,3.0,1.0,1.0,4.0,1.0,2.0,1.0,2.0,2.0,2.0,1.0,1.0,2.0,1.0,2.0,2.0,2.0,2.0,2.0,2.0,2.0,2.0,2.0,2.0,3.0,3.0,3.0,3.0,3.0,,4.0,2.0,4.0,2.0,4.0,2.0,4.0,2.0,4.0,3.0,2.0,3.0,1.0,2.0,6.0,8.0,7.0,4.0,3.0,4.0,2.0,4.0,1.0,1.0,1.0,2.0,1.0,2.0,1.0,1.0,3.0,3.0,3.0,3.0,1.0,3.0,3.0,3.0,2.0,3.0,3.0,2.0,3.0,3.0,4.0,2.0,2.0,2.0,0.0,2.0,2.0,2.0,2.0,1.0,0.0,0.0,0.0,0.0,2.0,3.0,5.0,3.0,10.0,5.0,1.0,7.0,3.0,2.0,3.0,4.0,4.0,,4.0,3.0,3.0,0.0,2.0,0.0,2.0,0.0,2.0,0.0,0.0,2.0,2.0,3.0,2.0,3.0,4.0,2.0,4.0,4.0,2.0,2.0,2.0,2.0,2.0,2.0,1.0,3.0,4.0,2.0,2.0,1.0,1.0,6.0,5.0,7.0,7.0,5.0,3.0,1.0,2.0,1.0,2.0,2.0,4.0,4.0,7.0,8.0,2.0,2.0,2.0,4.0,7.0,4.0,1.0,1.0,1.0,1.0,1.0,1.0,1.0,1.0,1.0,7.0,1.0,1.0,1.0,1.0,5.0,3.0,3.0,2.0,4.0,4.0,1.0,1.0,2.0,2.0,1.0,1.0,1.0,1.0,1.0,1.0,1.0,3.0,1.0,1.0,1.0,1.0,3.0,1.0,1.0,1.0,1.0,1.0,1.0,1.0,2.0,4.0,1.0,2.0,4.0,2.0,2.0,4.0,1.0,1.0,1.0,2.0,2.0,2.0,4.0,1.0,4.0,1.0,10.0,,10.0,10.0,10.0,,1.0,1.0,10.0,10.0,3.0,1.0,4.0,1.0,2.0,2.0,2.0,2.0,2.0
716070566,1.0,1.0,3.0,2.0,1.0,1.0,1.0,2.0,2.0,2.0,2.0,1.0,2.0,1.0,2.0,1.0,1.0,1.0,2.0,2.0,2.0,1.0,2.0,2.0,2.0,2.0,1.0,3.0,1.0,1.0,1.0,1.0,2.0,2.0,2.0,5.0,1.0,2.0,2.0,2.0,2.0,3.0,1.0,1.0,4.0,1.0,10.0,1.0,1.0,3.0,4.0,4.0,1.0,4.0,1.0,2.0,1.0,1.0,2.0,2.0,4.0,4.0,3.0,1.0,1.0,1.0,1.0,1.0,1.0,1.0,1.0,1.0,1.0,1.0,1.0,1.0,1.0,1.0,1.0,1.0,2.0,0.0,0.0,0.0,0.0,0.0,0.0,0.0,0.0,1.0,0.0,10.0,10.0,1.0,5.0,10.0,2.0,10.0,3.0,3.0,3.0,2.0,2.0,3.0,2.0,10.0,3.0,1.0,2.0,2.0,2.0,2.0,2.0,2.0,2.0,4.0,1.0,3.0,1.0,3.0,4.0,4.0,4.0,4.0,2.0,2.0,2.0,1.0,1.0,2.0,2.0,1.0,1.0,1.0,1.0,2.0,1.0,10.0,10.0,10.0,10.0,1.0,10.0,10.0,1.0,2.0,1.0,1.0,1.0,3.0,1.0,3.0,1.0,2.0,1.0,1.0,1.0,1.0,1.0,1.0,1.0,1.0,1.0,1.0,1.0,1.0,1.0,1.0,1.0,4.0,1.0,1.0,1.0,1.0,1.0,1.0,4.0,4.0,2.0,2.0,5.0,2.0,2.0,1.0,5.0,5.0,2.0,2.0,2.0,2.0,3.0,3.0,2.0,2.0,2.0,1.0,2.0,3.0,2.0,3.0,,,4.0,4.0,2.0,4.0,3.0,3.0,4.0,3.0,3.0,1.0,1.0,3.0,1.0,1.0,3.0,1.0,2.0,5.0,8.0,2.0,9.0,10.0,8.0,8.0,8.0,9.0,1.0,10.0,1.0,2.0,3.0,1.0,1.0,1.0,1.0,1.0,1.0
703070604,1.0,1.0,1.0,4.0,2.0,2.0,1.0,2.0,2.0,1.0,2.0,2.0,2.0,2.0,2.0,2.0,2.0,2.0,1.0,2.0,2.0,1.0,2.0,2.0,2.0,2.0,2.0,2.0,3.0,2.0,3.0,3.0,3.0,1.0,3.0,5.0,3.0,2.0,2.0,3.0,3.0,3.0,3.0,3.0,3.0,1.0,6.0,4.0,4.0,4.0,4.0,4.0,4.0,4.0,2.0,2.0,1.0,2.0,1.0,3.0,4.0,4.0,2.0,4.0,4.0,3.0,4.0,4.0,4.0,4.0,4.0,4.0,4.0,3.0,4.0,4.0,4.0,4.0,4.0,3.0,0.0,0.0,0.0,0.0,0.0,0.0,0.0,0.0,0.0,0.0,0.0,5.0,5.0,6.0,5.0,6.0,1.0,10.0,4.0,2.0,3.0,4.0,4.0,4.0,1.0,8.0,1.0,2.0,0.0,2.0,2.0,2.0,1.0,2.0,2.0,3.0,2.0,4.0,2.0,2.0,3.0,3.0,3.0,3.0,2.0,2.0,2.0,2.0,3.0,2.0,2.0,2.0,2.0,2.0,1.0,1.0,2.0,6.0,5.0,5.0,5.0,4.0,2.0,7.0,1.0,,,,3.0,2.0,2.0,2.0,1.0,2.0,2.0,4.0,5.0,2.0,2.0,2.0,2.0,2.0,2.0,2.0,2.0,2.0,2.0,2.0,2.0,2.0,2.0,2.0,2.0,2.0,2.0,2.0,3.0,3.0,4.0,3.0,2.0,2.0,5.0,1.0,1.0,1.0,1.0,1.0,3.0,3.0,3.0,2.0,2.0,2.0,3.0,3.0,3.0,3.0,3.0,3.0,2.0,2.0,3.0,2.0,2.0,2.0,3.0,3.0,1.0,3.0,3.0,1.0,3.0,3.0,3.0,3.0,3.0,3.0,3.0,6.0,2.0,2.0,5.0,3.0,5.0,5.0,6.0,6.0,5.0,2.0,3.0,2.0,4.0,4.0,2.0,2.0,3.0,3.0,3.0
862070569,1.0,2.0,3.0,3.0,1.0,2.0,1.0,1.0,1.0,1.0,1.0,2.0,2.0,2.0,2.0,2.0,2.0,2.0,2.0,2.0,2.0,2.0,2.0,2.0,2.0,2.0,1.0,1.0,4.0,4.0,4.0,1.0,5.0,1.0,1.0,1.0,1.0,1.0,1.0,1.0,1.0,2.0,1.0,1.0,2.0,1.0,7.0,7.0,8.0,2.0,3.0,2.0,2.0,3.0,3.0,2.0,1.0,2.0,2.0,3.0,3.0,3.0,3.0,3.0,4.0,2.0,3.0,4.0,3.0,2.0,3.0,3.0,3.0,3.0,4.0,3.0,3.0,3.0,3.0,3.0,0.0,0.0,0.0,0.0,0.0,0.0,0.0,0.0,0.0,0.0,0.0,7.0,5.0,7.0,8.0,8.0,2.0,6.0,3.0,2.0,2.0,3.0,3.0,3.0,4.0,8.0,3.0,1.0,0.0,1.0,0.0,1.0,1.0,0.0,1.0,2.0,3.0,3.0,3.0,2.0,3.0,2.0,3.0,3.0,2.0,1.0,2.0,3.0,2.0,2.0,1.0,2.0,2.0,1.0,2.0,2.0,2.0,,,,,,,5.0,1.0,1.0,1.0,1.0,2.0,3.0,2.0,5.0,2.0,2.0,2.0,8.0,3.0,8.0,5.0,3.0,3.0,1.0,3.0,8.0,8.0,10.0,8.0,5.0,5.0,5.0,8.0,5.0,3.0,8.0,5.0,2.0,3.0,2.0,3.0,2.0,2.0,4.0,3.0,2.0,4.0,3.0,4.0,3.0,2.0,3.0,1.0,2.0,3.0,1.0,2.0,2.0,2.0,3.0,2.0,3.0,3.0,2.0,3.0,3.0,4.0,3.0,3.0,4.0,3.0,3.0,3.0,3.0,3.0,2.0,3.0,3.0,1.0,3.0,4.0,5.0,4.0,7.0,4.0,5.0,6.0,9.0,8.0,4.0,5.0,6.0,5.0,6.0,2.0,1.0,3.0,3.0,1.0,3.0,3.0
156070965,1.0,3.0,3.0,2.0,2.0,2.0,1.0,2.0,1.0,1.0,2.0,2.0,1.0,1.0,2.0,2.0,2.0,1.0,2.0,1.0,2.0,1.0,2.0,2.0,2.0,1.0,3.0,2.0,2.0,2.0,2.0,2.0,2.0,2.0,4.0,3.0,2.0,2.0,2.0,2.0,2.0,3.0,1.0,1.0,2.0,3.0,10.0,10.0,8.0,4.0,4.0,2.0,4.0,4.0,1.0,2.0,2.0,2.0,2.0,3.0,3.0,3.0,2.0,1.0,3.0,3.0,2.0,3.0,3.0,2.0,2.0,2.0,3.0,2.0,3.0,3.0,2.0,2.0,2.0,3.0,0.0,0.0,0.0,0.0,0.0,0.0,0.0,0.0,0.0,0.0,0.0,1.0,10.0,10.0,9.0,10.0,2.0,9.0,3.0,2.0,2.0,2.0,2.0,3.0,2.0,8.0,3.0,1.0,1.0,2.0,,2.0,0.0,2.0,2.0,,2.0,,,,,,,,,,,1.0,1.0,2.0,2.0,1.0,1.0,,2.0,2.0,1.0,10.0,9.0,2.0,8.0,3.0,9.0,7.0,1.0,2.0,2.0,2.0,3.0,3.0,6.0,8.0,1.0,2.0,2.0,6.0,6.0,1.0,1.0,1.0,1.0,1.0,1.0,10.0,9.0,8.0,1.0,8.0,1.0,8.0,1.0,1.0,1.0,1.0,7.0,3.0,3.0,2.0,3.0,2.0,5.0,1.0,1.0,1.0,5.0,5.0,5.0,1.0,2.0,3.0,3.0,3.0,1.0,3.0,3.0,3.0,1.0,3.0,3.0,3.0,1.0,,,,,,,,,,,,,,3.0,3.0,3.0,2.0,3.0,,6.0,7.0,7.0,8.0,8.0,8.0,10.0,10.0,10.0,8.0,10.0,7.0,2.0,2.0,3.0,2.0,2.0,3.0,3.0
276070082,1.0,2.0,2.0,3.0,2.0,3.0,1.0,1.0,2.0,1.0,2.0,1.0,1.0,2.0,2.0,2.0,2.0,1.0,2.0,2.0,2.0,2.0,2.0,1.0,2.0,2.0,1.0,3.0,3.0,3.0,3.0,1.0,4.0,3.0,4.0,2.0,4.0,2.0,4.0,4.0,4.0,1.0,1.0,2.0,2.0,2.0,7.0,9.0,5.0,4.0,4.0,4.0,4.0,4.0,1.0,2.0,1.0,2.0,1.0,3.0,3.0,3.0,4.0,3.0,4.0,4.0,4.0,2.0,2.0,3.0,4.0,3.0,3.0,2.0,3.0,3.0,3.0,3.0,2.0,2.0,0.0,0.0,0.0,0.0,0.0,0.0,0.0,0.0,0.0,0.0,0.0,4.0,9.0,3.0,4.0,4.0,2.0,10.0,2.0,3.0,3.0,2.0,2.0,2.0,4.0,7.0,2.0,2.0,2.0,2.0,2.0,2.0,2.0,2.0,2.0,3.0,3.0,4.0,3.0,3.0,3.0,4.0,3.0,4.0,1.0,1.0,2.0,2.0,3.0,2.0,2.0,1.0,1.0,1.0,1.0,2.0,2.0,5.0,7.0,4.0,6.0,7.0,8.0,1.0,2.0,2.0,2.0,2.0,3.0,2.0,7.0,8.0,3.0,1.0,2.0,3.0,3.0,1.0,1.0,1.0,1.0,9.0,6.0,2.0,8.0,9.0,2.0,9.0,1.0,1.0,1.0,1.0,5.0,1.0,9.0,1.0,4.0,1.0,2.0,1.0,1.0,1.0,1.0,4.0,5.0,1.0,5.0,1.0,1.0,2.0,1.0,2.0,2.0,2.0,3.0,3.0,1.0,3.0,3.0,3.0,3.0,3.0,3.0,2.0,1.0,2.0,1.0,2.0,2.0,4.0,1.0,1.0,4.0,,1.0,2.0,4.0,1.0,4.0,5.0,9.0,1.0,9.0,9.0,1.0,9.0,9.0,2.0,9.0,9.0,2.0,1.0,1.0,2.0,2.0,2.0,3.0,4.0,4.0
566070863,1.0,2.0,2.0,2.0,2.0,1.0,1.0,2.0,1.0,2.0,2.0,1.0,2.0,2.0,1.0,2.0,1.0,1.0,2.0,2.0,2.0,1.0,2.0,2.0,2.0,2.0,2.0,1.0,3.0,2.0,3.0,3.0,3.0,4.0,3.0,4.0,4.0,2.0,2.0,2.0,2.0,1.0,1.0,1.0,1.0,1.0,9.0,9.0,6.0,2.0,2.0,2.0,2.0,2.0,3.0,1.0,2.0,1.0,2.0,2.0,3.0,3.0,2.0,3.0,3.0,2.0,2.0,3.0,2.0,2.0,3.0,3.0,3.0,3.0,3.0,2.0,3.0,3.0,3.0,3.0,2.0,0.0,0.0,0.0,2.0,2.0,0.0,0.0,0.0,0.0,0.0,4.0,3.0,5.0,5.0,6.0,2.0,10.0,4.0,2.0,4.0,4.0,3.0,3.0,3.0,8.0,4.0,2.0,2.0,1.0,1.0,1.0,1.0,1.0,0.0,4.0,1.0,2.0,3.0,3.0,4.0,3.0,3.0,2.0,1.0,1.0,1.0,3.0,2.0,2.0,2.0,3.0,2.0,2.0,2.0,2.0,1.0,2.0,9.0,8.0,4.0,1.0,5.0,9.0,1.0,1.0,1.0,1.0,2.0,2.0,1.0,1.0,1.0,2.0,2.0,3.0,1.0,1.0,1.0,1.0,1.0,1.0,1.0,2.0,2.0,2.0,6.0,2.0,5.0,3.0,3.0,2.0,2.0,5.0,4.0,3.0,4.0,3.0,2.0,2.0,4.0,1.0,1.0,1.0,4.0,1.0,1.0,1.0,2.0,2.0,2.0,2.0,2.0,2.0,2.0,2.0,2.0,2.0,2.0,2.0,1.0,1.0,2.0,2.0,2.0,2.0,2.0,1.0,1.0,2.0,2.0,2.0,2.0,2.0,2.0,2.0,2.0,4.0,3.0,6.0,4.0,7.0,8.0,6.0,3.0,4.0,3.0,3.0,7.0,5.0,8.0,8.0,3.0,1.0,1.0,1.0,1.0,1.0,2.0
156072194,1.0,2.0,2.0,2.0,2.0,3.0,1.0,1.0,2.0,1.0,2.0,1.0,2.0,1.0,2.0,2.0,2.0,1.0,2.0,1.0,2.0,1.0,2.0,1.0,2.0,2.0,2.0,2.0,3.0,3.0,3.0,3.0,3.0,3.0,3.0,3.0,3.0,3.0,3.0,3.0,3.0,2.0,1.0,1.0,2.0,2.0,8.0,8.0,8.0,4.0,4.0,4.0,4.0,4.0,1.0,1.0,1.0,2.0,2.0,2.0,2.0,2.0,3.0,2.0,2.0,2.0,2.0,2.0,1.0,1.0,2.0,1.0,2.0,2.0,2.0,2.0,2.0,2.0,2.0,2.0,0.0,0.0,0.0,0.0,0.0,0.0,0.0,0.0,0.0,0.0,0.0,1.0,5.0,5.0,5.0,5.0,1.0,7.0,2.0,2.0,3.0,2.0,2.0,2.0,4.0,9.0,4.0,1.0,1.0,1.0,,1.0,1.0,1.0,1.0,,2.0,,,,,,,,,,,3.0,2.0,2.0,2.0,4.0,3.0,,1.0,2.0,1.0,9.0,9.0,8.0,8.0,8.0,9.0,3.0,2.0,2.0,2.0,2.0,3.0,4.0,7.0,8.0,2.0,2.0,1.0,7.0,5.0,1.0,1.0,1.0,1.0,1.0,1.0,1.0,1.0,1.0,1.0,1.0,1.0,1.0,1.0,1.0,1.0,1.0,1.0,2.0,3.0,3.0,2.0,2.0,3.0,4.0,3.0,4.0,3.0,3.0,4.0,3.0,2.0,2.0,2.0,3.0,1.0,3.0,2.0,2.0,2.0,2.0,3.0,3.0,3.0,,,,,,,,,,,,,,1.0,3.0,1.0,1.0,4.0,,7.0,1.0,6.0,6.0,8.0,10.0,7.0,6.0,10.0,10.0,10.0,9.0,2.0,2.0,1.0,1.0,1.0,2.0,1.0
643071623,1.0,3.0,4.0,2.0,2.0,3.0,1.0,2.0,1.0,1.0,2.0,2.0,1.0,1.0,2.0,2.0,2.0,1.0,1.0,1.0,1.0,1.0,2.0,1.0,2.0,2.0,4.0,2.0,2.0,4.0,2.0,2.0,4.0,4.0,4.0,4.0,1.0,1.0,1.0,1.0,1.0,3.0,1.0,1.0,3.0,5.0,1.0,1.0,1.0,2.0,3.0,2.0,2.0,4.0,2.0,2.0,1.0,2.0,2.0,3.0,2.0,2.0,1.0,1.0,1.0,1.0,1.0,1.0,1.0,1.0,3.0,1.0,1.0,1.0,1.0,1.0,1.0,1.0,2.0,1.0,0.0,0.0,0.0,0.0,0.0,0.0,0.0,0.0,0.0,0.0,0.0,3.0,6.0,2.0,2.0,3.0,1.0,10.0,4.0,4.0,4.0,4.0,4.0,2.0,4.0,6.0,4.0,0.0,0.0,0.0,2.0,2.0,2.0,0.0,0.0,2.0,2.0,4.0,2.0,4.0,4.0,4.0,4.0,4.0,2.0,2.0,2.0,4.0,4.0,2.0,2.0,1.0,1.0,1.0,1.0,2.0,1.0,1.0,1.0,4.0,6.0,4.0,7.0,10.0,1.0,2.0,2.0,2.0,3.0,3.0,7.0,8.0,1.0,2.0,2.0,3.0,10.0,10.0,10.0,10.0,10.0,10.0,10.0,10.0,10.0,10.0,10.0,10.0,10.0,10.0,10.0,1.0,10.0,1.0,10.0,1.0,1.0,1.0,4.0,3.0,4.0,1.0,1.0,5.0,5.0,5.0,5.0,4.0,1.0,1.0,1.0,1.0,3.0,1.0,2.0,3.0,2.0,3.0,3.0,3.0,1.0,1.0,1.0,4.0,4.0,4.0,4.0,1.0,4.0,4.0,1.0,4.0,1.0,,1.0,4.0,4.0,1.0,4.0,,1.0,1.0,10.0,10.0,1.0,10.0,10.0,10.0,10.0,9.0,8.0,8.0,3.0,1.0,1.0,1.0,1.0,4.0,4.0
586070880,1.0,2.0,2.0,3.0,2.0,1.0,2.0,1.0,1.0,2.0,2.0,1.0,2.0,2.0,2.0,2.0,2.0,1.0,2.0,1.0,2.0,2.0,2.0,2.0,1.0,2.0,2.0,3.0,2.0,3.0,1.0,2.0,2.0,3.0,3.0,1.0,3.0,4.0,3.0,2.0,2.0,1.0,1.0,2.0,2.0,2.0,6.0,8.0,7.0,4.0,4.0,4.0,4.0,4.0,1.0,2.0,1.0,1.0,2.0,4.0,2.0,2.0,1.0,1.0,2.0,2.0,4.0,4.0,2.0,2.0,4.0,4.0,,2.0,2.0,2.0,2.0,,2.0,,0.0,0.0,0.0,0.0,0.0,0.0,0.0,0.0,0.0,0.0,1.0,5.0,5.0,2.0,5.0,5.0,1.0,9.0,3.0,2.0,2.0,3.0,3.0,2.0,4.0,8.0,4.0,0.0,2.0,2.0,2.0,2.0,2.0,2.0,2.0,2.0,2.0,3.0,3.0,4.0,3.0,4.0,3.0,3.0,1.0,1.0,2.0,1.0,1.0,2.0,2.0,2.0,1.0,1.0,1.0,1.0,1.0,6.0,6.0,6.0,6.0,6.0,8.0,9.0,1.0,1.0,1.0,1.0,1.0,2.0,2.0,1.0,1.0,2.0,1.0,7.0,8.0,3.0,5.0,5.0,7.0,4.0,4.0,5.0,6.0,3.0,4.0,6.0,6.0,7.0,6.0,8.0,7.0,7.0,7.0,1.0,,,2.0,2.0,5.0,1.0,5.0,2.0,5.0,5.0,5.0,1.0,3.0,3.0,,3.0,3.0,3.0,3.0,3.0,3.0,3.0,3.0,,3.0,,2.0,3.0,3.0,2.0,3.0,2.0,2.0,3.0,2.0,2.0,2.0,2.0,2.0,2.0,2.0,2.0,3.0,,5.0,5.0,6.0,8.0,7.0,5.0,5.0,8.0,5.0,6.0,2.0,4.0,3.0,1.0,1.0,1.0,1.0,2.0,2.0
462070031,1.0,1.0,2.0,4.0,1.0,1.0,1.0,2.0,1.0,2.0,2.0,2.0,1.0,2.0,1.0,2.0,1.0,1.0,2.0,2.0,2.0,1.0,2.0,1.0,1.0,2.0,1.0,3.0,3.0,4.0,3.0,3.0,5.0,1.0,5.0,5.0,5.0,1.0,2.0,5.0,4.0,3.0,1.0,2.0,2.0,3.0,5.0,5.0,6.0,3.0,4.0,1.0,2.0,4.0,1.0,2.0,2.0,2.0,2.0,4.0,4.0,4.0,2.0,2.0,3.0,3.0,3.0,2.0,2.0,3.0,4.0,4.0,3.0,3.0,4.0,3.0,2.0,3.0,4.0,2.0,0.0,0.0,0.0,0.0,0.0,0.0,0.0,0.0,0.0,0.0,0.0,4.0,5.0,5.0,5.0,1.0,1.0,10.0,3.0,3.0,2.0,2.0,2.0,1.0,3.0,5.0,1.0,0.0,1.0,2.0,2.0,1.0,2.0,2.0,2.0,3.0,3.0,3.0,4.0,4.0,4.0,4.0,4.0,4.0,2.0,2.0,2.0,3.0,3.0,2.0,2.0,,1.0,2.0,1.0,1.0,1.0,5.0,6.0,2.0,5.0,2.0,6.0,10.0,1.0,1.0,1.0,1.0,1.0,1.0,5.0,1.0,2.0,2.0,1.0,5.0,2.0,7.0,1.0,1.0,1.0,1.0,1.0,1.0,6.0,1.0,1.0,1.0,1.0,4.0,1.0,1.0,1.0,1.0,10.0,2.0,2.0,1.0,3.0,2.0,5.0,2.0,5.0,1.0,1.0,1.0,1.0,5.0,2.0,2.0,2.0,2.0,3.0,2.0,2.0,2.0,2.0,2.0,2.0,2.0,1.0,1.0,2.0,2.0,2.0,2.0,2.0,3.0,2.0,2.0,2.0,2.0,1.0,3.0,3.0,3.0,3.0,2.0,2.0,6.0,5.0,1.0,10.0,,5.0,5.0,10.0,5.0,5.0,5.0,4.0,4.0,2.0,2.0,1.0,1.0,1.0,1.0,1.0
608070387,1.0,2.0,3.0,1.0,1.0,1.0,2.0,1.0,1.0,1.0,2.0,2.0,2.0,2.0,1.0,2.0,1.0,1.0,2.0,1.0,2.0,2.0,2.0,1.0,2.0,2.0,2.0,3.0,1.0,3.0,3.0,1.0,3.0,2.0,4.0,3.0,2.0,2.0,3.0,2.0,2.0,3.0,1.0,1.0,2.0,3.0,7.0,8.0,8.0,3.0,4.0,4.0,4.0,4.0,2.0,2.0,1.0,3.0,3.0,4.0,3.0,4.0,1.0,1.0,1.0,2.0,2.0,3.0,3.0,3.0,3.0,3.0,2.0,3.0,3.0,3.0,3.0,2.0,2.0,2.0,2.0,2.0,2.0,2.0,1.0,0.0,0.0,1.0,0.0,0.0,1.0,2.0,8.0,5.0,8.0,2.0,2.0,7.0,3.0,2.0,3.0,3.0,3.0,2.0,3.0,8.0,3.0,2.0,0.0,2.0,2.0,2.0,0.0,0.0,2.0,3.0,3.0,3.0,2.0,3.0,3.0,4.0,3.0,4.0,2.0,2.0,2.0,2.0,2.0,1.0,2.0,2.0,2.0,2.0,2.0,2.0,1.0,7.0,5.0,5.0,3.0,5.0,5.0,8.0,1.0,1.0,2.0,1.0,2.0,3.0,2.0,1.0,1.0,2.0,2.0,6.0,2.0,3.0,1.0,1.0,1.0,4.0,3.0,1.0,5.0,5.0,1.0,1.0,1.0,1.0,3.0,5.0,5.0,3.0,3.0,1.0,2.0,4.0,2.0,2.0,1.0,1.0,2.0,2.0,2.0,2.0,1.0,2.0,3.0,3.0,3.0,3.0,2.0,2.0,3.0,2.0,3.0,3.0,3.0,2.0,2.0,2.0,2.0,3.0,3.0,2.0,1.0,2.0,1.0,3.0,1.0,2.0,2.0,3.0,2.0,3.0,3.0,2.0,2.0,8.0,8.0,5.0,5.0,5.0,1.0,5.0,5.0,5.0,5.0,7.0,5.0,6.0,1.0,2.0,2.0,1.0,2.0,3.0,4.0
702071668,1.0,2.0,2.0,1.0,1.0,1.0,1.0,2.0,2.0,1.0,1.0,1.0,2.0,2.0,1.0,2.0,2.0,2.0,2.0,2.0,2.0,2.0,2.0,1.0,2.0,2.0,1.0,2.0,3.0,4.0,4.0,2.0,3.0,1.0,4.0,3.0,1.0,1.0,2.0,1.0,4.0,1.0,2.0,1.0,2.0,3.0,7.0,7.0,4.0,2.0,4.0,2.0,3.0,4.0,2.0,2.0,1.0,2.0,1.0,2.0,2.0,2.0,2.0,1.0,3.0,3.0,2.0,1.0,1.0,1.0,2.0,2.0,1.0,2.0,3.0,3.0,3.0,2.0,2.0,2.0,2.0,0.0,1.0,0.0,0.0,0.0,0.0,1.0,0.0,1.0,0.0,2.0,6.0,2.0,4.0,2.0,1.0,5.0,2.0,3.0,,2.0,3.0,1.0,4.0,10.0,5.0,2.0,0.0,0.0,0.0,2.0,2.0,2.0,2.0,3.0,2.0,3.0,1.0,3.0,2.0,4.0,3.0,3.0,1.0,1.0,,1.0,,2.0,1.0,1.0,1.0,1.0,1.0,2.0,1.0,6.0,7.0,9.0,4.0,1.0,6.0,10.0,1.0,1.0,1.0,1.0,1.0,2.0,1.0,2.0,1.0,2.0,2.0,3.0,1.0,2.0,1.0,1.0,1.0,1.0,1.0,2.0,3.0,1.0,1.0,4.0,1.0,1.0,1.0,1.0,1.0,1.0,3.0,2.0,3.0,4.0,2.0,2.0,1.0,1.0,2.0,1.0,2.0,1.0,1.0,1.0,1.0,3.0,2.0,2.0,3.0,3.0,2.0,2.0,1.0,2.0,3.0,3.0,,1.0,1.0,1.0,1.0,3.0,3.0,2.0,2.0,4.0,2.0,1.0,1.0,1.0,2.0,2.0,4.0,1.0,4.0,4.0,7.0,1.0,10.0,4.0,1.0,7.0,8.0,7.0,10.0,9.0,5.0,6.0,2.0,1.0,,,2.0,3.0,3.0
392070452,1.0,1.0,1.0,1.0,2.0,1.0,1.0,1.0,2.0,1.0,2.0,1.0,2.0,2.0,1.0,2.0,2.0,1.0,2.0,1.0,2.0,2.0,2.0,1.0,2.0,2.0,2.0,,3.0,3.0,3.0,2.0,2.0,2.0,3.0,2.0,3.0,2.0,1.0,3.0,4.0,3.0,1.0,3.0,2.0,2.0,7.0,6.0,8.0,1.0,3.0,4.0,4.0,4.0,1.0,1.0,1.0,2.0,1.0,,,2.0,2.0,2.0,2.0,2.0,,2.0,2.0,3.0,3.0,3.0,3.0,3.0,3.0,3.0,2.0,3.0,3.0,3.0,2.0,2.0,0.0,0.0,0.0,0.0,0.0,0.0,0.0,0.0,0.0,5.0,4.0,3.0,10.0,3.0,,6.0,2.0,2.0,2.0,2.0,2.0,1.0,3.0,5.0,3.0,1.0,2.0,1.0,1.0,1.0,1.0,2.0,2.0,2.0,3.0,4.0,3.0,4.0,4.0,4.0,3.0,4.0,1.0,1.0,,3.0,1.0,2.0,2.0,1.0,1.0,4.0,2.0,2.0,2.0,6.0,6.0,6.0,7.0,6.0,4.0,7.0,1.0,1.0,,,3.0,,2.0,2.0,1.0,2.0,2.0,5.0,1.0,1.0,1.0,1.0,1.0,8.0,1.0,3.0,5.0,6.0,1.0,5.0,1.0,1.0,1.0,1.0,1.0,1.0,6.0,2.0,3.0,3.0,2.0,2.0,1.0,1.0,1.0,1.0,2.0,5.0,5.0,2.0,1.0,2.0,,,1.0,1.0,1.0,1.0,,,,,1.0,1.0,,4.0,3.0,3.0,2.0,2.0,3.0,4.0,1.0,1.0,1.0,3.0,2.0,,4.0,1.0,4.0,6.0,7.0,1.0,9.0,5.0,1.0,2.0,2.0,1.0,10.0,10.0,8.0,6.0,2.0,1.0,1.0,1.0,1.0,2.0,3.0
76070206,2.0,2.0,2.0,3.0,2.0,1.0,1.0,2.0,1.0,1.0,2.0,1.0,2.0,2.0,1.0,2.0,2.0,1.0,2.0,1.0,2.0,2.0,2.0,1.0,2.0,2.0,1.0,1.0,1.0,4.0,3.0,3.0,4.0,4.0,2.0,2.0,2.0,2.0,2.0,2.0,2.0,3.0,3.0,3.0,3.0,3.0,1.0,8.0,1.0,2.0,2.0,2.0,2.0,2.0,1.0,2.0,3.0,4.0,3.0,3.0,3.0,4.0,1.0,4.0,3.0,3.0,3.0,3.0,3.0,3.0,2.0,3.0,3.0,4.0,3.0,3.0,3.0,3.0,3.0,3.0,2.0,0.0,0.0,1.0,0.0,0.0,0.0,0.0,0.0,0.0,2.0,1.0,10.0,1.0,1.0,1.0,1.0,10.0,4.0,2.0,3.0,2.0,2.0,2.0,4.0,10.0,3.0,0.0,1.0,2.0,1.0,2.0,2.0,2.0,0.0,1.0,3.0,2.0,1.0,4.0,4.0,4.0,3.0,4.0,1.0,1.0,2.0,2.0,,2.0,2.0,2.0,2.0,2.0,1.0,2.0,1.0,1.0,1.0,1.0,1.0,1.0,1.0,10.0,1.0,1.0,1.0,1.0,3.0,3.0,1.0,2.0,1.0,2.0,2.0,1.0,1.0,7.0,1.0,1.0,1.0,1.0,1.0,1.0,1.0,1.0,1.0,1.0,1.0,1.0,1.0,1.0,1.0,1.0,1.0,4.0,4.0,4.0,4.0,2.0,5.0,4.0,2.0,5.0,5.0,5.0,5.0,2.0,2.0,2.0,3.0,3.0,3.0,2.0,3.0,3.0,,,,,1.0,1.0,2.0,,,4.0,2.0,3.0,2.0,2.0,,1.0,2.0,5.0,3.0,3.0,3.0,1.0,1.0,1.0,5.0,5.0,5.0,5.0,5.0,5.0,10.0,10.0,1.0,10.0,1.0,1.0,4.0,1.0,2.0,3.0,4.0,4.0,4.0
604070314,1.0,1.0,1.0,1.0,1.0,1.0,1.0,2.0,2.0,1.0,2.0,1.0,1.0,2.0,2.0,1.0,2.0,2.0,2.0,2.0,2.0,2.0,2.0,2.0,2.0,2.0,2.0,2.0,3.0,3.0,3.0,3.0,4.0,1.0,4.0,4.0,2.0,1.0,2.0,2.0,3.0,3.0,2.0,1.0,3.0,3.0,10.0,10.0,8.0,4.0,1.0,3.0,3.0,4.0,3.0,2.0,1.0,3.0,4.0,4.0,4.0,4.0,1.0,1.0,2.0,2.0,2.0,1.0,1.0,1.0,1.0,1.0,2.0,1.0,1.0,1.0,1.0,1.0,1.0,1.0,0.0,0.0,0.0,0.0,0.0,0.0,0.0,0.0,0.0,0.0,0.0,10.0,5.0,10.0,5.0,1.0,2.0,10.0,2.0,2.0,2.0,2.0,2.0,3.0,2.0,1.0,3.0,2.0,2.0,2.0,0.0,0.0,2.0,2.0,2.0,2.0,3.0,3.0,4.0,4.0,4.0,3.0,3.0,4.0,1.0,1.0,2.0,1.0,1.0,2.0,2.0,2.0,2.0,2.0,2.0,1.0,1.0,7.0,7.0,3.0,3.0,5.0,10.0,10.0,1.0,2.0,2.0,2.0,2.0,2.0,4.0,2.0,1.0,2.0,2.0,2.0,1.0,1.0,1.0,1.0,1.0,1.0,1.0,1.0,1.0,5.0,1.0,1.0,1.0,1.0,1.0,1.0,1.0,1.0,5.0,2.0,4.0,4.0,3.0,2.0,2.0,1.0,5.0,5.0,5.0,5.0,5.0,1.0,2.0,3.0,3.0,3.0,2.0,3.0,3.0,3.0,3.0,3.0,3.0,3.0,1.0,1.0,4.0,3.0,2.0,2.0,4.0,4.0,1.0,3.0,3.0,2.0,1.0,4.0,2.0,2.0,4.0,1.0,2.0,5.0,5.0,1.0,10.0,1.0,1.0,10.0,5.0,10.0,10.0,10.0,7.0,4.0,3.0,1.0,1.0,2.0,2.0,2.0,2.0
50070641,1.0,2.0,3.0,4.0,1.0,1.0,1.0,2.0,2.0,1.0,2.0,1.0,2.0,2.0,1.0,2.0,1.0,1.0,2.0,1.0,1.0,1.0,2.0,1.0,1.0,1.0,1.0,1.0,4.0,4.0,3.0,4.0,2.0,3.0,1.0,5.0,1.0,1.0,1.0,1.0,1.0,3.0,1.0,1.0,2.0,3.0,6.0,8.0,8.0,3.0,4.0,2.0,2.0,4.0,3.0,2.0,1.0,2.0,2.0,4.0,3.0,3.0,1.0,2.0,2.0,2.0,3.0,4.0,2.0,2.0,4.0,3.0,3.0,2.0,2.0,4.0,2.0,3.0,2.0,3.0,0.0,0.0,0.0,0.0,0.0,0.0,0.0,0.0,0.0,0.0,0.0,2.0,3.0,9.0,2.0,2.0,2.0,8.0,3.0,2.0,2.0,3.0,3.0,3.0,2.0,4.0,4.0,1.0,0.0,0.0,1.0,1.0,2.0,2.0,1.0,2.0,1.0,3.0,3.0,4.0,4.0,4.0,4.0,4.0,1.0,1.0,2.0,2.0,2.0,2.0,2.0,1.0,1.0,2.0,1.0,2.0,2.0,9.0,9.0,9.0,10.0,1.0,10.0,10.0,1.0,1.0,1.0,1.0,1.0,1.0,6.0,7.0,1.0,1.0,1.0,8.0,1.0,1.0,1.0,1.0,1.0,1.0,1.0,2.0,1.0,1.0,1.0,1.0,2.0,1.0,1.0,1.0,1.0,1.0,1.0,1.0,3.0,3.0,4.0,3.0,5.0,2.0,5.0,5.0,5.0,5.0,5.0,2.0,3.0,3.0,3.0,3.0,3.0,3.0,3.0,3.0,3.0,3.0,3.0,3.0,1.0,1.0,3.0,2.0,2.0,3.0,3.0,3.0,3.0,3.0,1.0,1.0,2.0,3.0,4.0,4.0,3.0,2.0,4.0,7.0,10.0,10.0,9.0,10.0,10.0,10.0,10.0,9.0,8.0,8.0,2.0,1.0,1.0,1.0,1.0,1.0,1.0,3.0,3.0
704070028,2.0,3.0,3.0,3.0,2.0,3.0,1.0,1.0,1.0,2.0,1.0,2.0,2.0,1.0,2.0,2.0,2.0,1.0,2.0,1.0,2.0,1.0,1.0,1.0,1.0,2.0,1.0,2.0,1.0,4.0,1.0,1.0,4.0,4.0,4.0,4.0,1.0,5.0,1.0,1.0,1.0,1.0,1.0,1.0,1.0,1.0,10.0,10.0,10.0,4.0,3.0,3.0,2.0,4.0,1.0,1.0,1.0,2.0,1.0,2.0,3.0,3.0,3.0,1.0,1.0,1.0,1.0,1.0,1.0,1.0,1.0,1.0,3.0,2.0,1.0,1.0,1.0,3.0,2.0,1.0,1.0,0.0,0.0,0.0,0.0,0.0,0.0,0.0,0.0,1.0,0.0,10.0,10.0,10.0,10.0,1.0,1.0,10.0,2.0,2.0,2.0,2.0,1.0,2.0,2.0,5.0,3.0,2.0,2.0,0.0,2.0,0.0,2.0,0.0,1.0,2.0,2.0,4.0,3.0,3.0,3.0,3.0,4.0,4.0,1.0,1.0,2.0,1.0,1.0,1.0,2.0,1.0,2.0,1.0,1.0,1.0,1.0,6.0,6.0,5.0,5.0,3.0,5.0,5.0,2.0,2.0,2.0,2.0,3.0,2.0,4.0,2.0,1.0,2.0,2.0,7.0,10.0,1.0,1.0,1.0,1.0,10.0,1.0,1.0,10.0,10.0,10.0,1.0,1.0,10.0,10.0,1.0,10.0,1.0,10.0,1.0,1.0,2.0,4.0,3.0,1.0,4.0,4.0,1.0,4.0,1.0,1.0,3.0,3.0,3.0,3.0,3.0,3.0,2.0,3.0,2.0,3.0,3.0,,,3.0,3.0,2.0,3.0,3.0,3.0,2.0,2.0,3.0,3.0,4.0,2.0,2.0,3.0,2.0,3.0,1.0,2.0,2.0,,5.0,5.0,8.0,5.0,5.0,5.0,5.0,5.0,5.0,5.0,5.0,1.0,3.0,3.0,2.0,2.0,2.0,3.0,3.0
586071583,1.0,2.0,3.0,4.0,2.0,1.0,1.0,2.0,2.0,2.0,2.0,2.0,2.0,2.0,2.0,2.0,2.0,1.0,2.0,2.0,2.0,2.0,2.0,2.0,2.0,2.0,1.0,2.0,1.0,2.0,3.0,3.0,1.0,1.0,5.0,5.0,2.0,2.0,2.0,3.0,4.0,1.0,3.0,3.0,3.0,1.0,9.0,7.0,8.0,2.0,4.0,2.0,3.0,4.0,3.0,1.0,1.0,3.0,2.0,2.0,4.0,4.0,1.0,2.0,2.0,2.0,3.0,3.0,1.0,3.0,3.0,3.0,2.0,2.0,2.0,4.0,2.0,2.0,2.0,2.0,1.0,1.0,1.0,1.0,1.0,1.0,1.0,1.0,1.0,1.0,1.0,8.0,7.0,8.0,8.0,8.0,2.0,9.0,3.0,2.0,3.0,3.0,2.0,2.0,2.0,9.0,5.0,2.0,1.0,1.0,1.0,,0.0,,,3.0,1.0,4.0,4.0,4.0,4.0,4.0,4.0,4.0,2.0,2.0,2.0,,3.0,2.0,2.0,1.0,2.0,2.0,,,1.0,9.0,9.0,7.0,8.0,6.0,6.0,10.0,1.0,1.0,1.0,1.0,1.0,1.0,4.0,1.0,1.0,1.0,1.0,9.0,8.0,3.0,1.0,1.0,3.0,2.0,1.0,1.0,1.0,1.0,1.0,1.0,4.0,4.0,2.0,3.0,2.0,1.0,2.0,2.0,2.0,2.0,4.0,2.0,,2.0,5.0,3.0,5.0,5.0,5.0,4.0,,3.0,3.0,3.0,3.0,3.0,3.0,3.0,3.0,3.0,3.0,3.0,3.0,1.0,1.0,4.0,3.0,4.0,4.0,1.0,3.0,4.0,2.0,3.0,2.0,2.0,1.0,4.0,1.0,1.0,1.0,,9.0,7.0,7.0,8.0,10.0,9.0,7.0,8.0,6.0,10.0,9.0,9.0,2.0,1.0,1.0,2.0,1.0,1.0,2.0
458071070,1.0,1.0,1.0,3.0,1.0,1.0,1.0,1.0,1.0,2.0,2.0,1.0,2.0,2.0,2.0,1.0,2.0,1.0,2.0,2.0,2.0,1.0,2.0,1.0,2.0,2.0,1.0,3.0,2.0,1.0,3.0,1.0,4.0,1.0,2.0,3.0,4.0,1.0,1.0,1.0,1.0,2.0,2.0,1.0,2.0,3.0,8.0,8.0,4.0,4.0,3.0,4.0,3.0,4.0,3.0,2.0,1.0,2.0,1.0,3.0,2.0,3.0,1.0,2.0,2.0,2.0,2.0,2.0,2.0,2.0,2.0,2.0,2.0,2.0,2.0,2.0,2.0,2.0,2.0,2.0,2.0,2.0,1.0,1.0,2.0,2.0,1.0,1.0,1.0,1.0,1.0,6.0,7.0,7.0,7.0,6.0,2.0,7.0,2.0,1.0,3.0,2.0,2.0,1.0,2.0,7.0,3.0,1.0,1.0,0.0,2.0,1.0,0.0,2.0,1.0,2.0,2.0,1.0,3.0,2.0,2.0,1.0,2.0,3.0,1.0,1.0,2.0,1.0,1.0,1.0,2.0,1.0,2.0,1.0,1.0,1.0,1.0,7.0,5.0,6.0,6.0,10.0,6.0,5.0,1.0,1.0,1.0,1.0,2.0,3.0,2.0,3.0,2.0,2.0,2.0,5.0,3.0,6.0,4.0,4.0,7.0,4.0,6.0,4.0,2.0,6.0,4.0,6.0,5.0,4.0,4.0,4.0,4.0,4.0,3.0,2.0,1.0,2.0,2.0,2.0,2.0,4.0,3.0,3.0,3.0,3.0,3.0,3.0,2.0,1.0,1.0,2.0,1.0,2.0,2.0,2.0,3.0,2.0,1.0,2.0,2.0,2.0,1.0,2.0,3.0,3.0,2.0,1.0,3.0,4.0,3.0,2.0,2.0,3.0,1.0,2.0,2.0,2.0,2.0,6.0,3.0,8.0,3.0,6.0,7.0,8.0,7.0,8.0,9.0,7.0,8.0,6.0,2.0,3.0,1.0,1.0,2.0,2.0,2.0
203070520,1.0,1.0,1.0,4.0,1.0,3.0,1.0,2.0,2.0,2.0,2.0,1.0,1.0,1.0,2.0,2.0,1.0,1.0,2.0,2.0,1.0,2.0,2.0,1.0,2.0,2.0,3.0,4.0,2.0,4.0,4.0,3.0,1.0,1.0,2.0,1.0,5.0,2.0,2.0,4.0,2.0,1.0,2.0,1.0,2.0,2.0,7.0,7.0,7.0,4.0,4.0,4.0,4.0,4.0,2.0,2.0,1.0,2.0,2.0,3.0,2.0,2.0,3.0,,3.0,3.0,2.0,2.0,2.0,4.0,4.0,4.0,3.0,2.0,3.0,2.0,2.0,2.0,2.0,3.0,0.0,0.0,0.0,0.0,0.0,0.0,0.0,0.0,0.0,0.0,0.0,8.0,5.0,6.0,4.0,7.0,1.0,8.0,2.0,2.0,1.0,2.0,2.0,2.0,4.0,6.0,4.0,2.0,0.0,2.0,1.0,1.0,0.0,2.0,2.0,2.0,3.0,3.0,3.0,4.0,4.0,4.0,4.0,4.0,1.0,1.0,2.0,2.0,3.0,2.0,2.0,1.0,2.0,3.0,1.0,2.0,,9.0,9.0,4.0,6.0,7.0,6.0,1.0,2.0,2.0,2.0,2.0,,2.0,7.0,8.0,2.0,1.0,1.0,9.0,1.0,1.0,1.0,3.0,9.0,10.0,8.0,9.0,10.0,10.0,5.0,9.0,1.0,6.0,1.0,1.0,8.0,1.0,10.0,3.0,4.0,4.0,4.0,3.0,4.0,3.0,2.0,1.0,5.0,2.0,1.0,1.0,2.0,3.0,3.0,3.0,3.0,3.0,3.0,3.0,3.0,2.0,3.0,3.0,2.0,3.0,3.0,,,2.0,,,,4.0,1.0,3.0,3.0,5.0,,,,,,,5.0,5.0,5.0,5.0,5.0,5.0,5.0,5.0,5.0,5.0,5.0,1.0,3.0,3.0,1.0,1.0,2.0,2.0,2.0
818070429,1.0,1.0,1.0,3.0,1.0,1.0,1.0,2.0,1.0,2.0,2.0,1.0,2.0,2.0,2.0,1.0,1.0,1.0,2.0,2.0,2.0,1.0,2.0,1.0,,2.0,1.0,1.0,1.0,3.0,2.0,1.0,1.0,1.0,2.0,,2.0,1.0,2.0,1.0,2.0,3.0,1.0,3.0,3.0,3.0,3.0,1.0,3.0,4.0,4.0,4.0,4.0,4.0,3.0,2.0,1.0,1.0,1.0,3.0,2.0,3.0,2.0,,4.0,4.0,4.0,,,,4.0,4.0,3.0,3.0,,3.0,3.0,4.0,4.0,3.0,0.0,0.0,0.0,0.0,0.0,0.0,0.0,0.0,0.0,0.0,0.0,4.0,10.0,1.0,1.0,10.0,2.0,10.0,,,,,,,5.0,1.0,1.0,2.0,0.0,0.0,0.0,2.0,0.0,2.0,2.0,4.0,1.0,4.0,4.0,,4.0,3.0,2.0,,2.0,2.0,,1.0,2.0,2.0,2.0,,,,2.0,2.0,1.0,10.0,10.0,6.0,6.0,1.0,10.0,10.0,,1.0,1.0,1.0,1.0,,2.0,3.0,2.0,2.0,2.0,1.0,1.0,1.0,1.0,1.0,1.0,,,1.0,6.0,,1.0,2.0,4.0,7.0,1.0,1.0,,1.0,7.0,,,,3.0,2.0,5.0,2.0,3.0,5.0,5.0,5.0,1.0,3.0,3.0,3.0,3.0,3.0,3.0,2.0,3.0,3.0,,,,,1.0,1.0,4.0,2.0,,2.0,4.0,4.0,1.0,4.0,4.0,4.0,1.0,5.0,4.0,3.0,,1.0,3.0,,8.0,7.0,10.0,6.0,,10.0,8.0,4.0,4.0,10.0,1.0,,4.0,1.0,1.0,1.0,1.0,2.0,2.0
764070094,1.0,2.0,3.0,4.0,1.0,3.0,2.0,1.0,2.0,2.0,1.0,1.0,2.0,1.0,1.0,2.0,2.0,1.0,2.0,1.0,1.0,2.0,2.0,1.0,2.0,2.0,2.0,4.0,3.0,4.0,3.0,4.0,5.0,1.0,5.0,4.0,5.0,1.0,4.0,5.0,1.0,3.0,3.0,3.0,4.0,3.0,1.0,1.0,1.0,3.0,4.0,3.0,1.0,4.0,3.0,2.0,1.0,2.0,2.0,4.0,2.0,3.0,2.0,2.0,2.0,2.0,2.0,2.0,2.0,2.0,2.0,2.0,2.0,2.0,2.0,2.0,2.0,2.0,2.0,2.0,0.0,0.0,0.0,0.0,0.0,0.0,0.0,0.0,0.0,0.0,0.0,1.0,1.0,1.0,1.0,5.0,1.0,6.0,2.0,2.0,2.0,2.0,2.0,1.0,2.0,5.0,2.0,0.0,0.0,2.0,0.0,2.0,0.0,2.0,2.0,3.0,3.0,4.0,1.0,4.0,4.0,2.0,4.0,4.0,1.0,1.0,2.0,1.0,1.0,2.0,2.0,4.0,4.0,4.0,2.0,2.0,1.0,6.0,6.0,6.0,6.0,6.0,6.0,5.0,1.0,1.0,1.0,1.0,3.0,3.0,6.0,7.0,2.0,2.0,2.0,6.0,1.0,1.0,1.0,1.0,1.0,6.0,1.0,1.0,6.0,6.0,1.0,1.0,1.0,1.0,1.0,1.0,1.0,1.0,10.0,1.0,4.0,4.0,4.0,3.0,2.0,1.0,1.0,1.0,5.0,1.0,1.0,1.0,2.0,2.0,2.0,2.0,2.0,2.0,2.0,2.0,2.0,2.0,2.0,2.0,2.0,2.0,1.0,,,,1.0,1.0,,,1.0,1.0,3.0,,2.0,2.0,3.0,2.0,2.0,5.0,10.0,1.0,10.0,10.0,1.0,1.0,10.0,1.0,10.0,10.0,5.0,5.0,2.0,2.0,2.0,4.0,4.0,4.0,4.0
604070424,1.0,3.0,2.0,2.0,1.0,2.0,1.0,2.0,1.0,1.0,2.0,1.0,2.0,2.0,2.0,1.0,2.0,1.0,1.0,1.0,1.0,1.0,2.0,1.0,1.0,2.0,1.0,2.0,3.0,3.0,3.0,3.0,2.0,2.0,3.0,,2.0,1.0,2.0,2.0,2.0,3.0,1.0,1.0,3.0,3.0,3.0,4.0,3.0,2.0,4.0,4.0,2.0,4.0,3.0,2.0,1.0,3.0,2.0,4.0,3.0,4.0,1.0,3.0,3.0,3.0,4.0,3.0,3.0,3.0,4.0,4.0,4.0,1.0,3.0,4.0,2.0,2.0,2.0,2.0,2.0,0.0,0.0,0.0,0.0,0.0,0.0,0.0,0.0,0.0,0.0,3.0,3.0,8.0,6.0,2.0,1.0,10.0,3.0,3.0,3.0,3.0,3.0,1.0,2.0,,3.0,2.0,0.0,2.0,2.0,2.0,0.0,2.0,2.0,4.0,2.0,4.0,3.0,4.0,3.0,4.0,3.0,3.0,2.0,1.0,2.0,2.0,1.0,2.0,2.0,2.0,2.0,2.0,2.0,2.0,2.0,7.0,5.0,4.0,4.0,4.0,4.0,8.0,1.0,1.0,1.0,1.0,3.0,2.0,3.0,2.0,1.0,2.0,2.0,4.0,6.0,,4.0,,,4.0,4.0,5.0,10.0,6.0,3.0,3.0,2.0,2.0,3.0,1.0,,,10.0,1.0,,,4.0,3.0,3.0,2.0,2.0,5.0,5.0,5.0,5.0,5.0,,,3.0,3.0,3.0,3.0,3.0,3.0,,,,,1.0,1.0,3.0,,1.0,3.0,,4.0,3.0,3.0,3.0,2.0,3.0,3.0,2.0,2.0,2.0,2.0,3.0,,,,7.0,3.0,4.0,7.0,5.0,5.0,8.0,7.0,5.0,3.0,3.0,2.0,1.0,2.0,2.0,3.0,3.0
862070240,1.0,2.0,1.0,1.0,1.0,1.0,1.0,1.0,2.0,1.0,2.0,1.0,2.0,2.0,2.0,2.0,1.0,1.0,2.0,1.0,2.0,1.0,2.0,1.0,2.0,2.0,2.0,2.0,3.0,3.0,3.0,2.0,4.0,2.0,4.0,4.0,2.0,2.0,2.0,2.0,2.0,3.0,1.0,1.0,2.0,2.0,9.0,8.0,7.0,4.0,4.0,4.0,2.0,4.0,3.0,2.0,1.0,3.0,3.0,4.0,3.0,3.0,1.0,1.0,3.0,3.0,1.0,3.0,3.0,3.0,3.0,3.0,1.0,1.0,3.0,2.0,2.0,2.0,3.0,3.0,2.0,0.0,0.0,0.0,0.0,0.0,0.0,0.0,0.0,0.0,0.0,6.0,6.0,5.0,7.0,5.0,2.0,8.0,2.0,2.0,3.0,2.0,3.0,3.0,3.0,4.0,3.0,1.0,1.0,1.0,0.0,0.0,0.0,0.0,0.0,2.0,3.0,3.0,3.0,4.0,3.0,4.0,4.0,4.0,1.0,1.0,2.0,1.0,1.0,2.0,2.0,1.0,2.0,1.0,1.0,1.0,2.0,,,,,,,10.0,1.0,2.0,2.0,2.0,2.0,2.0,1.0,1.0,1.0,1.0,2.0,9.0,1.0,1.0,1.0,1.0,1.0,1.0,1.0,1.0,1.0,1.0,1.0,1.0,1.0,1.0,1.0,1.0,1.0,1.0,1.0,4.0,4.0,4.0,4.0,3.0,5.0,1.0,1.0,4.0,4.0,4.0,4.0,1.0,3.0,1.0,1.0,3.0,3.0,3.0,2.0,2.0,3.0,3.0,3.0,2.0,1.0,1.0,3.0,3.0,1.0,1.0,3.0,3.0,1.0,1.0,1.0,2.0,1.0,5.0,4.0,4.0,4.0,1.0,3.0,8.0,1.0,2.0,5.0,6.0,6.0,2.0,1.0,4.0,7.0,8.0,2.0,2.0,3.0,1.0,1.0,1.0,1.0,1.0,2.0
703070029,1.0,1.0,1.0,4.0,1.0,4.0,2.0,2.0,1.0,1.0,2.0,1.0,1.0,1.0,2.0,2.0,2.0,1.0,1.0,2.0,1.0,2.0,2.0,1.0,2.0,1.0,1.0,2.0,1.0,3.0,1.0,3.0,1.0,1.0,2.0,5.0,5.0,3.0,1.0,2.0,5.0,1.0,1.0,1.0,3.0,3.0,5.0,5.0,3.0,4.0,4.0,4.0,4.0,4.0,2.0,2.0,1.0,2.0,3.0,4.0,4.0,4.0,3.0,3.0,4.0,4.0,3.0,3.0,3.0,4.0,4.0,4.0,3.0,3.0,4.0,4.0,4.0,4.0,4.0,4.0,1.0,0.0,0.0,0.0,0.0,0.0,0.0,0.0,0.0,0.0,0.0,1.0,6.0,3.0,5.0,10.0,2.0,10.0,2.0,2.0,2.0,2.0,4.0,2.0,5.0,4.0,1.0,2.0,0.0,2.0,2.0,2.0,0.0,2.0,2.0,4.0,4.0,3.0,2.0,4.0,4.0,4.0,4.0,4.0,1.0,2.0,2.0,1.0,2.0,2.0,2.0,1.0,1.0,1.0,2.0,2.0,2.0,5.0,4.0,8.0,10.0,6.0,5.0,3.0,1.0,1.0,2.0,2.0,4.0,1.0,6.0,8.0,1.0,2.0,2.0,1.0,10.0,10.0,1.0,6.0,7.0,10.0,5.0,7.0,10.0,10.0,5.0,8.0,1.0,3.0,1.0,1.0,10.0,1.0,6.0,4.0,4.0,4.0,2.0,1.0,2.0,2.0,4.0,1.0,1.0,1.0,1.0,1.0,1.0,1.0,1.0,1.0,2.0,2.0,2.0,1.0,1.0,1.0,2.0,3.0,1.0,1.0,3.0,4.0,1.0,1.0,4.0,3.0,2.0,4.0,2.0,1.0,1.0,5.0,2.0,1.0,4.0,3.0,4.0,4.0,6.0,1.0,10.0,10.0,6.0,10.0,10.0,1.0,10.0,5.0,1.0,1.0,4.0,1.0,1.0,1.0,1.0,3.0,3.0
804070850,1.0,2.0,1.0,4.0,2.0,2.0,1.0,2.0,1.0,2.0,2.0,2.0,2.0,2.0,2.0,1.0,1.0,2.0,1.0,2.0,2.0,2.0,1.0,2.0,1.0,1.0,2.0,2.0,3.0,3.0,3.0,2.0,4.0,2.0,2.0,4.0,3.0,2.0,2.0,3.0,3.0,1.0,1.0,,2.0,2.0,10.0,5.0,5.0,4.0,4.0,4.0,4.0,4.0,1.0,1.0,1.0,2.0,2.0,3.0,3.0,3.0,2.0,2.0,4.0,4.0,4.0,4.0,4.0,4.0,4.0,4.0,4.0,4.0,4.0,4.0,4.0,4.0,4.0,4.0,0.0,0.0,0.0,0.0,0.0,0.0,0.0,0.0,0.0,0.0,0.0,10.0,7.0,5.0,1.0,10.0,1.0,10.0,4.0,4.0,4.0,4.0,4.0,2.0,4.0,6.0,3.0,2.0,2.0,1.0,1.0,0.0,2.0,0.0,1.0,3.0,2.0,3.0,4.0,4.0,,4.0,4.0,4.0,1.0,1.0,2.0,1.0,2.0,2.0,2.0,1.0,1.0,1.0,1.0,2.0,1.0,5.0,6.0,5.0,5.0,6.0,5.0,7.0,1.0,,,,2.0,,4.0,4.0,1.0,,,6.0,1.0,1.0,1.0,1.0,1.0,1.0,1.0,1.0,1.0,5.0,1.0,,1.0,1.0,1.0,1.0,,1.0,,4.0,4.0,4.0,4.0,2.0,5.0,4.0,3.0,2.0,2.0,2.0,2.0,,3.0,3.0,3.0,3.0,3.0,3.0,3.0,3.0,3.0,3.0,3.0,3.0,1.0,1.0,4.0,1.0,1.0,1.0,2.0,4.0,1.0,,4.0,4.0,1.0,4.0,4.0,4.0,3.0,1.0,4.0,5.0,10.0,10.0,5.0,10.0,6.0,10.0,6.0,6.0,10.0,10.0,4.0,4.0,3.0,1.0,1.0,1.0,1.0,4.0,4.0
704070975,1.0,3.0,2.0,3.0,2.0,3.0,2.0,1.0,2.0,2.0,2.0,1.0,2.0,1.0,2.0,1.0,1.0,1.0,2.0,1.0,2.0,1.0,2.0,1.0,1.0,2.0,1.0,2.0,3.0,3.0,2.0,3.0,4.0,1.0,2.0,2.0,1.0,1.0,1.0,1.0,4.0,1.0,2.0,2.0,1.0,3.0,10.0,10.0,10.0,4.0,3.0,3.0,4.0,4.0,3.0,2.0,1.0,3.0,4.0,4.0,3.0,3.0,2.0,2.0,2.0,2.0,2.0,2.0,2.0,2.0,2.0,2.0,2.0,2.0,2.0,2.0,2.0,1.0,2.0,3.0,0.0,0.0,0.0,0.0,0.0,0.0,0.0,0.0,0.0,0.0,0.0,10.0,1.0,10.0,1.0,1.0,1.0,10.0,3.0,2.0,3.0,3.0,2.0,3.0,4.0,10.0,5.0,2.0,2.0,2.0,2.0,2.0,2.0,0.0,2.0,2.0,4.0,2.0,1.0,3.0,4.0,4.0,4.0,4.0,1.0,1.0,2.0,3.0,1.0,2.0,2.0,1.0,1.0,1.0,1.0,2.0,1.0,10.0,10.0,1.0,10.0,1.0,10.0,1.0,2.0,2.0,2.0,2.0,4.0,4.0,6.0,7.0,1.0,2.0,2.0,10.0,1.0,1.0,1.0,1.0,1.0,1.0,1.0,1.0,1.0,1.0,1.0,10.0,1.0,1.0,1.0,10.0,1.0,1.0,10.0,4.0,4.0,4.0,2.0,2.0,5.0,1.0,5.0,1.0,3.0,1.0,1.0,1.0,3.0,3.0,3.0,3.0,1.0,3.0,3.0,3.0,3.0,3.0,,,1.0,1.0,4.0,4.0,4.0,4.0,4.0,4.0,4.0,4.0,4.0,1.0,1.0,5.0,1.0,1.0,4.0,1.0,4.0,,10.0,10.0,10.0,10.0,10.0,10.0,10.0,10.0,10.0,10.0,1.0,1.0,3.0,3.0,1.0,1.0,1.0,3.0,4.0
586071419,1.0,1.0,1.0,1.0,1.0,1.0,1.0,2.0,2.0,2.0,2.0,1.0,2.0,2.0,1.0,2.0,1.0,1.0,2.0,2.0,2.0,1.0,1.0,1.0,2.0,2.0,1.0,2.0,1.0,3.0,2.0,2.0,1.0,1.0,1.0,3.0,2.0,1.0,1.0,1.0,1.0,3.0,1.0,2.0,2.0,3.0,7.0,6.0,8.0,3.0,4.0,3.0,2.0,2.0,1.0,2.0,1.0,1.0,1.0,2.0,3.0,3.0,1.0,1.0,3.0,2.0,1.0,4.0,3.0,1.0,3.0,3.0,4.0,2.0,1.0,2.0,2.0,3.0,3.0,1.0,0.0,0.0,0.0,1.0,0.0,0.0,0.0,1.0,1.0,2.0,0.0,8.0,2.0,5.0,3.0,3.0,1.0,9.0,3.0,4.0,4.0,2.0,4.0,3.0,2.0,3.0,2.0,1.0,2.0,2.0,2.0,2.0,0.0,2.0,2.0,4.0,1.0,4.0,4.0,3.0,3.0,4.0,3.0,4.0,1.0,2.0,2.0,1.0,1.0,2.0,2.0,1.0,1.0,1.0,1.0,2.0,1.0,9.0,8.0,6.0,5.0,3.0,8.0,10.0,1.0,1.0,1.0,1.0,1.0,1.0,1.0,1.0,1.0,1.0,1.0,6.0,1.0,1.0,1.0,1.0,1.0,1.0,1.0,1.0,5.0,1.0,1.0,1.0,1.0,8.0,1.0,1.0,1.0,1.0,9.0,1.0,1.0,1.0,2.0,1.0,1.0,1.0,5.0,5.0,5.0,5.0,5.0,1.0,2.0,3.0,2.0,3.0,2.0,1.0,1.0,1.0,3.0,,3.0,3.0,1.0,1.0,1.0,1.0,3.0,1.0,1.0,2.0,1.0,3.0,1.0,1.0,1.0,3.0,2.0,2.0,3.0,1.0,,,8.0,3.0,7.0,7.0,7.0,5.0,5.0,7.0,4.0,7.0,9.0,10.0,2.0,1.0,1.0,1.0,1.0,2.0,2.0
422070511,1.0,2.0,3.0,4.0,1.0,2.0,1.0,1.0,2.0,2.0,1.0,1.0,2.0,1.0,2.0,2.0,2.0,1.0,1.0,2.0,2.0,1.0,1.0,1.0,1.0,1.0,2.0,2.0,3.0,4.0,4.0,2.0,4.0,1.0,1.0,,2.0,2.0,3.0,4.0,3.0,2.0,1.0,1.0,3.0,3.0,3.0,2.0,5.0,2.0,2.0,2.0,2.0,2.0,3.0,2.0,2.0,3.0,3.0,3.0,3.0,3.0,3.0,1.0,3.0,4.0,4.0,3.0,3.0,3.0,3.0,3.0,3.0,3.0,3.0,3.0,3.0,3.0,3.0,3.0,0.0,0.0,0.0,0.0,0.0,0.0,0.0,0.0,0.0,0.0,0.0,2.0,7.0,4.0,4.0,4.0,1.0,4.0,3.0,4.0,3.0,4.0,4.0,3.0,5.0,9.0,1.0,2.0,2.0,2.0,2.0,2.0,2.0,2.0,2.0,4.0,3.0,1.0,2.0,2.0,3.0,3.0,2.0,3.0,1.0,2.0,2.0,4.0,2.0,1.0,1.0,3.0,3.0,3.0,2.0,2.0,1.0,6.0,4.0,5.0,8.0,4.0,8.0,10.0,1.0,1.0,1.0,1.0,1.0,1.0,2.0,2.0,2.0,1.0,2.0,4.0,1.0,,1.0,1.0,1.0,1.0,,1.0,1.0,1.0,1.0,1.0,1.0,1.0,1.0,1.0,1.0,1.0,9.0,1.0,1.0,1.0,4.0,3.0,4.0,1.0,3.0,5.0,5.0,5.0,5.0,5.0,2.0,2.0,2.0,3.0,3.0,3.0,3.0,3.0,2.0,3.0,3.0,3.0,1.0,1.0,2.0,3.0,,1.0,2.0,2.0,2.0,2.0,3.0,3.0,3.0,4.0,1.0,2.0,1.0,2.0,1.0,,8.0,8.0,8.0,8.0,9.0,9.0,9.0,9.0,9.0,4.0,4.0,2.0,3.0,1.0,1.0,1.0,1.0,1.0,1.0
360072248,1.0,1.0,2.0,3.0,1.0,1.0,1.0,1.0,2.0,1.0,2.0,1.0,2.0,2.0,1.0,2.0,2.0,2.0,2.0,2.0,1.0,1.0,2.0,2.0,1.0,2.0,1.0,3.0,2.0,2.0,2.0,3.0,2.0,4.0,3.0,5.0,1.0,2.0,1.0,1.0,3.0,1.0,3.0,2.0,1.0,3.0,9.0,8.0,9.0,4.0,2.0,1.0,3.0,4.0,1.0,2.0,1.0,2.0,2.0,4.0,3.0,3.0,1.0,2.0,3.0,3.0,3.0,2.0,3.0,3.0,4.0,4.0,3.0,3.0,2.0,4.0,2.0,2.0,2.0,1.0,1.0,2.0,0.0,0.0,0.0,0.0,2.0,0.0,0.0,0.0,,9.0,5.0,1.0,10.0,6.0,1.0,9.0,2.0,3.0,1.0,2.0,1.0,1.0,2.0,9.0,3.0,2.0,2.0,0.0,2.0,0.0,2.0,0.0,2.0,3.0,1.0,3.0,1.0,4.0,4.0,3.0,4.0,4.0,1.0,2.0,2.0,1.0,,2.0,2.0,2.0,1.0,1.0,1.0,2.0,1.0,4.0,3.0,9.0,8.0,6.0,5.0,10.0,1.0,1.0,2.0,2.0,2.0,1.0,1.0,1.0,1.0,2.0,1.0,3.0,3.0,8.0,5.0,6.0,8.0,9.0,8.0,7.0,9.0,8.0,1.0,7.0,1.0,1.0,2.0,9.0,1.0,1.0,1.0,2.0,3.0,4.0,4.0,3.0,5.0,1.0,5.0,1.0,4.0,2.0,1.0,1.0,1.0,3.0,2.0,3.0,3.0,3.0,2.0,1.0,1.0,2.0,3.0,2.0,1.0,1.0,1.0,1.0,1.0,3.0,2.0,2.0,3.0,4.0,2.0,2.0,1.0,3.0,1.0,2.0,2.0,1.0,2.0,9.0,9.0,3.0,7.0,4.0,8.0,8.0,7.0,5.0,6.0,8.0,8.0,5.0,2.0,1.0,3.0,4.0,2.0,3.0,2.0
804071042,2.0,4.0,2.0,1.0,3.0,4.0,2.0,2.0,2.0,1.0,2.0,1.0,1.0,1.0,2.0,2.0,1.0,2.0,1.0,2.0,2.0,2.0,1.0,1.0,2.0,1.0,4.0,1.0,4.0,2.0,2.0,1.0,4.0,5.0,1.0,3.0,3.0,2.0,1.0,4.0,1.0,1.0,3.0,2.0,2.0,3.0,7.0,5.0,8.0,2.0,4.0,1.0,3.0,4.0,3.0,2.0,1.0,3.0,2.0,1.0,1.0,3.0,2.0,,1.0,4.0,2.0,4.0,1.0,2.0,2.0,4.0,4.0,2.0,1.0,,3.0,1.0,2.0,1.0,1.0,2.0,0.0,1.0,2.0,0.0,2.0,1.0,0.0,1.0,0.0,10.0,7.0,10.0,4.0,8.0,1.0,5.0,2.0,3.0,3.0,1.0,4.0,2.0,4.0,8.0,3.0,0.0,2.0,0.0,2.0,2.0,0.0,0.0,2.0,3.0,2.0,1.0,3.0,1.0,2.0,4.0,3.0,2.0,2.0,1.0,1.0,4.0,3.0,2.0,2.0,2.0,4.0,1.0,2.0,2.0,1.0,4.0,4.0,6.0,8.0,9.0,6.0,8.0,1.0,1.0,2.0,2.0,2.0,1.0,5.0,6.0,1.0,1.0,2.0,8.0,6.0,5.0,2.0,7.0,9.0,7.0,8.0,3.0,2.0,8.0,6.0,4.0,3.0,5.0,6.0,2.0,3.0,8.0,5.0,3.0,4.0,1.0,3.0,2.0,3.0,4.0,4.0,1.0,1.0,,4.0,3.0,2.0,,1.0,,2.0,3.0,1.0,,2.0,1.0,3.0,,3.0,1.0,2.0,4.0,1.0,3.0,4.0,1.0,3.0,,1.0,2.0,3.0,2.0,1.0,4.0,2.0,3.0,4.0,7.0,5.0,4.0,9.0,2.0,1.0,7.0,3.0,6.0,5.0,7.0,8.0,7.0,2.0,3.0,2.0,2.0,4.0,4.0,3.0
364071175,1.0,2.0,4.0,2.0,1.0,1.0,1.0,2.0,1.0,2.0,2.0,2.0,1.0,2.0,1.0,2.0,1.0,1.0,2.0,2.0,2.0,,1.0,1.0,2.0,2.0,1.0,2.0,2.0,2.0,3.0,1.0,1.0,1.0,2.0,,2.0,2.0,1.0,2.0,4.0,3.0,1.0,1.0,2.0,3.0,7.0,5.0,9.0,4.0,4.0,3.0,4.0,3.0,1.0,2.0,2.0,2.0,2.0,2.0,2.0,3.0,1.0,1.0,1.0,1.0,2.0,1.0,1.0,2.0,1.0,1.0,2.0,1.0,1.0,2.0,2.0,1.0,2.0,2.0,1.0,1.0,0.0,0.0,0.0,0.0,0.0,0.0,0.0,0.0,1.0,10.0,8.0,8.0,1.0,1.0,1.0,10.0,2.0,2.0,2.0,2.0,2.0,2.0,4.0,7.0,4.0,0.0,0.0,2.0,2.0,2.0,2.0,2.0,0.0,3.0,2.0,4.0,4.0,4.0,4.0,4.0,3.0,4.0,1.0,2.0,2.0,1.0,4.0,2.0,2.0,2.0,2.0,4.0,1.0,1.0,1.0,8.0,8.0,9.0,7.0,1.0,5.0,9.0,1.0,1.0,1.0,1.0,1.0,1.0,2.0,1.0,1.0,1.0,1.0,10.0,5.0,5.0,2.0,5.0,3.0,1.0,,2.0,2.0,1.0,1.0,5.0,1.0,2.0,2.0,1.0,,1.0,9.0,2.0,2.0,2.0,2.0,1.0,5.0,2.0,5.0,1.0,5.0,1.0,1.0,3.0,1.0,1.0,3.0,2.0,2.0,2.0,2.0,1.0,2.0,1.0,1.0,2.0,1.0,1.0,1.0,1.0,1.0,3.0,3.0,4.0,1.0,3.0,3.0,3.0,1.0,1.0,2.0,1.0,2.0,1.0,1.0,,10.0,10.0,10.0,8.0,8.0,10.0,8.0,8.0,8.0,10.0,5.0,7.0,2.0,1.0,1.0,1.0,1.0,1.0,2.0
398070481,1.0,1.0,1.0,1.0,1.0,1.0,1.0,1.0,1.0,1.0,2.0,2.0,2.0,1.0,2.0,2.0,2.0,1.0,2.0,1.0,2.0,1.0,2.0,1.0,2.0,2.0,1.0,4.0,3.0,1.0,4.0,4.0,5.0,5.0,4.0,5.0,1.0,1.0,1.0,1.0,5.0,2.0,1.0,1.0,1.0,1.0,10.0,10.0,10.0,4.0,4.0,4.0,2.0,4.0,1.0,1.0,1.0,1.0,2.0,1.0,1.0,1.0,1.0,1.0,1.0,1.0,1.0,1.0,1.0,1.0,1.0,1.0,1.0,1.0,1.0,1.0,1.0,1.0,1.0,1.0,0.0,2.0,2.0,2.0,2.0,2.0,2.0,2.0,0.0,0.0,2.0,10.0,5.0,5.0,5.0,5.0,1.0,10.0,2.0,2.0,2.0,2.0,2.0,1.0,1.0,5.0,4.0,0.0,2.0,0.0,0.0,0.0,2.0,2.0,0.0,2.0,1.0,3.0,3.0,4.0,4.0,4.0,3.0,4.0,1.0,2.0,2.0,4.0,1.0,2.0,2.0,1.0,1.0,,1.0,2.0,1.0,10.0,10.0,10.0,5.0,1.0,10.0,10.0,1.0,2.0,2.0,1.0,2.0,2.0,4.0,2.0,1.0,2.0,2.0,5.0,10.0,10.0,10.0,10.0,10.0,10.0,10.0,5.0,10.0,5.0,10.0,10.0,5.0,1.0,5.0,5.0,5.0,5.0,5.0,1.0,1.0,4.0,2.0,2.0,1.0,1.0,1.0,1.0,1.0,1.0,1.0,1.0,2.0,2.0,2.0,2.0,1.0,1.0,2.0,2.0,2.0,3.0,3.0,3.0,,2.0,1.0,1.0,2.0,2.0,2.0,1.0,2.0,1.0,3.0,2.0,1.0,1.0,3.0,2.0,3.0,2.0,2.0,,10.0,5.0,5.0,10.0,5.0,5.0,10.0,5.0,10.0,10.0,8.0,10.0,1.0,1.0,1.0,1.0,1.0,1.0,1.0
203070121,1.0,1.0,2.0,3.0,1.0,3.0,2.0,1.0,2.0,2.0,2.0,2.0,1.0,1.0,2.0,1.0,2.0,1.0,2.0,2.0,1.0,2.0,2.0,2.0,2.0,2.0,2.0,1.0,2.0,3.0,3.0,2.0,3.0,3.0,4.0,3.0,4.0,3.0,2.0,4.0,3.0,3.0,2.0,3.0,2.0,2.0,5.0,7.0,6.0,4.0,4.0,3.0,4.0,3.0,3.0,1.0,4.0,1.0,3.0,2.0,2.0,2.0,3.0,4.0,4.0,3.0,3.0,3.0,2.0,3.0,3.0,4.0,3.0,3.0,2.0,3.0,3.0,4.0,3.0,3.0,0.0,0.0,0.0,0.0,0.0,0.0,0.0,0.0,0.0,0.0,0.0,6.0,7.0,6.0,7.0,7.0,1.0,5.0,2.0,2.0,3.0,2.0,2.0,2.0,2.0,6.0,3.0,1.0,0.0,1.0,1.0,0.0,2.0,1.0,1.0,2.0,2.0,4.0,4.0,4.0,4.0,4.0,4.0,4.0,2.0,2.0,2.0,3.0,4.0,2.0,2.0,3.0,3.0,2.0,1.0,1.0,2.0,5.0,7.0,6.0,5.0,6.0,4.0,6.0,2.0,2.0,2.0,2.0,3.0,2.0,7.0,8.0,2.0,2.0,1.0,7.0,2.0,3.0,2.0,3.0,3.0,3.0,3.0,3.0,3.0,2.0,3.0,5.0,1.0,1.0,1.0,1.0,2.0,1.0,3.0,2.0,2.0,3.0,2.0,2.0,1.0,1.0,2.0,5.0,5.0,5.0,5.0,3.0,3.0,3.0,3.0,3.0,3.0,3.0,3.0,3.0,3.0,3.0,3.0,3.0,3.0,3.0,3.0,2.0,3.0,4.0,3.0,3.0,3.0,4.0,3.0,3.0,2.0,3.0,3.0,2.0,2.0,4.0,3.0,7.0,6.0,6.0,7.0,8.0,5.0,5.0,5.0,5.0,5.0,6.0,7.0,6.0,3.0,3.0,2.0,2.0,3.0,3.0,4.0
152070538,1.0,1.0,2.0,3.0,1.0,2.0,1.0,2.0,2.0,1.0,2.0,1.0,2.0,1.0,2.0,2.0,2.0,1.0,2.0,2.0,2.0,2.0,2.0,1.0,2.0,2.0,2.0,2.0,1.0,3.0,3.0,4.0,4.0,3.0,4.0,2.0,4.0,2.0,1.0,2.0,3.0,1.0,1.0,1.0,2.0,3.0,10.0,8.0,6.0,4.0,4.0,4.0,4.0,4.0,1.0,2.0,1.0,3.0,3.0,3.0,3.0,3.0,3.0,3.0,3.0,3.0,3.0,3.0,3.0,3.0,3.0,3.0,3.0,3.0,3.0,3.0,3.0,3.0,3.0,3.0,0.0,0.0,0.0,0.0,0.0,0.0,0.0,0.0,0.0,0.0,0.0,2.0,7.0,7.0,4.0,4.0,1.0,6.0,3.0,2.0,3.0,3.0,3.0,3.0,4.0,4.0,4.0,2.0,2.0,0.0,2.0,0.0,2.0,0.0,2.0,2.0,2.0,4.0,4.0,4.0,4.0,4.0,4.0,4.0,1.0,1.0,2.0,2.0,1.0,2.0,2.0,3.0,3.0,3.0,1.0,1.0,,6.0,4.0,5.0,4.0,5.0,5.0,5.0,1.0,1.0,1.0,1.0,2.0,3.0,6.0,7.0,2.0,2.0,2.0,5.0,5.0,5.0,1.0,1.0,1.0,5.0,1.0,5.0,7.0,7.0,3.0,7.0,1.0,1.0,1.0,1.0,5.0,1.0,1.0,3.0,3.0,3.0,2.0,2.0,1.0,1.0,5.0,2.0,5.0,1.0,3.0,1.0,3.0,3.0,3.0,3.0,3.0,3.0,3.0,3.0,3.0,3.0,2.0,3.0,1.0,1.0,1.0,1.0,4.0,4.0,2.0,2.0,4.0,4.0,2.0,3.0,1.0,,3.0,3.0,3.0,1.0,3.0,2.0,4.0,6.0,5.0,5.0,1.0,10.0,5.0,5.0,7.0,9.0,7.0,6.0,3.0,2.0,2.0,2.0,2.0,2.0,3.0
818070747,1.0,2.0,4.0,4.0,1.0,1.0,1.0,2.0,1.0,2.0,2.0,1.0,2.0,2.0,1.0,2.0,1.0,1.0,2.0,1.0,2.0,1.0,2.0,1.0,,2.0,1.0,1.0,3.0,4.0,3.0,3.0,1.0,1.0,4.0,,1.0,1.0,1.0,1.0,1.0,3.0,1.0,,2.0,3.0,5.0,5.0,1.0,2.0,2.0,1.0,1.0,4.0,,2.0,1.0,1.0,2.0,3.0,1.0,,2.0,,3.0,4.0,,,,,4.0,4.0,4.0,4.0,,4.0,,,,,0.0,0.0,0.0,0.0,0.0,0.0,0.0,0.0,0.0,0.0,0.0,10.0,10.0,4.0,1.0,5.0,1.0,10.0,,,,,,,4.0,10.0,3.0,0.0,2.0,2.0,0.0,2.0,0.0,2.0,2.0,3.0,1.0,4.0,4.0,,4.0,2.0,3.0,,2.0,2.0,,1.0,1.0,2.0,2.0,,,,2.0,2.0,2.0,5.0,,10.0,1.0,10.0,5.0,10.0,,1.0,1.0,1.0,1.0,,4.0,1.0,,2.0,2.0,,1.0,1.0,1.0,1.0,1.0,,,1.0,5.0,,1.0,1.0,1.0,9.0,1.0,1.0,,1.0,5.0,,,,4.0,3.0,5.0,3.0,5.0,5.0,5.0,5.0,5.0,2.0,3.0,3.0,3.0,3.0,2.0,3.0,3.0,3.0,,,,,3.0,2.0,3.0,2.0,,1.0,4.0,4.0,1.0,4.0,,1.0,1.0,5.0,4.0,,,,2.0,,10.0,,10.0,1.0,,9.0,10.0,8.0,5.0,10.0,5.0,,2.0,1.0,1.0,1.0,1.0,1.0,4.0
642071235,1.0,1.0,1.0,4.0,2.0,2.0,1.0,2.0,1.0,1.0,2.0,1.0,2.0,2.0,1.0,2.0,2.0,1.0,2.0,1.0,2.0,1.0,2.0,1.0,2.0,2.0,1.0,4.0,4.0,4.0,4.0,3.0,2.0,2.0,5.0,4.0,5.0,3.0,2.0,2.0,3.0,1.0,1.0,1.0,2.0,1.0,4.0,8.0,7.0,4.0,4.0,4.0,1.0,4.0,1.0,2.0,1.0,2.0,2.0,4.0,3.0,4.0,2.0,3.0,3.0,3.0,3.0,2.0,2.0,3.0,3.0,3.0,2.0,2.0,3.0,2.0,3.0,3.0,3.0,3.0,0.0,2.0,2.0,0.0,1.0,0.0,0.0,0.0,0.0,0.0,0.0,6.0,4.0,3.0,1.0,1.0,1.0,8.0,2.0,2.0,2.0,2.0,2.0,2.0,4.0,9.0,3.0,2.0,1.0,1.0,2.0,2.0,2.0,1.0,2.0,1.0,2.0,4.0,4.0,4.0,4.0,4.0,4.0,4.0,1.0,1.0,2.0,1.0,1.0,2.0,2.0,2.0,2.0,2.0,1.0,1.0,2.0,10.0,9.0,7.0,7.0,7.0,5.0,8.0,1.0,1.0,1.0,1.0,4.0,4.0,4.0,4.0,1.0,2.0,1.0,5.0,1.0,1.0,1.0,1.0,1.0,1.0,7.0,7.0,7.0,7.0,7.0,7.0,1.0,4.0,4.0,4.0,2.0,3.0,5.0,3.0,3.0,3.0,2.0,2.0,5.0,4.0,4.0,1.0,1.0,1.0,1.0,1.0,2.0,2.0,2.0,2.0,2.0,2.0,2.0,2.0,2.0,1.0,2.0,2.0,2.0,2.0,2.0,2.0,2.0,3.0,2.0,2.0,3.0,4.0,2.0,2.0,1.0,,2.0,2.0,4.0,1.0,4.0,,1.0,1.0,1.0,6.0,6.0,6.0,5.0,5.0,5.0,6.0,6.0,5.0,2.0,2.0,1.0,1.0,1.0,1.0,1.0
36071448,1.0,1.0,2.0,2.0,2.0,1.0,1.0,1.0,1.0,1.0,2.0,2.0,2.0,2.0,1.0,2.0,2.0,1.0,2.0,2.0,2.0,2.0,2.0,1.0,2.0,2.0,2.0,1.0,1.0,1.0,2.0,2.0,1.0,1.0,2.0,1.0,2.0,2.0,2.0,2.0,2.0,2.0,1.0,1.0,2.0,3.0,5.0,5.0,5.0,4.0,4.0,4.0,4.0,4.0,2.0,2.0,2.0,2.0,2.0,4.0,2.0,2.0,1.0,1.0,2.0,3.0,4.0,1.0,2.0,1.0,2.0,2.0,2.0,2.0,1.0,2.0,2.0,2.0,2.0,2.0,0.0,0.0,0.0,0.0,0.0,0.0,0.0,0.0,0.0,0.0,0.0,4.0,3.0,3.0,2.0,1.0,1.0,1.0,1.0,1.0,1.0,1.0,1.0,1.0,2.0,1.0,5.0,2.0,2.0,1.0,2.0,1.0,2.0,1.0,1.0,2.0,2.0,3.0,1.0,1.0,1.0,1.0,1.0,1.0,2.0,1.0,2.0,1.0,1.0,2.0,2.0,1.0,1.0,1.0,1.0,1.0,1.0,4.0,1.0,3.0,5.0,4.0,6.0,10.0,1.0,1.0,1.0,1.0,2.0,2.0,4.0,5.0,1.0,2.0,2.0,6.0,6.0,7.0,6.0,7.0,5.0,6.0,6.0,6.0,6.0,6.0,,1.0,3.0,1.0,1.0,1.0,1.0,1.0,1.0,1.0,3.0,3.0,2.0,3.0,5.0,1.0,2.0,5.0,5.0,5.0,,4.0,2.0,2.0,2.0,2.0,2.0,2.0,2.0,2.0,2.0,2.0,2.0,2.0,1.0,1.0,1.0,1.0,1.0,2.0,2.0,1.0,1.0,4.0,3.0,2.0,1.0,2.0,2.0,1.0,3.0,2.0,2.0,7.0,10.0,6.0,10.0,10.0,7.0,4.0,7.0,6.0,10.0,5.0,5.0,5.0,2.0,1.0,2.0,2.0,2.0,4.0,4.0
50070229,1.0,1.0,2.0,3.0,1.0,2.0,1.0,2.0,2.0,1.0,2.0,1.0,2.0,1.0,2.0,1.0,2.0,1.0,2.0,1.0,2.0,1.0,2.0,2.0,2.0,1.0,2.0,2.0,1.0,1.0,2.0,1.0,2.0,1.0,1.0,,2.0,2.0,2.0,1.0,2.0,2.0,2.0,1.0,3.0,2.0,10.0,8.0,5.0,3.0,2.0,4.0,3.0,3.0,3.0,2.0,1.0,2.0,3.0,3.0,3.0,4.0,1.0,1.0,3.0,4.0,3.0,3.0,4.0,3.0,3.0,3.0,4.0,4.0,3.0,4.0,3.0,3.0,3.0,4.0,1.0,2.0,0.0,0.0,2.0,0.0,0.0,0.0,0.0,1.0,0.0,3.0,7.0,4.0,4.0,2.0,2.0,9.0,3.0,4.0,3.0,4.0,4.0,3.0,2.0,9.0,2.0,2.0,2.0,0.0,2.0,2.0,0.0,2.0,2.0,2.0,2.0,2.0,3.0,3.0,2.0,1.0,2.0,3.0,2.0,2.0,2.0,3.0,2.0,2.0,1.0,1.0,3.0,1.0,1.0,2.0,2.0,9.0,8.0,7.0,7.0,1.0,9.0,10.0,1.0,1.0,1.0,1.0,2.0,1.0,3.0,2.0,1.0,2.0,1.0,4.0,2.0,1.0,3.0,2.0,3.0,1.0,4.0,2.0,9.0,5.0,3.0,2.0,4.0,1.0,1.0,4.0,2.0,2.0,1.0,2.0,2.0,1.0,3.0,2.0,2.0,1.0,3.0,1.0,5.0,5.0,5.0,1.0,2.0,1.0,2.0,1.0,1.0,1.0,2.0,1.0,2.0,2.0,2.0,2.0,1.0,1.0,4.0,1.0,2.0,2.0,4.0,3.0,1.0,2.0,3.0,3.0,2.0,2.0,4.0,1.0,2.0,1.0,2.0,6.0,8.0,9.0,10.0,7.0,9.0,7.0,10.0,8.0,8.0,8.0,2.0,1.0,3.0,3.0,1.0,1.0,2.0,3.0,3.0
804070822,2.0,2.0,2.0,,2.0,2.0,2.0,2.0,2.0,2.0,2.0,2.0,2.0,2.0,2.0,2.0,2.0,,,,,,,,,,4.0,,3.0,,3.0,,3.0,3.0,3.0,5.0,2.0,1.0,2.0,2.0,3.0,2.0,2.0,2.0,3.0,3.0,1.0,1.0,1.0,4.0,3.0,4.0,4.0,4.0,2.0,,2.0,,2.0,3.0,3.0,3.0,3.0,,,3.0,3.0,3.0,3.0,,3.0,3.0,3.0,3.0,3.0,3.0,3.0,3.0,3.0,3.0,1.0,0.0,0.0,0.0,0.0,0.0,0.0,0.0,0.0,0.0,0.0,6.0,,5.0,6.0,5.0,2.0,10.0,3.0,3.0,3.0,3.0,3.0,2.0,5.0,3.0,3.0,1.0,1.0,1.0,1.0,1.0,1.0,1.0,1.0,,2.0,,,,,,,,1.0,2.0,2.0,1.0,,2.0,2.0,2.0,,,1.0,1.0,1.0,5.0,5.0,5.0,6.0,5.0,5.0,5.0,,,,,,,7.0,8.0,,,,3.0,,,,,,,,,7.0,7.0,,,3.0,3.0,1.0,1.0,,,6.0,,,,3.0,3.0,4.0,3.0,5.0,1.0,5.0,5.0,5.0,,3.0,3.0,3.0,3.0,3.0,,3.0,3.0,3.0,3.0,3.0,3.0,,,,3.0,3.0,3.0,2.0,3.0,,,2.0,2.0,2.0,3.0,2.0,,,2.0,,,10.0,,6.0,5.0,5.0,6.0,6.0,6.0,6.0,,,1.0,3.0,2.0,3.0,3.0,,3.0,3.0
702071409,1.0,2.0,2.0,3.0,1.0,3.0,1.0,1.0,1.0,1.0,2.0,2.0,2.0,2.0,2.0,2.0,1.0,1.0,2.0,1.0,2.0,2.0,2.0,2.0,2.0,2.0,1.0,2.0,1.0,1.0,4.0,4.0,3.0,3.0,1.0,3.0,1.0,1.0,1.0,1.0,3.0,1.0,1.0,2.0,2.0,3.0,5.0,7.0,5.0,4.0,4.0,4.0,4.0,4.0,1.0,2.0,1.0,2.0,3.0,3.0,3.0,3.0,3.0,3.0,3.0,3.0,3.0,2.0,2.0,2.0,3.0,3.0,3.0,2.0,3.0,2.0,3.0,3.0,3.0,3.0,0.0,0.0,0.0,0.0,0.0,0.0,0.0,0.0,0.0,0.0,0.0,5.0,5.0,1.0,1.0,1.0,2.0,1.0,1.0,1.0,,1.0,1.0,1.0,3.0,1.0,3.0,2.0,2.0,2.0,2.0,2.0,2.0,2.0,1.0,3.0,2.0,3.0,1.0,3.0,3.0,3.0,3.0,3.0,1.0,2.0,,1.0,1.0,2.0,2.0,3.0,3.0,3.0,2.0,2.0,1.0,10.0,5.0,8.0,8.0,1.0,10.0,5.0,1.0,1.0,1.0,1.0,4.0,4.0,7.0,5.0,2.0,2.0,2.0,5.0,5.0,5.0,1.0,1.0,1.0,5.0,5.0,5.0,5.0,5.0,5.0,7.0,1.0,1.0,1.0,1.0,5.0,1.0,5.0,4.0,4.0,4.0,3.0,2.0,2.0,2.0,2.0,1.0,1.0,1.0,1.0,2.0,3.0,3.0,3.0,3.0,3.0,3.0,3.0,3.0,3.0,3.0,3.0,3.0,,1.0,1.0,4.0,4.0,4.0,4.0,1.0,3.0,3.0,3.0,1.0,2.0,2.0,2.0,3.0,3.0,2.0,4.0,5.0,5.0,5.0,5.0,5.0,5.0,5.0,2.0,8.0,8.0,5.0,5.0,7.0,2.0,1.0,,,2.0,4.0,4.0
792070279,1.0,1.0,1.0,1.0,1.0,1.0,1.0,,1.0,1.0,,1.0,,,1.0,,,1.0,1.0,1.0,1.0,1.0,1.0,1.0,1.0,1.0,1.0,1.0,1.0,1.0,1.0,1.0,1.0,1.0,2.0,5.0,3.0,1.0,2.0,1.0,2.0,3.0,2.0,1.0,3.0,2.0,5.0,8.0,6.0,4.0,3.0,4.0,2.0,4.0,1.0,2.0,1.0,2.0,2.0,2.0,3.0,3.0,1.0,1.0,2.0,2.0,3.0,1.0,1.0,1.0,1.0,3.0,,2.0,1.0,2.0,3.0,2.0,3.0,3.0,0.0,0.0,0.0,0.0,0.0,0.0,0.0,0.0,0.0,0.0,0.0,7.0,,5.0,7.0,6.0,,8.0,,2.0,,3.0,,1.0,2.0,8.0,1.0,0.0,1.0,2.0,1.0,2.0,1.0,2.0,2.0,4.0,3.0,2.0,2.0,4.0,3.0,2.0,2.0,3.0,,1.0,,1.0,1.0,2.0,2.0,1.0,2.0,2.0,2.0,2.0,1.0,10.0,10.0,10.0,10.0,7.0,5.0,10.0,1.0,1.0,1.0,1.0,1.0,1.0,2.0,3.0,,2.0,1.0,,1.0,1.0,1.0,1.0,1.0,1.0,1.0,1.0,6.0,1.0,1.0,1.0,1.0,1.0,1.0,,1.0,,6.0,3.0,,,3.0,2.0,2.0,1.0,5.0,1.0,4.0,1.0,1.0,1.0,3.0,3.0,3.0,3.0,2.0,,,,1.0,3.0,3.0,3.0,1.0,1.0,1.0,,2.0,,,,4.0,4.0,1.0,1.0,1.0,,,4.0,,2.0,3.0,9.0,10.0,6.0,,10.0,,,,6.0,,6.0,8.0,8.0,1.0,1.0,1.0,1.0,1.0,4.0,3.0
320070958,1.0,2.0,1.0,3.0,3.0,2.0,1.0,1.0,2.0,1.0,1.0,1.0,1.0,1.0,2.0,1.0,1.0,2.0,1.0,1.0,1.0,2.0,1.0,2.0,1.0,1.0,2.0,1.0,2.0,3.0,3.0,1.0,2.0,1.0,3.0,2.0,3.0,3.0,1.0,3.0,3.0,1.0,2.0,2.0,1.0,1.0,9.0,9.0,7.0,3.0,3.0,3.0,3.0,3.0,1.0,1.0,2.0,3.0,2.0,2.0,2.0,1.0,1.0,1.0,1.0,4.0,4.0,4.0,4.0,4.0,4.0,4.0,4.0,4.0,4.0,4.0,3.0,2.0,2.0,2.0,1.0,0.0,0.0,0.0,0.0,0.0,0.0,0.0,0.0,0.0,0.0,9.0,3.0,10.0,8.0,4.0,1.0,10.0,2.0,2.0,2.0,2.0,2.0,3.0,3.0,9.0,3.0,2.0,2.0,2.0,1.0,2.0,1.0,2.0,2.0,3.0,3.0,4.0,2.0,3.0,2.0,3.0,3.0,3.0,1.0,1.0,1.0,3.0,4.0,1.0,2.0,3.0,2.0,3.0,2.0,2.0,2.0,4.0,5.0,4.0,5.0,8.0,6.0,6.0,1.0,1.0,2.0,2.0,3.0,3.0,2.0,5.0,1.0,2.0,2.0,4.0,6.0,6.0,6.0,6.0,5.0,5.0,5.0,6.0,8.0,6.0,8.0,2.0,8.0,8.0,8.0,8.0,8.0,7.0,8.0,1.0,4.0,3.0,3.0,3.0,3.0,3.0,4.0,,3.0,3.0,3.0,2.0,1.0,3.0,2.0,2.0,,2.0,3.0,2.0,2.0,2.0,2.0,2.0,2.0,2.0,2.0,2.0,2.0,2.0,2.0,2.0,2.0,2.0,2.0,2.0,1.0,2.0,2.0,2.0,2.0,2.0,3.0,6.0,6.0,7.0,6.0,5.0,5.0,7.0,4.0,9.0,3.0,5.0,5.0,2.0,3.0,1.0,1.0,1.0,1.0,1.0,1.0
364071156,1.0,2.0,3.0,2.0,1.0,2.0,1.0,1.0,2.0,1.0,2.0,2.0,1.0,2.0,2.0,2.0,1.0,1.0,1.0,1.0,1.0,,1.0,1.0,1.0,1.0,2.0,2.0,2.0,2.0,2.0,3.0,1.0,1.0,2.0,,2.0,3.0,3.0,2.0,4.0,3.0,1.0,1.0,2.0,3.0,5.0,2.0,1.0,4.0,4.0,2.0,3.0,4.0,3.0,2.0,2.0,2.0,2.0,2.0,2.0,3.0,3.0,1.0,2.0,2.0,2.0,4.0,4.0,2.0,2.0,2.0,1.0,2.0,2.0,1.0,2.0,3.0,2.0,3.0,0.0,2.0,0.0,0.0,0.0,0.0,0.0,0.0,0.0,0.0,0.0,8.0,4.0,1.0,4.0,5.0,2.0,7.0,,,,,,2.0,,5.0,4.0,0.0,0.0,0.0,0.0,,2.0,2.0,0.0,,4.0,1.0,4.0,3.0,4.0,2.0,2.0,1.0,1.0,2.0,2.0,4.0,4.0,2.0,2.0,2.0,4.0,2.0,1.0,2.0,1.0,5.0,2.0,3.0,3.0,5.0,1.0,10.0,1.0,1.0,1.0,1.0,1.0,3.0,7.0,1.0,1.0,2.0,2.0,7.0,4.0,5.0,5.0,5.0,4.0,4.0,,3.0,6.0,7.0,4.0,8.0,1.0,1.0,7.0,5.0,,3.0,7.0,1.0,3.0,3.0,2.0,3.0,5.0,1.0,3.0,1.0,5.0,1.0,1.0,5.0,2.0,2.0,3.0,2.0,3.0,1.0,2.0,3.0,1.0,1.0,2.0,2.0,2.0,2.0,3.0,1.0,4.0,2.0,2.0,4.0,3.0,1.0,2.0,4.0,3.0,5.0,2.0,4.0,1.0,2.0,2.0,,9.0,5.0,6.0,2.0,8.0,10.0,10.0,8.0,8.0,10.0,6.0,4.0,2.0,1.0,1.0,1.0,1.0,3.0,2.0
203070473,1.0,1.0,1.0,1.0,1.0,2.0,2.0,2.0,2.0,2.0,2.0,2.0,1.0,1.0,2.0,2.0,2.0,2.0,2.0,1.0,2.0,1.0,2.0,2.0,2.0,2.0,2.0,2.0,3.0,2.0,3.0,2.0,2.0,3.0,3.0,2.0,3.0,3.0,3.0,3.0,3.0,1.0,1.0,1.0,2.0,3.0,5.0,5.0,5.0,4.0,3.0,4.0,4.0,4.0,2.0,1.0,1.0,2.0,2.0,3.0,3.0,4.0,3.0,4.0,3.0,3.0,4.0,3.0,3.0,3.0,4.0,3.0,3.0,3.0,4.0,3.0,3.0,4.0,3.0,4.0,0.0,0.0,0.0,0.0,0.0,0.0,0.0,0.0,0.0,0.0,0.0,6.0,5.0,5.0,5.0,4.0,2.0,5.0,4.0,4.0,4.0,3.0,3.0,2.0,4.0,5.0,3.0,0.0,0.0,0.0,0.0,0.0,0.0,0.0,1.0,3.0,2.0,3.0,3.0,3.0,3.0,3.0,3.0,3.0,2.0,2.0,,3.0,3.0,2.0,2.0,2.0,3.0,2.0,2.0,2.0,2.0,4.0,6.0,4.0,4.0,4.0,5.0,5.0,2.0,2.0,2.0,2.0,2.0,2.0,6.0,7.0,2.0,1.0,1.0,5.0,6.0,5.0,5.0,4.0,4.0,6.0,5.0,4.0,6.0,5.0,5.0,6.0,5.0,5.0,6.0,5.0,5.0,5.0,6.0,3.0,4.0,3.0,3.0,2.0,1.0,1.0,1.0,1.0,1.0,1.0,1.0,1.0,3.0,3.0,3.0,3.0,3.0,3.0,3.0,3.0,3.0,3.0,3.0,3.0,2.0,2.0,3.0,3.0,3.0,3.0,3.0,3.0,3.0,3.0,4.0,4.0,3.0,3.0,4.0,3.0,3.0,3.0,3.0,6.0,5.0,5.0,6.0,5.0,4.0,5.0,4.0,6.0,5.0,5.0,6.0,5.0,3.0,3.0,2.0,2.0,2.0,2.0,2.0
104070897,1.0,1.0,3.0,1.0,3.0,1.0,2.0,2.0,2.0,1.0,2.0,1.0,2.0,1.0,2.0,1.0,1.0,1.0,2.0,2.0,2.0,1.0,2.0,1.0,1.0,2.0,1.0,4.0,4.0,4.0,4.0,1.0,1.0,1.0,4.0,5.0,1.0,1.0,1.0,1.0,4.0,1.0,1.0,2.0,1.0,4.0,1.0,10.0,6.0,4.0,4.0,4.0,3.0,1.0,1.0,1.0,1.0,2.0,1.0,3.0,4.0,4.0,1.0,2.0,2.0,1.0,1.0,2.0,2.0,1.0,1.0,1.0,1.0,2.0,3.0,4.0,2.0,1.0,3.0,1.0,0.0,0.0,0.0,0.0,2.0,0.0,0.0,0.0,0.0,0.0,0.0,1.0,10.0,10.0,3.0,1.0,1.0,10.0,2.0,2.0,1.0,3.0,4.0,2.0,3.0,10.0,3.0,2.0,2.0,2.0,0.0,2.0,2.0,2.0,2.0,3.0,1.0,4.0,1.0,4.0,4.0,4.0,2.0,4.0,1.0,1.0,2.0,1.0,2.0,2.0,2.0,1.0,1.0,1.0,2.0,2.0,2.0,7.0,5.0,8.0,6.0,6.0,5.0,10.0,1.0,1.0,1.0,1.0,1.0,1.0,4.0,2.0,1.0,2.0,1.0,1.0,1.0,1.0,1.0,1.0,1.0,1.0,1.0,1.0,3.0,1.0,1.0,1.0,1.0,8.0,1.0,4.0,1.0,1.0,7.0,1.0,1.0,4.0,1.0,2.0,5.0,1.0,5.0,5.0,5.0,5.0,5.0,4.0,3.0,3.0,3.0,3.0,3.0,3.0,,1.0,3.0,,,,1.0,1.0,1.0,4.0,4.0,2.0,4.0,4.0,4.0,4.0,1.0,2.0,1.0,1.0,3.0,2.0,1.0,1.0,4.0,,3.0,2.0,10.0,10.0,1.0,10.0,10.0,10.0,10.0,10.0,2.0,4.0,3.0,2.0,2.0,2.0,2.0,4.0,4.0
398070893,1.0,2.0,2.0,3.0,3.0,2.0,1.0,1.0,1.0,1.0,2.0,2.0,2.0,2.0,2.0,2.0,1.0,1.0,2.0,1.0,1.0,1.0,2.0,1.0,2.0,2.0,2.0,3.0,3.0,3.0,3.0,2.0,1.0,1.0,4.0,5.0,4.0,1.0,1.0,4.0,2.0,2.0,1.0,1.0,2.0,3.0,6.0,4.0,5.0,4.0,4.0,4.0,4.0,4.0,2.0,2.0,1.0,2.0,3.0,4.0,3.0,3.0,1.0,1.0,3.0,3.0,3.0,1.0,1.0,1.0,1.0,1.0,1.0,3.0,1.0,3.0,1.0,3.0,3.0,2.0,0.0,0.0,0.0,0.0,0.0,0.0,0.0,0.0,0.0,0.0,0.0,10.0,4.0,1.0,6.0,1.0,1.0,1.0,1.0,1.0,1.0,1.0,1.0,1.0,2.0,4.0,2.0,2.0,0.0,2.0,0.0,2.0,0.0,2.0,2.0,4.0,1.0,4.0,4.0,4.0,4.0,4.0,4.0,4.0,1.0,1.0,2.0,1.0,2.0,2.0,2.0,1.0,1.0,,1.0,2.0,1.0,8.0,6.0,7.0,6.0,5.0,6.0,9.0,1.0,2.0,2.0,2.0,3.0,3.0,7.0,1.0,1.0,2.0,2.0,7.0,1.0,2.0,1.0,1.0,1.0,1.0,1.0,1.0,3.0,1.0,1.0,1.0,1.0,1.0,1.0,1.0,1.0,1.0,1.0,1.0,3.0,4.0,3.0,3.0,5.0,1.0,1.0,5.0,5.0,5.0,5.0,4.0,3.0,3.0,3.0,3.0,2.0,2.0,3.0,3.0,3.0,3.0,3.0,3.0,,1.0,1.0,3.0,3.0,4.0,3.0,1.0,4.0,4.0,1.0,3.0,1.0,2.0,1.0,3.0,3.0,3.0,3.0,,8.0,6.0,8.0,8.0,5.0,9.0,8.0,7.0,7.0,5.0,5.0,4.0,2.0,2.0,1.0,2.0,2.0,4.0,4.0
170076067,1.0,1.0,3.0,3.0,1.0,1.0,1.0,2.0,2.0,2.0,2.0,1.0,2.0,2.0,1.0,1.0,1.0,2.0,2.0,2.0,2.0,2.0,2.0,2.0,2.0,2.0,2.0,3.0,3.0,3.0,3.0,1.0,4.0,4.0,4.0,4.0,2.0,2.0,2.0,2.0,2.0,3.0,1.0,1.0,1.0,3.0,10.0,6.0,3.0,4.0,4.0,2.0,2.0,3.0,2.0,2.0,1.0,3.0,3.0,3.0,3.0,3.0,1.0,3.0,3.0,1.0,3.0,3.0,3.0,3.0,3.0,3.0,3.0,3.0,3.0,3.0,3.0,3.0,3.0,3.0,0.0,0.0,0.0,0.0,0.0,0.0,0.0,0.0,0.0,0.0,0.0,1.0,9.0,1.0,1.0,1.0,1.0,9.0,3.0,3.0,3.0,3.0,3.0,4.0,4.0,10.0,3.0,2.0,0.0,2.0,2.0,2.0,0.0,2.0,2.0,2.0,1.0,3.0,1.0,3.0,3.0,1.0,1.0,4.0,1.0,1.0,1.0,1.0,1.0,1.0,1.0,1.0,1.0,1.0,1.0,2.0,1.0,5.0,10.0,1.0,1.0,1.0,9.0,10.0,1.0,2.0,1.0,1.0,3.0,3.0,7.0,3.0,1.0,2.0,2.0,5.0,1.0,1.0,1.0,1.0,1.0,5.0,5.0,1.0,5.0,5.0,1.0,10.0,1.0,3.0,4.0,1.0,8.0,1.0,10.0,3.0,3.0,3.0,3.0,3.0,3.0,1.0,5.0,1.0,5.0,1.0,1.0,1.0,3.0,2.0,2.0,3.0,2.0,3.0,3.0,3.0,3.0,3.0,2.0,3.0,3.0,3.0,3.0,3.0,1.0,1.0,1.0,1.0,1.0,1.0,1.0,1.0,1.0,3.0,4.0,1.0,4.0,1.0,4.0,5.0,10.0,1.0,10.0,1.0,1.0,1.0,1.0,7.0,10.0,10.0,1.0,1.0,4.0,1.0,1.0,1.0,1.0,1.0,1.0
688070242,1.0,1.0,1.0,3.0,1.0,3.0,1.0,1.0,2.0,2.0,2.0,1.0,2.0,1.0,2.0,1.0,2.0,1.0,1.0,1.0,1.0,1.0,1.0,1.0,2.0,2.0,2.0,1.0,2.0,3.0,3.0,2.0,4.0,2.0,1.0,4.0,2.0,2.0,2.0,2.0,2.0,1.0,2.0,3.0,2.0,3.0,6.0,5.0,7.0,3.0,3.0,3.0,3.0,4.0,2.0,2.0,1.0,2.0,2.0,2.0,2.0,2.0,2.0,2.0,3.0,3.0,4.0,4.0,4.0,4.0,4.0,4.0,4.0,4.0,4.0,4.0,4.0,4.0,4.0,4.0,0.0,0.0,0.0,0.0,0.0,0.0,0.0,0.0,0.0,0.0,0.0,7.0,7.0,7.0,3.0,7.0,1.0,6.0,3.0,3.0,3.0,3.0,2.0,3.0,4.0,6.0,3.0,1.0,1.0,2.0,2.0,2.0,2.0,2.0,2.0,2.0,3.0,3.0,3.0,3.0,3.0,3.0,3.0,4.0,2.0,2.0,2.0,2.0,3.0,2.0,2.0,2.0,3.0,3.0,1.0,1.0,2.0,7.0,5.0,7.0,6.0,6.0,6.0,7.0,1.0,2.0,2.0,2.0,4.0,4.0,4.0,4.0,2.0,2.0,2.0,7.0,1.0,1.0,1.0,1.0,1.0,1.0,1.0,1.0,6.0,6.0,1.0,1.0,1.0,1.0,1.0,1.0,1.0,1.0,1.0,4.0,4.0,4.0,4.0,3.0,1.0,2.0,3.0,1.0,1.0,1.0,1.0,1.0,3.0,3.0,3.0,3.0,3.0,3.0,3.0,3.0,3.0,3.0,3.0,3.0,2.0,2.0,2.0,2.0,1.0,1.0,1.0,3.0,1.0,3.0,3.0,1.0,2.0,,4.0,3.0,4.0,2.0,2.0,6.0,9.0,3.0,9.0,9.0,3.0,9.0,9.0,9.0,9.0,7.0,6.0,6.0,4.0,3.0,1.0,2.0,2.0,4.0,4.0
20070629,1.0,1.0,1.0,4.0,1.0,1.0,1.0,2.0,1.0,1.0,2.0,1.0,1.0,2.0,2.0,2.0,2.0,1.0,2.0,2.0,2.0,2.0,2.0,1.0,2.0,2.0,2.0,3.0,3.0,3.0,3.0,2.0,4.0,3.0,4.0,3.0,2.0,3.0,2.0,2.0,3.0,1.0,3.0,2.0,2.0,2.0,9.0,6.0,1.0,4.0,4.0,4.0,4.0,4.0,2.0,2.0,1.0,1.0,1.0,3.0,3.0,2.0,2.0,,2.0,2.0,2.0,2.0,,3.0,3.0,4.0,2.0,2.0,4.0,2.0,4.0,2.0,2.0,2.0,0.0,0.0,2.0,0.0,0.0,0.0,0.0,0.0,0.0,0.0,0.0,9.0,5.0,2.0,5.0,5.0,1.0,5.0,2.0,2.0,2.0,2.0,1.0,1.0,4.0,4.0,4.0,2.0,2.0,0.0,2.0,2.0,1.0,2.0,2.0,2.0,2.0,4.0,4.0,3.0,3.0,4.0,3.0,4.0,1.0,2.0,2.0,4.0,4.0,2.0,2.0,1.0,3.0,1.0,2.0,2.0,2.0,2.0,3.0,1.0,1.0,5.0,1.0,6.0,1.0,1.0,2.0,2.0,2.0,3.0,2.0,3.0,1.0,2.0,2.0,3.0,5.0,1.0,1.0,1.0,1.0,5.0,2.0,5.0,7.0,7.0,1.0,6.0,1.0,1.0,1.0,1.0,7.0,1.0,6.0,4.0,4.0,4.0,4.0,2.0,1.0,1.0,1.0,5.0,5.0,5.0,5.0,4.0,1.0,3.0,2.0,2.0,1.0,3.0,1.0,1.0,3.0,2.0,3.0,3.0,3.0,3.0,4.0,,4.0,2.0,1.0,4.0,1.0,4.0,1.0,1.0,1.0,2.0,4.0,4.0,4.0,2.0,2.0,1.0,10.0,8.0,8.0,9.0,1.0,7.0,1.0,3.0,8.0,10.0,7.0,1.0,2.0,2.0,1.0,1.0,1.0,1.0,1.0
818070623,1.0,2.0,1.0,2.0,1.0,1.0,1.0,2.0,1.0,1.0,2.0,1.0,2.0,2.0,1.0,2.0,1.0,1.0,2.0,1.0,2.0,1.0,2.0,1.0,,1.0,2.0,2.0,2.0,2.0,2.0,2.0,2.0,2.0,2.0,,2.0,2.0,2.0,2.0,2.0,3.0,1.0,1.0,3.0,3.0,5.0,4.0,3.0,4.0,4.0,4.0,4.0,4.0,1.0,2.0,1.0,1.0,1.0,3.0,4.0,4.0,3.0,,3.0,3.0,4.0,,,,4.0,4.0,3.0,3.0,,3.0,2.0,3.0,3.0,3.0,0.0,0.0,0.0,0.0,0.0,0.0,0.0,0.0,0.0,0.0,0.0,3.0,7.0,2.0,2.0,4.0,1.0,9.0,,,,,,,5.0,10.0,1.0,0.0,0.0,2.0,2.0,2.0,2.0,2.0,2.0,3.0,2.0,4.0,4.0,,4.0,4.0,4.0,,2.0,2.0,,2.0,2.0,2.0,2.0,,,,2.0,1.0,1.0,7.0,6.0,1.0,1.0,2.0,5.0,10.0,,1.0,1.0,1.0,1.0,,1.0,1.0,1.0,1.0,1.0,3.0,1.0,1.0,1.0,1.0,1.0,,,1.0,1.0,,1.0,1.0,1.0,7.0,1.0,1.0,,1.0,9.0,,,,4.0,3.0,4.0,4.0,4.0,5.0,5.0,5.0,5.0,4.0,3.0,3.0,3.0,3.0,1.0,3.0,3.0,3.0,,,,,3.0,3.0,4.0,1.0,,1.0,4.0,4.0,1.0,4.0,4.0,4.0,4.0,4.0,3.0,3.0,,2.0,2.0,,7.0,5.0,7.0,8.0,,5.0,8.0,6.0,6.0,6.0,5.0,,2.0,2.0,1.0,1.0,1.0,1.0,1.0
434070591,1.0,1.0,3.0,4.0,1.0,1.0,1.0,2.0,2.0,1.0,2.0,1.0,2.0,2.0,1.0,2.0,1.0,1.0,2.0,1.0,2.0,1.0,1.0,1.0,1.0,2.0,1.0,1.0,1.0,4.0,1.0,1.0,1.0,1.0,1.0,4.0,1.0,1.0,1.0,1.0,1.0,3.0,1.0,1.0,1.0,1.0,8.0,10.0,10.0,4.0,4.0,4.0,4.0,4.0,2.0,2.0,1.0,2.0,2.0,3.0,4.0,3.0,2.0,4.0,3.0,3.0,3.0,3.0,3.0,3.0,4.0,4.0,3.0,2.0,4.0,4.0,3.0,2.0,3.0,3.0,0.0,0.0,0.0,0.0,0.0,0.0,0.0,0.0,0.0,0.0,0.0,10.0,5.0,1.0,1.0,,1.0,10.0,2.0,3.0,3.0,3.0,2.0,1.0,2.0,,2.0,0.0,2.0,2.0,0.0,2.0,2.0,2.0,2.0,3.0,2.0,2.0,4.0,3.0,4.0,4.0,4.0,4.0,2.0,2.0,2.0,3.0,4.0,2.0,2.0,1.0,1.0,1.0,2.0,2.0,1.0,8.0,,7.0,,,5.0,10.0,1.0,1.0,1.0,1.0,1.0,1.0,2.0,1.0,2.0,1.0,2.0,5.0,1.0,1.0,1.0,6.0,1.0,1.0,1.0,1.0,5.0,2.0,2.0,1.0,1.0,2.0,1.0,1.0,1.0,2.0,7.0,1.0,1.0,1.0,2.0,1.0,5.0,4.0,4.0,1.0,5.0,2.0,1.0,1.0,2.0,2.0,2.0,3.0,1.0,2.0,2.0,3.0,1.0,3.0,2.0,3.0,2.0,2.0,3.0,3.0,2.0,3.0,3.0,3.0,2.0,3.0,4.0,3.0,1.0,5.0,1.0,2.0,1.0,2.0,1.0,5.0,10.0,10.0,10.0,10.0,10.0,10.0,10.0,10.0,6.0,10.0,3.0,5.0,3.0,1.0,1.0,1.0,1.0,1.0,2.0
320070633,1.0,3.0,3.0,3.0,1.0,1.0,1.0,1.0,1.0,1.0,1.0,1.0,1.0,1.0,1.0,1.0,1.0,1.0,2.0,2.0,2.0,2.0,2.0,2.0,2.0,2.0,2.0,3.0,3.0,3.0,3.0,3.0,2.0,2.0,2.0,2.0,2.0,2.0,2.0,2.0,2.0,3.0,3.0,3.0,2.0,1.0,6.0,5.0,5.0,4.0,4.0,4.0,4.0,4.0,1.0,1.0,1.0,4.0,4.0,4.0,4.0,4.0,1.0,4.0,4.0,4.0,4.0,4.0,4.0,4.0,4.0,4.0,4.0,4.0,4.0,4.0,4.0,4.0,4.0,4.0,2.0,0.0,0.0,0.0,0.0,0.0,0.0,0.0,0.0,0.0,0.0,7.0,6.0,6.0,6.0,1.0,1.0,10.0,3.0,3.0,3.0,3.0,3.0,3.0,5.0,6.0,3.0,2.0,1.0,1.0,2.0,2.0,1.0,1.0,2.0,3.0,3.0,2.0,2.0,2.0,2.0,2.0,2.0,2.0,2.0,2.0,2.0,2.0,2.0,2.0,2.0,3.0,3.0,3.0,1.0,,1.0,6.0,6.0,1.0,1.0,1.0,1.0,10.0,1.0,1.0,1.0,1.0,2.0,2.0,1.0,1.0,1.0,2.0,1.0,6.0,4.0,1.0,1.0,1.0,1.0,1.0,1.0,1.0,1.0,1.0,1.0,1.0,1.0,1.0,1.0,1.0,1.0,1.0,1.0,2.0,2.0,,1.0,3.0,2.0,2.0,2.0,2.0,2.0,1.0,1.0,1.0,3.0,3.0,3.0,3.0,2.0,3.0,3.0,3.0,2.0,2.0,2.0,1.0,1.0,1.0,3.0,2.0,2.0,1.0,2.0,2.0,2.0,1.0,1.0,1.0,1.0,3.0,2.0,2.0,2.0,2.0,2.0,4.0,5.0,5.0,5.0,4.0,1.0,5.0,3.0,3.0,4.0,2.0,4.0,3.0,2.0,1.0,1.0,1.0,1.0,1.0,1.0
804070894,1.0,2.0,2.0,2.0,2.0,2.0,1.0,1.0,2.0,1.0,2.0,2.0,2.0,2.0,2.0,1.0,2.0,1.0,1.0,1.0,1.0,1.0,1.0,1.0,1.0,1.0,1.0,1.0,3.0,2.0,2.0,2.0,1.0,3.0,3.0,2.0,2.0,3.0,3.0,3.0,2.0,1.0,1.0,1.0,2.0,3.0,5.0,6.0,6.0,4.0,4.0,4.0,4.0,4.0,3.0,2.0,1.0,3.0,3.0,4.0,2.0,3.0,2.0,1.0,4.0,4.0,4.0,3.0,4.0,4.0,,4.0,3.0,3.0,4.0,,4.0,,4.0,4.0,0.0,0.0,0.0,0.0,0.0,,0.0,0.0,0.0,0.0,0.0,3.0,4.0,7.0,2.0,4.0,1.0,10.0,2.0,2.0,2.0,2.0,2.0,1.0,5.0,1.0,2.0,2.0,2.0,2.0,2.0,2.0,2.0,2.0,2.0,3.0,3.0,3.0,2.0,3.0,4.0,,3.0,3.0,1.0,1.0,,1.0,1.0,2.0,2.0,1.0,1.0,1.0,2.0,1.0,1.0,10.0,10.0,10.0,10.0,1.0,10.0,5.0,1.0,1.0,1.0,1.0,3.0,4.0,4.0,3.0,1.0,2.0,2.0,3.0,10.0,7.0,2.0,7.0,5.0,6.0,6.0,4.0,6.0,5.0,1.0,1.0,1.0,4.0,2.0,2.0,3.0,3.0,5.0,3.0,3.0,3.0,3.0,2.0,3.0,3.0,5.0,1.0,2.0,1.0,1.0,5.0,3.0,3.0,3.0,3.0,,3.0,3.0,3.0,3.0,3.0,3.0,3.0,1.0,1.0,1.0,2.0,,2.0,2.0,1.0,3.0,3.0,3.0,1.0,1.0,5.0,4.0,3.0,3.0,1.0,4.0,5.0,10.0,1.0,10.0,6.0,7.0,8.0,7.0,10.0,10.0,10.0,10.0,8.0,3.0,1.0,1.0,1.0,1.0,2.0,2.0
203071156,2.0,2.0,1.0,3.0,1.0,4.0,1.0,2.0,2.0,1.0,2.0,2.0,2.0,1.0,2.0,2.0,2.0,1.0,2.0,1.0,2.0,2.0,2.0,1.0,2.0,2.0,2.0,2.0,2.0,2.0,2.0,2.0,3.0,3.0,3.0,2.0,3.0,3.0,2.0,3.0,3.0,2.0,2.0,2.0,2.0,2.0,10.0,8.0,7.0,4.0,4.0,4.0,4.0,4.0,3.0,2.0,2.0,2.0,2.0,2.0,3.0,2.0,4.0,1.0,1.0,1.0,1.0,1.0,1.0,2.0,3.0,2.0,1.0,1.0,1.0,1.0,1.0,1.0,2.0,1.0,0.0,0.0,0.0,0.0,0.0,0.0,0.0,0.0,0.0,0.0,0.0,8.0,5.0,8.0,2.0,2.0,1.0,5.0,2.0,2.0,1.0,2.0,2.0,1.0,3.0,5.0,3.0,0.0,1.0,1.0,2.0,1.0,1.0,1.0,2.0,3.0,2.0,4.0,3.0,4.0,4.0,4.0,4.0,4.0,1.0,1.0,2.0,3.0,4.0,2.0,2.0,2.0,2.0,2.0,1.0,2.0,2.0,7.0,7.0,3.0,5.0,5.0,8.0,1.0,2.0,2.0,2.0,2.0,4.0,2.0,7.0,8.0,3.0,2.0,2.0,7.0,1.0,1.0,1.0,1.0,1.0,8.0,1.0,6.0,7.0,8.0,1.0,7.0,1.0,4.0,1.0,1.0,7.0,1.0,6.0,1.0,3.0,4.0,2.0,2.0,2.0,1.0,1.0,2.0,2.0,1.0,2.0,2.0,3.0,3.0,3.0,3.0,3.0,3.0,2.0,3.0,3.0,3.0,3.0,3.0,1.0,1.0,1.0,4.0,4.0,4.0,4.0,1.0,4.0,4.0,1.0,1.0,1.0,4.0,3.0,3.0,3.0,2.0,4.0,5.0,7.0,1.0,10.0,7.0,5.0,10.0,10.0,7.0,10.0,10.0,8.0,7.0,2.0,1.0,1.0,1.0,2.0,2.0,3.0
792071333,1.0,1.0,1.0,2.0,1.0,1.0,1.0,2.0,1.0,1.0,2.0,1.0,2.0,1.0,2.0,2.0,2.0,1.0,1.0,1.0,1.0,1.0,1.0,1.0,1.0,1.0,2.0,2.0,3.0,4.0,3.0,2.0,2.0,3.0,2.0,3.0,2.0,2.0,1.0,2.0,3.0,1.0,1.0,1.0,2.0,2.0,6.0,4.0,4.0,4.0,3.0,4.0,2.0,4.0,1.0,2.0,1.0,2.0,3.0,3.0,3.0,3.0,1.0,1.0,2.0,2.0,2.0,1.0,1.0,2.0,2.0,3.0,1.0,1.0,1.0,2.0,1.0,3.0,2.0,1.0,0.0,2.0,0.0,0.0,0.0,0.0,0.0,0.0,0.0,0.0,0.0,4.0,4.0,4.0,5.0,5.0,2.0,,2.0,1.0,1.0,2.0,1.0,1.0,2.0,7.0,2.0,0.0,0.0,2.0,0.0,2.0,0.0,2.0,2.0,4.0,2.0,4.0,4.0,4.0,3.0,4.0,4.0,4.0,2.0,2.0,2.0,3.0,2.0,2.0,2.0,2.0,1.0,2.0,2.0,2.0,1.0,8.0,9.0,4.0,5.0,4.0,7.0,8.0,1.0,1.0,1.0,1.0,3.0,2.0,4.0,4.0,1.0,1.0,1.0,7.0,1.0,1.0,1.0,1.0,1.0,1.0,1.0,1.0,4.0,1.0,1.0,6.0,1.0,2.0,1.0,,1.0,,5.0,4.0,4.0,4.0,2.0,2.0,1.0,1.0,5.0,1.0,5.0,1.0,2.0,3.0,2.0,2.0,2.0,2.0,2.0,2.0,2.0,2.0,2.0,2.0,2.0,2.0,1.0,1.0,2.0,3.0,1.0,1.0,3.0,2.0,2.0,4.0,2.0,2.0,1.0,,1.0,1.0,,1.0,3.0,,5.0,7.0,4.0,6.0,,2.0,6.0,5.0,6.0,8.0,3.0,4.0,4.0,2.0,1.0,1.0,1.0,2.0,2.0
458071216,1.0,2.0,2.0,3.0,3.0,2.0,1.0,2.0,2.0,1.0,2.0,1.0,1.0,2.0,2.0,1.0,2.0,1.0,2.0,2.0,1.0,2.0,2.0,1.0,2.0,2.0,1.0,3.0,2.0,2.0,3.0,2.0,2.0,1.0,4.0,1.0,4.0,2.0,2.0,1.0,4.0,3.0,1.0,1.0,2.0,3.0,7.0,7.0,7.0,3.0,2.0,3.0,3.0,4.0,1.0,2.0,1.0,2.0,2.0,3.0,2.0,2.0,1.0,1.0,3.0,3.0,2.0,2.0,2.0,2.0,3.0,2.0,1.0,2.0,3.0,3.0,3.0,2.0,1.0,2.0,2.0,2.0,1.0,1.0,1.0,2.0,2.0,1.0,0.0,0.0,2.0,7.0,7.0,5.0,4.0,4.0,1.0,7.0,3.0,2.0,4.0,3.0,2.0,3.0,2.0,7.0,2.0,2.0,1.0,2.0,0.0,0.0,2.0,2.0,2.0,3.0,3.0,1.0,2.0,3.0,1.0,3.0,1.0,1.0,1.0,1.0,2.0,1.0,1.0,1.0,1.0,4.0,3.0,3.0,1.0,2.0,1.0,8.0,7.0,4.0,3.0,1.0,9.0,10.0,1.0,1.0,1.0,1.0,1.0,2.0,1.0,1.0,1.0,2.0,1.0,10.0,7.0,4.0,8.0,3.0,8.0,4.0,6.0,2.0,8.0,4.0,3.0,3.0,8.0,8.0,3.0,4.0,7.0,5.0,4.0,2.0,4.0,4.0,1.0,2.0,1.0,1.0,1.0,1.0,1.0,1.0,1.0,1.0,1.0,1.0,2.0,3.0,2.0,1.0,2.0,1.0,1.0,1.0,3.0,3.0,1.0,1.0,2.0,1.0,1.0,1.0,3.0,3.0,1.0,1.0,1.0,2.0,1.0,1.0,4.0,3.0,3.0,2.0,2.0,3.0,4.0,5.0,2.0,4.0,9.0,3.0,5.0,9.0,2.0,8.0,6.0,4.0,3.0,2.0,1.0,2.0,2.0,3.0,3.0
344071448,1.0,2.0,3.0,4.0,1.0,2.0,1.0,2.0,2.0,1.0,2.0,1.0,1.0,1.0,2.0,2.0,2.0,1.0,2.0,2.0,2.0,2.0,2.0,1.0,2.0,2.0,1.0,3.0,3.0,3.0,3.0,2.0,3.0,2.0,3.0,1.0,3.0,2.0,2.0,1.0,1.0,2.0,1.0,3.0,2.0,2.0,8.0,8.0,7.0,4.0,4.0,4.0,4.0,4.0,1.0,2.0,2.0,4.0,3.0,4.0,3.0,3.0,2.0,2.0,3.0,3.0,2.0,2.0,2.0,2.0,2.0,2.0,2.0,2.0,2.0,2.0,2.0,3.0,2.0,3.0,0.0,0.0,0.0,0.0,0.0,0.0,0.0,1.0,0.0,0.0,0.0,8.0,5.0,6.0,4.0,7.0,2.0,2.0,2.0,2.0,2.0,1.0,3.0,1.0,4.0,8.0,2.0,1.0,2.0,2.0,0.0,0.0,2.0,1.0,0.0,3.0,3.0,3.0,2.0,4.0,3.0,4.0,3.0,3.0,1.0,1.0,2.0,2.0,1.0,2.0,2.0,3.0,3.0,3.0,2.0,2.0,2.0,8.0,8.0,8.0,10.0,6.0,8.0,7.0,1.0,1.0,1.0,1.0,3.0,4.0,6.0,7.0,1.0,2.0,2.0,1.0,5.0,5.0,1.0,4.0,2.0,6.0,5.0,2.0,5.0,7.0,2.0,8.0,1.0,2.0,1.0,1.0,4.0,1.0,1.0,3.0,4.0,4.0,2.0,2.0,4.0,1.0,4.0,1.0,4.0,1.0,1.0,4.0,2.0,3.0,2.0,3.0,3.0,2.0,2.0,2.0,1.0,2.0,3.0,2.0,2.0,,1.0,4.0,3.0,4.0,2.0,2.0,4.0,4.0,3.0,1.0,1.0,5.0,3.0,2.0,4.0,2.0,3.0,5.0,1.0,4.0,8.0,8.0,6.0,9.0,5.0,4.0,10.0,8.0,8.0,5.0,2.0,2.0,3.0,,2.0,2.0,4.0
840072762,2.0,3.0,2.0,4.0,2.0,4.0,1.0,2.0,1.0,2.0,2.0,2.0,1.0,1.0,2.0,2.0,1.0,1.0,2.0,2.0,2.0,2.0,2.0,1.0,2.0,1.0,2.0,3.0,3.0,4.0,3.0,2.0,4.0,2.0,4.0,3.0,4.0,2.0,4.0,4.0,4.0,2.0,1.0,2.0,2.0,1.0,7.0,7.0,4.0,4.0,3.0,2.0,4.0,4.0,3.0,2.0,2.0,3.0,2.0,3.0,3.0,3.0,3.0,2.0,4.0,3.0,3.0,2.0,3.0,3.0,3.0,3.0,3.0,3.0,3.0,3.0,3.0,3.0,3.0,2.0,0.0,0.0,0.0,0.0,0.0,0.0,0.0,0.0,0.0,0.0,0.0,5.0,3.0,8.0,1.0,4.0,2.0,10.0,3.0,3.0,2.0,2.0,4.0,2.0,4.0,3.0,2.0,1.0,1.0,1.0,1.0,1.0,1.0,1.0,1.0,4.0,3.0,1.0,2.0,4.0,1.0,1.0,1.0,1.0,1.0,1.0,1.0,1.0,2.0,1.0,1.0,3.0,3.0,3.0,1.0,2.0,2.0,7.0,6.0,3.0,6.0,4.0,7.0,3.0,1.0,2.0,2.0,2.0,4.0,4.0,7.0,8.0,2.0,2.0,2.0,1.0,1.0,1.0,1.0,1.0,1.0,7.0,1.0,5.0,8.0,10.0,1.0,6.0,1.0,1.0,1.0,1.0,1.0,1.0,6.0,3.0,3.0,1.0,4.0,2.0,5.0,4.0,5.0,5.0,5.0,5.0,4.0,5.0,2.0,3.0,3.0,3.0,3.0,3.0,,3.0,2.0,2.0,3.0,3.0,3.0,3.0,1.0,1.0,1.0,1.0,4.0,2.0,2.0,3.0,3.0,3.0,1.0,,4.0,2.0,4.0,2.0,4.0,7.0,6.0,3.0,10.0,5.0,2.0,5.0,1.0,10.0,6.0,5.0,2.0,3.0,3.0,4.0,4.0,3.0,4.0,4.0,3.0
124072457,1.0,1.0,2.0,2.0,3.0,1.0,2.0,1.0,1.0,1.0,2.0,1.0,2.0,2.0,1.0,2.0,2.0,1.0,2.0,2.0,2.0,2.0,2.0,1.0,2.0,2.0,2.0,3.0,4.0,4.0,3.0,1.0,5.0,4.0,4.0,3.0,3.0,3.0,5.0,3.0,5.0,3.0,2.0,2.0,1.0,3.0,9.0,8.0,7.0,3.0,4.0,3.0,1.0,4.0,2.0,1.0,1.0,2.0,1.0,2.0,2.0,2.0,2.0,1.0,4.0,3.0,3.0,2.0,2.0,3.0,3.0,3.0,2.0,4.0,2.0,2.0,3.0,4.0,3.0,2.0,1.0,0.0,0.0,0.0,1.0,0.0,0.0,0.0,0.0,0.0,0.0,7.0,3.0,5.0,4.0,2.0,2.0,8.0,2.0,2.0,2.0,2.0,2.0,1.0,3.0,5.0,4.0,1.0,2.0,1.0,2.0,1.0,2.0,1.0,1.0,2.0,2.0,4.0,4.0,4.0,4.0,3.0,4.0,4.0,1.0,2.0,2.0,4.0,4.0,2.0,2.0,4.0,3.0,4.0,1.0,1.0,1.0,9.0,8.0,8.0,7.0,3.0,8.0,10.0,1.0,1.0,1.0,1.0,3.0,3.0,2.0,2.0,1.0,2.0,2.0,8.0,1.0,1.0,1.0,1.0,1.0,6.0,4.0,3.0,8.0,6.0,2.0,2.0,1.0,2.0,1.0,1.0,4.0,1.0,4.0,3.0,1.0,1.0,1.0,2.0,1.0,4.0,1.0,5.0,1.0,1.0,5.0,2.0,1.0,1.0,1.0,2.0,1.0,1.0,1.0,1.0,1.0,1.0,1.0,2.0,1.0,1.0,1.0,4.0,1.0,3.0,2.0,1.0,4.0,4.0,3.0,2.0,1.0,3.0,4.0,3.0,4.0,1.0,4.0,9.0,6.0,1.0,10.0,5.0,1.0,10.0,1.0,6.0,10.0,10.0,7.0,7.0,1.0,2.0,2.0,2.0,1.0,1.0,2.0
36070369,1.0,2.0,1.0,2.0,1.0,1.0,1.0,2.0,2.0,1.0,2.0,1.0,2.0,2.0,1.0,1.0,2.0,1.0,2.0,1.0,2.0,2.0,2.0,1.0,2.0,2.0,1.0,1.0,3.0,4.0,3.0,1.0,4.0,4.0,3.0,4.0,2.0,1.0,1.0,1.0,2.0,3.0,1.0,1.0,2.0,2.0,5.0,5.0,4.0,4.0,2.0,2.0,4.0,4.0,1.0,2.0,1.0,3.0,2.0,3.0,2.0,2.0,2.0,3.0,3.0,3.0,3.0,2.0,1.0,3.0,3.0,3.0,3.0,1.0,2.0,3.0,3.0,2.0,3.0,3.0,0.0,0.0,0.0,0.0,0.0,0.0,0.0,0.0,0.0,0.0,0.0,1.0,9.0,1.0,1.0,1.0,2.0,3.0,2.0,2.0,2.0,2.0,3.0,1.0,3.0,10.0,1.0,0.0,2.0,1.0,1.0,0.0,2.0,1.0,1.0,3.0,3.0,2.0,3.0,3.0,2.0,4.0,3.0,3.0,1.0,2.0,2.0,1.0,3.0,1.0,2.0,2.0,3.0,4.0,2.0,2.0,1.0,4.0,6.0,8.0,5.0,2.0,3.0,10.0,1.0,1.0,1.0,1.0,,,4.0,7.0,2.0,2.0,2.0,5.0,1.0,1.0,1.0,1.0,1.0,2.0,3.0,3.0,5.0,3.0,1.0,1.0,1.0,2.0,1.0,1.0,3.0,1.0,5.0,2.0,3.0,2.0,2.0,2.0,4.0,1.0,4.0,1.0,1.0,1.0,,4.0,2.0,3.0,2.0,3.0,2.0,2.0,3.0,2.0,2.0,2.0,2.0,3.0,1.0,1.0,2.0,4.0,3.0,4.0,2.0,2.0,3.0,4.0,1.0,1.0,1.0,3.0,4.0,2.0,4.0,1.0,4.0,,9.0,3.0,10.0,9.0,1.0,10.0,9.0,9.0,10.0,10.0,9.0,9.0,1.0,1.0,2.0,2.0,1.0,2.0,1.0
434070530,1.0,1.0,2.0,4.0,1.0,1.0,1.0,2.0,2.0,1.0,2.0,1.0,2.0,2.0,1.0,2.0,1.0,2.0,2.0,2.0,2.0,1.0,2.0,2.0,2.0,2.0,1.0,2.0,1.0,3.0,,,1.0,2.0,,4.0,,1.0,1.0,4.0,2.0,3.0,1.0,1.0,2.0,1.0,6.0,8.0,7.0,4.0,2.0,3.0,4.0,4.0,,2.0,1.0,2.0,2.0,3.0,3.0,2.0,1.0,1.0,3.0,3.0,,2.0,2.0,4.0,4.0,4.0,3.0,3.0,4.0,3.0,2.0,,,3.0,2.0,2.0,0.0,0.0,0.0,0.0,0.0,0.0,0.0,0.0,0.0,10.0,10.0,2.0,2.0,2.0,,10.0,3.0,3.0,3.0,3.0,3.0,3.0,4.0,2.0,4.0,0.0,2.0,1.0,2.0,2.0,2.0,0.0,0.0,2.0,2.0,2.0,2.0,2.0,2.0,1.0,1.0,4.0,1.0,1.0,2.0,2.0,1.0,2.0,2.0,1.0,1.0,1.0,2.0,2.0,1.0,5.0,5.0,2.0,7.0,2.0,2.0,10.0,1.0,1.0,1.0,1.0,1.0,1.0,1.0,1.0,1.0,1.0,1.0,10.0,1.0,1.0,1.0,10.0,1.0,1.0,1.0,1.0,10.0,1.0,1.0,1.0,1.0,10.0,1.0,1.0,1.0,1.0,10.0,1.0,2.0,1.0,3.0,2.0,5.0,5.0,5.0,1.0,4.0,4.0,1.0,1.0,2.0,2.0,3.0,2.0,1.0,3.0,3.0,2.0,3.0,3.0,3.0,3.0,3.0,3.0,3.0,3.0,1.0,1.0,3.0,2.0,1.0,3.0,3.0,3.0,1.0,5.0,1.0,1.0,2.0,2.0,1.0,5.0,1.0,10.0,8.0,4.0,7.0,5.0,7.0,10.0,1.0,10.0,3.0,,3.0,1.0,1.0,1.0,1.0,1.0,2.0
124073499,1.0,3.0,2.0,1.0,2.0,2.0,2.0,1.0,2.0,2.0,1.0,1.0,2.0,2.0,2.0,2.0,2.0,2.0,2.0,2.0,2.0,2.0,2.0,1.0,2.0,2.0,3.0,4.0,4.0,4.0,4.0,4.0,5.0,4.0,4.0,2.0,5.0,2.0,3.0,3.0,4.0,1.0,3.0,3.0,2.0,3.0,7.0,6.0,4.0,4.0,4.0,4.0,4.0,4.0,1.0,2.0,1.0,2.0,2.0,3.0,2.0,2.0,3.0,3.0,3.0,3.0,3.0,4.0,3.0,3.0,3.0,3.0,3.0,3.0,3.0,3.0,3.0,2.0,2.0,3.0,0.0,0.0,0.0,0.0,0.0,0.0,0.0,0.0,0.0,0.0,0.0,4.0,5.0,3.0,3.0,6.0,1.0,8.0,3.0,3.0,3.0,3.0,3.0,3.0,2.0,4.0,5.0,2.0,2.0,0.0,2.0,0.0,2.0,1.0,1.0,2.0,2.0,3.0,3.0,4.0,3.0,3.0,3.0,3.0,1.0,1.0,2.0,3.0,2.0,2.0,2.0,3.0,3.0,3.0,1.0,2.0,2.0,7.0,7.0,2.0,1.0,4.0,6.0,9.0,1.0,1.0,1.0,1.0,3.0,3.0,6.0,3.0,2.0,2.0,2.0,3.0,1.0,5.0,1.0,3.0,3.0,10.0,6.0,6.0,8.0,4.0,4.0,4.0,1.0,1.0,1.0,1.0,6.0,1.0,1.0,4.0,4.0,3.0,2.0,2.0,2.0,2.0,5.0,1.0,5.0,1.0,1.0,4.0,1.0,1.0,2.0,2.0,2.0,2.0,1.0,1.0,1.0,1.0,1.0,2.0,1.0,1.0,1.0,4.0,3.0,3.0,2.0,2.0,2.0,4.0,3.0,4.0,1.0,2.0,4.0,2.0,4.0,2.0,4.0,2.0,5.0,6.0,5.0,5.0,6.0,5.0,5.0,5.0,6.0,9.0,8.0,8.0,2.0,2.0,2.0,2.0,2.0,2.0,2.0
368070175,1.0,1.0,2.0,4.0,3.0,3.0,1.0,2.0,2.0,2.0,2.0,1.0,2.0,1.0,1.0,2.0,1.0,2.0,2.0,2.0,2.0,1.0,2.0,2.0,2.0,2.0,1.0,1.0,1.0,1.0,2.0,1.0,1.0,1.0,1.0,,1.0,1.0,1.0,1.0,1.0,1.0,1.0,1.0,2.0,1.0,7.0,6.0,7.0,4.0,4.0,4.0,4.0,4.0,1.0,2.0,1.0,1.0,1.0,2.0,3.0,2.0,2.0,2.0,2.0,2.0,2.0,2.0,2.0,2.0,2.0,2.0,2.0,2.0,3.0,3.0,1.0,1.0,2.0,2.0,0.0,0.0,0.0,0.0,0.0,0.0,0.0,0.0,0.0,0.0,0.0,3.0,1.0,7.0,9.0,9.0,2.0,10.0,4.0,4.0,4.0,4.0,4.0,3.0,1.0,10.0,2.0,1.0,1.0,1.0,1.0,1.0,1.0,1.0,1.0,4.0,1.0,4.0,4.0,4.0,4.0,4.0,4.0,4.0,2.0,2.0,2.0,1.0,1.0,2.0,2.0,1.0,1.0,1.0,1.0,2.0,1.0,8.0,7.0,8.0,5.0,1.0,10.0,,,,,,3.0,3.0,4.0,2.0,2.0,2.0,2.0,7.0,7.0,1.0,1.0,1.0,1.0,1.0,,1.0,3.0,,1.0,1.0,1.0,1.0,1.0,1.0,,1.0,1.0,1.0,2.0,1.0,4.0,3.0,5.0,2.0,5.0,5.0,2.0,2.0,2.0,2.0,3.0,3.0,3.0,3.0,3.0,3.0,3.0,3.0,3.0,3.0,3.0,3.0,1.0,1.0,2.0,3.0,,2.0,3.0,2.0,2.0,3.0,3.0,3.0,1.0,3.0,1.0,2.0,2.0,2.0,3.0,,7.0,1.0,10.0,9.0,6.0,9.0,8.0,10.0,9.0,10.0,6.0,1.0,2.0,1.0,1.0,1.0,1.0,1.0,1.0
156073015,1.0,2.0,3.0,3.0,1.0,3.0,1.0,1.0,1.0,1.0,2.0,1.0,2.0,2.0,2.0,2.0,2.0,1.0,2.0,2.0,2.0,2.0,2.0,2.0,2.0,2.0,3.0,2.0,3.0,3.0,3.0,2.0,4.0,4.0,4.0,4.0,4.0,1.0,4.0,2.0,2.0,2.0,1.0,2.0,2.0,3.0,6.0,5.0,10.0,4.0,4.0,4.0,4.0,4.0,1.0,2.0,1.0,3.0,2.0,4.0,3.0,3.0,3.0,1.0,3.0,3.0,3.0,1.0,1.0,1.0,1.0,1.0,1.0,1.0,3.0,3.0,3.0,3.0,3.0,1.0,0.0,0.0,0.0,0.0,0.0,0.0,0.0,0.0,0.0,0.0,0.0,5.0,5.0,3.0,9.0,9.0,,7.0,2.0,2.0,2.0,2.0,2.0,3.0,4.0,6.0,4.0,2.0,2.0,0.0,,0.0,2.0,0.0,0.0,,2.0,,,,,,,,,,,2.0,2.0,2.0,2.0,4.0,4.0,,2.0,2.0,1.0,10.0,10.0,2.0,5.0,1.0,10.0,1.0,2.0,2.0,2.0,2.0,4.0,4.0,7.0,8.0,2.0,1.0,2.0,3.0,2.0,2.0,2.0,2.0,7.0,2.0,2.0,2.0,2.0,7.0,2.0,2.0,2.0,2.0,2.0,2.0,2.0,2.0,2.0,1.0,1.0,1.0,2.0,2.0,5.0,3.0,4.0,1.0,4.0,2.0,1.0,3.0,2.0,2.0,2.0,2.0,1.0,2.0,2.0,2.0,1.0,2.0,2.0,2.0,3.0,,,,,,,,,,,,,,2.0,3.0,3.0,2.0,3.0,,2.0,2.0,2.0,6.0,2.0,6.0,6.0,6.0,10.0,10.0,9.0,10.0,1.0,1.0,2.0,2.0,1.0,2.0,2.0
422070785,1.0,2.0,2.0,2.0,2.0,2.0,1.0,1.0,1.0,1.0,2.0,2.0,1.0,2.0,2.0,2.0,2.0,2.0,2.0,2.0,2.0,2.0,2.0,2.0,2.0,2.0,1.0,2.0,2.0,3.0,3.0,2.0,4.0,4.0,3.0,,2.0,2.0,2.0,2.0,2.0,1.0,1.0,1.0,2.0,2.0,4.0,7.0,4.0,3.0,3.0,3.0,4.0,4.0,1.0,2.0,2.0,3.0,3.0,3.0,3.0,3.0,2.0,1.0,3.0,3.0,3.0,3.0,3.0,2.0,3.0,3.0,3.0,3.0,3.0,2.0,2.0,3.0,2.0,2.0,0.0,0.0,1.0,0.0,0.0,0.0,0.0,0.0,0.0,0.0,0.0,7.0,4.0,4.0,4.0,4.0,2.0,4.0,2.0,2.0,2.0,2.0,2.0,3.0,2.0,5.0,3.0,2.0,1.0,1.0,1.0,1.0,0.0,2.0,2.0,3.0,2.0,3.0,3.0,3.0,3.0,3.0,3.0,3.0,2.0,2.0,2.0,2.0,2.0,2.0,2.0,3.0,3.0,3.0,2.0,,2.0,7.0,8.0,6.0,6.0,6.0,6.0,8.0,1.0,1.0,1.0,2.0,3.0,3.0,3.0,2.0,2.0,1.0,2.0,3.0,4.0,,5.0,4.0,3.0,2.0,,2.0,2.0,2.0,3.0,3.0,3.0,3.0,3.0,3.0,2.0,3.0,3.0,3.0,3.0,2.0,3.0,2.0,4.0,1.0,4.0,4.0,3.0,5.0,4.0,4.0,3.0,3.0,,3.0,3.0,3.0,3.0,2.0,2.0,3.0,2.0,2.0,1.0,1.0,3.0,3.0,,2.0,3.0,3.0,2.0,2.0,2.0,2.0,2.0,2.0,2.0,2.0,1.0,2.0,2.0,,7.0,6.0,4.0,4.0,8.0,5.0,7.0,7.0,8.0,5.0,5.0,4.0,2.0,1.0,1.0,1.0,1.0,2.0,2.0
909070113,1.0,2.0,1.0,1.0,1.0,2.0,1.0,2.0,1.0,2.0,2.0,1.0,1.0,2.0,2.0,1.0,2.0,1.0,2.0,2.0,1.0,2.0,2.0,1.0,2.0,2.0,2.0,3.0,3.0,3.0,3.0,3.0,4.0,3.0,3.0,3.0,3.0,4.0,2.0,2.0,4.0,2.0,1.0,1.0,2.0,2.0,10.0,7.0,7.0,4.0,3.0,3.0,4.0,4.0,1.0,1.0,1.0,1.0,2.0,2.0,2.0,2.0,2.0,1.0,2.0,2.0,2.0,2.0,2.0,2.0,2.0,2.0,2.0,2.0,1.0,2.0,3.0,1.0,2.0,1.0,1.0,1.0,0.0,2.0,0.0,0.0,2.0,2.0,0.0,0.0,0.0,8.0,1.0,8.0,1.0,1.0,2.0,4.0,2.0,2.0,1.0,1.0,2.0,1.0,,5.0,4.0,2.0,2.0,2.0,2.0,2.0,2.0,1.0,2.0,3.0,2.0,3.0,2.0,3.0,2.0,3.0,3.0,3.0,,,,,4.0,,,3.0,2.0,3.0,1.0,1.0,,9.0,8.0,5.0,3.0,1.0,7.0,5.0,1.0,2.0,2.0,1.0,3.0,3.0,4.0,4.0,2.0,,,5.0,1.0,1.0,1.0,1.0,1.0,5.0,5.0,5.0,10.0,10.0,1.0,9.0,,1.0,1.0,1.0,7.0,1.0,1.0,1.0,1.0,1.0,1.0,1.0,2.0,1.0,1.0,1.0,1.0,1.0,1.0,2.0,1.0,1.0,2.0,2.0,1.0,2.0,2.0,2.0,1.0,1.0,2.0,2.0,1.0,1.0,1.0,4.0,4.0,4.0,2.0,1.0,3.0,3.0,2.0,1.0,1.0,2.0,3.0,1.0,4.0,1.0,4.0,7.0,7.0,1.0,10.0,10.0,1.0,10.0,1.0,10.0,8.0,10.0,10.0,9.0,1.0,1.0,2.0,2.0,2.0,3.0,2.0
20070046,1.0,2.0,1.0,2.0,1.0,3.0,1.0,1.0,2.0,1.0,2.0,2.0,2.0,1.0,2.0,1.0,2.0,1.0,2.0,2.0,2.0,2.0,2.0,1.0,2.0,2.0,2.0,4.0,4.0,4.0,4.0,3.0,5.0,4.0,5.0,2.0,4.0,4.0,4.0,4.0,3.0,1.0,1.0,2.0,3.0,2.0,4.0,6.0,7.0,4.0,4.0,4.0,3.0,4.0,3.0,1.0,1.0,2.0,2.0,4.0,2.0,2.0,3.0,,3.0,3.0,3.0,3.0,3.0,3.0,3.0,3.0,2.0,1.0,2.0,3.0,4.0,1.0,1.0,1.0,0.0,0.0,0.0,0.0,0.0,0.0,0.0,0.0,0.0,0.0,0.0,4.0,7.0,1.0,3.0,5.0,,5.0,2.0,2.0,2.0,2.0,2.0,1.0,5.0,3.0,5.0,1.0,2.0,0.0,0.0,0.0,2.0,1.0,0.0,2.0,1.0,3.0,3.0,4.0,3.0,3.0,3.0,4.0,1.0,2.0,2.0,1.0,1.0,2.0,2.0,4.0,2.0,4.0,1.0,2.0,2.0,8.0,5.0,1.0,1.0,1.0,8.0,6.0,1.0,2.0,2.0,2.0,4.0,4.0,6.0,7.0,1.0,2.0,2.0,10.0,1.0,1.0,1.0,1.0,1.0,10.0,1.0,10.0,10.0,10.0,5.0,10.0,1.0,1.0,1.0,1.0,5.0,1.0,1.0,3.0,4.0,4.0,1.0,2.0,2.0,1.0,1.0,1.0,3.0,2.0,1.0,3.0,1.0,2.0,2.0,2.0,1.0,3.0,2.0,1.0,1.0,2.0,2.0,2.0,,,1.0,4.0,3.0,4.0,1.0,1.0,4.0,4.0,1.0,2.0,1.0,2.0,4.0,2.0,4.0,1.0,4.0,1.0,8.0,1.0,10.0,10.0,1.0,10.0,7.0,7.0,10.0,10.0,10.0,7.0,2.0,,2.0,2.0,2.0,3.0,4.0
642070296,1.0,1.0,1.0,3.0,1.0,1.0,1.0,1.0,2.0,2.0,2.0,2.0,2.0,2.0,1.0,1.0,1.0,1.0,2.0,1.0,1.0,1.0,2.0,1.0,2.0,2.0,1.0,2.0,2.0,2.0,2.0,4.0,2.0,2.0,4.0,4.0,1.0,1.0,2.0,2.0,2.0,1.0,1.0,1.0,1.0,1.0,9.0,9.0,8.0,4.0,4.0,4.0,4.0,4.0,1.0,2.0,1.0,2.0,2.0,2.0,2.0,2.0,1.0,2.0,2.0,2.0,3.0,1.0,2.0,3.0,3.0,3.0,2.0,1.0,2.0,2.0,2.0,2.0,2.0,2.0,2.0,0.0,0.0,1.0,0.0,0.0,0.0,2.0,0.0,0.0,0.0,1.0,9.0,2.0,1.0,1.0,2.0,3.0,2.0,2.0,2.0,2.0,2.0,2.0,2.0,10.0,2.0,0.0,0.0,2.0,0.0,2.0,2.0,2.0,2.0,3.0,1.0,4.0,4.0,4.0,4.0,4.0,4.0,4.0,1.0,1.0,2.0,3.0,4.0,2.0,2.0,4.0,4.0,4.0,1.0,1.0,2.0,9.0,9.0,5.0,8.0,3.0,10.0,10.0,1.0,1.0,2.0,2.0,2.0,3.0,2.0,2.0,1.0,1.0,2.0,2.0,5.0,1.0,1.0,1.0,1.0,1.0,1.0,1.0,9.0,8.0,1.0,1.0,1.0,1.0,1.0,1.0,4.0,1.0,1.0,4.0,4.0,4.0,4.0,3.0,2.0,1.0,1.0,4.0,4.0,4.0,4.0,3.0,3.0,3.0,2.0,2.0,1.0,3.0,3.0,2.0,3.0,3.0,2.0,3.0,1.0,1.0,2.0,4.0,4.0,4.0,2.0,2.0,4.0,4.0,2.0,1.0,2.0,,1.0,1.0,2.0,1.0,2.0,10.0,8.0,8.0,8.0,9.0,5.0,9.0,9.0,9.0,9.0,10.0,10.0,8.0,2.0,2.0,2.0,2.0,2.0,2.0,2.0
818070278,1.0,1.0,2.0,3.0,1.0,1.0,1.0,2.0,2.0,2.0,2.0,1.0,2.0,2.0,1.0,1.0,1.0,1.0,2.0,2.0,2.0,1.0,2.0,1.0,,2.0,1.0,1.0,1.0,4.0,1.0,1.0,1.0,1.0,4.0,,2.0,1.0,2.0,1.0,2.0,3.0,1.0,3.0,2.0,2.0,7.0,9.0,5.0,4.0,4.0,4.0,4.0,4.0,1.0,2.0,1.0,1.0,1.0,3.0,3.0,3.0,1.0,,4.0,4.0,4.0,,,,4.0,4.0,3.0,2.0,,2.0,2.0,3.0,,2.0,2.0,0.0,0.0,0.0,0.0,0.0,0.0,0.0,0.0,0.0,0.0,7.0,9.0,3.0,1.0,8.0,1.0,8.0,,,,,,,2.0,4.0,2.0,0.0,0.0,2.0,0.0,2.0,2.0,2.0,0.0,3.0,1.0,4.0,4.0,,4.0,4.0,2.0,,2.0,2.0,,3.0,3.0,2.0,2.0,,,,1.0,2.0,1.0,10.0,10.0,9.0,6.0,1.0,1.0,10.0,,1.0,1.0,1.0,1.0,,1.0,1.0,1.0,1.0,1.0,1.0,1.0,1.0,1.0,1.0,1.0,,,1.0,5.0,,1.0,5.0,5.0,5.0,1.0,1.0,,1.0,1.0,,,,2.0,2.0,2.0,1.0,2.0,5.0,5.0,2.0,1.0,1.0,,,,,,,,,,,,,1.0,1.0,4.0,1.0,,1.0,4.0,4.0,1.0,2.0,4.0,3.0,1.0,5.0,4.0,4.0,,1.0,2.0,,9.0,10.0,10.0,1.0,,10.0,4.0,1.0,4.0,10.0,1.0,,4.0,1.0,1.0,1.0,1.0,1.0,2.0
156070506,1.0,2.0,2.0,3.0,1.0,3.0,1.0,1.0,2.0,1.0,2.0,1.0,1.0,2.0,2.0,2.0,2.0,1.0,2.0,1.0,2.0,2.0,2.0,1.0,2.0,2.0,2.0,2.0,2.0,3.0,3.0,3.0,2.0,2.0,2.0,2.0,2.0,2.0,1.0,1.0,2.0,3.0,1.0,2.0,2.0,3.0,8.0,8.0,8.0,4.0,4.0,3.0,3.0,4.0,1.0,1.0,1.0,2.0,2.0,2.0,2.0,3.0,3.0,1.0,3.0,3.0,2.0,2.0,2.0,2.0,1.0,1.0,1.0,2.0,2.0,2.0,2.0,2.0,2.0,2.0,0.0,0.0,0.0,0.0,0.0,0.0,0.0,0.0,0.0,0.0,0.0,6.0,7.0,4.0,4.0,6.0,1.0,10.0,2.0,2.0,2.0,2.0,2.0,3.0,4.0,7.0,4.0,2.0,2.0,2.0,,1.0,2.0,2.0,1.0,,2.0,,,,,,,,,,,2.0,1.0,2.0,2.0,3.0,3.0,,2.0,2.0,1.0,10.0,10.0,8.0,7.0,3.0,8.0,5.0,1.0,1.0,2.0,2.0,3.0,3.0,4.0,6.0,1.0,2.0,2.0,7.0,1.0,1.0,1.0,1.0,1.0,5.0,1.0,5.0,5.0,5.0,1.0,3.0,1.0,2.0,1.0,1.0,1.0,1.0,10.0,2.0,3.0,3.0,3.0,2.0,1.0,1.0,1.0,1.0,3.0,1.0,1.0,1.0,2.0,3.0,3.0,3.0,2.0,2.0,3.0,2.0,1.0,3.0,3.0,3.0,2.0,,,,,,,,,,,,,,3.0,2.0,3.0,2.0,3.0,,5.0,4.0,6.0,9.0,9.0,8.0,8.0,5.0,9.0,8.0,7.0,7.0,2.0,2.0,2.0,2.0,2.0,2.0,2.0
392071228,1.0,1.0,2.0,3.0,3.0,2.0,1.0,2.0,2.0,1.0,2.0,1.0,1.0,2.0,1.0,2.0,2.0,1.0,2.0,2.0,1.0,2.0,2.0,1.0,2.0,2.0,3.0,2.0,,4.0,3.0,3.0,1.0,1.0,4.0,3.0,4.0,5.0,3.0,4.0,5.0,1.0,1.0,3.0,2.0,3.0,5.0,7.0,3.0,4.0,4.0,4.0,4.0,4.0,3.0,2.0,1.0,,2.0,4.0,,,2.0,2.0,2.0,2.0,,,,,2.0,,,,,3.0,3.0,3.0,,3.0,1.0,0.0,0.0,0.0,0.0,0.0,0.0,0.0,0.0,0.0,0.0,5.0,3.0,3.0,3.0,8.0,2.0,8.0,2.0,2.0,2.0,2.0,2.0,2.0,2.0,,3.0,1.0,0.0,2.0,0.0,2.0,0.0,2.0,1.0,3.0,3.0,1.0,3.0,4.0,4.0,4.0,3.0,3.0,1.0,1.0,,3.0,,2.0,2.0,1.0,1.0,2.0,1.0,2.0,2.0,8.0,8.0,5.0,8.0,8.0,7.0,8.0,1.0,2.0,2.0,2.0,,2.0,7.0,2.0,1.0,1.0,,2.0,3.0,1.0,1.0,1.0,1.0,7.0,1.0,7.0,8.0,2.0,1.0,3.0,1.0,1.0,1.0,1.0,1.0,1.0,8.0,2.0,,2.0,3.0,3.0,5.0,1.0,5.0,5.0,5.0,1.0,5.0,1.0,3.0,3.0,3.0,3.0,,3.0,3.0,1.0,,,,,1.0,1.0,1.0,,3.0,3.0,3.0,,,3.0,,,1.0,3.0,3.0,3.0,4.0,2.0,3.0,,,,6.0,5.0,1.0,5.0,5.0,8.0,9.0,10.0,7.0,3.0,,2.0,2.0,3.0,4.0,4.0,4.0
417070202,1.0,2.0,3.0,3.0,2.0,2.0,1.0,1.0,2.0,1.0,1.0,2.0,2.0,2.0,2.0,1.0,2.0,1.0,1.0,1.0,1.0,1.0,1.0,1.0,1.0,1.0,1.0,3.0,2.0,2.0,2.0,2.0,2.0,2.0,2.0,4.0,2.0,2.0,2.0,2.0,2.0,3.0,1.0,1.0,1.0,1.0,10.0,10.0,10.0,4.0,4.0,4.0,4.0,4.0,2.0,2.0,1.0,2.0,2.0,2.0,2.0,2.0,2.0,2.0,3.0,3.0,3.0,2.0,2.0,2.0,2.0,2.0,2.0,2.0,2.0,3.0,,2.0,2.0,2.0,0.0,0.0,0.0,0.0,0.0,0.0,0.0,0.0,0.0,0.0,0.0,10.0,10.0,10.0,10.0,1.0,1.0,10.0,,,,1.0,1.0,2.0,2.0,10.0,4.0,0.0,0.0,2.0,1.0,0.0,0.0,2.0,2.0,2.0,1.0,3.0,3.0,3.0,4.0,4.0,4.0,4.0,2.0,2.0,2.0,1.0,1.0,2.0,2.0,1.0,1.0,1.0,2.0,2.0,1.0,10.0,10.0,10.0,1.0,10.0,10.0,10.0,1.0,,,,3.0,3.0,2.0,3.0,1.0,2.0,1.0,10.0,1.0,1.0,1.0,1.0,1.0,1.0,1.0,1.0,1.0,1.0,1.0,1.0,1.0,1.0,1.0,1.0,1.0,1.0,1.0,2.0,2.0,2.0,2.0,3.0,5.0,1.0,3.0,1.0,5.0,5.0,5.0,5.0,3.0,3.0,3.0,3.0,3.0,3.0,3.0,3.0,3.0,3.0,3.0,3.0,1.0,1.0,4.0,4.0,3.0,2.0,2.0,,2.0,2.0,2.0,2.0,1.0,3.0,2.0,2.0,2.0,2.0,2.0,,10.0,1.0,10.0,10.0,1.0,10.0,10.0,10.0,10.0,10.0,5.0,10.0,2.0,1.0,2.0,2.0,2.0,2.0,2.0
320070365,1.0,1.0,1.0,1.0,1.0,1.0,1.0,1.0,1.0,1.0,1.0,1.0,1.0,1.0,1.0,1.0,1.0,2.0,1.0,2.0,2.0,1.0,1.0,1.0,1.0,1.0,1.0,1.0,4.0,4.0,4.0,4.0,4.0,4.0,1.0,3.0,4.0,1.0,1.0,1.0,1.0,1.0,1.0,1.0,1.0,1.0,8.0,5.0,3.0,2.0,3.0,2.0,1.0,3.0,2.0,1.0,1.0,4.0,2.0,2.0,2.0,3.0,2.0,3.0,3.0,3.0,3.0,4.0,3.0,4.0,3.0,3.0,3.0,1.0,3.0,3.0,1.0,3.0,1.0,2.0,1.0,1.0,1.0,0.0,0.0,0.0,0.0,0.0,0.0,0.0,0.0,1.0,5.0,1.0,1.0,1.0,,10.0,2.0,2.0,2.0,2.0,2.0,2.0,5.0,10.0,1.0,0.0,1.0,2.0,1.0,2.0,2.0,2.0,2.0,1.0,3.0,2.0,2.0,2.0,2.0,2.0,2.0,2.0,1.0,1.0,2.0,1.0,4.0,1.0,1.0,3.0,3.0,3.0,1.0,2.0,2.0,10.0,10.0,5.0,5.0,1.0,5.0,10.0,1.0,1.0,2.0,1.0,2.0,3.0,3.0,2.0,1.0,2.0,2.0,5.0,8.0,1.0,1.0,1.0,1.0,8.0,6.0,5.0,6.0,5.0,3.0,6.0,1.0,1.0,1.0,1.0,1.0,1.0,6.0,3.0,3.0,3.0,4.0,3.0,3.0,3.0,4.0,2.0,3.0,2.0,2.0,5.0,3.0,3.0,3.0,2.0,3.0,2.0,3.0,2.0,3.0,3.0,3.0,2.0,2.0,2.0,3.0,3.0,3.0,2.0,2.0,2.0,2.0,2.0,2.0,3.0,3.0,2.0,2.0,2.0,4.0,2.0,4.0,6.0,8.0,1.0,10.0,10.0,1.0,10.0,10.0,10.0,10.0,5.0,5.0,1.0,3.0,1.0,3.0,4.0,3.0,4.0,4.0
300071142,2.0,1.0,2.0,3.0,3.0,3.0,1.0,2.0,1.0,2.0,2.0,1.0,2.0,1.0,1.0,2.0,2.0,2.0,2.0,2.0,2.0,2.0,2.0,2.0,2.0,2.0,2.0,2.0,4.0,4.0,4.0,4.0,5.0,4.0,5.0,1.0,2.0,3.0,4.0,4.0,4.0,2.0,,3.0,3.0,2.0,7.0,7.0,6.0,3.0,3.0,2.0,1.0,4.0,3.0,2.0,1.0,4.0,3.0,4.0,,,4.0,2.0,4.0,4.0,3.0,3.0,2.0,4.0,4.0,4.0,4.0,2.0,2.0,2.0,4.0,2.0,2.0,3.0,0.0,0.0,0.0,0.0,0.0,0.0,0.0,0.0,0.0,0.0,0.0,7.0,5.0,8.0,4.0,9.0,,10.0,4.0,3.0,3.0,4.0,4.0,1.0,4.0,7.0,3.0,2.0,2.0,2.0,2.0,2.0,2.0,0.0,0.0,1.0,3.0,2.0,1.0,2.0,1.0,3.0,2.0,2.0,2.0,2.0,2.0,4.0,3.0,2.0,1.0,3.0,2.0,4.0,2.0,1.0,1.0,2.0,4.0,7.0,10.0,5.0,2.0,5.0,1.0,1.0,2.0,2.0,3.0,3.0,4.0,2.0,1.0,2.0,2.0,1.0,3.0,4.0,1.0,1.0,1.0,10.0,7.0,5.0,9.0,1.0,3.0,,1.0,1.0,1.0,1.0,7.0,3.0,1.0,4.0,4.0,4.0,2.0,2.0,1.0,1.0,2.0,1.0,5.0,1.0,1.0,2.0,3.0,3.0,1.0,1.0,1.0,3.0,3.0,3.0,1.0,3.0,3.0,3.0,1.0,1.0,3.0,2.0,1.0,1.0,4.0,4.0,1.0,2.0,1.0,1.0,1.0,,4.0,4.0,4.0,1.0,4.0,4.0,4.0,1.0,10.0,10.0,4.0,10.0,2.0,10.0,10.0,10.0,3.0,1.0,4.0,2.0,3.0,2.0,2.0,1.0,2.0
68070331,3.0,3.0,3.0,4.0,4.0,1.0,1.0,2.0,2.0,2.0,2.0,1.0,1.0,2.0,1.0,2.0,1.0,1.0,2.0,1.0,2.0,1.0,2.0,2.0,2.0,2.0,1.0,2.0,3.0,3.0,2.0,2.0,2.0,2.0,4.0,4.0,2.0,2.0,2.0,2.0,2.0,2.0,1.0,1.0,2.0,3.0,7.0,9.0,5.0,2.0,4.0,2.0,2.0,4.0,2.0,2.0,2.0,1.0,2.0,2.0,3.0,3.0,1.0,3.0,2.0,2.0,3.0,3.0,2.0,2.0,3.0,2.0,2.0,2.0,2.0,2.0,,2.0,2.0,2.0,2.0,0.0,0.0,0.0,0.0,0.0,0.0,0.0,0.0,1.0,1.0,9.0,8.0,8.0,1.0,3.0,1.0,8.0,3.0,2.0,3.0,2.0,2.0,3.0,2.0,7.0,4.0,2.0,2.0,2.0,2.0,2.0,2.0,0.0,2.0,2.0,2.0,3.0,3.0,3.0,3.0,3.0,3.0,,2.0,1.0,2.0,,3.0,2.0,2.0,2.0,3.0,2.0,1.0,2.0,,8.0,9.0,9.0,5.0,5.0,9.0,10.0,1.0,2.0,2.0,,2.0,2.0,2.0,2.0,1.0,2.0,2.0,6.0,6.0,8.0,3.0,5.0,5.0,,2.0,8.0,5.0,,5.0,5.0,7.0,2.0,3.0,4.0,2.0,5.0,8.0,2.0,2.0,2.0,3.0,3.0,3.0,2.0,3.0,5.0,5.0,5.0,5.0,5.0,2.0,,3.0,3.0,2.0,2.0,3.0,3.0,,3.0,3.0,,1.0,1.0,4.0,3.0,3.0,,3.0,3.0,3.0,3.0,2.0,3.0,2.0,,1.0,2.0,3.0,2.0,2.0,5.0,2.0,3.0,4.0,4.0,5.0,5.0,5.0,5.0,9.0,6.0,6.0,5.0,3.0,1.0,2.0,2.0,1.0,1.0,3.0
496070352,1.0,2.0,1.0,2.0,1.0,4.0,1.0,1.0,1.0,1.0,2.0,2.0,2.0,1.0,2.0,2.0,2.0,1.0,2.0,1.0,2.0,1.0,2.0,1.0,2.0,2.0,1.0,3.0,2.0,3.0,3.0,3.0,1.0,2.0,3.0,3.0,2.0,3.0,2.0,2.0,4.0,2.0,1.0,2.0,3.0,3.0,6.0,5.0,6.0,3.0,3.0,2.0,2.0,3.0,1.0,2.0,1.0,2.0,2.0,3.0,2.0,2.0,4.0,3.0,3.0,3.0,3.0,3.0,3.0,3.0,3.0,3.0,3.0,2.0,3.0,2.0,3.0,2.0,3.0,3.0,0.0,0.0,0.0,0.0,0.0,0.0,0.0,0.0,0.0,0.0,0.0,6.0,6.0,4.0,2.0,7.0,1.0,10.0,4.0,4.0,4.0,3.0,2.0,3.0,4.0,4.0,3.0,1.0,2.0,1.0,1.0,1.0,1.0,2.0,1.0,3.0,,2.0,2.0,3.0,2.0,3.0,2.0,3.0,1.0,1.0,1.0,2.0,1.0,2.0,2.0,3.0,3.0,3.0,1.0,1.0,1.0,8.0,8.0,5.0,1.0,7.0,6.0,1.0,2.0,2.0,2.0,2.0,4.0,4.0,7.0,8.0,2.0,1.0,1.0,6.0,3.0,3.0,3.0,5.0,1.0,1.0,5.0,2.0,3.0,8.0,2.0,8.0,1.0,4.0,4.0,1.0,8.0,1.0,1.0,3.0,4.0,4.0,4.0,3.0,5.0,5.0,5.0,5.0,5.0,3.0,2.0,4.0,3.0,3.0,3.0,3.0,3.0,3.0,3.0,3.0,3.0,3.0,3.0,3.0,2.0,2.0,3.0,3.0,3.0,3.0,3.0,2.0,2.0,2.0,2.0,2.0,2.0,5.0,1.0,1.0,3.0,1.0,4.0,,2.0,9.0,1.0,4.0,9.0,4.0,4.0,8.0,2.0,8.0,7.0,1.0,3.0,3.0,3.0,3.0,3.0,4.0,4.0
156070591,1.0,2.0,2.0,1.0,1.0,3.0,1.0,1.0,1.0,1.0,1.0,2.0,2.0,2.0,2.0,2.0,2.0,1.0,2.0,1.0,2.0,1.0,2.0,1.0,2.0,2.0,2.0,3.0,3.0,4.0,4.0,2.0,5.0,4.0,4.0,5.0,4.0,1.0,1.0,2.0,2.0,3.0,1.0,1.0,2.0,3.0,8.0,4.0,4.0,4.0,2.0,2.0,2.0,3.0,1.0,2.0,2.0,3.0,3.0,4.0,4.0,4.0,3.0,2.0,3.0,2.0,3.0,2.0,2.0,1.0,1.0,1.0,1.0,2.0,3.0,3.0,2.0,2.0,2.0,2.0,0.0,0.0,0.0,0.0,0.0,0.0,0.0,0.0,0.0,0.0,0.0,8.0,9.0,9.0,1.0,2.0,1.0,3.0,1.0,1.0,1.0,1.0,1.0,1.0,5.0,10.0,,1.0,2.0,0.0,,0.0,2.0,2.0,0.0,,2.0,,,,,,,,,,,2.0,1.0,2.0,2.0,3.0,2.0,,2.0,2.0,1.0,10.0,10.0,7.0,1.0,2.0,9.0,1.0,2.0,2.0,2.0,2.0,4.0,4.0,7.0,8.0,2.0,2.0,2.0,9.0,4.0,1.0,1.0,1.0,1.0,1.0,1.0,1.0,1.0,1.0,1.0,1.0,1.0,6.0,1.0,1.0,1.0,1.0,6.0,1.0,2.0,2.0,2.0,3.0,5.0,3.0,4.0,5.0,5.0,5.0,5.0,5.0,3.0,3.0,3.0,3.0,1.0,3.0,3.0,3.0,3.0,3.0,3.0,3.0,3.0,,,,,,,,,,,,,,3.0,3.0,2.0,1.0,3.0,,1.0,1.0,10.0,9.0,1.0,8.0,5.0,5.0,6.0,10.0,10.0,10.0,1.0,2.0,2.0,2.0,2.0,2.0,3.0
788070539,1.0,2.0,2.0,3.0,1.0,1.0,1.0,1.0,2.0,2.0,2.0,1.0,2.0,2.0,2.0,2.0,2.0,1.0,2.0,2.0,2.0,2.0,2.0,1.0,1.0,2.0,1.0,2.0,3.0,4.0,4.0,2.0,1.0,1.0,3.0,,2.0,1.0,2.0,1.0,1.0,1.0,1.0,2.0,2.0,3.0,5.0,5.0,5.0,4.0,4.0,4.0,4.0,4.0,1.0,2.0,1.0,1.0,2.0,3.0,2.0,2.0,2.0,1.0,4.0,3.0,3.0,1.0,1.0,3.0,3.0,4.0,3.0,3.0,3.0,3.0,3.0,3.0,2.0,2.0,0.0,0.0,0.0,0.0,0.0,0.0,0.0,0.0,0.0,0.0,0.0,10.0,10.0,5.0,1.0,1.0,,10.0,3.0,3.0,3.0,2.0,3.0,4.0,4.0,10.0,3.0,0.0,2.0,2.0,1.0,2.0,1.0,2.0,1.0,3.0,1.0,3.0,3.0,3.0,3.0,4.0,3.0,4.0,2.0,2.0,2.0,1.0,1.0,2.0,2.0,1.0,1.0,1.0,1.0,2.0,1.0,5.0,5.0,5.0,6.0,5.0,3.0,10.0,1.0,1.0,1.0,1.0,1.0,3.0,7.0,1.0,1.0,1.0,1.0,5.0,10.0,1.0,1.0,1.0,1.0,1.0,1.0,1.0,10.0,10.0,1.0,1.0,10.0,5.0,1.0,1.0,1.0,1.0,1.0,4.0,4.0,4.0,4.0,2.0,4.0,1.0,1.0,5.0,5.0,5.0,5.0,4.0,3.0,3.0,3.0,,3.0,3.0,3.0,3.0,3.0,3.0,3.0,3.0,3.0,3.0,2.0,,,1.0,2.0,,1.0,,1.0,1.0,1.0,3.0,4.0,4.0,2.0,1.0,4.0,10.0,10.0,1.0,10.0,10.0,1.0,10.0,1.0,1.0,10.0,10.0,10.0,1.0,3.0,2.0,1.0,1.0,2.0,2.0,2.0
392070577,1.0,2.0,2.0,1.0,1.0,3.0,1.0,2.0,2.0,1.0,2.0,1.0,1.0,1.0,2.0,2.0,2.0,1.0,2.0,1.0,2.0,2.0,2.0,2.0,2.0,2.0,,3.0,2.0,,,2.0,2.0,2.0,3.0,,3.0,,2.0,2.0,3.0,3.0,1.0,3.0,2.0,3.0,5.0,5.0,5.0,4.0,4.0,4.0,4.0,4.0,2.0,2.0,1.0,2.0,2.0,3.0,3.0,3.0,3.0,1.0,2.0,2.0,2.0,1.0,1.0,2.0,3.0,3.0,2.0,2.0,2.0,2.0,2.0,3.0,3.0,3.0,0.0,0.0,0.0,0.0,0.0,0.0,0.0,0.0,0.0,0.0,0.0,6.0,1.0,5.0,4.0,5.0,,5.0,2.0,2.0,2.0,2.0,2.0,2.0,3.0,10.0,2.0,1.0,1.0,2.0,1.0,2.0,1.0,1.0,1.0,3.0,2.0,3.0,3.0,4.0,3.0,,3.0,,1.0,1.0,,3.0,3.0,2.0,2.0,1.0,1.0,1.0,1.0,2.0,,8.0,8.0,6.0,5.0,4.0,6.0,5.0,1.0,,,,,,5.0,3.0,2.0,,,2.0,1.0,1.0,1.0,1.0,1.0,,1.0,1.0,,,1.0,,1.0,1.0,1.0,1.0,1.0,1.0,,3.0,3.0,3.0,2.0,2.0,1.0,1.0,4.0,1.0,4.0,4.0,4.0,2.0,1.0,3.0,3.0,3.0,2.0,3.0,3.0,3.0,3.0,3.0,3.0,3.0,1.0,1.0,1.0,3.0,3.0,,3.0,1.0,,,1.0,1.0,1.0,2.0,2.0,2.0,4.0,1.0,4.0,5.0,8.0,1.0,9.0,9.0,1.0,10.0,1.0,1.0,10.0,10.0,9.0,8.0,2.0,1.0,2.0,2.0,2.0,2.0,2.0
276070398,1.0,1.0,2.0,3.0,1.0,1.0,1.0,1.0,2.0,1.0,2.0,1.0,2.0,1.0,2.0,2.0,2.0,1.0,2.0,2.0,2.0,2.0,2.0,1.0,2.0,2.0,1.0,4.0,4.0,4.0,4.0,2.0,5.0,2.0,4.0,2.0,4.0,2.0,2.0,2.0,4.0,3.0,1.0,1.0,1.0,2.0,6.0,8.0,8.0,4.0,1.0,4.0,4.0,4.0,2.0,1.0,1.0,1.0,1.0,2.0,2.0,2.0,3.0,3.0,3.0,3.0,3.0,2.0,2.0,2.0,3.0,2.0,2.0,2.0,2.0,2.0,2.0,2.0,2.0,2.0,2.0,0.0,0.0,0.0,0.0,0.0,1.0,1.0,0.0,0.0,0.0,5.0,5.0,1.0,1.0,4.0,1.0,6.0,2.0,2.0,2.0,2.0,2.0,1.0,4.0,9.0,2.0,0.0,2.0,2.0,2.0,2.0,2.0,0.0,2.0,3.0,3.0,1.0,4.0,4.0,4.0,4.0,4.0,4.0,1.0,2.0,1.0,4.0,4.0,1.0,1.0,3.0,2.0,3.0,1.0,2.0,1.0,10.0,10.0,1.0,1.0,1.0,10.0,10.0,1.0,2.0,2.0,2.0,4.0,3.0,4.0,3.0,1.0,1.0,2.0,10.0,1.0,1.0,1.0,3.0,1.0,10.0,1.0,10.0,10.0,10.0,10.0,10.0,1.0,5.0,1.0,1.0,10.0,1.0,1.0,2.0,2.0,3.0,3.0,2.0,1.0,2.0,1.0,5.0,5.0,5.0,5.0,2.0,1.0,2.0,1.0,2.0,1.0,1.0,1.0,1.0,1.0,2.0,3.0,3.0,2.0,2.0,1.0,4.0,4.0,4.0,2.0,1.0,4.0,4.0,2.0,1.0,4.0,,3.0,4.0,4.0,1.0,4.0,1.0,5.0,1.0,10.0,10.0,1.0,10.0,5.0,1.0,10.0,10.0,5.0,5.0,1.0,1.0,2.0,2.0,1.0,1.0,1.0
484070097,1.0,2.0,1.0,1.0,1.0,2.0,2.0,2.0,1.0,1.0,2.0,1.0,2.0,1.0,2.0,2.0,1.0,1.0,2.0,2.0,2.0,2.0,2.0,2.0,2.0,2.0,1.0,2.0,2.0,2.0,2.0,2.0,2.0,3.0,2.0,3.0,4.0,4.0,4.0,1.0,1.0,3.0,3.0,2.0,1.0,2.0,8.0,10.0,8.0,2.0,1.0,3.0,3.0,4.0,1.0,2.0,1.0,4.0,4.0,3.0,1.0,1.0,1.0,3.0,4.0,4.0,4.0,4.0,4.0,4.0,4.0,4.0,4.0,3.0,4.0,2.0,3.0,3.0,2.0,4.0,1.0,2.0,2.0,0.0,0.0,0.0,0.0,0.0,0.0,1.0,0.0,9.0,6.0,5.0,1.0,1.0,1.0,10.0,4.0,4.0,4.0,4.0,4.0,3.0,4.0,9.0,3.0,1.0,2.0,1.0,2.0,0.0,2.0,1.0,1.0,1.0,4.0,1.0,1.0,1.0,1.0,2.0,2.0,3.0,1.0,2.0,2.0,1.0,1.0,1.0,2.0,1.0,1.0,1.0,2.0,2.0,2.0,1.0,1.0,1.0,4.0,4.0,4.0,8.0,1.0,2.0,2.0,2.0,4.0,4.0,6.0,1.0,1.0,1.0,2.0,4.0,6.0,4.0,1.0,4.0,1.0,10.0,6.0,2.0,5.0,8.0,2.0,3.0,1.0,6.0,1.0,1.0,3.0,1.0,10.0,4.0,2.0,4.0,2.0,1.0,4.0,1.0,5.0,2.0,4.0,1.0,1.0,1.0,2.0,2.0,2.0,1.0,3.0,2.0,3.0,1.0,3.0,3.0,1.0,3.0,1.0,,3.0,4.0,1.0,1.0,4.0,4.0,1.0,1.0,4.0,4.0,1.0,5.0,1.0,1.0,4.0,1.0,4.0,5.0,1.0,1.0,1.0,1.0,2.0,3.0,1.0,1.0,5.0,10.0,1.0,1.0,3.0,2.0,1.0,2.0,2.0,3.0,2.0
528071326,1.0,1.0,2.0,2.0,3.0,3.0,2.0,2.0,1.0,1.0,2.0,1.0,2.0,1.0,2.0,1.0,2.0,1.0,2.0,2.0,2.0,2.0,2.0,1.0,2.0,2.0,2.0,3.0,3.0,4.0,3.0,,4.0,4.0,4.0,2.0,4.0,4.0,4.0,3.0,3.0,3.0,1.0,2.0,2.0,2.0,7.0,8.0,8.0,4.0,4.0,4.0,4.0,4.0,2.0,1.0,1.0,2.0,2.0,2.0,2.0,2.0,3.0,3.0,2.0,3.0,2.0,2.0,2.0,3.0,3.0,3.0,2.0,2.0,2.0,3.0,3.0,2.0,,,0.0,0.0,0.0,0.0,0.0,0.0,0.0,0.0,0.0,0.0,0.0,6.0,7.0,4.0,5.0,6.0,1.0,6.0,2.0,2.0,2.0,2.0,2.0,2.0,3.0,,3.0,2.0,2.0,,2.0,,2.0,0.0,,3.0,2.0,3.0,3.0,3.0,3.0,4.0,4.0,4.0,2.0,2.0,2.0,,,2.0,2.0,3.0,3.0,3.0,1.0,1.0,,8.0,8.0,2.0,3.0,3.0,8.0,4.0,1.0,2.0,2.0,2.0,4.0,3.0,5.0,8.0,1.0,1.0,2.0,8.0,3.0,2.0,1.0,1.0,1.0,10.0,7.0,9.0,9.0,9.0,8.0,6.0,1.0,1.0,1.0,1.0,7.0,2.0,1.0,3.0,3.0,3.0,1.0,2.0,1.0,1.0,1.0,1.0,2.0,2.0,4.0,2.0,2.0,2.0,2.0,2.0,2.0,2.0,2.0,2.0,2.0,2.0,2.0,2.0,1.0,1.0,2.0,3.0,3.0,3.0,2.0,2.0,3.0,4.0,2.0,2.0,2.0,3.0,4.0,2.0,4.0,1.0,4.0,7.0,7.0,1.0,9.0,8.0,1.0,10.0,7.0,4.0,10.0,7.0,7.0,4.0,2.0,2.0,1.0,2.0,1.0,2.0,2.0
360072259,1.0,1.0,1.0,2.0,1.0,1.0,1.0,1.0,1.0,1.0,2.0,2.0,2.0,2.0,2.0,2.0,2.0,1.0,1.0,1.0,2.0,1.0,1.0,1.0,1.0,1.0,1.0,3.0,2.0,3.0,2.0,3.0,2.0,2.0,4.0,4.0,2.0,2.0,4.0,4.0,2.0,1.0,3.0,3.0,1.0,3.0,,6.0,2.0,4.0,4.0,4.0,2.0,4.0,2.0,2.0,1.0,3.0,3.0,3.0,3.0,3.0,1.0,2.0,4.0,4.0,2.0,2.0,2.0,3.0,3.0,3.0,3.0,2.0,2.0,2.0,2.0,2.0,,2.0,0.0,0.0,0.0,0.0,0.0,0.0,1.0,0.0,0.0,0.0,,2.0,1.0,9.0,,1.0,,,3.0,3.0,3.0,3.0,2.0,3.0,2.0,8.0,3.0,0.0,0.0,0.0,0.0,0.0,2.0,0.0,0.0,3.0,1.0,3.0,3.0,4.0,4.0,2.0,3.0,3.0,2.0,2.0,2.0,2.0,1.0,2.0,2.0,2.0,2.0,2.0,2.0,2.0,1.0,2.0,,2.0,10.0,1.0,3.0,10.0,1.0,1.0,1.0,1.0,1.0,2.0,3.0,1.0,1.0,,1.0,10.0,1.0,3.0,3.0,2.0,1.0,1.0,1.0,1.0,1.0,1.0,1.0,1.0,1.0,6.0,5.0,1.0,1.0,1.0,1.0,2.0,3.0,3.0,4.0,3.0,5.0,2.0,5.0,2.0,5.0,5.0,5.0,2.0,3.0,3.0,3.0,3.0,1.0,3.0,3.0,3.0,,,,,1.0,1.0,3.0,3.0,2.0,1.0,2.0,1.0,1.0,1.0,2.0,,1.0,3.0,1.0,2.0,3.0,2.0,,,8.0,,2.0,9.0,,,1.0,,1.0,,,10.0,3.0,1.0,1.0,1.0,1.0,3.0,3.0
554070012,1.0,1.0,1.0,2.0,2.0,3.0,1.0,1.0,1.0,2.0,1.0,1.0,2.0,2.0,2.0,2.0,2.0,1.0,2.0,2.0,2.0,2.0,2.0,1.0,2.0,2.0,3.0,3.0,4.0,4.0,4.0,2.0,5.0,3.0,4.0,2.0,3.0,4.0,2.0,2.0,2.0,1.0,1.0,1.0,2.0,2.0,10.0,8.0,8.0,4.0,4.0,4.0,4.0,4.0,1.0,1.0,1.0,2.0,1.0,2.0,2.0,2.0,3.0,2.0,3.0,3.0,4.0,2.0,3.0,3.0,3.0,3.0,3.0,2.0,3.0,2.0,2.0,2.0,2.0,2.0,1.0,0.0,0.0,0.0,1.0,0.0,2.0,1.0,0.0,2.0,2.0,7.0,4.0,5.0,3.0,5.0,,5.0,2.0,2.0,2.0,2.0,2.0,2.0,2.0,3.0,4.0,2.0,2.0,1.0,2.0,0.0,2.0,1.0,1.0,2.0,1.0,3.0,4.0,4.0,3.0,4.0,4.0,4.0,1.0,2.0,2.0,3.0,3.0,2.0,2.0,3.0,3.0,3.0,2.0,2.0,1.0,10.0,10.0,1.0,7.0,3.0,10.0,,,,,,4.0,3.0,7.0,7.0,2.0,1.0,1.0,7.0,4.0,1.0,1.0,3.0,3.0,10.0,5.0,1.0,7.0,10.0,1.0,1.0,1.0,1.0,3.0,1.0,4.0,1.0,2.0,1.0,3.0,3.0,2.0,1.0,4.0,1.0,1.0,1.0,1.0,1.0,1.0,1.0,1.0,1.0,1.0,2.0,1.0,2.0,1.0,1.0,1.0,1.0,2.0,2.0,2.0,1.0,1.0,4.0,2.0,2.0,3.0,1.0,1.0,4.0,1.0,1.0,2.0,4.0,4.0,2.0,4.0,1.0,4.0,7.0,10.0,1.0,10.0,10.0,1.0,10.0,1.0,7.0,10.0,10.0,7.0,3.0,2.0,2.0,1.0,1.0,1.0,1.0,1.0
586070262,1.0,3.0,2.0,3.0,1.0,1.0,1.0,2.0,2.0,1.0,2.0,2.0,2.0,1.0,1.0,2.0,1.0,1.0,1.0,1.0,1.0,1.0,1.0,1.0,1.0,1.0,1.0,1.0,3.0,4.0,2.0,1.0,1.0,1.0,5.0,5.0,1.0,1.0,1.0,1.0,2.0,3.0,2.0,2.0,2.0,2.0,10.0,8.0,6.0,3.0,4.0,2.0,2.0,4.0,3.0,2.0,1.0,2.0,1.0,4.0,4.0,4.0,1.0,1.0,,,,4.0,2.0,3.0,3.0,2.0,3.0,2.0,1.0,1.0,1.0,2.0,1.0,1.0,0.0,0.0,0.0,0.0,0.0,0.0,0.0,0.0,0.0,0.0,0.0,10.0,1.0,1.0,1.0,3.0,2.0,10.0,3.0,3.0,3.0,3.0,3.0,3.0,1.0,1.0,1.0,,0.0,2.0,1.0,2.0,2.0,2.0,2.0,4.0,2.0,4.0,4.0,4.0,2.0,4.0,1.0,4.0,1.0,1.0,2.0,1.0,1.0,2.0,2.0,1.0,1.0,1.0,1.0,1.0,1.0,8.0,10.0,1.0,10.0,10.0,1.0,10.0,1.0,1.0,1.0,1.0,1.0,1.0,1.0,3.0,1.0,2.0,2.0,10.0,1.0,1.0,1.0,1.0,1.0,1.0,1.0,1.0,1.0,1.0,1.0,1.0,1.0,1.0,1.0,1.0,1.0,1.0,8.0,1.0,1.0,1.0,4.0,2.0,5.0,5.0,5.0,5.0,5.0,5.0,5.0,5.0,3.0,3.0,3.0,3.0,3.0,3.0,3.0,3.0,3.0,3.0,3.0,3.0,1.0,1.0,3.0,2.0,3.0,1.0,,3.0,2.0,2.0,3.0,1.0,1.0,4.0,3.0,2.0,1.0,1.0,1.0,,10.0,10.0,10.0,10.0,10.0,10.0,10.0,10.0,10.0,10.0,1.0,1.0,4.0,1.0,1.0,1.0,1.0,1.0,1.0
360072376,1.0,1.0,1.0,1.0,1.0,1.0,2.0,2.0,2.0,2.0,2.0,2.0,2.0,1.0,2.0,2.0,2.0,1.0,2.0,2.0,2.0,2.0,2.0,1.0,2.0,2.0,2.0,1.0,2.0,2.0,2.0,2.0,1.0,1.0,1.0,2.0,1.0,1.0,2.0,2.0,2.0,2.0,2.0,2.0,1.0,1.0,10.0,10.0,10.0,4.0,4.0,4.0,4.0,4.0,2.0,1.0,1.0,1.0,1.0,1.0,1.0,1.0,1.0,1.0,1.0,1.0,1.0,1.0,1.0,1.0,1.0,1.0,1.0,1.0,1.0,1.0,1.0,1.0,1.0,1.0,2.0,2.0,1.0,0.0,0.0,0.0,0.0,1.0,0.0,0.0,1.0,10.0,10.0,10.0,10.0,10.0,1.0,1.0,3.0,4.0,4.0,4.0,4.0,1.0,4.0,10.0,5.0,2.0,2.0,2.0,2.0,2.0,2.0,2.0,2.0,1.0,1.0,4.0,3.0,4.0,4.0,4.0,4.0,4.0,2.0,2.0,2.0,2.0,2.0,2.0,2.0,4.0,4.0,4.0,1.0,2.0,1.0,10.0,10.0,10.0,10.0,10.0,10.0,10.0,1.0,1.0,1.0,1.0,1.0,1.0,2.0,1.0,1.0,1.0,2.0,1.0,10.0,10.0,10.0,10.0,10.0,10.0,10.0,10.0,10.0,10.0,10.0,10.0,10.0,10.0,10.0,10.0,10.0,10.0,10.0,2.0,3.0,1.0,1.0,1.0,5.0,5.0,5.0,5.0,5.0,5.0,5.0,5.0,3.0,3.0,3.0,3.0,1.0,1.0,1.0,1.0,,,,,1.0,1.0,1.0,1.0,1.0,1.0,1.0,1.0,1.0,1.0,1.0,1.0,1.0,1.0,1.0,1.0,1.0,1.0,1.0,10.0,10.0,10.0,10.0,10.0,10.0,10.0,10.0,10.0,10.0,10.0,10.0,10.0,1.0,1.0,1.0,1.0,4.0,4.0,4.0
170079244,1.0,2.0,1.0,4.0,2.0,1.0,1.0,2.0,2.0,1.0,2.0,1.0,2.0,1.0,1.0,2.0,2.0,1.0,2.0,2.0,2.0,1.0,2.0,1.0,2.0,2.0,1.0,3.0,3.0,3.0,3.0,3.0,4.0,2.0,4.0,4.0,1.0,1.0,1.0,2.0,1.0,3.0,1.0,1.0,1.0,1.0,9.0,10.0,10.0,4.0,4.0,4.0,4.0,4.0,1.0,2.0,1.0,3.0,3.0,3.0,3.0,3.0,1.0,4.0,3.0,3.0,3.0,3.0,3.0,3.0,3.0,3.0,3.0,3.0,3.0,3.0,3.0,3.0,3.0,3.0,2.0,1.0,0.0,0.0,0.0,0.0,0.0,0.0,0.0,0.0,0.0,4.0,4.0,9.0,10.0,5.0,1.0,10.0,3.0,3.0,3.0,3.0,3.0,4.0,4.0,10.0,1.0,2.0,2.0,2.0,2.0,2.0,2.0,2.0,2.0,4.0,3.0,3.0,1.0,3.0,4.0,1.0,3.0,3.0,2.0,2.0,2.0,3.0,1.0,2.0,2.0,1.0,1.0,1.0,1.0,1.0,1.0,9.0,10.0,3.0,9.0,9.0,10.0,10.0,1.0,2.0,2.0,1.0,2.0,2.0,2.0,1.0,1.0,2.0,2.0,10.0,1.0,1.0,1.0,1.0,1.0,1.0,1.0,1.0,1.0,1.0,1.0,1.0,1.0,1.0,1.0,1.0,1.0,1.0,1.0,2.0,2.0,2.0,4.0,3.0,5.0,1.0,1.0,1.0,5.0,5.0,5.0,1.0,3.0,3.0,3.0,3.0,3.0,3.0,3.0,3.0,3.0,3.0,3.0,3.0,3.0,3.0,1.0,1.0,1.0,1.0,1.0,1.0,1.0,1.0,1.0,1.0,1.0,5.0,4.0,4.0,4.0,4.0,4.0,5.0,1.0,1.0,1.0,1.0,1.0,1.0,1.0,1.0,1.0,10.0,1.0,1.0,4.0,1.0,4.0,4.0,4.0,4.0,4.0
364072061,1.0,3.0,2.0,4.0,2.0,2.0,2.0,2.0,1.0,1.0,2.0,2.0,1.0,2.0,2.0,1.0,1.0,1.0,2.0,1.0,2.0,,2.0,1.0,2.0,2.0,2.0,2.0,2.0,2.0,2.0,2.0,2.0,1.0,2.0,,4.0,2.0,5.0,4.0,2.0,1.0,1.0,1.0,1.0,2.0,10.0,10.0,6.0,3.0,4.0,3.0,1.0,2.0,1.0,2.0,1.0,1.0,2.0,2.0,2.0,2.0,4.0,1.0,2.0,2.0,2.0,2.0,2.0,1.0,2.0,1.0,1.0,1.0,4.0,3.0,4.0,2.0,1.0,2.0,1.0,2.0,0.0,0.0,0.0,0.0,0.0,0.0,0.0,0.0,0.0,1.0,10.0,1.0,1.0,1.0,1.0,1.0,1.0,2.0,2.0,3.0,1.0,3.0,4.0,10.0,3.0,2.0,2.0,0.0,0.0,2.0,2.0,2.0,0.0,3.0,1.0,4.0,4.0,3.0,3.0,3.0,3.0,4.0,1.0,1.0,2.0,1.0,2.0,2.0,2.0,3.0,3.0,4.0,2.0,2.0,1.0,10.0,10.0,10.0,3.0,1.0,10.0,10.0,1.0,1.0,1.0,1.0,3.0,2.0,5.0,3.0,1.0,1.0,2.0,1.0,1.0,1.0,1.0,1.0,1.0,1.0,,1.0,1.0,5.0,1.0,1.0,1.0,1.0,1.0,1.0,,1.0,7.0,3.0,3.0,4.0,4.0,3.0,5.0,1.0,5.0,1.0,3.0,2.0,1.0,5.0,3.0,3.0,3.0,3.0,3.0,2.0,1.0,1.0,1.0,1.0,3.0,3.0,2.0,2.0,1.0,1.0,3.0,1.0,3.0,4.0,1.0,4.0,2.0,2.0,1.0,3.0,2.0,3.0,3.0,1.0,2.0,,10.0,6.0,10.0,10.0,1.0,10.0,10.0,10.0,10.0,10.0,10.0,10.0,2.0,1.0,2.0,2.0,1.0,2.0,2.0
792072176,1.0,2.0,1.0,1.0,1.0,1.0,1.0,1.0,1.0,1.0,2.0,1.0,1.0,1.0,1.0,1.0,1.0,1.0,1.0,1.0,2.0,1.0,2.0,1.0,1.0,2.0,1.0,1.0,2.0,4.0,2.0,2.0,2.0,5.0,1.0,5.0,1.0,1.0,1.0,1.0,3.0,3.0,3.0,1.0,2.0,2.0,4.0,3.0,3.0,2.0,2.0,2.0,2.0,3.0,3.0,2.0,1.0,2.0,2.0,4.0,4.0,3.0,2.0,2.0,3.0,3.0,3.0,2.0,2.0,2.0,2.0,2.0,2.0,3.0,4.0,4.0,3.0,3.0,3.0,3.0,0.0,0.0,0.0,0.0,0.0,0.0,0.0,0.0,0.0,0.0,0.0,5.0,3.0,8.0,7.0,9.0,2.0,10.0,2.0,4.0,3.0,3.0,3.0,4.0,3.0,8.0,1.0,2.0,0.0,2.0,2.0,2.0,2.0,2.0,2.0,3.0,3.0,2.0,2.0,2.0,2.0,2.0,3.0,2.0,1.0,1.0,1.0,2.0,2.0,2.0,2.0,1.0,1.0,1.0,2.0,2.0,1.0,5.0,5.0,3.0,6.0,3.0,4.0,10.0,1.0,1.0,1.0,1.0,1.0,1.0,7.0,2.0,1.0,2.0,1.0,2.0,2.0,2.0,2.0,1.0,1.0,1.0,1.0,5.0,5.0,3.0,1.0,5.0,1.0,7.0,4.0,,1.0,,9.0,4.0,4.0,4.0,2.0,2.0,5.0,1.0,5.0,1.0,5.0,1.0,1.0,2.0,2.0,2.0,2.0,2.0,2.0,2.0,2.0,1.0,1.0,2.0,2.0,3.0,1.0,1.0,3.0,2.0,2.0,2.0,2.0,2.0,1.0,1.0,3.0,3.0,1.0,,1.0,2.0,,1.0,2.0,10.0,6.0,6.0,4.0,6.0,,7.0,8.0,8.0,8.0,9.0,6.0,7.0,2.0,2.0,1.0,1.0,1.0,3.0,4.0
422070763,2.0,3.0,3.0,3.0,3.0,2.0,1.0,2.0,1.0,1.0,2.0,2.0,1.0,2.0,2.0,1.0,2.0,2.0,2.0,2.0,2.0,2.0,2.0,2.0,2.0,2.0,2.0,2.0,3.0,3.0,3.0,3.0,2.0,2.0,4.0,,3.0,2.0,2.0,2.0,2.0,1.0,1.0,1.0,3.0,3.0,3.0,2.0,3.0,3.0,2.0,1.0,2.0,3.0,3.0,2.0,1.0,3.0,3.0,3.0,3.0,3.0,2.0,1.0,3.0,3.0,3.0,1.0,2.0,3.0,3.0,3.0,3.0,2.0,3.0,2.0,2.0,3.0,3.0,4.0,0.0,0.0,0.0,0.0,0.0,0.0,0.0,0.0,0.0,0.0,0.0,4.0,4.0,4.0,4.0,4.0,1.0,4.0,2.0,2.0,2.0,2.0,2.0,2.0,2.0,4.0,3.0,2.0,2.0,0.0,2.0,2.0,2.0,2.0,0.0,3.0,2.0,3.0,3.0,3.0,4.0,3.0,3.0,4.0,2.0,2.0,2.0,2.0,2.0,2.0,2.0,3.0,2.0,3.0,1.0,2.0,2.0,8.0,6.0,5.0,6.0,6.0,7.0,7.0,1.0,1.0,1.0,1.0,3.0,3.0,2.0,2.0,2.0,2.0,2.0,4.0,3.0,,3.0,3.0,3.0,3.0,,2.0,2.0,2.0,3.0,2.0,2.0,2.0,2.0,2.0,2.0,2.0,2.0,3.0,3.0,3.0,3.0,2.0,4.0,1.0,4.0,4.0,4.0,4.0,1.0,3.0,3.0,3.0,3.0,3.0,2.0,2.0,2.0,2.0,3.0,3.0,3.0,3.0,1.0,1.0,3.0,3.0,,2.0,2.0,2.0,2.0,2.0,2.0,2.0,2.0,3.0,2.0,2.0,2.0,2.0,3.0,,7.0,4.0,6.0,8.0,7.0,7.0,8.0,7.0,8.0,7.0,6.0,5.0,2.0,2.0,1.0,1.0,1.0,1.0,1.0
158070083,1.0,3.0,1.0,3.0,3.0,2.0,1.0,1.0,2.0,1.0,2.0,1.0,2.0,2.0,2.0,1.0,2.0,1.0,2.0,1.0,2.0,1.0,2.0,1.0,2.0,2.0,2.0,2.0,3.0,2.0,3.0,2.0,4.0,4.0,4.0,4.0,4.0,3.0,2.0,3.0,4.0,3.0,1.0,1.0,2.0,2.0,4.0,4.0,1.0,4.0,4.0,4.0,4.0,4.0,1.0,2.0,2.0,2.0,3.0,2.0,3.0,3.0,3.0,4.0,2.0,2.0,2.0,4.0,3.0,3.0,3.0,2.0,2.0,2.0,2.0,,2.0,1.0,2.0,3.0,2.0,2.0,0.0,0.0,1.0,1.0,0.0,0.0,2.0,0.0,0.0,6.0,10.0,1.0,1.0,1.0,2.0,10.0,3.0,3.0,2.0,3.0,2.0,1.0,4.0,10.0,4.0,2.0,2.0,0.0,2.0,2.0,2.0,2.0,0.0,3.0,1.0,4.0,4.0,3.0,4.0,4.0,2.0,4.0,1.0,1.0,2.0,1.0,1.0,2.0,2.0,1.0,1.0,1.0,1.0,1.0,1.0,3.0,10.0,3.0,3.0,8.0,3.0,5.0,1.0,1.0,1.0,1.0,3.0,3.0,6.0,4.0,2.0,1.0,1.0,4.0,2.0,3.0,2.0,1.0,3.0,3.0,3.0,3.0,6.0,6.0,1.0,10.0,3.0,3.0,3.0,2.0,2.0,2.0,9.0,1.0,4.0,4.0,2.0,2.0,5.0,1.0,5.0,4.0,5.0,5.0,5.0,4.0,3.0,3.0,2.0,2.0,1.0,3.0,3.0,1.0,3.0,3.0,3.0,3.0,1.0,1.0,2.0,4.0,1.0,1.0,2.0,2.0,1.0,4.0,3.0,1.0,3.0,4.0,4.0,4.0,4.0,,3.0,1.0,3.0,2.0,9.0,9.0,2.0,2.0,2.0,2.0,9.0,10.0,10.0,4.0,1.0,1.0,2.0,2.0,2.0,4.0,4.0
218071111,1.0,1.0,2.0,3.0,1.0,1.0,1.0,2.0,2.0,1.0,2.0,1.0,1.0,2.0,1.0,2.0,2.0,1.0,2.0,2.0,2.0,2.0,2.0,2.0,2.0,1.0,1.0,2.0,3.0,2.0,2.0,2.0,2.0,4.0,5.0,4.0,2.0,1.0,2.0,2.0,2.0,3.0,1.0,1.0,1.0,3.0,6.0,5.0,5.0,3.0,2.0,3.0,2.0,4.0,2.0,2.0,2.0,3.0,3.0,3.0,3.0,3.0,2.0,2.0,3.0,3.0,3.0,2.0,2.0,3.0,3.0,3.0,3.0,2.0,2.0,3.0,2.0,2.0,2.0,2.0,1.0,2.0,0.0,0.0,0.0,0.0,0.0,0.0,0.0,0.0,0.0,3.0,5.0,1.0,5.0,4.0,2.0,10.0,3.0,3.0,3.0,3.0,2.0,4.0,4.0,3.0,3.0,0.0,1.0,2.0,2.0,2.0,0.0,2.0,2.0,3.0,3.0,2.0,2.0,3.0,3.0,2.0,3.0,3.0,1.0,1.0,2.0,1.0,1.0,2.0,1.0,2.0,1.0,2.0,2.0,2.0,1.0,4.0,5.0,5.0,5.0,5.0,3.0,10.0,1.0,1.0,1.0,1.0,2.0,3.0,3.0,3.0,1.0,1.0,1.0,4.0,4.0,5.0,5.0,3.0,2.0,3.0,3.0,1.0,2.0,3.0,1.0,2.0,1.0,2.0,1.0,1.0,2.0,2.0,1.0,2.0,3.0,4.0,3.0,3.0,2.0,2.0,2.0,1.0,2.0,2.0,2.0,2.0,2.0,2.0,2.0,3.0,2.0,2.0,2.0,2.0,2.0,2.0,3.0,3.0,1.0,1.0,2.0,2.0,3.0,2.0,3.0,3.0,2.0,3.0,2.0,2.0,3.0,,2.0,2.0,2.0,2.0,2.0,6.0,4.0,5.0,4.0,4.0,7.0,7.0,3.0,5.0,6.0,6.0,6.0,7.0,2.0,1.0,2.0,3.0,3.0,3.0,3.0
50070775,1.0,2.0,4.0,3.0,1.0,1.0,1.0,1.0,1.0,1.0,2.0,2.0,2.0,2.0,1.0,2.0,2.0,1.0,2.0,1.0,2.0,1.0,2.0,1.0,1.0,2.0,1.0,1.0,2.0,1.0,1.0,,1.0,1.0,2.0,2.0,1.0,1.0,1.0,1.0,2.0,3.0,1.0,1.0,1.0,1.0,9.0,10.0,10.0,4.0,4.0,4.0,3.0,4.0,1.0,2.0,1.0,2.0,2.0,4.0,2.0,3.0,1.0,2.0,2.0,2.0,2.0,2.0,1.0,1.0,2.0,1.0,2.0,1.0,2.0,2.0,1.0,2.0,2.0,2.0,0.0,0.0,0.0,0.0,0.0,0.0,0.0,0.0,0.0,0.0,0.0,1.0,3.0,2.0,1.0,1.0,1.0,6.0,2.0,2.0,2.0,2.0,3.0,2.0,2.0,8.0,3.0,0.0,0.0,2.0,0.0,2.0,0.0,2.0,2.0,2.0,1.0,4.0,4.0,3.0,4.0,4.0,3.0,4.0,1.0,2.0,2.0,1.0,1.0,2.0,2.0,2.0,1.0,2.0,1.0,2.0,1.0,10.0,10.0,9.0,10.0,1.0,10.0,10.0,1.0,1.0,1.0,1.0,1.0,1.0,4.0,4.0,1.0,1.0,1.0,1.0,1.0,1.0,1.0,1.0,1.0,1.0,1.0,1.0,1.0,1.0,1.0,1.0,1.0,1.0,1.0,1.0,1.0,1.0,5.0,1.0,1.0,2.0,1.0,2.0,2.0,1.0,4.0,2.0,3.0,2.0,2.0,2.0,2.0,2.0,2.0,2.0,3.0,1.0,2.0,2.0,2.0,2.0,2.0,,1.0,1.0,1.0,,4.0,,1.0,1.0,,,1.0,1.0,2.0,2.0,3.0,2.0,1.0,1.0,2.0,10.0,10.0,10.0,10.0,10.0,9.0,10.0,10.0,10.0,9.0,10.0,9.0,9.0,1.0,1.0,1.0,3.0,1.0,1.0,1.0
804070833,1.0,2.0,2.0,3.0,2.0,3.0,2.0,2.0,1.0,1.0,2.0,1.0,2.0,1.0,2.0,2.0,1.0,1.0,2.0,2.0,2.0,2.0,2.0,1.0,2.0,2.0,,1.0,,,2.0,2.0,3.0,2.0,4.0,,3.0,1.0,,3.0,2.0,2.0,1.0,3.0,2.0,2.0,5.0,7.0,6.0,4.0,4.0,4.0,3.0,4.0,1.0,1.0,1.0,2.0,2.0,3.0,2.0,2.0,2.0,1.0,3.0,3.0,,2.0,2.0,3.0,2.0,3.0,3.0,2.0,2.0,,3.0,2.0,,2.0,1.0,0.0,0.0,0.0,0.0,0.0,0.0,0.0,0.0,0.0,0.0,6.0,7.0,6.0,5.0,3.0,2.0,5.0,2.0,2.0,2.0,2.0,,1.0,,7.0,3.0,2.0,0.0,2.0,0.0,2.0,1.0,2.0,2.0,4.0,2.0,4.0,4.0,4.0,4.0,4.0,4.0,4.0,2.0,2.0,2.0,3.0,3.0,2.0,2.0,1.0,1.0,1.0,1.0,1.0,1.0,10.0,8.0,6.0,5.0,7.0,8.0,7.0,1.0,,,,3.0,3.0,4.0,5.0,2.0,2.0,2.0,4.0,1.0,1.0,1.0,1.0,1.0,1.0,3.0,7.0,9.0,10.0,1.0,3.0,1.0,1.0,1.0,1.0,3.0,1.0,9.0,2.0,3.0,4.0,2.0,2.0,3.0,1.0,1.0,5.0,5.0,1.0,1.0,3.0,3.0,3.0,3.0,3.0,3.0,3.0,3.0,3.0,3.0,3.0,3.0,3.0,1.0,1.0,2.0,,,4.0,,2.0,4.0,4.0,1.0,2.0,2.0,2.0,3.0,3.0,3.0,2.0,3.0,6.0,6.0,2.0,10.0,5.0,1.0,10.0,7.0,4.0,10.0,8.0,9.0,9.0,2.0,1.0,1.0,2.0,2.0,2.0,2.0
404070378,1.0,1.0,1.0,4.0,1.0,1.0,1.0,2.0,1.0,2.0,2.0,1.0,2.0,2.0,1.0,2.0,1.0,1.0,2.0,2.0,1.0,1.0,1.0,1.0,2.0,2.0,1.0,4.0,4.0,1.0,1.0,2.0,4.0,1.0,1.0,5.0,1.0,1.0,1.0,1.0,1.0,1.0,3.0,1.0,1.0,2.0,4.0,10.0,5.0,4.0,4.0,4.0,3.0,4.0,3.0,2.0,1.0,2.0,4.0,4.0,4.0,4.0,3.0,4.0,2.0,2.0,4.0,4.0,3.0,2.0,4.0,2.0,4.0,4.0,4.0,3.0,2.0,4.0,3.0,4.0,2.0,2.0,0.0,0.0,2.0,0.0,0.0,0.0,0.0,1.0,0.0,10.0,10.0,9.0,1.0,2.0,2.0,1.0,1.0,4.0,3.0,3.0,1.0,2.0,5.0,3.0,4.0,2.0,1.0,1.0,,0.0,1.0,1.0,2.0,2.0,2.0,2.0,1.0,1.0,4.0,1.0,2.0,1.0,1.0,1.0,2.0,3.0,4.0,2.0,2.0,3.0,2.0,2.0,1.0,2.0,2.0,1.0,1.0,4.0,10.0,5.0,8.0,10.0,1.0,1.0,1.0,1.0,1.0,1.0,2.0,1.0,1.0,2.0,2.0,1.0,1.0,1.0,2.0,1.0,1.0,2.0,2.0,1.0,7.0,1.0,1.0,1.0,1.0,3.0,1.0,1.0,4.0,1.0,1.0,3.0,4.0,4.0,4.0,3.0,4.0,1.0,1.0,1.0,5.0,5.0,5.0,1.0,3.0,3.0,3.0,3.0,2.0,3.0,3.0,3.0,3.0,3.0,3.0,3.0,3.0,3.0,2.0,4.0,3.0,1.0,3.0,4.0,2.0,1.0,3.0,2.0,1.0,5.0,1.0,3.0,4.0,3.0,3.0,10.0,9.0,7.0,8.0,10.0,6.0,10.0,10.0,9.0,10.0,8.0,6.0,8.0,3.0,1.0,2.0,1.0,1.0,2.0,1.0
702070435,1.0,1.0,2.0,1.0,1.0,1.0,1.0,1.0,2.0,1.0,2.0,1.0,1.0,2.0,2.0,2.0,2.0,1.0,2.0,1.0,2.0,2.0,2.0,1.0,2.0,2.0,2.0,3.0,3.0,3.0,3.0,2.0,4.0,1.0,2.0,4.0,2.0,2.0,1.0,2.0,3.0,3.0,2.0,1.0,2.0,3.0,5.0,1.0,1.0,4.0,3.0,4.0,4.0,4.0,1.0,2.0,3.0,3.0,3.0,4.0,4.0,4.0,3.0,2.0,1.0,1.0,1.0,3.0,2.0,2.0,2.0,2.0,2.0,2.0,2.0,2.0,2.0,2.0,2.0,2.0,0.0,0.0,0.0,1.0,0.0,0.0,0.0,0.0,0.0,0.0,0.0,4.0,5.0,1.0,5.0,5.0,2.0,1.0,2.0,2.0,,2.0,2.0,1.0,4.0,10.0,3.0,2.0,2.0,2.0,0.0,1.0,2.0,0.0,0.0,3.0,3.0,3.0,3.0,4.0,4.0,4.0,3.0,4.0,1.0,2.0,,1.0,1.0,2.0,2.0,1.0,1.0,1.0,1.0,2.0,1.0,8.0,8.0,8.0,8.0,5.0,10.0,10.0,1.0,1.0,2.0,1.0,3.0,3.0,6.0,3.0,1.0,2.0,1.0,5.0,1.0,1.0,1.0,1.0,1.0,1.0,5.0,1.0,1.0,5.0,1.0,8.0,1.0,1.0,1.0,1.0,1.0,1.0,10.0,1.0,4.0,4.0,4.0,3.0,5.0,3.0,2.0,1.0,5.0,1.0,1.0,2.0,2.0,3.0,3.0,3.0,3.0,3.0,3.0,1.0,3.0,3.0,3.0,3.0,,1.0,1.0,4.0,3.0,4.0,1.0,1.0,4.0,4.0,1.0,1.0,1.0,5.0,4.0,3.0,4.0,3.0,4.0,5.0,10.0,5.0,10.0,10.0,5.0,10.0,5.0,2.0,10.0,10.0,10.0,10.0,2.0,2.0,,,2.0,3.0,3.0
20070605,1.0,1.0,2.0,3.0,2.0,4.0,2.0,2.0,2.0,1.0,1.0,1.0,2.0,1.0,2.0,1.0,2.0,1.0,2.0,2.0,2.0,2.0,2.0,1.0,2.0,2.0,2.0,4.0,4.0,4.0,4.0,1.0,5.0,5.0,5.0,1.0,5.0,4.0,4.0,2.0,5.0,1.0,1.0,2.0,1.0,1.0,9.0,8.0,8.0,4.0,4.0,4.0,3.0,4.0,3.0,1.0,1.0,2.0,2.0,2.0,2.0,2.0,4.0,,3.0,3.0,2.0,2.0,2.0,3.0,3.0,3.0,3.0,2.0,2.0,3.0,3.0,2.0,1.0,2.0,0.0,2.0,0.0,0.0,0.0,0.0,0.0,0.0,0.0,0.0,0.0,4.0,3.0,3.0,2.0,3.0,1.0,10.0,3.0,2.0,3.0,3.0,2.0,3.0,3.0,7.0,3.0,1.0,2.0,0.0,1.0,0.0,2.0,0.0,2.0,2.0,1.0,4.0,3.0,4.0,4.0,4.0,4.0,4.0,2.0,2.0,2.0,3.0,1.0,2.0,2.0,4.0,4.0,4.0,1.0,1.0,2.0,7.0,7.0,6.0,3.0,4.0,6.0,1.0,2.0,2.0,2.0,2.0,4.0,4.0,7.0,8.0,3.0,1.0,1.0,2.0,3.0,6.0,5.0,2.0,1.0,10.0,9.0,10.0,10.0,10.0,9.0,10.0,1.0,1.0,1.0,1.0,10.0,1.0,4.0,3.0,4.0,4.0,2.0,2.0,1.0,1.0,1.0,2.0,5.0,1.0,1.0,2.0,1.0,2.0,2.0,2.0,1.0,3.0,1.0,1.0,1.0,1.0,1.0,2.0,1.0,1.0,2.0,4.0,2.0,1.0,3.0,1.0,2.0,4.0,3.0,3.0,1.0,4.0,4.0,3.0,4.0,1.0,4.0,3.0,10.0,1.0,10.0,10.0,1.0,10.0,10.0,10.0,10.0,10.0,7.0,3.0,3.0,2.0,2.0,2.0,2.0,3.0,2.0
104070185,1.0,2.0,1.0,3.0,1.0,1.0,1.0,1.0,2.0,2.0,1.0,1.0,2.0,1.0,2.0,2.0,2.0,1.0,1.0,1.0,1.0,1.0,1.0,2.0,1.0,1.0,1.0,2.0,1.0,3.0,1.0,1.0,4.0,1.0,1.0,5.0,1.0,1.0,1.0,1.0,1.0,3.0,1.0,1.0,1.0,3.0,10.0,10.0,3.0,4.0,4.0,4.0,2.0,4.0,2.0,2.0,1.0,2.0,2.0,3.0,4.0,4.0,2.0,4.0,2.0,2.0,1.0,4.0,4.0,2.0,2.0,2.0,1.0,2.0,4.0,4.0,1.0,1.0,1.0,1.0,0.0,0.0,0.0,0.0,0.0,0.0,0.0,0.0,0.0,0.0,0.0,10.0,7.0,7.0,5.0,1.0,1.0,10.0,4.0,3.0,2.0,4.0,3.0,1.0,2.0,8.0,1.0,0.0,2.0,2.0,2.0,2.0,2.0,0.0,2.0,4.0,2.0,4.0,2.0,4.0,4.0,4.0,2.0,4.0,1.0,1.0,2.0,1.0,1.0,2.0,2.0,1.0,1.0,1.0,1.0,2.0,1.0,10.0,10.0,1.0,10.0,1.0,10.0,10.0,1.0,1.0,1.0,1.0,1.0,1.0,5.0,4.0,1.0,2.0,1.0,1.0,1.0,2.0,5.0,2.0,5.0,2.0,2.0,2.0,2.0,2.0,2.0,5.0,3.0,10.0,2.0,3.0,3.0,1.0,6.0,1.0,1.0,4.0,2.0,3.0,5.0,2.0,5.0,2.0,5.0,5.0,1.0,5.0,3.0,3.0,3.0,3.0,1.0,3.0,,3.0,3.0,,,,1.0,,4.0,4.0,4.0,2.0,2.0,3.0,4.0,4.0,1.0,2.0,2.0,4.0,1.0,2.0,1.0,2.0,2.0,,10.0,1.0,10.0,2.0,10.0,10.0,10.0,10.0,10.0,10.0,1.0,5.0,2.0,1.0,2.0,2.0,1.0,2.0,2.0
702071372,1.0,1.0,2.0,2.0,2.0,3.0,1.0,1.0,2.0,1.0,2.0,1.0,2.0,2.0,2.0,1.0,2.0,1.0,2.0,1.0,2.0,2.0,2.0,1.0,2.0,2.0,2.0,4.0,3.0,4.0,3.0,2.0,4.0,3.0,2.0,4.0,4.0,2.0,1.0,4.0,4.0,3.0,1.0,2.0,1.0,2.0,8.0,8.0,8.0,4.0,4.0,4.0,4.0,4.0,1.0,1.0,1.0,2.0,1.0,3.0,2.0,2.0,,2.0,2.0,2.0,3.0,1.0,1.0,1.0,2.0,2.0,2.0,1.0,2.0,2.0,1.0,1.0,2.0,2.0,0.0,0.0,0.0,0.0,0.0,0.0,0.0,0.0,0.0,0.0,0.0,9.0,5.0,8.0,4.0,4.0,1.0,6.0,2.0,2.0,,2.0,2.0,1.0,3.0,10.0,4.0,2.0,2.0,1.0,1.0,0.0,2.0,0.0,2.0,2.0,1.0,4.0,4.0,4.0,4.0,4.0,4.0,4.0,2.0,2.0,,,4.0,2.0,2.0,4.0,4.0,4.0,1.0,2.0,1.0,9.0,10.0,7.0,10.0,1.0,7.0,7.0,2.0,1.0,2.0,2.0,3.0,4.0,3.0,4.0,2.0,2.0,2.0,2.0,1.0,3.0,1.0,1.0,1.0,10.0,3.0,8.0,8.0,8.0,2.0,3.0,1.0,3.0,2.0,1.0,1.0,1.0,7.0,3.0,4.0,4.0,4.0,2.0,1.0,2.0,2.0,1.0,1.0,1.0,2.0,1.0,1.0,1.0,1.0,2.0,1.0,2.0,2.0,1.0,2.0,2.0,2.0,3.0,,1.0,1.0,2.0,1.0,4.0,3.0,1.0,4.0,4.0,3.0,2.0,1.0,4.0,4.0,3.0,4.0,2.0,4.0,6.0,9.0,1.0,10.0,3.0,1.0,10.0,8.0,3.0,8.0,8.0,7.0,1.0,2.0,,,,2.0,3.0,2.0
446070183,1.0,1.0,1.0,2.0,1.0,2.0,1.0,1.0,1.0,1.0,1.0,2.0,2.0,2.0,2.0,2.0,2.0,2.0,1.0,1.0,1.0,1.0,1.0,1.0,1.0,1.0,3.0,2.0,3.0,2.0,2.0,2.0,2.0,3.0,2.0,3.0,2.0,3.0,2.0,3.0,2.0,2.0,1.0,2.0,2.0,3.0,8.0,7.0,9.0,4.0,4.0,4.0,4.0,4.0,3.0,1.0,1.0,2.0,2.0,2.0,3.0,3.0,1.0,3.0,2.0,3.0,2.0,3.0,2.0,2.0,3.0,2.0,2.0,2.0,2.0,,2.0,2.0,2.0,2.0,2.0,0.0,0.0,0.0,0.0,0.0,0.0,0.0,0.0,0.0,0.0,3.0,4.0,3.0,3.0,1.0,1.0,8.0,3.0,2.0,2.0,2.0,2.0,2.0,4.0,4.0,4.0,2.0,1.0,1.0,2.0,1.0,2.0,2.0,0.0,2.0,1.0,4.0,4.0,4.0,4.0,4.0,4.0,4.0,1.0,2.0,2.0,3.0,3.0,2.0,2.0,4.0,4.0,3.0,2.0,2.0,1.0,7.0,7.0,4.0,6.0,5.0,10.0,10.0,1.0,1.0,1.0,1.0,3.0,2.0,1.0,2.0,1.0,2.0,2.0,4.0,2.0,3.0,2.0,3.0,1.0,1.0,1.0,1.0,7.0,3.0,1.0,9.0,1.0,6.0,4.0,6.0,4.0,3.0,1.0,3.0,4.0,3.0,2.0,2.0,2.0,1.0,1.0,1.0,2.0,1.0,2.0,2.0,2.0,2.0,2.0,2.0,1.0,2.0,3.0,2.0,2.0,2.0,2.0,2.0,2.0,,2.0,2.0,2.0,1.0,2.0,3.0,2.0,3.0,,3.0,2.0,2.0,3.0,2.0,3.0,3.0,1.0,3.0,3.0,6.0,5.0,6.0,1.0,8.0,7.0,3.0,10.0,5.0,5.0,6.0,2.0,2.0,1.0,2.0,3.0,3.0,3.0
702070053,1.0,1.0,2.0,1.0,3.0,3.0,1.0,1.0,2.0,1.0,2.0,2.0,2.0,1.0,2.0,2.0,1.0,1.0,2.0,2.0,2.0,2.0,2.0,1.0,2.0,2.0,2.0,3.0,2.0,3.0,3.0,2.0,2.0,1.0,3.0,4.0,2.0,1.0,4.0,4.0,2.0,1.0,1.0,1.0,2.0,2.0,7.0,8.0,7.0,4.0,4.0,4.0,4.0,4.0,1.0,2.0,1.0,2.0,1.0,3.0,2.0,2.0,3.0,1.0,2.0,2.0,3.0,1.0,1.0,1.0,3.0,1.0,1.0,1.0,1.0,2.0,2.0,2.0,3.0,3.0,0.0,2.0,0.0,0.0,0.0,0.0,0.0,0.0,0.0,0.0,0.0,5.0,5.0,7.0,5.0,5.0,2.0,5.0,1.0,2.0,,2.0,2.0,1.0,4.0,9.0,3.0,0.0,0.0,2.0,0.0,0.0,0.0,0.0,2.0,2.0,2.0,4.0,3.0,4.0,4.0,4.0,3.0,4.0,2.0,1.0,,,1.0,2.0,2.0,2.0,2.0,2.0,2.0,2.0,1.0,8.0,6.0,5.0,3.0,3.0,5.0,1.0,2.0,2.0,2.0,2.0,4.0,3.0,7.0,8.0,3.0,2.0,2.0,5.0,1.0,1.0,1.0,1.0,1.0,1.0,1.0,1.0,1.0,1.0,1.0,1.0,1.0,1.0,1.0,1.0,1.0,1.0,6.0,1.0,2.0,4.0,2.0,3.0,1.0,1.0,5.0,5.0,5.0,5.0,5.0,5.0,3.0,3.0,3.0,3.0,3.0,3.0,3.0,3.0,3.0,3.0,3.0,3.0,,1.0,1.0,4.0,4.0,4.0,2.0,1.0,4.0,4.0,1.0,1.0,1.0,1.0,3.0,3.0,4.0,1.0,4.0,5.0,3.0,1.0,9.0,3.0,3.0,2.0,2.0,3.0,7.0,9.0,9.0,9.0,2.0,2.0,,,2.0,3.0,3.0
417070839,1.0,1.0,1.0,3.0,1.0,3.0,1.0,2.0,1.0,2.0,2.0,1.0,1.0,1.0,2.0,2.0,2.0,1.0,2.0,1.0,2.0,1.0,2.0,1.0,2.0,2.0,1.0,3.0,1.0,1.0,1.0,1.0,3.0,2.0,2.0,2.0,4.0,1.0,1.0,4.0,4.0,2.0,1.0,2.0,1.0,2.0,5.0,8.0,3.0,4.0,4.0,4.0,2.0,4.0,2.0,2.0,1.0,3.0,2.0,4.0,3.0,3.0,3.0,3.0,4.0,3.0,2.0,3.0,3.0,3.0,4.0,3.0,3.0,3.0,2.0,3.0,3.0,3.0,3.0,3.0,0.0,0.0,0.0,1.0,0.0,0.0,1.0,0.0,0.0,0.0,0.0,6.0,5.0,7.0,4.0,7.0,1.0,10.0,3.0,2.0,2.0,4.0,4.0,2.0,2.0,1.0,3.0,0.0,0.0,2.0,1.0,2.0,2.0,2.0,2.0,3.0,2.0,4.0,3.0,4.0,4.0,4.0,4.0,4.0,1.0,2.0,2.0,1.0,1.0,2.0,2.0,1.0,1.0,1.0,2.0,2.0,2.0,8.0,10.0,6.0,5.0,7.0,10.0,1.0,2.0,,,,4.0,1.0,7.0,8.0,3.0,2.0,2.0,8.0,1.0,1.0,1.0,1.0,1.0,1.0,1.0,1.0,5.0,4.0,1.0,10.0,4.0,5.0,1.0,1.0,6.0,1.0,7.0,1.0,3.0,4.0,3.0,2.0,3.0,2.0,5.0,4.0,5.0,3.0,2.0,2.0,2.0,3.0,2.0,3.0,2.0,2.0,3.0,1.0,2.0,3.0,3.0,3.0,1.0,1.0,3.0,2.0,1.0,2.0,1.0,1.0,2.0,3.0,1.0,2.0,1.0,3.0,3.0,2.0,3.0,2.0,3.0,,8.0,1.0,9.0,8.0,7.0,9.0,8.0,8.0,9.0,9.0,2.0,2.0,3.0,2.0,1.0,3.0,3.0,2.0,2.0
703070730,1.0,1.0,1.0,3.0,1.0,3.0,2.0,1.0,2.0,1.0,2.0,2.0,2.0,1.0,2.0,2.0,1.0,1.0,2.0,1.0,2.0,2.0,2.0,1.0,2.0,2.0,2.0,3.0,3.0,3.0,3.0,,4.0,2.0,4.0,,5.0,3.0,2.0,2.0,2.0,,1.0,1.0,4.0,4.0,3.0,3.0,2.0,2.0,4.0,4.0,1.0,4.0,3.0,2.0,1.0,2.0,2.0,3.0,2.0,2.0,2.0,3.0,3.0,3.0,3.0,2.0,2.0,3.0,3.0,3.0,3.0,2.0,3.0,2.0,2.0,3.0,,3.0,1.0,0.0,0.0,0.0,0.0,0.0,0.0,0.0,0.0,0.0,0.0,5.0,5.0,6.0,5.0,5.0,1.0,6.0,2.0,2.0,2.0,2.0,2.0,2.0,4.0,3.0,2.0,2.0,1.0,2.0,2.0,1.0,1.0,2.0,2.0,3.0,2.0,3.0,3.0,4.0,3.0,4.0,4.0,4.0,2.0,2.0,2.0,2.0,3.0,2.0,2.0,2.0,2.0,2.0,2.0,2.0,2.0,6.0,5.0,5.0,5.0,2.0,4.0,5.0,1.0,1.0,1.0,1.0,3.0,3.0,4.0,5.0,1.0,2.0,2.0,5.0,4.0,3.0,4.0,3.0,3.0,,,4.0,5.0,,,,2.0,4.0,4.0,2.0,,3.0,,4.0,3.0,4.0,3.0,2.0,5.0,1.0,5.0,3.0,4.0,3.0,3.0,3.0,1.0,3.0,2.0,2.0,3.0,3.0,3.0,3.0,2.0,3.0,3.0,3.0,2.0,2.0,2.0,,3.0,3.0,2.0,2.0,,4.0,2.0,2.0,2.0,4.0,2.0,2.0,,2.0,,5.0,3.0,,8.0,8.0,,,,7.0,10.0,3.0,5.0,3.0,3.0,3.0,3.0,3.0,3.0,,
170071454,1.0,1.0,2.0,1.0,1.0,1.0,2.0,2.0,2.0,1.0,1.0,1.0,2.0,1.0,1.0,2.0,2.0,2.0,2.0,2.0,2.0,2.0,2.0,2.0,2.0,2.0,1.0,3.0,3.0,3.0,3.0,2.0,4.0,2.0,4.0,4.0,2.0,2.0,2.0,2.0,4.0,3.0,1.0,1.0,1.0,1.0,10.0,10.0,9.0,4.0,4.0,4.0,2.0,4.0,1.0,2.0,1.0,2.0,2.0,4.0,2.0,4.0,1.0,1.0,3.0,3.0,3.0,1.0,4.0,3.0,3.0,3.0,2.0,1.0,2.0,1.0,1.0,2.0,2.0,2.0,0.0,0.0,0.0,0.0,0.0,0.0,0.0,0.0,0.0,0.0,0.0,1.0,10.0,1.0,1.0,1.0,1.0,10.0,2.0,2.0,2.0,2.0,2.0,1.0,3.0,10.0,3.0,2.0,2.0,2.0,1.0,1.0,2.0,2.0,2.0,3.0,1.0,3.0,3.0,4.0,4.0,4.0,4.0,4.0,1.0,1.0,2.0,1.0,,2.0,2.0,2.0,3.0,3.0,1.0,2.0,1.0,10.0,10.0,5.0,5.0,10.0,10.0,10.0,1.0,2.0,1.0,1.0,3.0,3.0,6.0,1.0,1.0,2.0,2.0,1.0,1.0,1.0,1.0,1.0,1.0,10.0,1.0,1.0,10.0,10.0,8.0,8.0,1.0,7.0,5.0,1.0,1.0,1.0,10.0,4.0,4.0,4.0,2.0,1.0,2.0,1.0,1.0,1.0,2.0,1.0,1.0,3.0,1.0,1.0,1.0,2.0,1.0,1.0,2.0,2.0,1.0,2.0,3.0,3.0,2.0,1.0,1.0,3.0,3.0,1.0,1.0,1.0,3.0,3.0,1.0,1.0,1.0,2.0,4.0,1.0,3.0,1.0,4.0,5.0,10.0,10.0,10.0,10.0,10.0,10.0,1.0,1.0,10.0,10.0,7.0,5.0,3.0,1.0,1.0,1.0,1.0,1.0,1.0
404070603,1.0,1.0,1.0,1.0,1.0,1.0,1.0,2.0,1.0,2.0,2.0,1.0,2.0,1.0,2.0,2.0,1.0,1.0,2.0,2.0,2.0,1.0,2.0,1.0,2.0,2.0,1.0,3.0,3.0,3.0,3.0,3.0,3.0,3.0,3.0,5.0,4.0,4.0,4.0,2.0,3.0,3.0,2.0,3.0,1.0,2.0,10.0,9.0,7.0,,3.0,3.0,3.0,2.0,1.0,2.0,3.0,2.0,3.0,2.0,2.0,3.0,2.0,1.0,2.0,2.0,3.0,2.0,3.0,1.0,3.0,2.0,3.0,2.0,2.0,3.0,4.0,2.0,2.0,4.0,2.0,2.0,2.0,2.0,1.0,2.0,1.0,1.0,1.0,1.0,2.0,5.0,5.0,4.0,6.0,6.0,,5.0,1.0,3.0,1.0,3.0,3.0,2.0,4.0,2.0,3.0,2.0,1.0,1.0,2.0,1.0,0.0,1.0,1.0,2.0,3.0,1.0,3.0,3.0,4.0,4.0,3.0,3.0,2.0,,2.0,2.0,3.0,2.0,2.0,1.0,3.0,4.0,1.0,2.0,1.0,4.0,4.0,4.0,4.0,3.0,2.0,3.0,1.0,1.0,1.0,1.0,2.0,2.0,2.0,2.0,1.0,1.0,2.0,3.0,3.0,4.0,7.0,8.0,2.0,7.0,7.0,8.0,6.0,7.0,3.0,8.0,6.0,7.0,2.0,6.0,3.0,6.0,6.0,,,2.0,2.0,1.0,2.0,4.0,2.0,4.0,1.0,,4.0,5.0,1.0,,3.0,3.0,3.0,3.0,,3.0,2.0,3.0,2.0,2.0,1.0,1.0,1.0,1.0,2.0,1.0,3.0,3.0,4.0,1.0,3.0,3.0,1.0,3.0,2.0,3.0,2.0,4.0,2.0,3.0,4.0,7.0,3.0,7.0,6.0,3.0,3.0,7.0,7.0,3.0,3.0,3.0,2.0,1.0,1.0,1.0,1.0,1.0,1.0
558070712,1.0,3.0,3.0,3.0,1.0,1.0,1.0,2.0,2.0,1.0,2.0,1.0,2.0,2.0,2.0,1.0,1.0,1.0,2.0,1.0,2.0,2.0,2.0,2.0,2.0,2.0,2.0,2.0,2.0,3.0,2.0,2.0,4.0,2.0,4.0,2.0,3.0,2.0,2.0,4.0,2.0,1.0,1.0,1.0,1.0,3.0,10.0,10.0,5.0,1.0,4.0,2.0,1.0,4.0,3.0,2.0,3.0,4.0,4.0,4.0,3.0,4.0,1.0,4.0,4.0,3.0,3.0,4.0,4.0,4.0,4.0,4.0,4.0,4.0,4.0,4.0,4.0,3.0,3.0,3.0,2.0,2.0,2.0,2.0,2.0,1.0,0.0,0.0,1.0,2.0,2.0,10.0,1.0,10.0,1.0,10.0,1.0,6.0,1.0,2.0,2.0,1.0,1.0,2.0,1.0,5.0,3.0,1.0,2.0,2.0,0.0,0.0,0.0,0.0,0.0,2.0,1.0,3.0,2.0,3.0,4.0,3.0,4.0,4.0,1.0,2.0,2.0,4.0,3.0,2.0,2.0,4.0,3.0,4.0,2.0,2.0,1.0,10.0,9.0,1.0,8.0,10.0,10.0,10.0,1.0,2.0,2.0,2.0,1.0,2.0,1.0,1.0,1.0,1.0,2.0,9.0,5.0,10.0,1.0,1.0,1.0,4.0,1.0,1.0,1.0,1.0,1.0,1.0,1.0,6.0,1.0,1.0,1.0,1.0,1.0,2.0,3.0,1.0,2.0,1.0,5.0,1.0,1.0,5.0,5.0,5.0,2.0,2.0,3.0,3.0,3.0,3.0,3.0,1.0,3.0,2.0,3.0,3.0,2.0,3.0,2.0,2.0,4.0,3.0,3.0,4.0,4.0,2.0,4.0,4.0,3.0,3.0,3.0,2.0,1.0,1.0,1.0,1.0,1.0,10.0,1.0,4.0,5.0,10.0,2.0,10.0,9.0,6.0,10.0,10.0,8.0,8.0,3.0,1.0,1.0,1.0,2.0,2.0,2.0
218071083,1.0,4.0,2.0,3.0,1.0,1.0,1.0,2.0,2.0,2.0,1.0,1.0,2.0,2.0,1.0,2.0,1.0,1.0,2.0,2.0,2.0,1.0,2.0,1.0,2.0,1.0,1.0,2.0,4.0,2.0,2.0,3.0,1.0,2.0,4.0,5.0,2.0,2.0,2.0,2.0,2.0,1.0,1.0,1.0,1.0,3.0,5.0,8.0,4.0,4.0,1.0,2.0,3.0,4.0,2.0,2.0,1.0,4.0,4.0,4.0,4.0,4.0,1.0,4.0,4.0,3.0,4.0,1.0,4.0,4.0,4.0,4.0,4.0,4.0,4.0,3.0,4.0,1.0,1.0,1.0,0.0,2.0,0.0,0.0,0.0,0.0,0.0,2.0,2.0,2.0,2.0,1.0,10.0,10.0,1.0,9.0,1.0,10.0,4.0,3.0,2.0,4.0,2.0,2.0,5.0,10.0,5.0,0.0,1.0,2.0,1.0,2.0,2.0,2.0,2.0,3.0,3.0,4.0,3.0,2.0,1.0,1.0,1.0,1.0,2.0,2.0,2.0,1.0,2.0,2.0,2.0,4.0,4.0,4.0,1.0,1.0,1.0,1.0,10.0,10.0,10.0,10.0,1.0,10.0,1.0,2.0,2.0,2.0,4.0,1.0,1.0,1.0,1.0,2.0,2.0,1.0,1.0,1.0,1.0,10.0,10.0,10.0,10.0,10.0,10.0,10.0,10.0,10.0,10.0,10.0,10.0,10.0,10.0,10.0,10.0,1.0,2.0,4.0,4.0,3.0,1.0,1.0,1.0,1.0,1.0,1.0,1.0,1.0,3.0,3.0,3.0,3.0,3.0,3.0,3.0,3.0,3.0,3.0,2.0,3.0,1.0,1.0,2.0,4.0,3.0,1.0,2.0,3.0,1.0,4.0,1.0,1.0,4.0,,3.0,3.0,4.0,4.0,2.0,10.0,10.0,5.0,5.0,10.0,5.0,10.0,5.0,1.0,10.0,10.0,1.0,10.0,3.0,1.0,1.0,1.0,1.0,3.0,1.0
504070505,1.0,4.0,1.0,3.0,1.0,1.0,1.0,2.0,1.0,1.0,2.0,2.0,2.0,2.0,1.0,2.0,1.0,1.0,2.0,1.0,2.0,1.0,1.0,2.0,2.0,1.0,1.0,2.0,2.0,3.0,4.0,2.0,1.0,3.0,1.0,,1.0,1.0,1.0,1.0,4.0,1.0,1.0,1.0,2.0,3.0,5.0,6.0,10.0,4.0,4.0,4.0,4.0,4.0,2.0,2.0,1.0,3.0,2.0,4.0,3.0,4.0,2.0,2.0,3.0,1.0,3.0,2.0,3.0,3.0,3.0,3.0,3.0,3.0,3.0,3.0,3.0,3.0,3.0,3.0,0.0,0.0,0.0,0.0,0.0,0.0,0.0,0.0,0.0,0.0,0.0,1.0,1.0,1.0,1.0,1.0,2.0,10.0,2.0,3.0,3.0,3.0,3.0,4.0,1.0,1.0,4.0,2.0,2.0,1.0,1.0,1.0,2.0,2.0,1.0,1.0,3.0,1.0,2.0,4.0,2.0,2.0,2.0,2.0,1.0,1.0,2.0,1.0,1.0,2.0,2.0,1.0,1.0,1.0,2.0,2.0,1.0,10.0,10.0,9.0,8.0,1.0,10.0,10.0,1.0,1.0,1.0,1.0,1.0,1.0,6.0,3.0,1.0,2.0,2.0,5.0,5.0,5.0,1.0,1.0,1.0,1.0,1.0,1.0,10.0,1.0,1.0,1.0,1.0,5.0,1.0,1.0,1.0,1.0,5.0,2.0,2.0,2.0,3.0,3.0,1.0,1.0,1.0,1.0,3.0,1.0,1.0,1.0,3.0,2.0,2.0,3.0,3.0,3.0,3.0,3.0,1.0,3.0,2.0,3.0,3.0,3.0,2.0,2.0,2.0,2.0,2.0,2.0,2.0,2.0,2.0,2.0,2.0,4.0,1.0,1.0,3.0,1.0,1.0,9.0,10.0,10.0,10.0,8.0,5.0,5.0,5.0,10.0,10.0,10.0,5.0,6.0,3.0,3.0,1.0,1.0,1.0,1.0,1.0
792071084,1.0,1.0,2.0,3.0,2.0,3.0,1.0,2.0,1.0,1.0,2.0,1.0,2.0,2.0,2.0,1.0,2.0,1.0,2.0,,2.0,1.0,2.0,1.0,1.0,2.0,1.0,4.0,3.0,4.0,3.0,3.0,5.0,2.0,4.0,5.0,3.0,2.0,3.0,3.0,3.0,3.0,1.0,1.0,2.0,1.0,9.0,6.0,5.0,4.0,3.0,4.0,2.0,4.0,2.0,2.0,1.0,2.0,1.0,2.0,2.0,2.0,3.0,2.0,4.0,4.0,3.0,2.0,3.0,4.0,3.0,3.0,3.0,2.0,3.0,3.0,3.0,3.0,3.0,3.0,0.0,0.0,0.0,0.0,0.0,0.0,0.0,0.0,0.0,0.0,0.0,4.0,,3.0,4.0,8.0,1.0,8.0,4.0,4.0,4.0,3.0,3.0,3.0,4.0,8.0,3.0,0.0,2.0,1.0,1.0,1.0,1.0,2.0,1.0,2.0,3.0,2.0,3.0,3.0,2.0,3.0,2.0,3.0,1.0,,2.0,2.0,1.0,2.0,2.0,2.0,1.0,2.0,1.0,1.0,1.0,9.0,9.0,3.0,1.0,7.0,8.0,8.0,1.0,1.0,1.0,1.0,4.0,3.0,7.0,3.0,2.0,2.0,2.0,3.0,1.0,5.0,1.0,1.0,1.0,5.0,3.0,4.0,5.0,2.0,1.0,4.0,1.0,1.0,1.0,,3.0,,4.0,1.0,3.0,4.0,2.0,2.0,3.0,1.0,3.0,1.0,3.0,1.0,1.0,2.0,2.0,2.0,2.0,2.0,1.0,2.0,2.0,2.0,1.0,1.0,2.0,2.0,1.0,1.0,4.0,3.0,1.0,2.0,4.0,4.0,3.0,4.0,4.0,3.0,1.0,,4.0,4.0,,1.0,4.0,2.0,6.0,1.0,10.0,8.0,,9.0,7.0,2.0,10.0,9.0,3.0,4.0,3.0,2.0,1.0,1.0,1.0,2.0,2.0
124075699,1.0,1.0,1.0,2.0,2.0,3.0,1.0,1.0,1.0,1.0,2.0,1.0,2.0,2.0,2.0,2.0,2.0,1.0,2.0,2.0,2.0,2.0,2.0,1.0,2.0,2.0,1.0,3.0,3.0,4.0,4.0,2.0,5.0,3.0,4.0,2.0,5.0,3.0,2.0,3.0,5.0,1.0,2.0,2.0,2.0,1.0,7.0,7.0,4.0,4.0,4.0,3.0,2.0,4.0,2.0,2.0,1.0,2.0,1.0,3.0,2.0,2.0,2.0,1.0,3.0,2.0,2.0,2.0,2.0,3.0,3.0,2.0,2.0,2.0,2.0,2.0,2.0,2.0,2.0,2.0,0.0,0.0,0.0,0.0,0.0,0.0,0.0,0.0,0.0,0.0,0.0,10.0,1.0,10.0,1.0,2.0,1.0,5.0,2.0,2.0,2.0,2.0,2.0,1.0,4.0,3.0,4.0,1.0,2.0,2.0,1.0,1.0,2.0,2.0,2.0,3.0,2.0,3.0,4.0,3.0,4.0,4.0,4.0,4.0,1.0,2.0,1.0,2.0,2.0,2.0,2.0,3.0,3.0,3.0,2.0,1.0,1.0,8.0,8.0,2.0,2.0,3.0,8.0,10.0,1.0,1.0,1.0,1.0,4.0,3.0,7.0,6.0,2.0,1.0,2.0,4.0,1.0,2.0,2.0,1.0,2.0,7.0,4.0,8.0,9.0,9.0,1.0,5.0,1.0,1.0,3.0,1.0,9.0,1.0,6.0,2.0,4.0,4.0,3.0,2.0,4.0,2.0,2.0,2.0,5.0,2.0,2.0,2.0,1.0,2.0,2.0,2.0,1.0,2.0,2.0,1.0,1.0,1.0,2.0,3.0,2.0,1.0,2.0,3.0,3.0,3.0,2.0,2.0,4.0,4.0,1.0,2.0,1.0,4.0,3.0,1.0,3.0,1.0,3.0,8.0,6.0,1.0,8.0,5.0,5.0,6.0,1.0,5.0,10.0,10.0,6.0,4.0,3.0,1.0,2.0,1.0,1.0,1.0,2.0
364072110,1.0,4.0,2.0,1.0,1.0,2.0,1.0,2.0,2.0,1.0,1.0,1.0,2.0,1.0,2.0,2.0,2.0,1.0,2.0,1.0,2.0,,2.0,1.0,1.0,2.0,2.0,4.0,3.0,3.0,4.0,2.0,4.0,1.0,4.0,,4.0,4.0,1.0,1.0,4.0,3.0,2.0,1.0,2.0,3.0,5.0,6.0,5.0,4.0,4.0,4.0,3.0,4.0,3.0,1.0,1.0,2.0,1.0,2.0,2.0,3.0,2.0,1.0,2.0,2.0,2.0,2.0,1.0,2.0,2.0,2.0,2.0,1.0,2.0,4.0,4.0,2.0,,2.0,0.0,0.0,0.0,0.0,0.0,0.0,0.0,0.0,0.0,0.0,0.0,1.0,5.0,1.0,5.0,5.0,2.0,6.0,2.0,3.0,2.0,2.0,1.0,3.0,2.0,6.0,2.0,0.0,2.0,1.0,0.0,0.0,2.0,2.0,0.0,3.0,1.0,3.0,4.0,3.0,3.0,3.0,3.0,4.0,2.0,2.0,2.0,4.0,4.0,2.0,2.0,2.0,2.0,3.0,1.0,2.0,1.0,10.0,10.0,6.0,5.0,6.0,9.0,7.0,1.0,1.0,2.0,1.0,3.0,2.0,7.0,3.0,2.0,2.0,2.0,8.0,1.0,1.0,1.0,1.0,1.0,1.0,,10.0,10.0,1.0,2.0,8.0,1.0,3.0,1.0,1.0,,1.0,6.0,3.0,3.0,3.0,2.0,2.0,3.0,2.0,1.0,1.0,1.0,5.0,1.0,1.0,3.0,2.0,3.0,3.0,2.0,3.0,3.0,3.0,3.0,1.0,1.0,3.0,2.0,2.0,1.0,4.0,3.0,4.0,3.0,2.0,2.0,2.0,1.0,1.0,1.0,2.0,3.0,1.0,4.0,1.0,4.0,,1.0,1.0,10.0,10.0,5.0,10.0,2.0,5.0,8.0,10.0,10.0,5.0,2.0,1.0,2.0,2.0,1.0,2.0,1.0
50070393,1.0,2.0,3.0,4.0,2.0,1.0,1.0,2.0,1.0,1.0,2.0,1.0,2.0,2.0,1.0,2.0,2.0,2.0,1.0,2.0,1.0,2.0,2.0,2.0,2.0,2.0,1.0,2.0,,1.0,2.0,2.0,2.0,4.0,2.0,5.0,1.0,1.0,1.0,1.0,3.0,3.0,2.0,2.0,2.0,3.0,9.0,8.0,8.0,1.0,2.0,2.0,2.0,4.0,2.0,1.0,1.0,3.0,3.0,2.0,3.0,3.0,1.0,3.0,3.0,2.0,4.0,3.0,2.0,2.0,4.0,3.0,3.0,1.0,4.0,,2.0,,3.0,,0.0,0.0,0.0,0.0,0.0,0.0,0.0,0.0,0.0,0.0,0.0,4.0,2.0,9.0,2.0,2.0,1.0,2.0,2.0,3.0,2.0,3.0,3.0,3.0,3.0,8.0,3.0,1.0,0.0,1.0,1.0,1.0,2.0,2.0,1.0,2.0,1.0,4.0,3.0,,,4.0,4.0,,1.0,2.0,2.0,2.0,2.0,2.0,2.0,4.0,3.0,4.0,1.0,2.0,1.0,9.0,9.0,9.0,8.0,9.0,10.0,10.0,1.0,1.0,1.0,1.0,1.0,1.0,4.0,3.0,1.0,2.0,1.0,2.0,2.0,1.0,2.0,2.0,3.0,1.0,1.0,2.0,2.0,1.0,2.0,2.0,3.0,2.0,2.0,1.0,2.0,4.0,3.0,3.0,,,4.0,3.0,1.0,2.0,2.0,1.0,,,,3.0,3.0,,3.0,3.0,3.0,2.0,3.0,,,,3.0,,1.0,,3.0,4.0,3.0,2.0,3.0,2.0,3.0,4.0,2.0,2.0,2.0,3.0,4.0,3.0,4.0,3.0,3.0,8.0,8.0,7.0,10.0,9.0,5.0,5.0,7.0,6.0,4.0,7.0,8.0,7.0,3.0,1.0,1.0,2.0,1.0,4.0,4.0
608070592,1.0,2.0,2.0,1.0,1.0,1.0,1.0,1.0,1.0,2.0,2.0,2.0,2.0,2.0,2.0,1.0,1.0,1.0,1.0,1.0,1.0,1.0,1.0,1.0,1.0,1.0,1.0,3.0,3.0,2.0,3.0,3.0,4.0,4.0,2.0,4.0,2.0,4.0,2.0,2.0,4.0,1.0,1.0,1.0,3.0,2.0,8.0,10.0,9.0,1.0,2.0,2.0,2.0,1.0,2.0,1.0,1.0,1.0,1.0,3.0,3.0,3.0,1.0,1.0,3.0,1.0,3.0,2.0,3.0,3.0,2.0,3.0,2.0,2.0,2.0,3.0,2.0,2.0,3.0,2.0,2.0,0.0,0.0,0.0,0.0,0.0,0.0,0.0,0.0,0.0,1.0,10.0,8.0,9.0,8.0,2.0,1.0,8.0,3.0,2.0,2.0,3.0,3.0,2.0,2.0,10.0,4.0,0.0,2.0,0.0,0.0,0.0,2.0,0.0,0.0,4.0,2.0,3.0,3.0,3.0,3.0,3.0,3.0,3.0,2.0,2.0,2.0,1.0,2.0,2.0,2.0,3.0,2.0,2.0,1.0,2.0,1.0,10.0,9.0,5.0,9.0,4.0,10.0,10.0,1.0,1.0,2.0,1.0,2.0,1.0,1.0,2.0,1.0,1.0,2.0,2.0,1.0,10.0,3.0,10.0,3.0,1.0,9.0,1.0,1.0,2.0,2.0,1.0,1.0,1.0,3.0,3.0,1.0,1.0,2.0,3.0,2.0,3.0,2.0,2.0,3.0,1.0,1.0,5.0,5.0,5.0,5.0,3.0,3.0,3.0,3.0,3.0,2.0,1.0,2.0,1.0,,,,,1.0,1.0,2.0,3.0,2.0,2.0,1.0,3.0,1.0,1.0,1.0,1.0,1.0,1.0,2.0,3.0,1.0,3.0,2.0,9.0,2.0,9.0,10.0,9.0,8.0,3.0,2.0,3.0,2.0,2.0,9.0,3.0,2.0,1.0,2.0,2.0,2.0,3.0,2.0
124071318,2.0,2.0,1.0,1.0,3.0,4.0,2.0,1.0,1.0,2.0,1.0,2.0,1.0,1.0,2.0,2.0,2.0,1.0,2.0,1.0,2.0,2.0,2.0,1.0,2.0,2.0,3.0,2.0,3.0,3.0,3.0,3.0,3.0,1.0,3.0,3.0,3.0,3.0,2.0,2.0,2.0,1.0,1.0,1.0,3.0,4.0,7.0,5.0,4.0,3.0,4.0,4.0,2.0,4.0,1.0,2.0,1.0,2.0,1.0,3.0,2.0,2.0,3.0,4.0,3.0,3.0,3.0,3.0,3.0,3.0,3.0,2.0,2.0,3.0,2.0,3.0,2.0,3.0,4.0,3.0,0.0,0.0,1.0,0.0,0.0,0.0,0.0,0.0,0.0,0.0,0.0,9.0,5.0,5.0,10.0,8.0,2.0,7.0,2.0,3.0,2.0,2.0,2.0,1.0,4.0,6.0,3.0,2.0,1.0,1.0,0.0,0.0,0.0,2.0,2.0,3.0,3.0,3.0,3.0,3.0,3.0,3.0,3.0,3.0,1.0,1.0,2.0,2.0,3.0,2.0,2.0,2.0,1.0,1.0,2.0,2.0,2.0,7.0,8.0,2.0,2.0,3.0,6.0,1.0,2.0,1.0,2.0,2.0,4.0,,7.0,8.0,2.0,2.0,1.0,5.0,5.0,3.0,2.0,7.0,1.0,9.0,5.0,5.0,6.0,8.0,7.0,5.0,1.0,2.0,6.0,1.0,5.0,1.0,6.0,4.0,4.0,4.0,2.0,2.0,4.0,2.0,3.0,3.0,1.0,1.0,1.0,1.0,3.0,3.0,3.0,3.0,3.0,3.0,2.0,2.0,2.0,2.0,2.0,2.0,3.0,2.0,2.0,4.0,3.0,4.0,2.0,2.0,3.0,4.0,1.0,1.0,2.0,3.0,2.0,2.0,3.0,1.0,4.0,4.0,8.0,2.0,6.0,7.0,1.0,8.0,5.0,2.0,9.0,7.0,6.0,5.0,2.0,2.0,3.0,3.0,2.0,2.0,4.0
558070886,1.0,1.0,1.0,1.0,2.0,2.0,1.0,1.0,1.0,1.0,1.0,2.0,2.0,2.0,2.0,2.0,2.0,1.0,2.0,2.0,1.0,2.0,1.0,2.0,1.0,1.0,2.0,3.0,2.0,2.0,2.0,2.0,2.0,2.0,2.0,5.0,2.0,2.0,5.0,2.0,2.0,1.0,1.0,2.0,2.0,3.0,10.0,10.0,9.0,3.0,3.0,3.0,3.0,4.0,2.0,2.0,2.0,2.0,2.0,2.0,2.0,2.0,3.0,1.0,3.0,2.0,3.0,3.0,3.0,1.0,4.0,3.0,4.0,3.0,3.0,3.0,4.0,1.0,4.0,3.0,0.0,0.0,0.0,0.0,0.0,2.0,0.0,0.0,0.0,0.0,0.0,8.0,5.0,10.0,5.0,10.0,2.0,7.0,2.0,1.0,1.0,2.0,1.0,2.0,4.0,10.0,3.0,2.0,0.0,1.0,2.0,1.0,2.0,1.0,2.0,3.0,1.0,4.0,4.0,1.0,4.0,4.0,3.0,4.0,1.0,1.0,1.0,1.0,3.0,2.0,2.0,3.0,4.0,4.0,2.0,2.0,2.0,10.0,8.0,9.0,5.0,9.0,10.0,10.0,1.0,1.0,1.0,1.0,2.0,3.0,5.0,3.0,2.0,2.0,2.0,8.0,1.0,5.0,1.0,1.0,1.0,1.0,5.0,1.0,1.0,10.0,1.0,1.0,1.0,5.0,5.0,1.0,3.0,5.0,1.0,4.0,4.0,4.0,2.0,2.0,3.0,1.0,1.0,1.0,5.0,2.0,1.0,1.0,3.0,3.0,3.0,3.0,1.0,3.0,2.0,1.0,2.0,2.0,2.0,2.0,3.0,3.0,4.0,4.0,3.0,4.0,2.0,1.0,4.0,4.0,2.0,2.0,3.0,4.0,4.0,1.0,4.0,4.0,3.0,10.0,10.0,8.0,10.0,9.0,10.0,5.0,7.0,5.0,10.0,10.0,10.0,5.0,4.0,1.0,3.0,3.0,4.0,4.0,1.0
446070284,1.0,1.0,2.0,2.0,2.0,2.0,1.0,2.0,2.0,1.0,1.0,2.0,2.0,2.0,2.0,2.0,2.0,2.0,2.0,2.0,2.0,2.0,1.0,1.0,2.0,2.0,2.0,3.0,2.0,3.0,1.0,2.0,3.0,3.0,2.0,3.0,4.0,2.0,3.0,3.0,2.0,2.0,2.0,2.0,1.0,3.0,5.0,6.0,6.0,2.0,2.0,3.0,2.0,2.0,3.0,2.0,2.0,3.0,2.0,3.0,2.0,2.0,3.0,3.0,3.0,2.0,3.0,2.0,3.0,2.0,2.0,2.0,3.0,2.0,2.0,3.0,2.0,2.0,2.0,3.0,0.0,2.0,1.0,0.0,2.0,0.0,0.0,0.0,0.0,0.0,0.0,6.0,7.0,4.0,5.0,2.0,2.0,5.0,1.0,1.0,1.0,1.0,1.0,2.0,3.0,8.0,5.0,2.0,2.0,2.0,2.0,2.0,2.0,2.0,2.0,3.0,2.0,3.0,2.0,4.0,4.0,3.0,4.0,4.0,2.0,2.0,2.0,1.0,1.0,2.0,1.0,4.0,2.0,4.0,2.0,2.0,1.0,10.0,10.0,5.0,5.0,1.0,8.0,1.0,2.0,2.0,2.0,2.0,4.0,4.0,1.0,1.0,1.0,2.0,2.0,1.0,1.0,1.0,1.0,1.0,1.0,6.0,1.0,1.0,1.0,1.0,1.0,1.0,1.0,1.0,1.0,1.0,1.0,1.0,1.0,1.0,4.0,4.0,1.0,1.0,1.0,1.0,1.0,1.0,1.0,1.0,1.0,1.0,2.0,3.0,3.0,2.0,1.0,3.0,1.0,1.0,2.0,2.0,2.0,2.0,1.0,,1.0,3.0,1.0,2.0,2.0,2.0,2.0,2.0,2.0,1.0,1.0,1.0,3.0,4.0,4.0,4.0,4.0,4.0,10.0,1.0,9.0,9.0,1.0,10.0,7.0,9.0,10.0,8.0,8.0,6.0,2.0,1.0,1.0,1.0,1.0,1.0,2.0
68070880,1.0,3.0,1.0,3.0,1.0,2.0,1.0,2.0,2.0,1.0,2.0,1.0,1.0,2.0,2.0,2.0,1.0,1.0,2.0,2.0,2.0,1.0,2.0,1.0,2.0,2.0,1.0,2.0,4.0,4.0,4.0,3.0,4.0,1.0,3.0,4.0,4.0,2.0,1.0,4.0,1.0,3.0,1.0,1.0,1.0,3.0,6.0,4.0,4.0,1.0,2.0,2.0,2.0,4.0,2.0,2.0,2.0,2.0,3.0,4.0,3.0,4.0,3.0,3.0,4.0,3.0,3.0,4.0,2.0,1.0,3.0,3.0,3.0,2.0,2.0,3.0,2.0,1.0,,2.0,0.0,2.0,0.0,0.0,0.0,0.0,0.0,0.0,0.0,0.0,0.0,8.0,6.0,3.0,9.0,2.0,1.0,8.0,2.0,3.0,2.0,2.0,2.0,2.0,4.0,5.0,3.0,1.0,0.0,2.0,1.0,1.0,1.0,2.0,1.0,4.0,3.0,1.0,2.0,4.0,3.0,4.0,2.0,2.0,2.0,1.0,2.0,2.0,1.0,1.0,1.0,1.0,1.0,1.0,2.0,2.0,1.0,7.0,7.0,5.0,6.0,7.0,6.0,10.0,1.0,2.0,1.0,1.0,3.0,,4.0,7.0,2.0,2.0,2.0,8.0,2.0,3.0,1.0,1.0,1.0,1.0,2.0,1.0,2.0,2.0,1.0,3.0,1.0,2.0,2.0,1.0,1.0,1.0,10.0,2.0,1.0,3.0,2.0,2.0,2.0,1.0,2.0,5.0,5.0,4.0,4.0,1.0,2.0,3.0,2.0,2.0,2.0,2.0,3.0,3.0,3.0,3.0,3.0,3.0,1.0,1.0,3.0,2.0,2.0,,2.0,2.0,2.0,4.0,2.0,2.0,1.0,,1.0,2.0,1.0,2.0,3.0,8.0,6.0,,9.0,9.0,8.0,8.0,9.0,8.0,10.0,10.0,8.0,6.0,2.0,1.0,1.0,2.0,1.0,1.0,1.0
364071290,1.0,2.0,1.0,1.0,1.0,1.0,2.0,2.0,1.0,1.0,1.0,1.0,2.0,1.0,2.0,2.0,2.0,1.0,2.0,1.0,1.0,,1.0,1.0,1.0,2.0,2.0,3.0,3.0,2.0,3.0,2.0,1.0,2.0,1.0,,2.0,3.0,2.0,2.0,2.0,2.0,1.0,2.0,2.0,4.0,5.0,7.0,4.0,2.0,2.0,2.0,2.0,3.0,1.0,1.0,1.0,2.0,1.0,1.0,2.0,2.0,1.0,1.0,2.0,1.0,2.0,2.0,1.0,4.0,4.0,2.0,4.0,1.0,1.0,3.0,2.0,4.0,4.0,1.0,2.0,1.0,0.0,1.0,2.0,2.0,0.0,0.0,0.0,0.0,2.0,5.0,5.0,10.0,10.0,7.0,2.0,8.0,3.0,3.0,3.0,3.0,2.0,3.0,4.0,4.0,4.0,2.0,0.0,1.0,2.0,2.0,2.0,2.0,2.0,3.0,3.0,2.0,3.0,3.0,4.0,2.0,2.0,3.0,2.0,1.0,1.0,2.0,2.0,2.0,2.0,3.0,1.0,3.0,2.0,2.0,1.0,1.0,5.0,8.0,1.0,1.0,7.0,10.0,1.0,1.0,1.0,1.0,,3.0,3.0,1.0,1.0,,1.0,9.0,7.0,10.0,1.0,7.0,1.0,1.0,,1.0,6.0,1.0,1.0,1.0,1.0,4.0,1.0,1.0,,3.0,3.0,1.0,4.0,3.0,2.0,1.0,1.0,1.0,2.0,1.0,3.0,1.0,1.0,1.0,2.0,3.0,2.0,3.0,1.0,2.0,2.0,1.0,1.0,1.0,3.0,3.0,2.0,1.0,1.0,3.0,2.0,3.0,1.0,2.0,2.0,3.0,3.0,4.0,1.0,2.0,3.0,3.0,4.0,1.0,2.0,,10.0,4.0,8.0,10.0,1.0,10.0,10.0,6.0,10.0,10.0,6.0,3.0,3.0,1.0,1.0,1.0,1.0,2.0,3.0
392070515,1.0,2.0,3.0,3.0,2.0,4.0,1.0,2.0,2.0,1.0,2.0,1.0,1.0,2.0,2.0,1.0,2.0,1.0,1.0,1.0,1.0,1.0,1.0,1.0,2.0,1.0,2.0,2.0,3.0,2.0,3.0,2.0,3.0,2.0,4.0,4.0,4.0,2.0,2.0,2.0,4.0,3.0,2.0,2.0,3.0,2.0,3.0,3.0,4.0,3.0,3.0,2.0,3.0,4.0,1.0,1.0,2.0,3.0,2.0,,,3.0,3.0,3.0,3.0,2.0,2.0,2.0,2.0,2.0,3.0,3.0,2.0,2.0,2.0,2.0,1.0,2.0,2.0,2.0,0.0,0.0,0.0,0.0,0.0,0.0,0.0,0.0,0.0,0.0,0.0,4.0,3.0,2.0,4.0,7.0,1.0,9.0,3.0,2.0,2.0,2.0,2.0,3.0,2.0,8.0,2.0,2.0,1.0,2.0,0.0,2.0,1.0,2.0,2.0,3.0,3.0,4.0,3.0,3.0,3.0,4.0,3.0,3.0,1.0,1.0,,2.0,2.0,2.0,,3.0,2.0,3.0,2.0,2.0,2.0,9.0,9.0,7.0,7.0,9.0,8.0,1.0,2.0,2.0,2.0,2.0,3.0,3.0,4.0,2.0,2.0,1.0,2.0,4.0,3.0,1.0,1.0,1.0,1.0,3.0,9.0,9.0,10.0,10.0,2.0,9.0,9.0,1.0,1.0,1.0,7.0,3.0,9.0,2.0,3.0,3.0,3.0,2.0,1.0,1.0,1.0,2.0,5.0,2.0,4.0,2.0,2.0,3.0,3.0,3.0,3.0,2.0,3.0,2.0,3.0,3.0,3.0,3.0,2.0,2.0,3.0,2.0,2.0,3.0,2.0,1.0,3.0,3.0,2.0,2.0,3.0,2.0,2.0,3.0,4.0,2.0,4.0,8.0,8.0,3.0,3.0,8.0,1.0,9.0,4.0,3.0,8.0,8.0,8.0,8.0,2.0,2.0,1.0,2.0,2.0,4.0,4.0
124071260,1.0,2.0,2.0,3.0,2.0,3.0,2.0,1.0,2.0,1.0,1.0,1.0,2.0,1.0,2.0,2.0,2.0,1.0,2.0,2.0,2.0,2.0,2.0,1.0,2.0,2.0,2.0,3.0,3.0,3.0,3.0,3.0,5.0,4.0,2.0,2.0,3.0,4.0,4.0,2.0,2.0,2.0,2.0,1.0,2.0,2.0,10.0,10.0,10.0,4.0,4.0,4.0,4.0,4.0,1.0,2.0,1.0,2.0,2.0,3.0,2.0,3.0,4.0,2.0,2.0,2.0,3.0,2.0,2.0,3.0,3.0,2.0,2.0,2.0,3.0,3.0,3.0,3.0,2.0,3.0,0.0,0.0,0.0,0.0,0.0,0.0,0.0,0.0,0.0,0.0,0.0,5.0,5.0,6.0,3.0,5.0,2.0,10.0,3.0,3.0,3.0,3.0,3.0,2.0,5.0,10.0,3.0,2.0,2.0,2.0,1.0,2.0,2.0,0.0,2.0,3.0,2.0,3.0,2.0,3.0,3.0,2.0,3.0,3.0,1.0,1.0,2.0,4.0,3.0,2.0,2.0,2.0,2.0,3.0,2.0,2.0,2.0,5.0,7.0,9.0,9.0,8.0,4.0,8.0,1.0,1.0,2.0,2.0,3.0,3.0,7.0,2.0,1.0,2.0,1.0,9.0,1.0,1.0,1.0,1.0,1.0,9.0,5.0,10.0,10.0,10.0,7.0,10.0,1.0,6.0,10.0,1.0,10.0,1.0,10.0,3.0,4.0,4.0,3.0,3.0,2.0,1.0,1.0,5.0,1.0,5.0,5.0,5.0,2.0,3.0,3.0,3.0,3.0,3.0,3.0,2.0,3.0,3.0,3.0,3.0,1.0,1.0,2.0,3.0,1.0,2.0,2.0,2.0,3.0,4.0,2.0,3.0,2.0,3.0,4.0,3.0,3.0,2.0,4.0,6.0,5.0,5.0,7.0,7.0,4.0,6.0,4.0,8.0,3.0,9.0,9.0,9.0,2.0,2.0,1.0,2.0,2.0,2.0,3.0
434071149,1.0,1.0,2.0,2.0,1.0,1.0,1.0,2.0,1.0,1.0,1.0,1.0,2.0,2.0,2.0,2.0,2.0,1.0,2.0,1.0,2.0,1.0,2.0,1.0,1.0,2.0,1.0,1.0,1.0,,1.0,2.0,1.0,3.0,1.0,5.0,1.0,1.0,1.0,1.0,2.0,3.0,1.0,1.0,2.0,1.0,10.0,5.0,5.0,3.0,3.0,1.0,1.0,1.0,3.0,1.0,1.0,2.0,2.0,4.0,2.0,2.0,1.0,4.0,4.0,3.0,3.0,3.0,2.0,2.0,4.0,4.0,3.0,2.0,4.0,4.0,3.0,2.0,4.0,3.0,2.0,2.0,2.0,2.0,0.0,2.0,2.0,2.0,1.0,2.0,0.0,10.0,2.0,2.0,2.0,2.0,1.0,10.0,3.0,3.0,3.0,3.0,3.0,1.0,4.0,2.0,3.0,0.0,0.0,2.0,2.0,0.0,2.0,0.0,0.0,2.0,1.0,3.0,3.0,4.0,4.0,2.0,4.0,4.0,2.0,2.0,2.0,3.0,1.0,2.0,2.0,1.0,1.0,1.0,2.0,2.0,1.0,10.0,10.0,2.0,10.0,2.0,10.0,10.0,1.0,1.0,1.0,1.0,1.0,1.0,1.0,1.0,1.0,1.0,1.0,2.0,1.0,1.0,1.0,1.0,1.0,1.0,1.0,3.0,5.0,1.0,1.0,1.0,1.0,7.0,1.0,1.0,1.0,1.0,10.0,2.0,4.0,1.0,1.0,1.0,1.0,1.0,2.0,1.0,1.0,1.0,1.0,1.0,1.0,1.0,1.0,1.0,1.0,1.0,1.0,1.0,1.0,1.0,1.0,1.0,1.0,1.0,1.0,1.0,1.0,1.0,2.0,3.0,1.0,3.0,4.0,1.0,1.0,3.0,4.0,2.0,4.0,1.0,1.0,10.0,10.0,10.0,10.0,10.0,9.0,1.0,1.0,2.0,1.0,10.0,5.0,6.0,2.0,1.0,1.0,1.0,1.0,1.0,1.0
203070173,1.0,1.0,2.0,3.0,2.0,4.0,1.0,1.0,1.0,2.0,2.0,1.0,1.0,2.0,2.0,2.0,2.0,1.0,2.0,1.0,2.0,2.0,2.0,1.0,2.0,2.0,2.0,2.0,4.0,3.0,4.0,2.0,5.0,2.0,2.0,2.0,4.0,4.0,3.0,3.0,2.0,1.0,2.0,1.0,2.0,2.0,6.0,8.0,9.0,4.0,4.0,4.0,4.0,4.0,2.0,2.0,2.0,3.0,3.0,3.0,4.0,4.0,4.0,3.0,3.0,3.0,2.0,2.0,1.0,2.0,4.0,3.0,2.0,2.0,2.0,2.0,3.0,3.0,3.0,3.0,0.0,0.0,0.0,0.0,0.0,0.0,0.0,0.0,0.0,0.0,0.0,7.0,8.0,6.0,7.0,7.0,1.0,7.0,2.0,3.0,2.0,1.0,2.0,2.0,2.0,8.0,3.0,2.0,1.0,0.0,1.0,1.0,0.0,0.0,0.0,2.0,2.0,2.0,3.0,3.0,2.0,1.0,2.0,2.0,1.0,2.0,2.0,4.0,4.0,2.0,2.0,2.0,2.0,2.0,1.0,1.0,2.0,8.0,6.0,5.0,7.0,6.0,8.0,8.0,2.0,1.0,2.0,1.0,4.0,1.0,7.0,8.0,2.0,2.0,2.0,7.0,7.0,9.0,4.0,7.0,5.0,9.0,8.0,9.0,6.0,9.0,6.0,9.0,3.0,4.0,2.0,5.0,9.0,6.0,8.0,3.0,3.0,3.0,4.0,3.0,5.0,2.0,5.0,5.0,5.0,5.0,5.0,5.0,2.0,3.0,2.0,3.0,3.0,3.0,3.0,3.0,3.0,3.0,3.0,3.0,3.0,3.0,4.0,2.0,3.0,3.0,3.0,4.0,4.0,3.0,3.0,2.0,2.0,2.0,2.0,3.0,2.0,4.0,3.0,7.0,6.0,4.0,5.0,3.0,4.0,5.0,6.0,6.0,2.0,8.0,7.0,5.0,2.0,2.0,2.0,1.0,1.0,2.0,2.0
51070006,1.0,1.0,1.0,3.0,1.0,1.0,2.0,2.0,1.0,1.0,2.0,2.0,2.0,2.0,2.0,2.0,1.0,1.0,2.0,2.0,2.0,1.0,1.0,1.0,2.0,2.0,1.0,3.0,3.0,4.0,2.0,,4.0,1.0,5.0,5.0,5.0,4.0,2.0,4.0,1.0,3.0,1.0,1.0,3.0,4.0,5.0,5.0,1.0,3.0,4.0,1.0,1.0,4.0,3.0,2.0,1.0,1.0,1.0,2.0,3.0,2.0,1.0,1.0,3.0,3.0,3.0,2.0,3.0,2.0,3.0,2.0,,1.0,1.0,,,,,,0.0,0.0,0.0,0.0,0.0,0.0,0.0,0.0,0.0,0.0,0.0,10.0,,1.0,1.0,10.0,2.0,10.0,3.0,3.0,2.0,4.0,,1.0,2.0,3.0,3.0,0.0,0.0,1.0,0.0,2.0,2.0,2.0,2.0,4.0,3.0,4.0,4.0,4.0,4.0,4.0,4.0,4.0,,1.0,2.0,2.0,2.0,2.0,2.0,1.0,1.0,1.0,1.0,2.0,1.0,1.0,7.0,9.0,5.0,2.0,10.0,10.0,1.0,1.0,1.0,1.0,1.0,1.0,7.0,2.0,1.0,2.0,2.0,7.0,1.0,1.0,1.0,1.0,1.0,1.0,1.0,,1.0,1.0,1.0,1.0,1.0,1.0,1.0,1.0,1.0,1.0,1.0,2.0,2.0,2.0,3.0,2.0,5.0,1.0,5.0,5.0,5.0,1.0,5.0,2.0,2.0,3.0,3.0,3.0,2.0,3.0,3.0,1.0,3.0,3.0,3.0,3.0,1.0,1.0,3.0,2.0,1.0,,2.0,3.0,1.0,2.0,2.0,1.0,1.0,3.0,,1.0,1.0,,4.0,,10.0,,10.0,10.0,1.0,1.0,1.0,1.0,10.0,10.0,3.0,1.0,4.0,1.0,1.0,1.0,1.0,1.0,1.0
300071041,1.0,3.0,2.0,4.0,1.0,1.0,1.0,2.0,1.0,1.0,2.0,1.0,2.0,1.0,2.0,2.0,2.0,2.0,1.0,2.0,2.0,2.0,1.0,2.0,1.0,1.0,2.0,3.0,2.0,3.0,2.0,2.0,1.0,1.0,3.0,4.0,3.0,3.0,2.0,3.0,2.0,1.0,1.0,2.0,4.0,1.0,4.0,3.0,5.0,4.0,4.0,4.0,4.0,4.0,3.0,2.0,1.0,3.0,2.0,4.0,4.0,4.0,2.0,2.0,2.0,2.0,,1.0,2.0,4.0,4.0,3.0,3.0,2.0,3.0,,2.0,3.0,4.0,4.0,0.0,0.0,0.0,0.0,0.0,0.0,0.0,0.0,0.0,0.0,0.0,8.0,4.0,3.0,3.0,7.0,1.0,10.0,3.0,3.0,3.0,3.0,3.0,3.0,4.0,6.0,2.0,2.0,0.0,2.0,1.0,1.0,1.0,2.0,2.0,3.0,3.0,3.0,3.0,4.0,4.0,2.0,3.0,4.0,2.0,2.0,2.0,3.0,1.0,2.0,2.0,3.0,3.0,2.0,1.0,2.0,1.0,8.0,8.0,8.0,8.0,7.0,8.0,10.0,1.0,1.0,1.0,1.0,,3.0,6.0,3.0,1.0,2.0,2.0,5.0,1.0,6.0,1.0,9.0,3.0,1.0,5.0,9.0,8.0,8.0,6.0,2.0,1.0,2.0,1.0,1.0,5.0,1.0,1.0,3.0,2.0,2.0,4.0,3.0,1.0,1.0,5.0,5.0,5.0,5.0,5.0,2.0,3.0,3.0,3.0,3.0,3.0,3.0,3.0,3.0,3.0,3.0,3.0,3.0,1.0,1.0,2.0,4.0,2.0,3.0,2.0,1.0,3.0,2.0,1.0,1.0,1.0,,4.0,2.0,4.0,1.0,4.0,7.0,7.0,2.0,8.0,9.0,1.0,7.0,7.0,3.0,9.0,7.0,5.0,3.0,3.0,1.0,1.0,1.0,1.0,3.0,3.0
417070042,1.0,1.0,1.0,2.0,1.0,1.0,1.0,2.0,1.0,1.0,2.0,1.0,1.0,2.0,2.0,2.0,2.0,1.0,2.0,2.0,2.0,1.0,1.0,1.0,1.0,2.0,1.0,4.0,1.0,1.0,1.0,1.0,1.0,1.0,1.0,5.0,1.0,1.0,1.0,1.0,1.0,1.0,1.0,1.0,1.0,1.0,10.0,10.0,10.0,4.0,4.0,4.0,4.0,4.0,1.0,2.0,1.0,1.0,3.0,3.0,4.0,4.0,2.0,2.0,2.0,1.0,1.0,1.0,2.0,2.0,2.0,2.0,2.0,3.0,3.0,3.0,1.0,4.0,4.0,4.0,0.0,0.0,0.0,0.0,2.0,0.0,0.0,0.0,0.0,0.0,2.0,10.0,10.0,10.0,10.0,1.0,2.0,10.0,2.0,2.0,2.0,2.0,1.0,2.0,1.0,10.0,5.0,2.0,0.0,2.0,2.0,2.0,0.0,2.0,2.0,2.0,1.0,4.0,3.0,4.0,4.0,4.0,4.0,4.0,2.0,1.0,2.0,1.0,4.0,2.0,2.0,1.0,1.0,1.0,2.0,2.0,1.0,10.0,10.0,10.0,7.0,1.0,10.0,10.0,1.0,,,,1.0,1.0,7.0,1.0,2.0,1.0,2.0,5.0,7.0,1.0,1.0,1.0,10.0,1.0,1.0,1.0,1.0,1.0,1.0,1.0,5.0,5.0,3.0,1.0,1.0,1.0,1.0,1.0,1.0,3.0,1.0,2.0,3.0,1.0,1.0,5.0,4.0,4.0,5.0,5.0,3.0,3.0,3.0,3.0,3.0,3.0,3.0,3.0,3.0,3.0,3.0,3.0,2.0,1.0,3.0,3.0,3.0,1.0,1.0,1.0,1.0,4.0,3.0,2.0,1.0,1.0,2.0,2.0,2.0,2.0,2.0,,1.0,10.0,10.0,10.0,10.0,10.0,10.0,10.0,1.0,10.0,10.0,8.0,1.0,1.0,1.0,1.0,1.0,1.0,1.0
704070196,1.0,2.0,2.0,3.0,1.0,3.0,1.0,1.0,2.0,1.0,2.0,2.0,2.0,1.0,2.0,1.0,2.0,1.0,1.0,1.0,2.0,1.0,1.0,1.0,1.0,1.0,1.0,2.0,2.0,4.0,4.0,4.0,5.0,1.0,5.0,1.0,3.0,2.0,2.0,2.0,3.0,2.0,1.0,2.0,2.0,2.0,8.0,8.0,7.0,4.0,3.0,3.0,3.0,4.0,1.0,1.0,1.0,2.0,2.0,3.0,3.0,3.0,2.0,2.0,2.0,2.0,2.0,2.0,2.0,1.0,2.0,1.0,1.0,1.0,2.0,3.0,3.0,2.0,2.0,2.0,0.0,0.0,0.0,0.0,0.0,0.0,0.0,0.0,1.0,1.0,2.0,3.0,8.0,3.0,3.0,2.0,1.0,8.0,2.0,2.0,2.0,2.0,2.0,2.0,4.0,6.0,4.0,2.0,2.0,2.0,2.0,2.0,2.0,2.0,0.0,3.0,3.0,3.0,2.0,3.0,4.0,4.0,4.0,2.0,1.0,1.0,2.0,1.0,2.0,2.0,2.0,2.0,2.0,4.0,2.0,2.0,1.0,9.0,9.0,5.0,4.0,4.0,8.0,5.0,2.0,1.0,1.0,1.0,4.0,4.0,6.0,7.0,2.0,2.0,2.0,7.0,6.0,1.0,1.0,3.0,2.0,6.0,3.0,2.0,4.0,6.0,3.0,3.0,2.0,6.0,3.0,1.0,6.0,3.0,2.0,3.0,4.0,3.0,2.0,2.0,4.0,3.0,4.0,1.0,2.0,1.0,1.0,1.0,3.0,3.0,3.0,3.0,1.0,3.0,3.0,3.0,1.0,1.0,,,1.0,1.0,1.0,4.0,4.0,4.0,1.0,2.0,4.0,4.0,2.0,2.0,2.0,3.0,2.0,2.0,2.0,2.0,3.0,,5.0,4.0,8.0,7.0,7.0,7.0,6.0,7.0,9.0,9.0,6.0,7.0,3.0,2.0,2.0,2.0,2.0,3.0,2.0
50071068,1.0,1.0,2.0,2.0,1.0,1.0,1.0,1.0,2.0,1.0,2.0,2.0,2.0,2.0,1.0,2.0,1.0,1.0,2.0,1.0,2.0,1.0,1.0,1.0,1.0,2.0,1.0,3.0,1.0,1.0,1.0,2.0,2.0,2.0,4.0,5.0,2.0,1.0,1.0,1.0,1.0,3.0,1.0,1.0,2.0,2.0,8.0,9.0,9.0,4.0,4.0,4.0,2.0,4.0,1.0,2.0,1.0,1.0,2.0,3.0,4.0,4.0,1.0,1.0,1.0,1.0,1.0,2.0,2.0,1.0,2.0,2.0,2.0,2.0,3.0,2.0,2.0,2.0,3.0,2.0,0.0,0.0,0.0,0.0,0.0,0.0,0.0,0.0,0.0,0.0,0.0,7.0,7.0,9.0,10.0,2.0,1.0,4.0,2.0,1.0,2.0,3.0,2.0,3.0,2.0,7.0,2.0,2.0,2.0,,0.0,0.0,0.0,2.0,1.0,2.0,2.0,3.0,4.0,4.0,4.0,3.0,4.0,3.0,1.0,1.0,2.0,4.0,2.0,2.0,2.0,4.0,3.0,4.0,1.0,1.0,2.0,9.0,9.0,8.0,8.0,2.0,9.0,10.0,1.0,1.0,1.0,1.0,1.0,1.0,2.0,3.0,1.0,1.0,1.0,3.0,4.0,3.0,3.0,3.0,1.0,1.0,1.0,1.0,1.0,1.0,1.0,1.0,1.0,2.0,2.0,1.0,1.0,1.0,1.0,1.0,1.0,1.0,4.0,3.0,5.0,1.0,5.0,5.0,5.0,2.0,2.0,2.0,3.0,3.0,2.0,2.0,3.0,2.0,2.0,2.0,2.0,3.0,2.0,2.0,3.0,3.0,3.0,1.0,1.0,3.0,3.0,3.0,2.0,3.0,3.0,2.0,2.0,2.0,3.0,1.0,3.0,2.0,1.0,6.0,8.0,8.0,9.0,8.0,3.0,9.0,9.0,8.0,2.0,8.0,4.0,4.0,2.0,2.0,1.0,1.0,2.0,3.0,3.0
840072369,1.0,1.0,1.0,3.0,2.0,3.0,2.0,1.0,1.0,1.0,2.0,1.0,2.0,2.0,2.0,1.0,2.0,1.0,2.0,2.0,2.0,2.0,2.0,1.0,2.0,2.0,2.0,3.0,3.0,3.0,3.0,3.0,4.0,3.0,4.0,2.0,3.0,3.0,1.0,2.0,2.0,2.0,1.0,1.0,2.0,2.0,8.0,8.0,6.0,4.0,4.0,4.0,4.0,4.0,1.0,1.0,1.0,2.0,2.0,3.0,2.0,2.0,3.0,2.0,3.0,3.0,3.0,1.0,2.0,2.0,4.0,3.0,2.0,2.0,3.0,3.0,2.0,3.0,3.0,3.0,0.0,0.0,0.0,0.0,1.0,0.0,1.0,0.0,0.0,0.0,0.0,8.0,1.0,8.0,1.0,3.0,2.0,10.0,4.0,4.0,4.0,4.0,4.0,3.0,3.0,5.0,4.0,2.0,2.0,1.0,0.0,2.0,1.0,2.0,1.0,2.0,2.0,3.0,3.0,3.0,3.0,3.0,3.0,3.0,2.0,2.0,2.0,3.0,3.0,2.0,2.0,3.0,3.0,4.0,1.0,1.0,2.0,10.0,10.0,1.0,1.0,1.0,10.0,1.0,2.0,2.0,2.0,2.0,4.0,3.0,5.0,7.0,2.0,1.0,2.0,10.0,1.0,1.0,1.0,1.0,1.0,8.0,6.0,7.0,8.0,10.0,3.0,9.0,1.0,1.0,1.0,1.0,9.0,1.0,7.0,2.0,3.0,3.0,2.0,1.0,5.0,4.0,3.0,1.0,5.0,1.0,1.0,1.0,3.0,3.0,3.0,3.0,3.0,3.0,,3.0,1.0,3.0,3.0,3.0,3.0,1.0,2.0,4.0,4.0,4.0,4.0,3.0,1.0,4.0,2.0,1.0,1.0,,3.0,3.0,4.0,1.0,4.0,6.0,6.0,1.0,10.0,3.0,1.0,10.0,1.0,7.0,6.0,10.0,10.0,10.0,1.0,1.0,2.0,2.0,2.0,2.0,2.0
586071760,1.0,1.0,1.0,1.0,1.0,1.0,1.0,1.0,2.0,2.0,2.0,1.0,2.0,2.0,2.0,2.0,2.0,2.0,2.0,2.0,1.0,2.0,2.0,2.0,2.0,2.0,1.0,2.0,2.0,1.0,1.0,1.0,2.0,2.0,1.0,1.0,1.0,1.0,1.0,1.0,2.0,1.0,2.0,1.0,1.0,2.0,9.0,8.0,8.0,1.0,1.0,2.0,2.0,1.0,1.0,2.0,2.0,1.0,3.0,2.0,2.0,2.0,2.0,2.0,3.0,2.0,2.0,1.0,3.0,2.0,2.0,2.0,4.0,2.0,2.0,1.0,3.0,2.0,3.0,3.0,1.0,2.0,1.0,1.0,1.0,1.0,2.0,1.0,2.0,1.0,1.0,5.0,7.0,7.0,7.0,8.0,1.0,8.0,2.0,2.0,1.0,1.0,2.0,2.0,1.0,9.0,4.0,1.0,2.0,1.0,1.0,1.0,1.0,1.0,1.0,2.0,2.0,2.0,2.0,2.0,2.0,2.0,2.0,2.0,1.0,2.0,,2.0,2.0,2.0,2.0,2.0,2.0,1.0,1.0,1.0,2.0,8.0,8.0,8.0,8.0,9.0,7.0,8.0,1.0,1.0,1.0,1.0,1.0,1.0,3.0,1.0,1.0,1.0,1.0,8.0,2.0,9.0,9.0,9.0,2.0,2.0,3.0,2.0,3.0,2.0,2.0,2.0,3.0,4.0,2.0,3.0,3.0,3.0,3.0,2.0,1.0,2.0,4.0,2.0,1.0,1.0,4.0,1.0,5.0,4.0,2.0,2.0,2.0,2.0,2.0,1.0,2.0,2.0,2.0,3.0,2.0,2.0,3.0,1.0,1.0,2.0,1.0,2.0,2.0,2.0,1.0,2.0,2.0,3.0,2.0,2.0,3.0,3.0,2.0,2.0,1.0,1.0,1.0,,7.0,9.0,7.0,8.0,9.0,8.0,8.0,9.0,5.0,9.0,6.0,8.0,2.0,1.0,2.0,2.0,1.0,1.0,2.0
320070116,1.0,1.0,1.0,1.0,1.0,1.0,1.0,1.0,1.0,1.0,1.0,1.0,1.0,1.0,1.0,1.0,1.0,1.0,2.0,2.0,2.0,2.0,2.0,2.0,2.0,2.0,1.0,3.0,3.0,3.0,3.0,3.0,3.0,3.0,2.0,3.0,2.0,2.0,2.0,2.0,2.0,3.0,3.0,3.0,4.0,3.0,7.0,4.0,5.0,4.0,4.0,4.0,4.0,4.0,2.0,2.0,1.0,3.0,3.0,4.0,4.0,4.0,2.0,3.0,3.0,3.0,3.0,3.0,3.0,3.0,3.0,3.0,3.0,3.0,3.0,3.0,3.0,3.0,3.0,3.0,2.0,1.0,1.0,1.0,1.0,1.0,1.0,1.0,1.0,1.0,1.0,7.0,6.0,6.0,6.0,6.0,1.0,10.0,3.0,3.0,3.0,2.0,2.0,3.0,4.0,6.0,3.0,1.0,1.0,1.0,1.0,1.0,1.0,1.0,1.0,2.0,1.0,2.0,2.0,1.0,1.0,1.0,1.0,1.0,2.0,2.0,2.0,3.0,3.0,2.0,2.0,3.0,3.0,3.0,1.0,2.0,2.0,5.0,6.0,6.0,6.0,7.0,6.0,7.0,1.0,1.0,1.0,1.0,1.0,1.0,3.0,1.0,2.0,,1.0,5.0,3.0,3.0,3.0,,1.0,1.0,1.0,1.0,1.0,1.0,1.0,1.0,1.0,1.0,1.0,1.0,1.0,1.0,1.0,4.0,4.0,4.0,2.0,,4.0,4.0,4.0,4.0,4.0,4.0,4.0,4.0,3.0,3.0,3.0,3.0,2.0,2.0,2.0,2.0,3.0,3.0,,,1.0,1.0,3.0,3.0,3.0,3.0,3.0,3.0,3.0,3.0,3.0,3.0,2.0,4.0,3.0,2.0,3.0,3.0,3.0,5.0,5.0,6.0,10.0,10.0,9.0,10.0,9.0,9.0,8.0,,7.0,8.0,3.0,,3.0,3.0,3.0,3.0,3.0
344070159,2.0,2.0,2.0,2.0,3.0,4.0,1.0,2.0,1.0,1.0,2.0,2.0,2.0,2.0,2.0,2.0,1.0,1.0,1.0,1.0,2.0,1.0,1.0,1.0,2.0,2.0,2.0,2.0,2.0,2.0,2.0,2.0,2.0,2.0,3.0,5.0,2.0,2.0,2.0,2.0,2.0,3.0,1.0,1.0,,3.0,5.0,5.0,3.0,4.0,4.0,4.0,4.0,4.0,1.0,2.0,2.0,,3.0,4.0,,4.0,4.0,2.0,2.0,2.0,,1.0,2.0,1.0,4.0,3.0,2.0,1.0,3.0,2.0,2.0,2.0,2.0,2.0,0.0,0.0,0.0,0.0,0.0,0.0,0.0,0.0,0.0,0.0,0.0,8.0,5.0,4.0,3.0,3.0,1.0,5.0,2.0,2.0,2.0,1.0,1.0,2.0,1.0,10.0,3.0,1.0,2.0,2.0,2.0,2.0,2.0,2.0,2.0,2.0,2.0,2.0,3.0,4.0,,,3.0,,1.0,1.0,2.0,2.0,2.0,2.0,2.0,4.0,2.0,3.0,1.0,,1.0,10.0,10.0,5.0,2.0,1.0,10.0,1.0,2.0,2.0,2.0,,4.0,,7.0,8.0,3.0,,,1.0,1.0,1.0,1.0,1.0,1.0,1.0,1.0,5.0,5.0,8.0,3.0,7.0,5.0,8.0,3.0,1.0,5.0,1.0,5.0,2.0,2.0,2.0,3.0,3.0,1.0,1.0,4.0,5.0,5.0,5.0,5.0,4.0,3.0,3.0,3.0,3.0,2.0,3.0,3.0,1.0,,,,,1.0,1.0,1.0,2.0,2.0,2.0,2.0,2.0,3.0,3.0,2.0,1.0,1.0,2.0,,1.0,4.0,1.0,4.0,5.0,7.0,1.0,9.0,8.0,1.0,9.0,6.0,9.0,10.0,10.0,5.0,5.0,2.0,2.0,1.0,,1.0,3.0,3.0
630070791,1.0,2.0,3.0,4.0,1.0,1.0,1.0,2.0,2.0,1.0,2.0,1.0,2.0,2.0,1.0,2.0,1.0,2.0,2.0,2.0,2.0,2.0,2.0,2.0,2.0,2.0,1.0,2.0,4.0,4.0,3.0,1.0,2.0,2.0,1.0,1.0,2.0,2.0,1.0,3.0,2.0,3.0,1.0,1.0,2.0,2.0,9.0,10.0,9.0,4.0,4.0,4.0,4.0,4.0,2.0,2.0,1.0,3.0,2.0,3.0,2.0,2.0,1.0,3.0,2.0,2.0,2.0,1.0,3.0,3.0,3.0,3.0,3.0,2.0,2.0,2.0,2.0,2.0,2.0,2.0,0.0,0.0,0.0,0.0,0.0,0.0,0.0,2.0,0.0,2.0,0.0,8.0,7.0,2.0,7.0,2.0,2.0,10.0,2.0,2.0,3.0,2.0,2.0,3.0,2.0,7.0,4.0,1.0,0.0,2.0,2.0,2.0,2.0,2.0,2.0,2.0,2.0,4.0,4.0,4.0,4.0,4.0,4.0,4.0,2.0,1.0,2.0,3.0,2.0,2.0,2.0,1.0,1.0,1.0,1.0,2.0,1.0,5.0,6.0,1.0,1.0,8.0,6.0,10.0,1.0,1.0,2.0,1.0,1.0,4.0,2.0,1.0,1.0,2.0,1.0,10.0,1.0,1.0,1.0,1.0,1.0,7.0,1.0,1.0,1.0,1.0,1.0,1.0,1.0,1.0,1.0,1.0,1.0,1.0,1.0,3.0,4.0,4.0,4.0,3.0,2.0,1.0,5.0,5.0,5.0,5.0,5.0,5.0,3.0,3.0,2.0,3.0,3.0,3.0,3.0,3.0,,,,,1.0,1.0,3.0,2.0,2.0,3.0,3.0,3.0,1.0,1.0,1.0,1.0,1.0,,2.0,1.0,4.0,1.0,4.0,2.0,2.0,1.0,10.0,9.0,1.0,6.0,1.0,7.0,10.0,9.0,8.0,5.0,2.0,1.0,1.0,1.0,1.0,2.0,2.0
398071113,1.0,2.0,3.0,3.0,2.0,2.0,1.0,2.0,1.0,2.0,2.0,1.0,2.0,1.0,2.0,2.0,2.0,2.0,2.0,2.0,2.0,2.0,2.0,2.0,2.0,2.0,1.0,3.0,2.0,3.0,3.0,3.0,3.0,2.0,3.0,4.0,3.0,2.0,2.0,2.0,4.0,2.0,1.0,1.0,2.0,2.0,8.0,8.0,6.0,4.0,3.0,4.0,3.0,,1.0,2.0,1.0,4.0,3.0,4.0,2.0,2.0,2.0,2.0,2.0,2.0,3.0,2.0,2.0,2.0,3.0,2.0,2.0,2.0,2.0,2.0,2.0,3.0,3.0,2.0,0.0,0.0,0.0,0.0,0.0,0.0,0.0,0.0,0.0,0.0,0.0,10.0,3.0,8.0,1.0,1.0,2.0,7.0,2.0,2.0,2.0,2.0,2.0,2.0,2.0,10.0,3.0,1.0,0.0,2.0,1.0,0.0,2.0,0.0,0.0,2.0,2.0,3.0,3.0,4.0,4.0,4.0,4.0,4.0,1.0,1.0,2.0,3.0,,2.0,2.0,,1.0,,1.0,2.0,1.0,3.0,3.0,8.0,7.0,8.0,3.0,10.0,1.0,1.0,,,,,6.0,,1.0,2.0,1.0,8.0,3.0,3.0,1.0,3.0,1.0,1.0,1.0,3.0,5.0,3.0,3.0,5.0,3.0,5.0,3.0,1.0,1.0,1.0,1.0,2.0,2.0,2.0,4.0,2.0,5.0,5.0,5.0,2.0,5.0,5.0,2.0,4.0,3.0,3.0,3.0,3.0,1.0,2.0,3.0,3.0,2.0,3.0,3.0,3.0,,2.0,2.0,4.0,2.0,3.0,3.0,2.0,3.0,4.0,2.0,2.0,4.0,3.0,2.0,3.0,3.0,1.0,2.0,,5.0,7.0,10.0,10.0,10.0,10.0,10.0,10.0,10.0,10.0,6.0,7.0,2.0,1.0,1.0,1.0,1.0,1.0,1.0
504070095,1.0,1.0,1.0,1.0,2.0,2.0,1.0,2.0,1.0,1.0,2.0,1.0,2.0,2.0,1.0,2.0,2.0,1.0,2.0,1.0,1.0,1.0,1.0,1.0,1.0,1.0,2.0,2.0,3.0,3.0,3.0,2.0,3.0,2.0,2.0,,3.0,3.0,4.0,4.0,4.0,2.0,2.0,2.0,3.0,2.0,8.0,8.0,6.0,2.0,3.0,4.0,3.0,3.0,1.0,2.0,1.0,2.0,3.0,3.0,3.0,3.0,2.0,3.0,4.0,4.0,3.0,3.0,4.0,4.0,3.0,4.0,4.0,4.0,3.0,3.0,4.0,4.0,4.0,3.0,2.0,1.0,1.0,1.0,1.0,1.0,1.0,1.0,1.0,1.0,1.0,2.0,2.0,2.0,3.0,4.0,1.0,9.0,3.0,3.0,3.0,3.0,3.0,2.0,4.0,8.0,3.0,2.0,1.0,1.0,1.0,1.0,1.0,1.0,1.0,2.0,3.0,3.0,3.0,2.0,2.0,2.0,2.0,2.0,1.0,2.0,2.0,3.0,3.0,2.0,2.0,3.0,3.0,3.0,2.0,1.0,1.0,3.0,4.0,2.0,1.0,1.0,8.0,8.0,1.0,1.0,1.0,1.0,3.0,3.0,1.0,1.0,2.0,2.0,2.0,5.0,6.0,7.0,8.0,8.0,7.0,6.0,1.0,6.0,5.0,5.0,5.0,5.0,5.0,5.0,5.0,5.0,5.0,5.0,5.0,3.0,2.0,2.0,2.0,2.0,2.0,2.0,2.0,1.0,1.0,1.0,1.0,1.0,2.0,2.0,2.0,2.0,2.0,1.0,1.0,2.0,2.0,2.0,3.0,3.0,2.0,2.0,2.0,3.0,1.0,2.0,2.0,2.0,2.0,3.0,2.0,2.0,1.0,4.0,2.0,3.0,3.0,3.0,3.0,6.0,5.0,6.0,7.0,8.0,8.0,7.0,7.0,8.0,8.0,2.0,2.0,2.0,3.0,2.0,1.0,1.0,1.0,1.0,1.0
566071155,1.0,1.0,1.0,2.0,1.0,1.0,2.0,2.0,1.0,2.0,2.0,1.0,2.0,1.0,1.0,2.0,1.0,1.0,2.0,1.0,2.0,1.0,2.0,1.0,2.0,2.0,1.0,1.0,3.0,4.0,4.0,2.0,4.0,3.0,3.0,5.0,5.0,4.0,2.0,2.0,4.0,1.0,2.0,1.0,1.0,1.0,9.0,7.0,8.0,2.0,3.0,3.0,1.0,4.0,3.0,1.0,1.0,1.0,1.0,1.0,1.0,2.0,2.0,1.0,2.0,1.0,4.0,3.0,3.0,2.0,2.0,3.0,4.0,1.0,3.0,2.0,1.0,3.0,2.0,2.0,0.0,0.0,0.0,0.0,2.0,0.0,0.0,0.0,0.0,2.0,0.0,3.0,3.0,4.0,6.0,7.0,2.0,4.0,3.0,3.0,2.0,3.0,3.0,3.0,5.0,8.0,4.0,2.0,1.0,0.0,1.0,2.0,1.0,1.0,1.0,3.0,1.0,4.0,4.0,4.0,4.0,4.0,4.0,4.0,1.0,1.0,2.0,1.0,1.0,2.0,2.0,1.0,1.0,1.0,1.0,1.0,1.0,10.0,10.0,10.0,9.0,9.0,10.0,10.0,1.0,1.0,2.0,1.0,1.0,1.0,2.0,1.0,1.0,1.0,1.0,9.0,1.0,1.0,3.0,2.0,2.0,1.0,1.0,1.0,1.0,1.0,1.0,3.0,3.0,3.0,3.0,4.0,2.0,1.0,1.0,4.0,4.0,4.0,2.0,2.0,5.0,4.0,1.0,3.0,5.0,5.0,5.0,1.0,3.0,3.0,3.0,3.0,3.0,3.0,3.0,3.0,3.0,3.0,3.0,3.0,1.0,1.0,1.0,2.0,2.0,2.0,2.0,2.0,2.0,2.0,3.0,2.0,2.0,2.0,2.0,2.0,2.0,2.0,3.0,7.0,6.0,7.0,6.0,7.0,5.0,7.0,5.0,5.0,5.0,4.0,7.0,7.0,2.0,1.0,1.0,1.0,1.0,2.0,3.0
496070316,1.0,1.0,1.0,2.0,2.0,4.0,1.0,2.0,1.0,1.0,2.0,2.0,2.0,2.0,2.0,2.0,1.0,2.0,2.0,1.0,2.0,1.0,2.0,2.0,2.0,1.0,1.0,2.0,1.0,2.0,2.0,2.0,2.0,3.0,2.0,3.0,3.0,2.0,3.0,3.0,3.0,2.0,2.0,2.0,3.0,4.0,6.0,5.0,6.0,2.0,3.0,2.0,3.0,3.0,2.0,1.0,1.0,1.0,1.0,1.0,3.0,3.0,,1.0,1.0,1.0,1.0,1.0,1.0,1.0,1.0,1.0,2.0,2.0,2.0,2.0,2.0,2.0,2.0,1.0,1.0,1.0,0.0,0.0,0.0,1.0,1.0,2.0,1.0,0.0,0.0,7.0,6.0,6.0,7.0,6.0,2.0,6.0,1.0,3.0,3.0,3.0,3.0,3.0,5.0,7.0,4.0,1.0,1.0,0.0,0.0,0.0,0.0,1.0,1.0,2.0,3.0,1.0,1.0,1.0,1.0,1.0,1.0,1.0,2.0,2.0,2.0,3.0,2.0,1.0,2.0,3.0,2.0,3.0,2.0,2.0,1.0,6.0,5.0,5.0,5.0,6.0,5.0,6.0,1.0,1.0,2.0,2.0,2.0,1.0,5.0,5.0,2.0,2.0,1.0,6.0,6.0,5.0,6.0,6.0,5.0,7.0,7.0,7.0,7.0,7.0,7.0,5.0,5.0,5.0,5.0,5.0,5.0,7.0,7.0,1.0,2.0,2.0,3.0,3.0,1.0,1.0,1.0,1.0,1.0,1.0,1.0,1.0,2.0,1.0,1.0,2.0,1.0,2.0,2.0,2.0,3.0,3.0,3.0,3.0,2.0,2.0,3.0,2.0,2.0,2.0,3.0,2.0,3.0,3.0,2.0,2.0,4.0,4.0,2.0,2.0,3.0,2.0,2.0,7.0,7.0,5.0,4.0,6.0,7.0,6.0,7.0,7.0,6.0,6.0,5.0,5.0,2.0,1.0,1.0,1.0,1.0,1.0,1.0
344070434,1.0,2.0,2.0,3.0,2.0,3.0,1.0,2.0,2.0,1.0,1.0,1.0,1.0,2.0,2.0,2.0,2.0,1.0,2.0,2.0,2.0,2.0,2.0,2.0,2.0,2.0,2.0,3.0,2.0,1.0,2.0,1.0,1.0,1.0,4.0,4.0,1.0,1.0,1.0,2.0,2.0,3.0,1.0,1.0,2.0,3.0,8.0,8.0,7.0,4.0,3.0,4.0,3.0,4.0,1.0,2.0,1.0,2.0,2.0,2.0,2.0,3.0,2.0,3.0,3.0,3.0,2.0,3.0,3.0,3.0,3.0,3.0,3.0,2.0,3.0,3.0,2.0,1.0,1.0,2.0,0.0,0.0,0.0,0.0,0.0,0.0,0.0,0.0,0.0,0.0,0.0,1.0,7.0,2.0,8.0,8.0,1.0,7.0,2.0,3.0,2.0,2.0,2.0,2.0,2.0,7.0,2.0,0.0,2.0,2.0,2.0,2.0,2.0,2.0,2.0,3.0,2.0,3.0,2.0,2.0,1.0,2.0,2.0,3.0,1.0,1.0,2.0,3.0,1.0,2.0,2.0,4.0,4.0,3.0,2.0,2.0,2.0,8.0,8.0,6.0,6.0,5.0,7.0,6.0,1.0,1.0,1.0,1.0,3.0,,6.0,7.0,3.0,2.0,2.0,6.0,2.0,1.0,1.0,1.0,1.0,4.0,2.0,6.0,6.0,6.0,1.0,5.0,1.0,2.0,1.0,1.0,1.0,8.0,1.0,2.0,4.0,2.0,4.0,3.0,1.0,1.0,4.0,1.0,4.0,2.0,1.0,2.0,3.0,3.0,3.0,3.0,1.0,3.0,3.0,3.0,3.0,3.0,3.0,3.0,1.0,2.0,2.0,3.0,,2.0,3.0,3.0,1.0,3.0,3.0,2.0,2.0,5.0,3.0,3.0,4.0,2.0,2.0,,8.0,7.0,9.0,8.0,1.0,8.0,3.0,2.0,5.0,9.0,4.0,3.0,3.0,3.0,2.0,,3.0,2.0,3.0
608070379,1.0,1.0,1.0,1.0,1.0,1.0,1.0,1.0,1.0,1.0,2.0,1.0,2.0,2.0,2.0,2.0,2.0,1.0,2.0,1.0,2.0,1.0,2.0,2.0,2.0,2.0,1.0,2.0,3.0,2.0,3.0,2.0,2.0,2.0,4.0,4.0,2.0,1.0,1.0,1.0,1.0,1.0,1.0,1.0,1.0,3.0,10.0,8.0,6.0,3.0,4.0,3.0,3.0,4.0,1.0,2.0,1.0,2.0,2.0,3.0,3.0,3.0,2.0,2.0,2.0,2.0,2.0,1.0,1.0,2.0,1.0,1.0,1.0,3.0,2.0,2.0,2.0,2.0,2.0,2.0,0.0,0.0,0.0,0.0,0.0,0.0,0.0,0.0,0.0,0.0,0.0,8.0,7.0,6.0,5.0,2.0,1.0,10.0,3.0,3.0,4.0,1.0,2.0,2.0,4.0,1.0,4.0,2.0,0.0,0.0,0.0,0.0,2.0,0.0,0.0,4.0,1.0,3.0,3.0,3.0,4.0,3.0,3.0,3.0,1.0,1.0,2.0,2.0,2.0,2.0,2.0,2.0,2.0,2.0,1.0,1.0,1.0,10.0,3.0,5.0,8.0,3.0,8.0,10.0,1.0,1.0,1.0,1.0,3.0,3.0,7.0,1.0,2.0,2.0,1.0,5.0,4.0,4.0,4.0,5.0,6.0,10.0,10.0,10.0,10.0,7.0,7.0,5.0,6.0,5.0,5.0,10.0,10.0,3.0,4.0,1.0,4.0,1.0,1.0,2.0,5.0,1.0,1.0,5.0,5.0,5.0,5.0,1.0,1.0,3.0,1.0,3.0,3.0,1.0,3.0,1.0,,,,,1.0,1.0,1.0,3.0,1.0,1.0,1.0,1.0,1.0,1.0,1.0,1.0,1.0,2.0,2.0,2.0,2.0,2.0,2.0,7.0,10.0,9.0,10.0,6.0,6.0,5.0,10.0,10.0,10.0,8.0,10.0,8.0,1.0,1.0,2.0,2.0,2.0,2.0,2.0
417070023,1.0,1.0,1.0,3.0,1.0,1.0,1.0,2.0,2.0,1.0,2.0,2.0,2.0,1.0,2.0,2.0,2.0,1.0,2.0,1.0,2.0,1.0,1.0,1.0,2.0,2.0,1.0,1.0,4.0,1.0,1.0,1.0,1.0,5.0,1.0,5.0,1.0,1.0,1.0,1.0,1.0,3.0,1.0,1.0,1.0,3.0,10.0,10.0,8.0,4.0,4.0,4.0,4.0,4.0,1.0,2.0,1.0,4.0,4.0,4.0,4.0,4.0,4.0,4.0,4.0,3.0,4.0,4.0,4.0,4.0,4.0,4.0,4.0,4.0,4.0,4.0,4.0,4.0,1.0,1.0,0.0,0.0,0.0,0.0,0.0,0.0,0.0,0.0,0.0,2.0,2.0,10.0,10.0,10.0,1.0,10.0,1.0,10.0,4.0,4.0,4.0,4.0,4.0,2.0,1.0,10.0,4.0,2.0,2.0,2.0,2.0,2.0,2.0,2.0,2.0,2.0,3.0,4.0,3.0,3.0,2.0,4.0,4.0,4.0,2.0,1.0,2.0,1.0,1.0,2.0,2.0,1.0,1.0,1.0,2.0,1.0,1.0,10.0,10.0,10.0,10.0,10.0,10.0,10.0,1.0,,,,1.0,1.0,3.0,1.0,1.0,2.0,2.0,10.0,1.0,1.0,1.0,1.0,1.0,1.0,1.0,1.0,1.0,1.0,1.0,1.0,1.0,1.0,1.0,1.0,1.0,1.0,1.0,1.0,1.0,1.0,4.0,1.0,1.0,1.0,5.0,1.0,1.0,1.0,5.0,3.0,3.0,3.0,3.0,3.0,3.0,3.0,3.0,3.0,3.0,3.0,3.0,3.0,1.0,1.0,4.0,1.0,1.0,1.0,4.0,4.0,1.0,2.0,1.0,1.0,1.0,3.0,1.0,1.0,1.0,1.0,1.0,,10.0,10.0,10.0,10.0,10.0,10.0,10.0,10.0,10.0,10.0,10.0,10.0,2.0,1.0,1.0,1.0,1.0,3.0,3.0
462071002,1.0,1.0,1.0,3.0,3.0,2.0,1.0,2.0,2.0,1.0,2.0,1.0,1.0,1.0,2.0,2.0,2.0,1.0,2.0,2.0,2.0,2.0,2.0,1.0,2.0,2.0,3.0,4.0,4.0,4.0,4.0,4.0,5.0,3.0,3.0,1.0,5.0,1.0,2.0,4.0,5.0,1.0,1.0,3.0,2.0,1.0,10.0,8.0,6.0,4.0,4.0,4.0,4.0,4.0,1.0,1.0,1.0,2.0,1.0,2.0,2.0,2.0,3.0,2.0,3.0,3.0,3.0,4.0,3.0,3.0,4.0,4.0,2.0,1.0,2.0,3.0,3.0,3.0,3.0,1.0,0.0,0.0,0.0,0.0,0.0,0.0,0.0,0.0,0.0,0.0,0.0,3.0,5.0,5.0,3.0,2.0,2.0,10.0,4.0,4.0,2.0,2.0,2.0,2.0,2.0,4.0,4.0,1.0,0.0,2.0,1.0,1.0,0.0,0.0,0.0,2.0,1.0,1.0,4.0,4.0,3.0,3.0,3.0,4.0,1.0,2.0,2.0,3.0,1.0,2.0,2.0,,3.0,3.0,1.0,2.0,2.0,10.0,10.0,1.0,5.0,1.0,10.0,6.0,1.0,1.0,1.0,1.0,4.0,4.0,7.0,7.0,2.0,2.0,2.0,1.0,1.0,1.0,1.0,1.0,1.0,10.0,5.0,10.0,10.0,10.0,10.0,10.0,1.0,3.0,1.0,1.0,10.0,1.0,10.0,1.0,3.0,2.0,3.0,2.0,2.0,5.0,5.0,1.0,4.0,1.0,1.0,2.0,1.0,1.0,1.0,2.0,1.0,2.0,2.0,1.0,1.0,1.0,1.0,3.0,1.0,1.0,1.0,2.0,1.0,1.0,1.0,1.0,1.0,3.0,1.0,1.0,1.0,3.0,4.0,1.0,4.0,1.0,4.0,1.0,1.0,1.0,10.0,10.0,10.0,10.0,8.0,1.0,10.0,10.0,10.0,5.0,3.0,3.0,4.0,1.0,1.0,1.0,4.0
124071428,1.0,1.0,1.0,2.0,4.0,4.0,1.0,1.0,1.0,1.0,2.0,2.0,2.0,2.0,2.0,1.0,2.0,1.0,2.0,2.0,2.0,2.0,2.0,1.0,2.0,2.0,3.0,3.0,4.0,4.0,4.0,2.0,5.0,1.0,3.0,1.0,3.0,3.0,2.0,1.0,3.0,3.0,2.0,1.0,2.0,2.0,7.0,6.0,7.0,4.0,4.0,4.0,4.0,4.0,1.0,1.0,2.0,2.0,2.0,2.0,2.0,2.0,3.0,2.0,3.0,2.0,4.0,1.0,3.0,4.0,4.0,4.0,4.0,3.0,3.0,2.0,2.0,4.0,3.0,3.0,0.0,2.0,0.0,0.0,1.0,0.0,0.0,0.0,0.0,0.0,0.0,9.0,1.0,10.0,2.0,2.0,2.0,6.0,3.0,2.0,3.0,2.0,2.0,2.0,1.0,4.0,4.0,2.0,2.0,2.0,2.0,2.0,2.0,1.0,2.0,2.0,2.0,3.0,4.0,4.0,4.0,3.0,4.0,4.0,2.0,2.0,2.0,4.0,4.0,2.0,2.0,4.0,3.0,4.0,1.0,2.0,2.0,7.0,7.0,1.0,2.0,7.0,9.0,1.0,2.0,2.0,2.0,2.0,4.0,4.0,7.0,8.0,2.0,2.0,2.0,8.0,1.0,1.0,1.0,1.0,3.0,10.0,7.0,8.0,9.0,8.0,8.0,8.0,1.0,1.0,1.0,1.0,8.0,1.0,8.0,3.0,4.0,3.0,2.0,2.0,1.0,1.0,1.0,1.0,1.0,1.0,2.0,2.0,1.0,2.0,2.0,3.0,2.0,1.0,2.0,2.0,2.0,1.0,2.0,3.0,1.0,1.0,2.0,3.0,1.0,4.0,3.0,2.0,2.0,4.0,3.0,1.0,2.0,3.0,2.0,2.0,2.0,2.0,4.0,9.0,4.0,10.0,8.0,3.0,4.0,1.0,1.0,9.0,10.0,7.0,9.0,6.0,1.0,2.0,3.0,4.0,2.0,2.0,1.0
360071076,1.0,3.0,3.0,1.0,1.0,1.0,1.0,2.0,2.0,1.0,2.0,2.0,1.0,2.0,1.0,2.0,1.0,1.0,2.0,2.0,2.0,2.0,2.0,1.0,1.0,2.0,1.0,4.0,2.0,3.0,2.0,2.0,2.0,4.0,5.0,4.0,2.0,2.0,4.0,2.0,2.0,3.0,2.0,2.0,1.0,2.0,5.0,8.0,10.0,1.0,4.0,3.0,2.0,4.0,1.0,2.0,1.0,2.0,2.0,2.0,2.0,2.0,1.0,2.0,2.0,2.0,2.0,1.0,2.0,2.0,2.0,2.0,1.0,2.0,2.0,2.0,1.0,2.0,2.0,1.0,0.0,1.0,0.0,0.0,0.0,2.0,0.0,2.0,2.0,2.0,0.0,8.0,9.0,5.0,3.0,3.0,1.0,10.0,3.0,2.0,2.0,2.0,2.0,1.0,4.0,8.0,4.0,0.0,2.0,0.0,0.0,0.0,2.0,0.0,0.0,4.0,1.0,3.0,4.0,4.0,4.0,4.0,3.0,4.0,2.0,2.0,2.0,2.0,1.0,2.0,2.0,1.0,1.0,2.0,2.0,2.0,2.0,3.0,8.0,2.0,3.0,4.0,7.0,10.0,1.0,1.0,1.0,1.0,1.0,1.0,2.0,1.0,1.0,2.0,2.0,9.0,4.0,3.0,5.0,7.0,2.0,1.0,1.0,1.0,2.0,1.0,2.0,1.0,1.0,2.0,1.0,3.0,4.0,5.0,4.0,3.0,2.0,1.0,2.0,3.0,5.0,2.0,5.0,5.0,5.0,5.0,5.0,4.0,3.0,3.0,1.0,2.0,2.0,3.0,3.0,3.0,,,,,1.0,1.0,1.0,2.0,3.0,2.0,3.0,1.0,1.0,3.0,3.0,2.0,1.0,2.0,2.0,2.0,2.0,2.0,1.0,,3.0,7.0,8.0,4.0,3.0,9.0,8.0,10.0,4.0,8.0,4.0,4.0,2.0,2.0,3.0,3.0,2.0,3.0,3.0
608070835,1.0,1.0,4.0,2.0,1.0,3.0,1.0,1.0,1.0,2.0,2.0,2.0,2.0,2.0,2.0,2.0,2.0,1.0,1.0,1.0,2.0,2.0,2.0,2.0,2.0,2.0,1.0,2.0,2.0,2.0,2.0,2.0,1.0,1.0,1.0,2.0,1.0,2.0,5.0,2.0,2.0,1.0,1.0,1.0,2.0,3.0,7.0,7.0,8.0,4.0,3.0,2.0,2.0,4.0,2.0,2.0,1.0,2.0,2.0,4.0,4.0,4.0,1.0,1.0,2.0,2.0,2.0,2.0,2.0,2.0,2.0,2.0,2.0,2.0,2.0,2.0,2.0,2.0,2.0,2.0,1.0,0.0,0.0,0.0,0.0,0.0,0.0,2.0,0.0,0.0,0.0,7.0,7.0,8.0,5.0,5.0,1.0,8.0,2.0,2.0,2.0,3.0,1.0,2.0,4.0,7.0,2.0,2.0,2.0,0.0,0.0,0.0,2.0,2.0,0.0,3.0,2.0,3.0,4.0,4.0,4.0,4.0,4.0,4.0,2.0,2.0,2.0,1.0,1.0,2.0,2.0,1.0,1.0,1.0,1.0,1.0,2.0,8.0,8.0,6.0,6.0,5.0,6.0,10.0,1.0,2.0,1.0,1.0,2.0,2.0,2.0,1.0,1.0,2.0,2.0,10.0,6.0,6.0,5.0,5.0,5.0,5.0,5.0,1.0,1.0,5.0,5.0,5.0,2.0,2.0,2.0,5.0,5.0,5.0,5.0,1.0,1.0,2.0,1.0,2.0,4.0,1.0,1.0,5.0,5.0,5.0,5.0,1.0,3.0,3.0,3.0,3.0,2.0,3.0,3.0,2.0,,,,,1.0,1.0,1.0,3.0,1.0,1.0,1.0,4.0,4.0,1.0,1.0,1.0,1.0,2.0,3.0,2.0,3.0,3.0,3.0,7.0,6.0,5.0,6.0,5.0,5.0,5.0,5.0,6.0,6.0,6.0,5.0,3.0,1.0,1.0,1.0,2.0,1.0,3.0,1.0
604070764,1.0,3.0,2.0,3.0,1.0,2.0,2.0,2.0,2.0,1.0,2.0,1.0,2.0,2.0,2.0,1.0,1.0,1.0,2.0,2.0,2.0,1.0,2.0,1.0,2.0,2.0,2.0,3.0,4.0,3.0,4.0,3.0,3.0,1.0,2.0,2.0,3.0,2.0,1.0,2.0,2.0,2.0,3.0,2.0,3.0,2.0,9.0,6.0,8.0,2.0,1.0,3.0,2.0,2.0,2.0,2.0,2.0,1.0,2.0,3.0,4.0,2.0,3.0,2.0,2.0,1.0,2.0,1.0,2.0,2.0,2.0,3.0,2.0,1.0,2.0,2.0,1.0,2.0,3.0,2.0,0.0,0.0,0.0,0.0,0.0,0.0,0.0,0.0,0.0,0.0,0.0,2.0,1.0,2.0,1.0,2.0,1.0,9.0,3.0,2.0,3.0,2.0,2.0,2.0,2.0,3.0,2.0,0.0,2.0,0.0,0.0,1.0,2.0,2.0,2.0,3.0,3.0,3.0,1.0,2.0,4.0,4.0,4.0,4.0,2.0,2.0,2.0,4.0,4.0,2.0,2.0,2.0,1.0,2.0,2.0,2.0,2.0,9.0,9.0,8.0,9.0,9.0,8.0,8.0,1.0,2.0,2.0,1.0,3.0,3.0,2.0,5.0,2.0,2.0,2.0,3.0,3.0,7.0,9.0,2.0,9.0,2.0,1.0,2.0,2.0,1.0,2.0,9.0,8.0,9.0,8.0,2.0,8.0,3.0,3.0,4.0,4.0,4.0,4.0,3.0,5.0,3.0,5.0,2.0,,,,3.0,3.0,3.0,3.0,3.0,3.0,3.0,3.0,3.0,3.0,3.0,3.0,3.0,1.0,1.0,2.0,4.0,3.0,2.0,4.0,3.0,4.0,4.0,4.0,4.0,3.0,5.0,3.0,3.0,2.0,3.0,3.0,8.0,8.0,6.0,8.0,8.0,9.0,8.0,8.0,9.0,9.0,9.0,8.0,9.0,3.0,2.0,2.0,4.0,2.0,1.0,2.0
276071312,2.0,2.0,2.0,3.0,2.0,4.0,1.0,1.0,2.0,1.0,2.0,1.0,2.0,1.0,2.0,2.0,2.0,1.0,2.0,2.0,2.0,2.0,2.0,1.0,2.0,2.0,2.0,4.0,3.0,3.0,3.0,2.0,4.0,4.0,5.0,1.0,3.0,3.0,2.0,2.0,3.0,3.0,1.0,2.0,2.0,2.0,7.0,6.0,3.0,4.0,4.0,4.0,4.0,4.0,1.0,,2.0,3.0,2.0,3.0,3.0,3.0,3.0,,3.0,4.0,3.0,2.0,2.0,2.0,3.0,3.0,3.0,2.0,2.0,3.0,3.0,3.0,,3.0,0.0,1.0,0.0,0.0,0.0,0.0,0.0,0.0,0.0,0.0,0.0,7.0,3.0,5.0,3.0,3.0,,6.0,2.0,2.0,2.0,2.0,3.0,1.0,3.0,4.0,4.0,2.0,2.0,1.0,1.0,0.0,2.0,0.0,2.0,2.0,1.0,4.0,4.0,4.0,4.0,4.0,4.0,4.0,2.0,2.0,2.0,3.0,3.0,2.0,2.0,4.0,3.0,4.0,1.0,2.0,1.0,7.0,8.0,1.0,2.0,3.0,8.0,1.0,2.0,2.0,2.0,2.0,4.0,4.0,7.0,8.0,3.0,,2.0,6.0,3.0,4.0,2.0,3.0,2.0,10.0,5.0,7.0,8.0,10.0,8.0,6.0,1.0,2.0,2.0,1.0,6.0,1.0,3.0,2.0,3.0,3.0,3.0,2.0,5.0,4.0,2.0,4.0,5.0,2.0,4.0,1.0,2.0,2.0,2.0,2.0,1.0,2.0,2.0,2.0,1.0,2.0,2.0,2.0,1.0,1.0,1.0,3.0,,4.0,,2.0,4.0,4.0,1.0,2.0,1.0,,4.0,3.0,4.0,1.0,4.0,4.0,7.0,1.0,10.0,1.0,1.0,10.0,1.0,2.0,10.0,10.0,7.0,4.0,1.0,2.0,2.0,2.0,2.0,2.0,3.0
76071432,2.0,3.0,2.0,4.0,2.0,3.0,1.0,1.0,1.0,1.0,2.0,2.0,2.0,2.0,2.0,2.0,1.0,1.0,2.0,1.0,2.0,2.0,2.0,1.0,2.0,2.0,2.0,3.0,3.0,3.0,3.0,2.0,4.0,4.0,4.0,2.0,4.0,2.0,2.0,2.0,2.0,3.0,1.0,1.0,2.0,2.0,10.0,9.0,7.0,4.0,4.0,4.0,3.0,4.0,1.0,2.0,1.0,3.0,1.0,4.0,3.0,4.0,1.0,1.0,4.0,3.0,4.0,3.0,2.0,4.0,4.0,4.0,4.0,1.0,4.0,4.0,4.0,3.0,3.0,2.0,1.0,0.0,0.0,0.0,0.0,0.0,0.0,0.0,0.0,2.0,0.0,10.0,10.0,5.0,1.0,10.0,1.0,10.0,4.0,4.0,4.0,2.0,1.0,1.0,2.0,10.0,3.0,1.0,2.0,1.0,1.0,1.0,1.0,1.0,1.0,2.0,4.0,1.0,1.0,3.0,3.0,1.0,1.0,1.0,1.0,1.0,2.0,1.0,1.0,2.0,2.0,3.0,3.0,4.0,1.0,1.0,1.0,1.0,10.0,1.0,1.0,10.0,1.0,10.0,1.0,2.0,2.0,1.0,3.0,3.0,5.0,2.0,1.0,2.0,2.0,10.0,1.0,10.0,1.0,1.0,1.0,1.0,1.0,1.0,10.0,10.0,1.0,5.0,1.0,10.0,1.0,1.0,10.0,1.0,10.0,1.0,2.0,4.0,4.0,2.0,2.0,2.0,1.0,5.0,5.0,5.0,5.0,1.0,1.0,3.0,3.0,1.0,2.0,3.0,3.0,3.0,3.0,3.0,3.0,3.0,1.0,1.0,4.0,4.0,4.0,1.0,2.0,3.0,2.0,3.0,3.0,2.0,1.0,5.0,1.0,2.0,2.0,4.0,2.0,,1.0,10.0,1.0,10.0,10.0,10.0,10.0,10.0,10.0,1.0,1.0,1.0,2.0,1.0,2.0,2.0,2.0,3.0,3.0
20070522,1.0,2.0,2.0,3.0,1.0,2.0,2.0,1.0,2.0,1.0,2.0,1.0,2.0,1.0,2.0,1.0,2.0,2.0,2.0,2.0,2.0,2.0,2.0,1.0,2.0,2.0,2.0,3.0,4.0,4.0,4.0,2.0,5.0,3.0,5.0,2.0,4.0,3.0,2.0,3.0,3.0,2.0,2.0,3.0,2.0,2.0,7.0,7.0,7.0,4.0,4.0,4.0,4.0,4.0,2.0,1.0,1.0,2.0,2.0,3.0,2.0,2.0,2.0,,2.0,2.0,3.0,2.0,3.0,3.0,3.0,3.0,2.0,2.0,2.0,3.0,3.0,3.0,2.0,2.0,0.0,0.0,2.0,2.0,0.0,0.0,2.0,1.0,0.0,0.0,0.0,4.0,4.0,6.0,3.0,4.0,2.0,8.0,3.0,3.0,2.0,2.0,2.0,1.0,3.0,4.0,4.0,2.0,2.0,0.0,2.0,0.0,2.0,0.0,1.0,2.0,1.0,4.0,3.0,4.0,3.0,3.0,3.0,3.0,2.0,2.0,2.0,3.0,3.0,2.0,2.0,4.0,3.0,4.0,1.0,2.0,2.0,6.0,6.0,6.0,4.0,4.0,6.0,6.0,1.0,1.0,1.0,1.0,3.0,3.0,4.0,4.0,1.0,2.0,1.0,6.0,4.0,1.0,1.0,5.0,2.0,10.0,6.0,8.0,9.0,8.0,8.0,9.0,1.0,1.0,1.0,1.0,1.0,3.0,1.0,3.0,4.0,4.0,3.0,2.0,2.0,2.0,1.0,1.0,1.0,1.0,1.0,2.0,1.0,2.0,1.0,1.0,1.0,1.0,1.0,2.0,1.0,1.0,3.0,2.0,2.0,2.0,1.0,2.0,3.0,3.0,2.0,1.0,1.0,4.0,3.0,2.0,1.0,3.0,4.0,3.0,4.0,1.0,4.0,6.0,7.0,2.0,9.0,6.0,2.0,9.0,3.0,2.0,10.0,10.0,6.0,5.0,2.0,2.0,2.0,2.0,2.0,2.0,2.0
704070689,1.0,2.0,3.0,3.0,2.0,4.0,1.0,1.0,2.0,2.0,1.0,2.0,2.0,1.0,2.0,2.0,1.0,1.0,2.0,1.0,2.0,2.0,2.0,1.0,2.0,2.0,2.0,2.0,3.0,3.0,3.0,2.0,4.0,1.0,2.0,2.0,2.0,2.0,2.0,2.0,1.0,2.0,1.0,1.0,2.0,2.0,7.0,7.0,7.0,4.0,4.0,3.0,3.0,4.0,1.0,2.0,1.0,2.0,2.0,3.0,3.0,3.0,3.0,2.0,3.0,2.0,2.0,2.0,2.0,2.0,2.0,2.0,2.0,2.0,2.0,3.0,2.0,2.0,2.0,2.0,0.0,0.0,0.0,0.0,0.0,0.0,0.0,0.0,0.0,0.0,0.0,7.0,7.0,3.0,3.0,3.0,2.0,8.0,2.0,2.0,1.0,2.0,1.0,3.0,2.0,6.0,3.0,0.0,2.0,0.0,2.0,0.0,2.0,0.0,0.0,3.0,3.0,3.0,1.0,3.0,4.0,4.0,3.0,4.0,1.0,1.0,2.0,1.0,1.0,2.0,2.0,1.0,1.0,1.0,1.0,2.0,1.0,6.0,7.0,7.0,7.0,5.0,7.0,1.0,2.0,2.0,2.0,2.0,4.0,4.0,6.0,7.0,2.0,1.0,2.0,5.0,5.0,6.0,2.0,4.0,3.0,8.0,7.0,9.0,9.0,9.0,8.0,8.0,1.0,1.0,1.0,2.0,8.0,2.0,7.0,3.0,4.0,2.0,2.0,3.0,3.0,2.0,5.0,2.0,5.0,1.0,1.0,5.0,1.0,3.0,3.0,2.0,2.0,2.0,2.0,3.0,2.0,3.0,,,2.0,3.0,2.0,3.0,3.0,3.0,2.0,2.0,3.0,4.0,2.0,2.0,2.0,4.0,2.0,2.0,2.0,2.0,3.0,,6.0,5.0,6.0,7.0,5.0,8.0,9.0,5.0,9.0,8.0,5.0,7.0,2.0,2.0,1.0,2.0,2.0,3.0,3.0
410071020,2.0,2.0,2.0,2.0,1.0,3.0,1.0,1.0,1.0,2.0,2.0,2.0,1.0,1.0,2.0,2.0,2.0,1.0,2.0,1.0,2.0,1.0,2.0,2.0,2.0,2.0,1.0,2.0,1.0,1.0,1.0,2.0,2.0,3.0,2.0,5.0,2.0,2.0,1.0,2.0,2.0,2.0,2.0,2.0,2.0,2.0,8.0,6.0,5.0,4.0,4.0,4.0,4.0,4.0,1.0,2.0,1.0,2.0,2.0,3.0,3.0,3.0,3.0,4.0,3.0,3.0,2.0,3.0,3.0,3.0,3.0,4.0,3.0,3.0,2.0,3.0,3.0,2.0,2.0,2.0,1.0,2.0,0.0,0.0,0.0,0.0,0.0,1.0,0.0,0.0,0.0,7.0,3.0,6.0,4.0,7.0,1.0,8.0,3.0,3.0,2.0,3.0,3.0,4.0,1.0,8.0,4.0,2.0,1.0,2.0,2.0,1.0,1.0,1.0,1.0,3.0,1.0,4.0,4.0,4.0,4.0,4.0,4.0,4.0,2.0,2.0,2.0,1.0,4.0,2.0,2.0,3.0,4.0,4.0,1.0,2.0,1.0,9.0,8.0,2.0,9.0,3.0,9.0,5.0,1.0,2.0,2.0,2.0,4.0,4.0,5.0,5.0,2.0,1.0,2.0,3.0,5.0,3.0,1.0,1.0,1.0,1.0,1.0,3.0,5.0,4.0,1.0,1.0,1.0,2.0,1.0,1.0,1.0,2.0,1.0,1.0,3.0,3.0,2.0,2.0,2.0,1.0,2.0,1.0,3.0,2.0,2.0,2.0,1.0,2.0,2.0,1.0,2.0,2.0,3.0,3.0,2.0,2.0,2.0,2.0,1.0,1.0,2.0,3.0,2.0,4.0,3.0,2.0,3.0,3.0,2.0,2.0,2.0,,2.0,3.0,4.0,2.0,4.0,5.0,7.0,4.0,3.0,3.0,2.0,7.0,4.0,4.0,8.0,9.0,7.0,7.0,2.0,2.0,2.0,2.0,1.0,2.0,2.0
643071397,1.0,1.0,2.0,2.0,1.0,1.0,1.0,1.0,1.0,1.0,1.0,2.0,2.0,2.0,2.0,2.0,2.0,1.0,2.0,2.0,1.0,2.0,2.0,2.0,2.0,2.0,3.0,3.0,4.0,4.0,3.0,2.0,2.0,1.0,2.0,5.0,4.0,1.0,1.0,3.0,2.0,3.0,2.0,1.0,3.0,3.0,3.0,3.0,2.0,3.0,2.0,4.0,1.0,4.0,3.0,2.0,1.0,2.0,2.0,3.0,3.0,3.0,2.0,2.0,3.0,2.0,3.0,3.0,4.0,3.0,4.0,3.0,3.0,2.0,3.0,3.0,3.0,3.0,4.0,3.0,0.0,0.0,0.0,0.0,0.0,0.0,0.0,0.0,0.0,0.0,0.0,8.0,5.0,7.0,6.0,5.0,1.0,9.0,3.0,4.0,3.0,3.0,3.0,2.0,4.0,4.0,3.0,2.0,0.0,2.0,2.0,2.0,2.0,0.0,2.0,3.0,3.0,3.0,3.0,4.0,3.0,3.0,2.0,3.0,2.0,2.0,2.0,1.0,1.0,1.0,2.0,2.0,2.0,3.0,1.0,1.0,1.0,5.0,5.0,10.0,9.0,2.0,3.0,10.0,1.0,1.0,1.0,2.0,3.0,3.0,5.0,7.0,1.0,2.0,2.0,1.0,5.0,5.0,1.0,5.0,3.0,5.0,5.0,5.0,7.0,8.0,1.0,1.0,1.0,1.0,5.0,1.0,5.0,5.0,5.0,2.0,4.0,3.0,1.0,1.0,5.0,1.0,5.0,5.0,5.0,3.0,3.0,2.0,1.0,1.0,1.0,2.0,1.0,1.0,1.0,1.0,1.0,1.0,2.0,2.0,2.0,1.0,2.0,2.0,1.0,3.0,3.0,2.0,4.0,4.0,2.0,2.0,1.0,,4.0,4.0,4.0,3.0,3.0,5.0,7.0,6.0,10.0,10.0,1.0,10.0,2.0,6.0,10.0,8.0,5.0,7.0,2.0,1.0,1.0,1.0,1.0,4.0,3.0
484070796,1.0,2.0,1.0,1.0,2.0,1.0,1.0,2.0,2.0,2.0,1.0,2.0,2.0,2.0,1.0,2.0,1.0,1.0,2.0,2.0,2.0,2.0,2.0,1.0,2.0,2.0,1.0,2.0,4.0,3.0,2.0,3.0,4.0,4.0,3.0,1.0,3.0,4.0,2.0,2.0,3.0,1.0,2.0,3.0,2.0,2.0,7.0,6.0,8.0,3.0,4.0,4.0,3.0,4.0,3.0,1.0,1.0,2.0,2.0,3.0,2.0,1.0,2.0,3.0,1.0,1.0,2.0,2.0,2.0,1.0,3.0,2.0,3.0,2.0,1.0,1.0,2.0,3.0,3.0,2.0,1.0,0.0,0.0,0.0,0.0,0.0,0.0,0.0,0.0,0.0,0.0,8.0,7.0,6.0,8.0,7.0,2.0,8.0,3.0,4.0,3.0,3.0,4.0,3.0,5.0,7.0,3.0,2.0,0.0,1.0,0.0,0.0,2.0,1.0,0.0,2.0,2.0,1.0,1.0,2.0,1.0,1.0,1.0,2.0,1.0,1.0,2.0,2.0,1.0,1.0,1.0,1.0,1.0,1.0,1.0,2.0,1.0,8.0,7.0,7.0,6.0,4.0,5.0,8.0,1.0,1.0,1.0,1.0,3.0,4.0,2.0,2.0,1.0,2.0,1.0,8.0,7.0,7.0,4.0,2.0,3.0,4.0,2.0,7.0,9.0,8.0,8.0,8.0,1.0,1.0,1.0,3.0,4.0,9.0,8.0,3.0,4.0,3.0,2.0,2.0,2.0,1.0,1.0,4.0,4.0,4.0,3.0,4.0,3.0,2.0,3.0,2.0,1.0,2.0,2.0,3.0,1.0,3.0,3.0,3.0,2.0,2.0,3.0,4.0,3.0,3.0,2.0,4.0,4.0,3.0,3.0,2.0,2.0,3.0,3.0,3.0,4.0,3.0,4.0,9.0,7.0,8.0,4.0,4.0,3.0,4.0,4.0,9.0,7.0,8.0,8.0,7.0,2.0,1.0,1.0,1.0,1.0,3.0,4.0
704070277,1.0,2.0,3.0,3.0,1.0,1.0,1.0,1.0,2.0,1.0,1.0,2.0,2.0,2.0,2.0,2.0,1.0,1.0,1.0,1.0,1.0,1.0,1.0,1.0,1.0,1.0,2.0,2.0,3.0,3.0,3.0,3.0,4.0,2.0,4.0,2.0,4.0,2.0,2.0,2.0,2.0,3.0,1.0,1.0,2.0,3.0,8.0,7.0,7.0,4.0,2.0,4.0,4.0,4.0,1.0,2.0,1.0,2.0,2.0,4.0,4.0,4.0,1.0,2.0,2.0,2.0,2.0,2.0,2.0,2.0,2.0,2.0,2.0,2.0,2.0,2.0,2.0,2.0,2.0,2.0,2.0,0.0,0.0,0.0,0.0,0.0,0.0,0.0,0.0,0.0,2.0,10.0,5.0,5.0,5.0,5.0,1.0,3.0,2.0,2.0,2.0,2.0,2.0,2.0,4.0,3.0,3.0,0.0,2.0,0.0,0.0,0.0,2.0,0.0,0.0,2.0,2.0,3.0,2.0,4.0,4.0,4.0,4.0,4.0,1.0,1.0,2.0,1.0,2.0,2.0,2.0,1.0,1.0,1.0,1.0,1.0,1.0,7.0,5.0,5.0,5.0,1.0,7.0,10.0,1.0,1.0,1.0,1.0,3.0,2.0,2.0,2.0,1.0,1.0,2.0,5.0,6.0,1.0,1.0,1.0,1.0,10.0,1.0,1.0,1.0,1.0,1.0,1.0,1.0,6.0,6.0,6.0,6.0,6.0,1.0,4.0,4.0,1.0,2.0,3.0,1.0,1.0,4.0,1.0,4.0,1.0,1.0,1.0,1.0,3.0,3.0,3.0,1.0,3.0,3.0,3.0,3.0,3.0,,,2.0,2.0,2.0,4.0,4.0,4.0,4.0,2.0,3.0,4.0,1.0,1.0,2.0,1.0,1.0,2.0,3.0,2.0,2.0,,5.0,5.0,5.0,5.0,5.0,5.0,3.0,3.0,10.0,8.0,8.0,5.0,2.0,1.0,1.0,3.0,2.0,3.0,4.0
434070722,1.0,1.0,2.0,3.0,1.0,1.0,1.0,2.0,1.0,1.0,2.0,1.0,2.0,2.0,1.0,2.0,2.0,1.0,2.0,1.0,2.0,1.0,2.0,1.0,2.0,2.0,,3.0,2.0,3.0,3.0,2.0,3.0,1.0,3.0,5.0,2.0,1.0,1.0,2.0,3.0,3.0,1.0,1.0,2.0,2.0,7.0,6.0,5.0,4.0,4.0,3.0,3.0,4.0,2.0,2.0,1.0,1.0,1.0,3.0,3.0,3.0,2.0,2.0,4.0,3.0,3.0,2.0,2.0,4.0,4.0,4.0,3.0,2.0,4.0,4.0,2.0,,,,0.0,0.0,0.0,0.0,0.0,0.0,1.0,0.0,0.0,0.0,0.0,5.0,5.0,5.0,5.0,8.0,1.0,9.0,3.0,3.0,3.0,2.0,3.0,2.0,2.0,,1.0,0.0,0.0,2.0,0.0,2.0,0.0,2.0,2.0,3.0,1.0,3.0,3.0,4.0,4.0,4.0,3.0,4.0,2.0,2.0,2.0,4.0,3.0,2.0,2.0,4.0,3.0,3.0,1.0,2.0,1.0,8.0,6.0,4.0,5.0,3.0,7.0,10.0,1.0,1.0,1.0,1.0,2.0,1.0,1.0,1.0,1.0,1.0,1.0,8.0,1.0,2.0,1.0,4.0,2.0,1.0,1.0,1.0,3.0,1.0,1.0,1.0,1.0,3.0,1.0,1.0,1.0,1.0,3.0,2.0,3.0,2.0,3.0,2.0,5.0,3.0,5.0,5.0,5.0,3.0,1.0,3.0,3.0,3.0,3.0,3.0,2.0,3.0,3.0,2.0,2.0,3.0,3.0,3.0,2.0,2.0,,2.0,2.0,3.0,4.0,4.0,3.0,3.0,4.0,4.0,1.0,5.0,3.0,3.0,3.0,1.0,3.0,5.0,4.0,1.0,10.0,2.0,8.0,3.0,8.0,8.0,8.0,9.0,1.0,,4.0,2.0,1.0,1.0,1.0,2.0,2.0
410070389,1.0,1.0,1.0,2.0,2.0,2.0,1.0,2.0,1.0,1.0,1.0,2.0,1.0,2.0,2.0,2.0,2.0,1.0,2.0,1.0,2.0,1.0,2.0,2.0,2.0,2.0,2.0,4.0,2.0,3.0,2.0,2.0,2.0,3.0,3.0,2.0,3.0,2.0,3.0,2.0,2.0,3.0,1.0,2.0,2.0,2.0,8.0,9.0,8.0,4.0,3.0,4.0,4.0,4.0,2.0,2.0,2.0,1.0,2.0,1.0,2.0,2.0,2.0,1.0,1.0,2.0,1.0,2.0,2.0,1.0,2.0,2.0,1.0,2.0,1.0,2.0,2.0,1.0,2.0,2.0,0.0,0.0,0.0,0.0,0.0,0.0,0.0,0.0,0.0,0.0,0.0,8.0,7.0,8.0,7.0,8.0,1.0,6.0,2.0,1.0,2.0,1.0,2.0,2.0,2.0,9.0,4.0,0.0,2.0,0.0,0.0,0.0,0.0,0.0,0.0,1.0,1.0,2.0,2.0,3.0,4.0,3.0,4.0,3.0,2.0,2.0,2.0,2.0,2.0,2.0,2.0,1.0,2.0,2.0,2.0,2.0,1.0,7.0,8.0,8.0,8.0,7.0,8.0,9.0,1.0,2.0,2.0,2.0,2.0,2.0,7.0,3.0,1.0,1.0,2.0,5.0,7.0,3.0,2.0,2.0,2.0,2.0,2.0,2.0,2.0,2.0,2.0,2.0,2.0,2.0,2.0,2.0,2.0,3.0,2.0,3.0,3.0,2.0,2.0,2.0,4.0,1.0,3.0,2.0,4.0,1.0,3.0,2.0,2.0,3.0,3.0,3.0,1.0,2.0,2.0,2.0,3.0,3.0,3.0,3.0,2.0,2.0,2.0,3.0,1.0,2.0,1.0,2.0,2.0,2.0,2.0,2.0,1.0,,2.0,1.0,2.0,2.0,2.0,7.0,7.0,6.0,7.0,7.0,7.0,6.0,7.0,6.0,7.0,7.0,6.0,6.0,1.0,2.0,2.0,1.0,1.0,2.0,2.0
398071093,1.0,3.0,2.0,2.0,2.0,2.0,2.0,1.0,1.0,1.0,2.0,1.0,1.0,2.0,2.0,2.0,2.0,1.0,2.0,1.0,1.0,1.0,2.0,1.0,2.0,2.0,1.0,3.0,2.0,,2.0,2.0,1.0,1.0,1.0,5.0,2.0,1.0,1.0,2.0,2.0,1.0,1.0,1.0,1.0,2.0,8.0,8.0,5.0,3.0,4.0,3.0,2.0,3.0,2.0,2.0,1.0,1.0,1.0,4.0,2.0,2.0,1.0,1.0,2.0,2.0,4.0,3.0,3.0,2.0,2.0,2.0,2.0,2.0,4.0,3.0,4.0,3.0,1.0,1.0,0.0,0.0,0.0,0.0,1.0,0.0,0.0,0.0,0.0,0.0,0.0,1.0,10.0,1.0,10.0,1.0,1.0,9.0,3.0,3.0,3.0,4.0,2.0,2.0,3.0,10.0,2.0,1.0,1.0,2.0,2.0,2.0,2.0,1.0,2.0,2.0,2.0,4.0,4.0,,,4.0,3.0,4.0,1.0,1.0,2.0,1.0,1.0,2.0,2.0,3.0,1.0,,2.0,2.0,1.0,1.0,10.0,10.0,10.0,5.0,2.0,10.0,1.0,,,,2.0,2.0,5.0,6.0,1.0,1.0,2.0,1.0,1.0,1.0,1.0,5.0,1.0,1.0,1.0,3.0,3.0,3.0,1.0,3.0,1.0,1.0,1.0,1.0,1.0,1.0,10.0,2.0,2.0,2.0,3.0,3.0,5.0,4.0,5.0,2.0,2.0,2.0,2.0,2.0,3.0,3.0,3.0,3.0,1.0,1.0,3.0,3.0,,3.0,3.0,3.0,,1.0,3.0,,,3.0,,3.0,3.0,3.0,3.0,2.0,1.0,2.0,2.0,1.0,1.0,1.0,1.0,,10.0,5.0,10.0,7.0,5.0,10.0,10.0,6.0,10.0,10.0,4.0,3.0,2.0,1.0,1.0,1.0,1.0,3.0,3.0
218070025,1.0,3.0,1.0,4.0,3.0,1.0,1.0,1.0,2.0,1.0,2.0,1.0,2.0,2.0,1.0,2.0,2.0,1.0,2.0,2.0,2.0,2.0,2.0,1.0,2.0,2.0,2.0,3.0,4.0,4.0,4.0,4.0,4.0,3.0,5.0,4.0,1.0,1.0,1.0,2.0,4.0,2.0,1.0,1.0,1.0,1.0,9.0,10.0,8.0,4.0,2.0,4.0,2.0,4.0,2.0,2.0,1.0,1.0,2.0,2.0,2.0,2.0,1.0,2.0,2.0,2.0,2.0,2.0,2.0,2.0,2.0,4.0,4.0,2.0,3.0,3.0,3.0,2.0,2.0,3.0,2.0,1.0,0.0,1.0,0.0,0.0,0.0,0.0,0.0,0.0,0.0,1.0,5.0,1.0,5.0,5.0,1.0,10.0,3.0,3.0,3.0,2.0,2.0,3.0,4.0,1.0,2.0,1.0,2.0,1.0,1.0,2.0,2.0,2.0,0.0,3.0,2.0,3.0,4.0,4.0,4.0,4.0,4.0,4.0,2.0,1.0,2.0,3.0,2.0,1.0,2.0,1.0,1.0,1.0,1.0,1.0,1.0,5.0,5.0,10.0,9.0,5.0,2.0,10.0,1.0,1.0,1.0,1.0,1.0,3.0,1.0,1.0,2.0,,2.0,5.0,2.0,1.0,1.0,1.0,1.0,3.0,3.0,1.0,1.0,1.0,1.0,1.0,1.0,4.0,1.0,1.0,1.0,1.0,1.0,4.0,4.0,4.0,4.0,3.0,5.0,5.0,2.0,5.0,5.0,5.0,2.0,5.0,2.0,3.0,3.0,3.0,1.0,3.0,3.0,3.0,3.0,3.0,3.0,3.0,1.0,1.0,2.0,,4.0,,3.0,,4.0,4.0,1.0,1.0,1.0,,4.0,4.0,4.0,1.0,4.0,,7.0,5.0,10.0,3.0,7.0,5.0,1.0,1.0,10.0,10.0,8.0,7.0,4.0,1.0,2.0,2.0,3.0,3.0,3.0
400070939,1.0,1.0,2.0,1.0,4.0,1.0,1.0,2.0,2.0,1.0,2.0,1.0,2.0,1.0,2.0,2.0,1.0,1.0,2.0,1.0,2.0,1.0,2.0,1.0,1.0,2.0,1.0,3.0,3.0,4.0,2.0,3.0,1.0,1.0,2.0,,3.0,1.0,2.0,1.0,3.0,1.0,1.0,2.0,2.0,1.0,7.0,4.0,5.0,4.0,4.0,4.0,4.0,4.0,1.0,2.0,2.0,2.0,2.0,3.0,3.0,3.0,1.0,1.0,3.0,3.0,3.0,2.0,2.0,3.0,3.0,4.0,3.0,3.0,4.0,3.0,1.0,3.0,2.0,2.0,0.0,0.0,0.0,0.0,0.0,0.0,0.0,0.0,0.0,0.0,0.0,8.0,7.0,2.0,4.0,1.0,2.0,10.0,3.0,3.0,2.0,3.0,2.0,1.0,1.0,4.0,1.0,2.0,2.0,2.0,1.0,2.0,2.0,2.0,2.0,4.0,1.0,3.0,4.0,4.0,2.0,3.0,3.0,2.0,2.0,2.0,2.0,,1.0,2.0,2.0,1.0,1.0,1.0,2.0,2.0,1.0,9.0,7.0,5.0,6.0,2.0,7.0,10.0,1.0,1.0,1.0,1.0,1.0,2.0,1.0,4.0,2.0,2.0,1.0,6.0,5.0,,1.0,2.0,1.0,2.0,,1.0,9.0,1.0,1.0,2.0,1.0,2.0,2.0,1.0,,2.0,7.0,1.0,4.0,3.0,1.0,2.0,5.0,1.0,4.0,4.0,3.0,2.0,1.0,1.0,3.0,3.0,3.0,3.0,3.0,3.0,3.0,3.0,3.0,3.0,3.0,3.0,3.0,3.0,2.0,2.0,,3.0,2.0,2.0,3.0,4.0,3.0,3.0,2.0,2.0,2.0,1.0,2.0,1.0,2.0,,5.0,4.0,8.0,5.0,8.0,5.0,5.0,5.0,8.0,5.0,5.0,4.0,3.0,1.0,1.0,1.0,1.0,1.0,1.0
368070427,1.0,4.0,4.0,1.0,1.0,1.0,1.0,2.0,2.0,2.0,2.0,1.0,1.0,2.0,1.0,1.0,2.0,1.0,2.0,1.0,1.0,1.0,1.0,1.0,1.0,1.0,1.0,3.0,3.0,1.0,1.0,3.0,1.0,4.0,4.0,,1.0,1.0,3.0,1.0,1.0,1.0,1.0,1.0,3.0,4.0,1.0,1.0,1.0,2.0,1.0,4.0,4.0,3.0,3.0,2.0,3.0,1.0,1.0,1.0,4.0,4.0,1.0,1.0,1.0,4.0,1.0,1.0,1.0,4.0,4.0,1.0,1.0,1.0,1.0,1.0,1.0,1.0,1.0,1.0,0.0,0.0,0.0,0.0,0.0,0.0,0.0,0.0,0.0,0.0,0.0,10.0,1.0,10.0,1.0,10.0,1.0,10.0,4.0,4.0,4.0,4.0,,1.0,1.0,10.0,3.0,0.0,0.0,1.0,1.0,1.0,0.0,0.0,1.0,3.0,2.0,3.0,2.0,3.0,2.0,2.0,3.0,3.0,2.0,1.0,1.0,,1.0,2.0,2.0,1.0,1.0,1.0,2.0,2.0,1.0,10.0,10.0,1.0,10.0,1.0,10.0,,,,,,1.0,1.0,7.0,1.0,1.0,2.0,2.0,10.0,1.0,1.0,1.0,1.0,1.0,1.0,,1.0,5.0,,1.0,1.0,1.0,1.0,1.0,10.0,,1.0,6.0,1.0,1.0,1.0,3.0,3.0,5.0,1.0,5.0,5.0,5.0,5.0,5.0,1.0,3.0,3.0,3.0,3.0,3.0,3.0,3.0,3.0,3.0,3.0,3.0,3.0,3.0,1.0,4.0,4.0,,1.0,1.0,1.0,1.0,4.0,1.0,1.0,3.0,5.0,3.0,1.0,2.0,1.0,1.0,,9.0,10.0,10.0,10.0,10.0,9.0,10.0,10.0,6.0,5.0,5.0,1.0,4.0,1.0,1.0,1.0,1.0,1.0,1.0
124074937,1.0,1.0,1.0,2.0,2.0,4.0,1.0,2.0,2.0,1.0,1.0,1.0,2.0,1.0,2.0,2.0,2.0,1.0,2.0,2.0,2.0,2.0,2.0,2.0,2.0,2.0,3.0,3.0,4.0,4.0,4.0,3.0,5.0,4.0,5.0,2.0,4.0,2.0,3.0,2.0,4.0,1.0,2.0,2.0,2.0,4.0,8.0,7.0,9.0,4.0,3.0,2.0,4.0,4.0,1.0,1.0,1.0,1.0,1.0,2.0,1.0,1.0,4.0,2.0,1.0,2.0,2.0,2.0,2.0,3.0,3.0,3.0,3.0,2.0,1.0,3.0,3.0,2.0,2.0,2.0,0.0,1.0,1.0,0.0,0.0,0.0,1.0,0.0,0.0,1.0,0.0,3.0,9.0,5.0,5.0,5.0,1.0,5.0,2.0,3.0,2.0,2.0,2.0,1.0,2.0,6.0,4.0,1.0,1.0,0.0,2.0,0.0,2.0,0.0,0.0,1.0,1.0,3.0,3.0,4.0,4.0,4.0,4.0,4.0,1.0,1.0,2.0,2.0,4.0,2.0,2.0,4.0,4.0,4.0,2.0,2.0,1.0,5.0,8.0,1.0,1.0,1.0,9.0,1.0,2.0,2.0,2.0,2.0,4.0,4.0,7.0,8.0,2.0,2.0,1.0,9.0,1.0,1.0,1.0,1.0,1.0,10.0,6.0,10.0,10.0,10.0,4.0,9.0,1.0,1.0,2.0,1.0,9.0,1.0,2.0,3.0,4.0,3.0,1.0,1.0,4.0,2.0,2.0,4.0,2.0,1.0,2.0,2.0,1.0,1.0,1.0,2.0,2.0,1.0,1.0,1.0,1.0,1.0,2.0,2.0,2.0,1.0,2.0,4.0,3.0,3.0,2.0,2.0,2.0,4.0,1.0,3.0,1.0,2.0,4.0,2.0,4.0,1.0,4.0,3.0,7.0,1.0,10.0,7.0,1.0,10.0,3.0,9.0,10.0,10.0,9.0,7.0,2.0,4.0,3.0,3.0,3.0,3.0,1.0
32070522,1.0,1.0,2.0,2.0,2.0,3.0,1.0,1.0,2.0,2.0,2.0,1.0,2.0,2.0,2.0,2.0,1.0,1.0,2.0,2.0,2.0,1.0,2.0,2.0,2.0,2.0,1.0,1.0,2.0,4.0,3.0,3.0,4.0,2.0,4.0,2.0,4.0,2.0,2.0,2.0,2.0,1.0,1.0,1.0,2.0,1.0,8.0,8.0,8.0,4.0,4.0,3.0,4.0,4.0,2.0,2.0,1.0,2.0,3.0,2.0,3.0,2.0,3.0,3.0,2.0,2.0,2.0,3.0,4.0,3.0,2.0,2.0,3.0,2.0,2.0,2.0,3.0,2.0,3.0,1.0,0.0,2.0,0.0,0.0,0.0,0.0,0.0,0.0,0.0,0.0,0.0,8.0,9.0,3.0,8.0,2.0,2.0,10.0,3.0,2.0,2.0,2.0,2.0,1.0,,4.0,4.0,2.0,2.0,0.0,2.0,2.0,2.0,2.0,2.0,3.0,2.0,3.0,3.0,4.0,4.0,3.0,4.0,4.0,1.0,1.0,2.0,3.0,3.0,1.0,2.0,3.0,3.0,3.0,1.0,1.0,1.0,10.0,9.0,8.0,9.0,8.0,8.0,9.0,1.0,1.0,1.0,1.0,4.0,2.0,6.0,7.0,,1.0,1.0,7.0,5.0,4.0,5.0,3.0,4.0,6.0,4.0,1.0,8.0,7.0,1.0,1.0,1.0,1.0,2.0,1.0,2.0,2.0,2.0,4.0,4.0,4.0,4.0,2.0,4.0,4.0,3.0,2.0,5.0,4.0,5.0,2.0,2.0,2.0,2.0,2.0,2.0,1.0,2.0,2.0,2.0,2.0,2.0,2.0,1.0,1.0,1.0,4.0,2.0,3.0,2.0,1.0,2.0,2.0,2.0,2.0,3.0,1.0,1.0,1.0,4.0,2.0,2.0,,9.0,10.0,8.0,7.0,9.0,7.0,7.0,9.0,8.0,8.0,5.0,9.0,2.0,1.0,1.0,1.0,1.0,1.0,1.0
826070965,1.0,1.0,2.0,2.0,1.0,1.0,1.0,2.0,2.0,2.0,1.0,1.0,1.0,2.0,2.0,1.0,2.0,2.0,2.0,2.0,2.0,2.0,2.0,2.0,2.0,2.0,2.0,4.0,4.0,4.0,4.0,2.0,5.0,5.0,5.0,2.0,4.0,5.0,5.0,2.0,4.0,2.0,1.0,3.0,1.0,2.0,8.0,8.0,7.0,4.0,3.0,4.0,4.0,4.0,1.0,1.0,1.0,2.0,1.0,2.0,2.0,2.0,2.0,2.0,3.0,2.0,2.0,2.0,2.0,3.0,3.0,3.0,2.0,2.0,2.0,3.0,3.0,3.0,2.0,2.0,2.0,0.0,2.0,0.0,0.0,1.0,2.0,1.0,0.0,0.0,0.0,6.0,4.0,3.0,2.0,4.0,1.0,3.0,2.0,2.0,2.0,2.0,3.0,1.0,,4.0,4.0,2.0,2.0,0.0,2.0,1.0,1.0,0.0,1.0,2.0,1.0,3.0,3.0,4.0,4.0,3.0,4.0,4.0,,,,4.0,,,,3.0,3.0,4.0,1.0,2.0,,7.0,9.0,2.0,2.0,5.0,7.0,9.0,1.0,1.0,1.0,1.0,4.0,4.0,2.0,2.0,1.0,,,2.0,1.0,4.0,1.0,1.0,1.0,10.0,4.0,8.0,10.0,10.0,5.0,2.0,,1.0,1.0,1.0,5.0,1.0,1.0,3.0,4.0,4.0,2.0,2.0,2.0,1.0,1.0,4.0,4.0,1.0,4.0,2.0,1.0,3.0,2.0,1.0,1.0,1.0,3.0,1.0,3.0,1.0,3.0,3.0,1.0,1.0,1.0,4.0,2.0,4.0,2.0,1.0,4.0,4.0,1.0,1.0,1.0,2.0,4.0,3.0,4.0,1.0,4.0,4.0,7.0,1.0,10.0,8.0,1.0,10.0,2.0,1.0,10.0,10.0,7.0,7.0,2.0,2.0,2.0,2.0,2.0,3.0,3.0
196070370,1.0,3.0,1.0,2.0,1.0,1.0,1.0,1.0,2.0,1.0,2.0,1.0,2.0,1.0,2.0,2.0,2.0,,2.0,2.0,2.0,2.0,2.0,2.0,2.0,2.0,1.0,2.0,4.0,4.0,4.0,3.0,5.0,1.0,4.0,3.0,3.0,3.0,3.0,2.0,2.0,3.0,1.0,1.0,2.0,2.0,10.0,8.0,5.0,4.0,4.0,4.0,4.0,4.0,2.0,2.0,1.0,3.0,2.0,4.0,4.0,4.0,3.0,3.0,3.0,3.0,3.0,3.0,3.0,3.0,4.0,3.0,4.0,,,,4.0,,,,0.0,0.0,0.0,0.0,0.0,0.0,0.0,0.0,0.0,0.0,0.0,10.0,5.0,1.0,1.0,10.0,2.0,10.0,2.0,2.0,2.0,2.0,2.0,1.0,4.0,10.0,3.0,1.0,1.0,2.0,2.0,2.0,2.0,2.0,2.0,3.0,3.0,3.0,4.0,4.0,4.0,4.0,4.0,4.0,2.0,2.0,2.0,4.0,4.0,2.0,2.0,2.0,2.0,4.0,1.0,1.0,1.0,5.0,5.0,5.0,10.0,1.0,1.0,10.0,1.0,,,,,1.0,4.0,3.0,1.0,2.0,2.0,10.0,1.0,1.0,1.0,1.0,1.0,1.0,1.0,1.0,,10.0,1.0,1.0,1.0,1.0,1.0,1.0,1.0,1.0,1.0,4.0,4.0,4.0,2.0,2.0,5.0,1.0,1.0,1.0,1.0,1.0,1.0,1.0,1.0,3.0,1.0,1.0,1.0,3.0,3.0,1.0,3.0,3.0,3.0,1.0,1.0,1.0,1.0,3.0,3.0,3.0,2.0,3.0,4.0,4.0,3.0,1.0,1.0,4.0,4.0,4.0,4.0,1.0,4.0,10.0,1.0,1.0,10.0,10.0,1.0,1.0,1.0,1.0,10.0,10.0,10.0,10.0,2.0,1.0,1.0,1.0,1.0,1.0,1.0
554070949,2.0,2.0,1.0,2.0,1.0,4.0,2.0,1.0,2.0,2.0,1.0,1.0,1.0,1.0,2.0,2.0,2.0,1.0,2.0,2.0,2.0,2.0,2.0,1.0,2.0,2.0,3.0,4.0,3.0,4.0,3.0,3.0,4.0,1.0,3.0,5.0,5.0,5.0,1.0,2.0,1.0,3.0,1.0,1.0,1.0,1.0,9.0,10.0,8.0,4.0,4.0,4.0,4.0,4.0,1.0,2.0,2.0,2.0,2.0,2.0,3.0,,4.0,2.0,2.0,3.0,4.0,2.0,2.0,4.0,3.0,3.0,3.0,2.0,3.0,3.0,2.0,2.0,,,,,,,2.0,,,,,,,3.0,1.0,3.0,2.0,3.0,1.0,8.0,,2.0,2.0,,,1.0,3.0,5.0,4.0,2.0,2.0,1.0,1.0,1.0,1.0,1.0,2.0,3.0,2.0,3.0,4.0,4.0,4.0,4.0,4.0,4.0,1.0,2.0,2.0,,,2.0,2.0,3.0,2.0,4.0,1.0,2.0,,7.0,9.0,4.0,7.0,3.0,9.0,1.0,2.0,2.0,2.0,2.0,4.0,4.0,7.0,8.0,2.0,2.0,2.0,4.0,1.0,1.0,1.0,1.0,1.0,,1.0,7.0,10.0,10.0,1.0,3.0,1.0,1.0,1.0,1.0,1.0,1.0,1.0,2.0,4.0,4.0,1.0,1.0,2.0,2.0,2.0,5.0,1.0,1.0,5.0,2.0,2.0,3.0,3.0,3.0,1.0,1.0,1.0,1.0,1.0,1.0,2.0,3.0,1.0,1.0,1.0,,4.0,,2.0,1.0,4.0,4.0,1.0,1.0,1.0,3.0,3.0,4.0,4.0,1.0,4.0,10.0,5.0,1.0,10.0,8.0,1.0,9.0,1.0,1.0,10.0,10.0,7.0,3.0,1.0,1.0,2.0,2.0,2.0,3.0,3.0
818071152,1.0,3.0,3.0,4.0,2.0,1.0,1.0,2.0,1.0,2.0,2.0,1.0,1.0,2.0,1.0,2.0,2.0,2.0,1.0,2.0,2.0,2.0,1.0,2.0,,2.0,1.0,1.0,1.0,4.0,1.0,1.0,1.0,1.0,1.0,,1.0,1.0,1.0,3.0,1.0,3.0,1.0,2.0,2.0,2.0,5.0,5.0,5.0,4.0,3.0,2.0,3.0,4.0,3.0,2.0,1.0,4.0,2.0,4.0,3.0,4.0,1.0,,4.0,2.0,,,,,,,3.0,,,,,,,,0.0,0.0,0.0,0.0,0.0,0.0,0.0,0.0,0.0,0.0,0.0,9.0,7.0,1.0,1.0,1.0,2.0,6.0,,,,,,,2.0,7.0,,,,,,,,,,2.0,3.0,3.0,4.0,,4.0,4.0,2.0,,2.0,2.0,,1.0,1.0,1.0,2.0,,,,2.0,2.0,2.0,,,10.0,8.0,8.0,5.0,10.0,,1.0,1.0,1.0,1.0,,7.0,1.0,1.0,1.0,1.0,1.0,1.0,1.0,1.0,1.0,1.0,,,1.0,6.0,,1.0,1.0,5.0,1.0,1.0,1.0,,1.0,5.0,,,,4.0,3.0,5.0,1.0,5.0,5.0,5.0,5.0,5.0,5.0,3.0,3.0,3.0,3.0,3.0,3.0,3.0,3.0,,,,,3.0,3.0,,,,,,,,,,,,,,,,,,,,,,,,,,,,,,,,1.0,1.0,1.0,1.0,,
818070078,1.0,3.0,3.0,2.0,2.0,1.0,1.0,2.0,2.0,1.0,2.0,1.0,2.0,2.0,1.0,1.0,2.0,1.0,2.0,1.0,2.0,1.0,1.0,1.0,,2.0,1.0,1.0,1.0,3.0,1.0,1.0,1.0,1.0,1.0,,2.0,1.0,2.0,1.0,1.0,3.0,3.0,1.0,2.0,4.0,4.0,5.0,5.0,3.0,4.0,4.0,4.0,4.0,3.0,2.0,1.0,2.0,2.0,3.0,2.0,4.0,1.0,,4.0,2.0,3.0,,,,,3.0,3.0,3.0,,3.0,1.0,,3.0,3.0,0.0,0.0,0.0,0.0,0.0,0.0,0.0,0.0,0.0,0.0,0.0,10.0,10.0,4.0,1.0,8.0,2.0,10.0,,,,,,,2.0,10.0,2.0,0.0,2.0,0.0,0.0,0.0,0.0,2.0,2.0,2.0,1.0,3.0,2.0,,2.0,2.0,2.0,,1.0,1.0,,4.0,3.0,2.0,2.0,,,,2.0,2.0,1.0,7.0,10.0,8.0,8.0,8.0,5.0,10.0,,1.0,1.0,1.0,1.0,,2.0,1.0,2.0,2.0,2.0,1.0,1.0,4.0,1.0,1.0,1.0,,,1.0,4.0,,1.0,1.0,1.0,6.0,1.0,1.0,,1.0,7.0,,,,2.0,2.0,5.0,1.0,5.0,5.0,5.0,5.0,5.0,2.0,3.0,3.0,3.0,3.0,3.0,2.0,3.0,1.0,,,,,1.0,1.0,1.0,4.0,,4.0,2.0,1.0,4.0,4.0,4.0,2.0,1.0,2.0,2.0,3.0,,1.0,3.0,,10.0,8.0,10.0,8.0,,10.0,7.0,7.0,5.0,10.0,7.0,,2.0,1.0,1.0,1.0,1.0,1.0,1.0
804070877,2.0,2.0,4.0,4.0,1.0,2.0,1.0,1.0,1.0,1.0,2.0,2.0,1.0,2.0,2.0,2.0,2.0,1.0,2.0,,2.0,2.0,2.0,1.0,2.0,2.0,2.0,3.0,2.0,2.0,2.0,2.0,1.0,1.0,4.0,5.0,3.0,1.0,4.0,4.0,3.0,3.0,1.0,1.0,,3.0,4.0,6.0,5.0,4.0,4.0,4.0,4.0,4.0,2.0,1.0,1.0,2.0,2.0,4.0,,3.0,2.0,3.0,3.0,4.0,3.0,2.0,4.0,4.0,4.0,4.0,2.0,2.0,3.0,2.0,3.0,3.0,,2.0,0.0,0.0,0.0,0.0,0.0,0.0,0.0,0.0,0.0,0.0,0.0,2.0,8.0,4.0,9.0,5.0,2.0,10.0,3.0,2.0,2.0,3.0,3.0,2.0,4.0,4.0,3.0,2.0,0.0,2.0,2.0,2.0,2.0,1.0,2.0,2.0,2.0,4.0,4.0,4.0,4.0,3.0,4.0,4.0,1.0,1.0,2.0,3.0,4.0,2.0,2.0,1.0,1.0,1.0,,2.0,2.0,6.0,6.0,3.0,7.0,3.0,6.0,8.0,1.0,1.0,2.0,2.0,3.0,3.0,4.0,4.0,1.0,2.0,2.0,7.0,6.0,4.0,1.0,6.0,6.0,3.0,6.0,9.0,10.0,10.0,4.0,7.0,1.0,,1.0,1.0,1.0,1.0,7.0,1.0,2.0,3.0,3.0,2.0,5.0,1.0,2.0,5.0,5.0,,,2.0,3.0,3.0,3.0,3.0,3.0,3.0,3.0,3.0,3.0,3.0,3.0,3.0,2.0,1.0,2.0,3.0,3.0,3.0,2.0,1.0,2.0,4.0,4.0,3.0,2.0,5.0,1.0,,2.0,2.0,,5.0,7.0,9.0,10.0,10.0,8.0,8.0,8.0,8.0,7.0,10.0,7.0,2.0,4.0,2.0,2.0,1.0,2.0,3.0,3.0
360070988,1.0,1.0,1.0,2.0,1.0,1.0,1.0,1.0,2.0,1.0,2.0,1.0,2.0,2.0,1.0,2.0,2.0,1.0,2.0,1.0,2.0,1.0,2.0,1.0,1.0,2.0,1.0,2.0,2.0,3.0,3.0,2.0,1.0,1.0,1.0,5.0,2.0,2.0,1.0,2.0,4.0,1.0,1.0,1.0,2.0,3.0,3.0,5.0,5.0,3.0,4.0,4.0,4.0,4.0,1.0,2.0,1.0,2.0,2.0,3.0,4.0,4.0,1.0,2.0,2.0,2.0,3.0,2.0,2.0,2.0,2.0,2.0,2.0,2.0,2.0,2.0,2.0,2.0,2.0,2.0,0.0,0.0,0.0,0.0,0.0,0.0,0.0,0.0,0.0,0.0,0.0,6.0,6.0,3.0,4.0,5.0,1.0,9.0,3.0,3.0,3.0,3.0,3.0,2.0,2.0,7.0,2.0,2.0,0.0,2.0,2.0,2.0,2.0,2.0,2.0,3.0,1.0,3.0,3.0,4.0,4.0,4.0,3.0,4.0,1.0,1.0,2.0,3.0,,2.0,2.0,1.0,1.0,1.0,2.0,2.0,1.0,5.0,6.0,4.0,7.0,5.0,6.0,10.0,1.0,1.0,2.0,2.0,1.0,1.0,1.0,1.0,1.0,1.0,1.0,4.0,2.0,1.0,1.0,1.0,1.0,1.0,1.0,1.0,3.0,1.0,1.0,1.0,1.0,1.0,1.0,1.0,1.0,1.0,1.0,2.0,2.0,2.0,3.0,3.0,5.0,1.0,5.0,1.0,5.0,1.0,1.0,4.0,2.0,3.0,2.0,3.0,3.0,3.0,3.0,3.0,3.0,3.0,3.0,3.0,1.0,3.0,2.0,2.0,2.0,1.0,2.0,2.0,1.0,2.0,2.0,2.0,1.0,2.0,1.0,2.0,2.0,2.0,1.0,,10.0,7.0,7.0,3.0,9.0,8.0,7.0,8.0,8.0,8.0,7.0,4.0,2.0,2.0,3.0,3.0,3.0,3.0,3.0
586071338,1.0,2.0,3.0,4.0,1.0,1.0,1.0,2.0,2.0,2.0,2.0,2.0,2.0,2.0,2.0,2.0,2.0,2.0,2.0,2.0,2.0,1.0,2.0,2.0,2.0,2.0,1.0,1.0,1.0,1.0,1.0,1.0,1.0,1.0,1.0,1.0,1.0,1.0,1.0,1.0,1.0,1.0,1.0,1.0,2.0,2.0,6.0,7.0,7.0,2.0,4.0,4.0,4.0,4.0,2.0,2.0,1.0,1.0,1.0,2.0,4.0,,1.0,1.0,2.0,2.0,4.0,3.0,3.0,3.0,3.0,3.0,3.0,1.0,3.0,,1.0,2.0,2.0,2.0,0.0,0.0,0.0,0.0,0.0,0.0,0.0,0.0,0.0,0.0,0.0,5.0,6.0,5.0,7.0,6.0,1.0,6.0,,,,,,,3.0,6.0,2.0,,,,,,,,,,2.0,4.0,4.0,4.0,4.0,4.0,4.0,4.0,1.0,2.0,2.0,1.0,1.0,2.0,2.0,,,,1.0,1.0,,8.0,7.0,6.0,6.0,8.0,8.0,8.0,1.0,1.0,1.0,1.0,1.0,2.0,4.0,2.0,1.0,1.0,1.0,4.0,1.0,1.0,1.0,1.0,1.0,1.0,1.0,1.0,1.0,1.0,1.0,1.0,1.0,1.0,1.0,1.0,1.0,1.0,5.0,,,,4.0,3.0,4.0,2.0,5.0,1.0,1.0,1.0,1.0,1.0,3.0,3.0,3.0,3.0,3.0,3.0,3.0,3.0,,,,,,,4.0,4.0,,,,,,,,,,,2.0,2.0,2.0,2.0,1.0,,5.0,6.0,8.0,6.0,8.0,8.0,7.0,6.0,7.0,8.0,7.0,3.0,4.0,1.0,2.0,2.0,2.0,2.0,3.0
764070759,2.0,2.0,2.0,2.0,2.0,2.0,1.0,1.0,1.0,2.0,2.0,1.0,1.0,2.0,2.0,2.0,2.0,2.0,2.0,1.0,1.0,1.0,2.0,2.0,2.0,1.0,2.0,2.0,1.0,2.0,2.0,1.0,1.0,1.0,1.0,3.0,3.0,3.0,3.0,2.0,2.0,2.0,2.0,2.0,2.0,1.0,5.0,9.0,9.0,4.0,4.0,3.0,4.0,4.0,1.0,2.0,2.0,2.0,2.0,1.0,2.0,2.0,3.0,2.0,2.0,2.0,3.0,3.0,3.0,2.0,3.0,3.0,2.0,2.0,2.0,1.0,1.0,1.0,1.0,2.0,1.0,1.0,1.0,1.0,2.0,1.0,1.0,1.0,1.0,1.0,2.0,6.0,6.0,6.0,8.0,6.0,1.0,7.0,2.0,2.0,3.0,2.0,2.0,1.0,4.0,5.0,1.0,0.0,2.0,1.0,0.0,1.0,0.0,0.0,2.0,3.0,1.0,4.0,4.0,4.0,4.0,3.0,3.0,4.0,2.0,1.0,1.0,1.0,1.0,2.0,2.0,4.0,4.0,4.0,2.0,2.0,2.0,7.0,4.0,6.0,4.0,4.0,6.0,1.0,2.0,2.0,1.0,1.0,4.0,2.0,2.0,2.0,2.0,2.0,2.0,2.0,1.0,1.0,1.0,1.0,1.0,2.0,2.0,2.0,2.0,2.0,2.0,2.0,2.0,1.0,1.0,1.0,3.0,1.0,1.0,1.0,1.0,1.0,1.0,1.0,2.0,2.0,2.0,1.0,1.0,1.0,1.0,1.0,3.0,3.0,3.0,3.0,3.0,3.0,3.0,3.0,2.0,3.0,3.0,2.0,2.0,2.0,2.0,2.0,2.0,2.0,2.0,1.0,2.0,2.0,2.0,1.0,1.0,,1.0,4.0,3.0,1.0,3.0,5.0,2.0,2.0,2.0,3.0,3.0,3.0,2.0,2.0,10.0,10.0,9.0,8.0,3.0,3.0,2.0,2.0,3.0,3.0,2.0
276071418,1.0,1.0,2.0,2.0,2.0,1.0,2.0,2.0,2.0,1.0,1.0,1.0,2.0,1.0,2.0,1.0,2.0,2.0,2.0,2.0,2.0,2.0,2.0,1.0,2.0,2.0,3.0,2.0,4.0,4.0,4.0,2.0,4.0,4.0,4.0,3.0,4.0,4.0,5.0,3.0,4.0,1.0,,3.0,2.0,2.0,4.0,8.0,5.0,4.0,4.0,4.0,4.0,4.0,2.0,1.0,1.0,2.0,2.0,3.0,3.0,2.0,2.0,4.0,3.0,3.0,2.0,3.0,2.0,3.0,3.0,3.0,3.0,2.0,2.0,4.0,4.0,1.0,2.0,1.0,1.0,0.0,0.0,0.0,0.0,0.0,,0.0,0.0,0.0,0.0,1.0,10.0,1.0,7.0,8.0,1.0,5.0,2.0,3.0,2.0,2.0,2.0,1.0,5.0,1.0,3.0,2.0,2.0,0.0,2.0,2.0,2.0,0.0,0.0,2.0,1.0,4.0,3.0,4.0,3.0,4.0,4.0,4.0,1.0,2.0,2.0,3.0,2.0,2.0,2.0,4.0,3.0,3.0,1.0,2.0,2.0,5.0,5.0,4.0,1.0,1.0,8.0,8.0,1.0,,2.0,,4.0,4.0,2.0,4.0,1.0,2.0,2.0,8.0,1.0,4.0,1.0,1.0,1.0,10.0,8.0,5.0,10.0,10.0,10.0,5.0,1.0,1.0,1.0,1.0,5.0,1.0,1.0,2.0,4.0,4.0,1.0,2.0,5.0,1.0,2.0,1.0,2.0,1.0,1.0,1.0,1.0,2.0,1.0,2.0,1.0,1.0,1.0,1.0,1.0,1.0,3.0,2.0,,,1.0,3.0,4.0,4.0,3.0,1.0,4.0,4.0,1.0,2.0,1.0,,4.0,4.0,4.0,1.0,4.0,5.0,7.0,1.0,10.0,10.0,1.0,8.0,7.0,1.0,10.0,10.0,8.0,6.0,2.0,,2.0,2.0,2.0,2.0,2.0
104070601,1.0,3.0,1.0,1.0,1.0,1.0,1.0,2.0,1.0,2.0,2.0,2.0,2.0,1.0,1.0,2.0,1.0,1.0,1.0,1.0,1.0,1.0,1.0,1.0,1.0,1.0,1.0,1.0,1.0,1.0,1.0,1.0,1.0,1.0,4.0,5.0,5.0,5.0,5.0,5.0,1.0,1.0,1.0,1.0,1.0,1.0,10.0,10.0,10.0,4.0,4.0,2.0,4.0,4.0,1.0,2.0,1.0,4.0,4.0,4.0,4.0,4.0,2.0,2.0,2.0,2.0,2.0,2.0,2.0,2.0,2.0,2.0,2.0,2.0,2.0,2.0,2.0,4.0,2.0,2.0,1.0,2.0,2.0,2.0,1.0,1.0,0.0,1.0,0.0,0.0,0.0,1.0,10.0,1.0,1.0,1.0,2.0,1.0,1.0,2.0,1.0,2.0,2.0,1.0,5.0,10.0,2.0,0.0,0.0,0.0,0.0,0.0,0.0,2.0,0.0,4.0,2.0,4.0,4.0,3.0,3.0,3.0,4.0,4.0,2.0,2.0,2.0,3.0,1.0,2.0,2.0,3.0,1.0,1.0,1.0,2.0,1.0,7.0,10.0,8.0,6.0,10.0,5.0,10.0,1.0,1.0,1.0,1.0,1.0,1.0,4.0,1.0,1.0,1.0,2.0,4.0,5.0,5.0,5.0,5.0,8.0,5.0,5.0,5.0,5.0,5.0,5.0,5.0,5.0,9.0,5.0,5.0,5.0,5.0,5.0,1.0,1.0,3.0,1.0,2.0,4.0,1.0,5.0,1.0,5.0,3.0,2.0,3.0,3.0,3.0,3.0,3.0,3.0,3.0,,3.0,3.0,,,,1.0,2.0,1.0,3.0,4.0,4.0,3.0,2.0,1.0,4.0,1.0,2.0,1.0,5.0,1.0,3.0,1.0,1.0,1.0,,10.0,10.0,10.0,5.0,10.0,10.0,10.0,10.0,9.0,10.0,10.0,10.0,1.0,1.0,2.0,1.0,2.0,3.0,1.0
76071299,1.0,1.0,2.0,3.0,2.0,2.0,2.0,1.0,1.0,1.0,2.0,1.0,2.0,2.0,2.0,1.0,2.0,2.0,2.0,2.0,2.0,2.0,2.0,2.0,2.0,1.0,2.0,4.0,2.0,4.0,3.0,1.0,3.0,3.0,3.0,2.0,2.0,3.0,3.0,2.0,2.0,1.0,2.0,1.0,2.0,2.0,2.0,8.0,7.0,2.0,2.0,2.0,4.0,2.0,1.0,2.0,2.0,3.0,2.0,2.0,3.0,3.0,2.0,1.0,2.0,2.0,1.0,2.0,2.0,2.0,4.0,3.0,3.0,2.0,2.0,3.0,2.0,2.0,2.0,2.0,1.0,1.0,0.0,0.0,0.0,,0.0,0.0,0.0,0.0,0.0,4.0,4.0,3.0,4.0,4.0,2.0,6.0,3.0,3.0,2.0,3.0,3.0,3.0,3.0,8.0,3.0,1.0,2.0,2.0,2.0,2.0,2.0,0.0,0.0,3.0,2.0,1.0,1.0,1.0,3.0,1.0,1.0,4.0,1.0,1.0,1.0,3.0,1.0,2.0,2.0,3.0,3.0,3.0,2.0,1.0,1.0,9.0,7.0,9.0,4.0,9.0,4.0,5.0,1.0,1.0,1.0,1.0,2.0,2.0,3.0,2.0,1.0,2.0,2.0,4.0,5.0,8.0,3.0,5.0,3.0,3.0,5.0,5.0,7.0,8.0,4.0,3.0,4.0,2.0,5.0,3.0,4.0,3.0,3.0,2.0,4.0,4.0,4.0,3.0,2.0,2.0,5.0,1.0,2.0,1.0,1.0,1.0,1.0,3.0,3.0,1.0,2.0,2.0,,3.0,2.0,3.0,2.0,2.0,2.0,2.0,3.0,,2.0,1.0,1.0,4.0,2.0,2.0,2.0,3.0,2.0,3.0,3.0,2.0,,,3.0,4.0,5.0,4.0,3.0,5.0,3.0,3.0,5.0,7.0,7.0,3.0,5.0,8.0,4.0,2.0,2.0,3.0,2.0,2.0,2.0
792071661,1.0,2.0,1.0,2.0,2.0,1.0,1.0,2.0,2.0,1.0,1.0,2.0,1.0,1.0,1.0,2.0,1.0,1.0,2.0,2.0,1.0,1.0,1.0,1.0,1.0,2.0,2.0,1.0,2.0,1.0,2.0,1.0,2.0,1.0,2.0,1.0,2.0,2.0,1.0,2.0,1.0,2.0,1.0,1.0,2.0,2.0,8.0,7.0,7.0,2.0,1.0,1.0,2.0,1.0,3.0,2.0,3.0,2.0,1.0,1.0,3.0,3.0,3.0,2.0,3.0,3.0,4.0,3.0,3.0,4.0,4.0,3.0,3.0,2.0,3.0,4.0,4.0,3.0,2.0,4.0,0.0,0.0,0.0,0.0,0.0,0.0,0.0,0.0,0.0,0.0,0.0,7.0,6.0,7.0,7.0,7.0,1.0,6.0,2.0,2.0,3.0,2.0,2.0,2.0,5.0,9.0,2.0,2.0,1.0,2.0,2.0,1.0,2.0,2.0,1.0,3.0,2.0,3.0,1.0,2.0,2.0,3.0,3.0,1.0,,1.0,,3.0,2.0,2.0,2.0,2.0,2.0,3.0,2.0,2.0,1.0,6.0,8.0,4.0,4.0,6.0,8.0,7.0,1.0,1.0,1.0,1.0,2.0,1.0,2.0,3.0,1.0,2.0,1.0,8.0,2.0,1.0,1.0,1.0,2.0,2.0,1.0,1.0,2.0,1.0,2.0,2.0,1.0,1.0,1.0,,1.0,,1.0,2.0,1.0,2.0,2.0,2.0,2.0,1.0,1.0,2.0,2.0,1.0,1.0,1.0,1.0,1.0,1.0,2.0,1.0,2.0,1.0,2.0,1.0,2.0,1.0,1.0,2.0,2.0,2.0,1.0,2.0,1.0,2.0,2.0,2.0,1.0,2.0,1.0,1.0,,2.0,3.0,,2.0,2.0,7.0,7.0,8.0,8.0,8.0,,5.0,6.0,7.0,8.0,6.0,7.0,7.0,1.0,2.0,2.0,2.0,3.0,3.0,3.0
604070428,1.0,1.0,1.0,1.0,1.0,1.0,1.0,1.0,2.0,2.0,2.0,2.0,2.0,2.0,2.0,2.0,1.0,1.0,2.0,1.0,2.0,2.0,2.0,1.0,2.0,2.0,1.0,2.0,2.0,2.0,2.0,2.0,2.0,2.0,2.0,2.0,2.0,2.0,2.0,2.0,2.0,3.0,1.0,1.0,1.0,2.0,10.0,1.0,10.0,2.0,2.0,1.0,2.0,3.0,2.0,2.0,1.0,3.0,3.0,3.0,3.0,3.0,1.0,1.0,1.0,1.0,1.0,1.0,1.0,1.0,1.0,1.0,1.0,1.0,1.0,1.0,1.0,1.0,1.0,1.0,0.0,0.0,0.0,0.0,0.0,0.0,0.0,0.0,0.0,0.0,0.0,1.0,10.0,1.0,10.0,1.0,1.0,10.0,4.0,4.0,4.0,4.0,4.0,2.0,5.0,10.0,1.0,2.0,2.0,2.0,2.0,2.0,2.0,2.0,0.0,1.0,3.0,2.0,1.0,3.0,3.0,3.0,3.0,1.0,1.0,1.0,2.0,1.0,1.0,2.0,2.0,3.0,3.0,4.0,1.0,1.0,1.0,10.0,1.0,10.0,10.0,10.0,1.0,10.0,1.0,1.0,2.0,1.0,2.0,1.0,2.0,8.0,2.0,2.0,2.0,1.0,10.0,10.0,1.0,10.0,10.0,10.0,10.0,10.0,10.0,10.0,10.0,10.0,10.0,10.0,10.0,1.0,10.0,10.0,10.0,1.0,1.0,2.0,2.0,3.0,1.0,1.0,1.0,1.0,1.0,1.0,1.0,2.0,3.0,3.0,3.0,3.0,3.0,3.0,2.0,3.0,2.0,2.0,2.0,2.0,,,2.0,2.0,2.0,2.0,2.0,2.0,2.0,2.0,2.0,2.0,1.0,1.0,2.0,2.0,2.0,2.0,2.0,,10.0,10.0,9.0,10.0,8.0,10.0,10.0,10.0,10.0,10.0,10.0,10.0,1.0,1.0,1.0,2.0,2.0,2.0,2.0
788070106,1.0,1.0,1.0,1.0,1.0,1.0,1.0,1.0,2.0,2.0,2.0,2.0,2.0,2.0,2.0,2.0,2.0,1.0,2.0,2.0,2.0,2.0,2.0,2.0,2.0,2.0,1.0,3.0,3.0,4.0,3.0,3.0,3.0,4.0,3.0,,4.0,1.0,3.0,2.0,3.0,3.0,1.0,1.0,3.0,2.0,5.0,5.0,4.0,4.0,4.0,4.0,4.0,4.0,2.0,2.0,1.0,3.0,4.0,4.0,4.0,4.0,3.0,2.0,3.0,3.0,3.0,3.0,3.0,3.0,4.0,4.0,4.0,4.0,4.0,4.0,4.0,4.0,4.0,4.0,0.0,0.0,0.0,0.0,0.0,0.0,0.0,0.0,0.0,0.0,0.0,4.0,4.0,4.0,5.0,4.0,2.0,8.0,3.0,3.0,3.0,3.0,3.0,3.0,2.0,7.0,4.0,1.0,1.0,2.0,1.0,1.0,1.0,1.0,1.0,2.0,2.0,3.0,1.0,3.0,4.0,3.0,3.0,3.0,1.0,2.0,2.0,2.0,1.0,2.0,2.0,1.0,1.0,1.0,1.0,1.0,1.0,5.0,4.0,5.0,2.0,2.0,6.0,8.0,1.0,1.0,1.0,1.0,3.0,3.0,6.0,6.0,2.0,2.0,2.0,5.0,5.0,1.0,2.0,1.0,2.0,1.0,1.0,1.0,7.0,1.0,1.0,1.0,2.0,1.0,1.0,1.0,1.0,1.0,1.0,4.0,4.0,4.0,3.0,2.0,4.0,1.0,1.0,1.0,4.0,1.0,1.0,2.0,3.0,3.0,3.0,3.0,3.0,3.0,3.0,3.0,3.0,3.0,3.0,3.0,3.0,2.0,3.0,,2.0,2.0,2.0,3.0,3.0,3.0,3.0,1.0,1.0,2.0,3.0,3.0,3.0,2.0,3.0,5.0,6.0,1.0,7.0,6.0,1.0,6.0,6.0,5.0,4.0,7.0,6.0,4.0,2.0,2.0,1.0,1.0,1.0,2.0,2.0
20070405,1.0,1.0,1.0,4.0,1.0,4.0,1.0,1.0,1.0,2.0,2.0,2.0,2.0,2.0,2.0,1.0,1.0,1.0,2.0,2.0,2.0,2.0,2.0,1.0,2.0,2.0,3.0,3.0,4.0,4.0,4.0,3.0,3.0,3.0,4.0,3.0,3.0,4.0,4.0,4.0,4.0,2.0,1.0,2.0,1.0,1.0,10.0,10.0,7.0,4.0,4.0,4.0,4.0,4.0,1.0,2.0,1.0,3.0,1.0,4.0,2.0,2.0,2.0,,3.0,3.0,3.0,3.0,3.0,3.0,3.0,3.0,3.0,3.0,3.0,3.0,3.0,3.0,3.0,3.0,0.0,0.0,0.0,0.0,0.0,0.0,0.0,0.0,0.0,0.0,0.0,8.0,8.0,8.0,3.0,5.0,1.0,5.0,2.0,2.0,2.0,2.0,2.0,3.0,2.0,8.0,5.0,2.0,2.0,1.0,0.0,2.0,2.0,0.0,2.0,3.0,2.0,4.0,3.0,4.0,4.0,4.0,4.0,4.0,2.0,2.0,2.0,2.0,2.0,2.0,2.0,1.0,1.0,1.0,2.0,1.0,2.0,5.0,8.0,9.0,9.0,5.0,2.0,8.0,1.0,2.0,2.0,1.0,2.0,3.0,3.0,3.0,1.0,2.0,2.0,8.0,4.0,4.0,1.0,1.0,1.0,1.0,1.0,2.0,8.0,10.0,1.0,1.0,1.0,1.0,1.0,1.0,1.0,1.0,1.0,1.0,4.0,4.0,4.0,3.0,5.0,1.0,5.0,1.0,1.0,1.0,1.0,5.0,2.0,3.0,2.0,3.0,2.0,2.0,1.0,2.0,1.0,3.0,3.0,3.0,3.0,3.0,,2.0,2.0,1.0,1.0,4.0,2.0,3.0,2.0,2.0,1.0,1.0,2.0,2.0,2.0,2.0,3.0,5.0,8.0,3.0,9.0,10.0,2.0,9.0,8.0,7.0,10.0,9.0,7.0,6.0,2.0,1.0,1.0,1.0,1.0,1.0,1.0
703071031,1.0,2.0,2.0,3.0,2.0,2.0,1.0,2.0,2.0,1.0,2.0,1.0,2.0,2.0,1.0,1.0,2.0,1.0,2.0,2.0,2.0,1.0,2.0,1.0,2.0,2.0,1.0,3.0,3.0,3.0,3.0,3.0,4.0,1.0,4.0,5.0,1.0,1.0,1.0,3.0,2.0,1.0,1.0,2.0,2.0,2.0,7.0,7.0,7.0,4.0,4.0,4.0,4.0,4.0,1.0,1.0,2.0,2.0,2.0,3.0,2.0,3.0,2.0,3.0,3.0,3.0,3.0,4.0,4.0,4.0,4.0,4.0,3.0,2.0,2.0,3.0,2.0,3.0,3.0,3.0,1.0,1.0,0.0,0.0,0.0,0.0,0.0,0.0,0.0,0.0,0.0,10.0,10.0,1.0,1.0,9.0,2.0,10.0,3.0,2.0,3.0,3.0,4.0,3.0,4.0,4.0,4.0,0.0,0.0,0.0,0.0,2.0,2.0,0.0,0.0,2.0,2.0,3.0,2.0,2.0,4.0,2.0,2.0,3.0,1.0,2.0,2.0,3.0,2.0,2.0,2.0,1.0,1.0,1.0,1.0,1.0,1.0,10.0,7.0,10.0,10.0,10.0,10.0,7.0,1.0,2.0,2.0,2.0,3.0,2.0,2.0,1.0,1.0,2.0,2.0,10.0,1.0,1.0,1.0,1.0,1.0,1.0,6.0,1.0,7.0,8.0,1.0,7.0,1.0,7.0,1.0,1.0,7.0,1.0,10.0,2.0,4.0,1.0,3.0,3.0,2.0,1.0,1.0,2.0,5.0,4.0,2.0,2.0,1.0,2.0,2.0,2.0,1.0,2.0,1.0,1.0,1.0,2.0,2.0,2.0,1.0,1.0,1.0,3.0,3.0,2.0,3.0,1.0,1.0,2.0,2.0,1.0,2.0,2.0,4.0,4.0,4.0,1.0,4.0,3.0,9.0,1.0,10.0,10.0,1.0,10.0,10.0,1.0,10.0,10.0,4.0,1.0,2.0,2.0,1.0,1.0,1.0,2.0,1.0
76071608,1.0,1.0,1.0,3.0,2.0,1.0,2.0,1.0,2.0,1.0,2.0,2.0,1.0,2.0,1.0,2.0,1.0,2.0,2.0,2.0,2.0,2.0,2.0,2.0,2.0,2.0,1.0,2.0,3.0,4.0,3.0,,4.0,4.0,4.0,2.0,,2.0,3.0,2.0,4.0,3.0,1.0,1.0,1.0,1.0,10.0,10.0,10.0,4.0,1.0,4.0,4.0,4.0,,2.0,1.0,2.0,3.0,4.0,3.0,2.0,1.0,2.0,3.0,3.0,3.0,2.0,2.0,3.0,3.0,3.0,3.0,2.0,3.0,2.0,2.0,2.0,2.0,2.0,2.0,0.0,0.0,0.0,0.0,0.0,0.0,0.0,0.0,0.0,2.0,10.0,6.0,1.0,,1.0,1.0,10.0,1.0,,2.0,2.0,1.0,1.0,3.0,6.0,4.0,1.0,1.0,0.0,2.0,0.0,2.0,0.0,2.0,1.0,2.0,3.0,3.0,1.0,,1.0,1.0,4.0,1.0,1.0,2.0,3.0,3.0,2.0,2.0,2.0,1.0,3.0,2.0,2.0,2.0,10.0,10.0,1.0,7.0,4.0,8.0,10.0,1.0,1.0,1.0,1.0,,3.0,1.0,1.0,1.0,2.0,2.0,6.0,3.0,3.0,1.0,1.0,1.0,1.0,1.0,2.0,4.0,4.0,1.0,1.0,1.0,7.0,1.0,1.0,1.0,1.0,3.0,4.0,4.0,4.0,1.0,1.0,2.0,1.0,5.0,5.0,5.0,1.0,1.0,1.0,1.0,3.0,3.0,2.0,2.0,2.0,2.0,2.0,1.0,1.0,1.0,1.0,1.0,1.0,2.0,2.0,2.0,2.0,2.0,2.0,2.0,2.0,1.0,2.0,1.0,5.0,,,,1.0,1.0,,1.0,1.0,10.0,10.0,10.0,10.0,10.0,10.0,8.0,10.0,3.0,1.0,3.0,3.0,2.0,3.0,4.0,4.0,4.0
36070920,1.0,1.0,2.0,3.0,2.0,3.0,1.0,1.0,1.0,2.0,2.0,2.0,2.0,2.0,2.0,1.0,1.0,1.0,2.0,2.0,2.0,2.0,2.0,1.0,2.0,2.0,2.0,3.0,4.0,4.0,4.0,2.0,4.0,3.0,4.0,3.0,4.0,4.0,2.0,3.0,3.0,2.0,1.0,1.0,2.0,3.0,7.0,4.0,4.0,4.0,4.0,4.0,2.0,4.0,1.0,2.0,1.0,2.0,3.0,3.0,2.0,2.0,3.0,1.0,4.0,3.0,3.0,1.0,1.0,2.0,4.0,4.0,3.0,2.0,3.0,2.0,2.0,2.0,2.0,2.0,0.0,0.0,0.0,0.0,0.0,0.0,0.0,0.0,0.0,0.0,0.0,1.0,4.0,9.0,2.0,2.0,2.0,10.0,2.0,2.0,2.0,2.0,2.0,1.0,4.0,4.0,3.0,1.0,1.0,0.0,0.0,2.0,2.0,1.0,1.0,2.0,2.0,3.0,2.0,3.0,3.0,4.0,3.0,4.0,1.0,1.0,2.0,4.0,,2.0,2.0,3.0,3.0,4.0,1.0,2.0,1.0,5.0,5.0,5.0,5.0,5.0,5.0,5.0,1.0,,2.0,1.0,3.0,3.0,7.0,8.0,2.0,2.0,2.0,6.0,5.0,6.0,1.0,1.0,1.0,5.0,2.0,1.0,5.0,5.0,3.0,3.0,1.0,1.0,1.0,1.0,5.0,1.0,4.0,2.0,3.0,3.0,3.0,3.0,4.0,1.0,4.0,1.0,3.0,2.0,,2.0,2.0,3.0,3.0,3.0,2.0,3.0,3.0,2.0,3.0,2.0,3.0,3.0,1.0,1.0,2.0,3.0,3.0,2.0,2.0,2.0,2.0,3.0,3.0,2.0,2.0,3.0,2.0,2.0,2.0,2.0,2.0,4.0,4.0,4.0,4.0,4.0,4.0,4.0,4.0,4.0,4.0,5.0,5.0,6.0,2.0,1.0,2.0,1.0,1.0,2.0,2.0
792070120,1.0,2.0,2.0,4.0,2.0,2.0,1.0,2.0,2.0,1.0,2.0,1.0,2.0,2.0,2.0,1.0,1.0,1.0,1.0,1.0,2.0,1.0,2.0,1.0,1.0,1.0,2.0,1.0,4.0,4.0,4.0,2.0,5.0,1.0,5.0,2.0,3.0,3.0,3.0,2.0,5.0,1.0,3.0,1.0,2.0,2.0,6.0,6.0,5.0,4.0,4.0,4.0,2.0,4.0,1.0,2.0,1.0,4.0,4.0,4.0,4.0,4.0,3.0,3.0,3.0,3.0,3.0,2.0,1.0,2.0,4.0,2.0,3.0,3.0,2.0,4.0,4.0,4.0,2.0,3.0,0.0,0.0,0.0,0.0,0.0,0.0,0.0,0.0,0.0,0.0,0.0,1.0,8.0,2.0,3.0,2.0,1.0,6.0,2.0,1.0,2.0,2.0,1.0,1.0,1.0,4.0,2.0,2.0,2.0,2.0,2.0,2.0,2.0,2.0,2.0,3.0,2.0,4.0,4.0,4.0,4.0,4.0,4.0,4.0,2.0,2.0,2.0,,2.0,2.0,2.0,2.0,2.0,2.0,2.0,1.0,1.0,6.0,4.0,5.0,7.0,4.0,8.0,10.0,1.0,1.0,1.0,1.0,,,1.0,1.0,1.0,1.0,1.0,5.0,1.0,1.0,1.0,1.0,1.0,1.0,1.0,1.0,7.0,1.0,1.0,1.0,1.0,1.0,1.0,,1.0,,1.0,3.0,4.0,4.0,4.0,3.0,5.0,1.0,5.0,5.0,5.0,5.0,5.0,1.0,2.0,3.0,3.0,3.0,2.0,3.0,3.0,3.0,,,,,1.0,1.0,2.0,3.0,2.0,2.0,2.0,3.0,4.0,3.0,2.0,2.0,1.0,,2.0,2.0,,2.0,3.0,,5.0,6.0,6.0,5.0,,6.0,7.0,2.0,3.0,8.0,5.0,5.0,3.0,2.0,1.0,2.0,2.0,3.0,3.0
320070852,2.0,1.0,1.0,4.0,1.0,1.0,1.0,1.0,,,1.0,,,,1.0,,1.0,2.0,2.0,2.0,1.0,1.0,2.0,2.0,2.0,2.0,1.0,2.0,3.0,3.0,3.0,3.0,3.0,2.0,3.0,5.0,2.0,2.0,1.0,2.0,2.0,2.0,2.0,2.0,2.0,2.0,9.0,7.0,10.0,4.0,4.0,4.0,3.0,4.0,1.0,2.0,2.0,4.0,2.0,4.0,4.0,4.0,2.0,1.0,3.0,2.0,2.0,4.0,4.0,4.0,4.0,4.0,4.0,1.0,3.0,1.0,2.0,2.0,2.0,2.0,2.0,0.0,1.0,0.0,0.0,0.0,0.0,0.0,0.0,0.0,0.0,1.0,10.0,1.0,1.0,1.0,2.0,10.0,2.0,3.0,3.0,3.0,3.0,1.0,2.0,5.0,2.0,2.0,1.0,2.0,2.0,2.0,2.0,2.0,2.0,3.0,1.0,3.0,2.0,2.0,2.0,2.0,3.0,4.0,1.0,2.0,1.0,2.0,2.0,2.0,1.0,1.0,2.0,1.0,1.0,1.0,2.0,1.0,1.0,10.0,10.0,5.0,5.0,10.0,1.0,1.0,1.0,1.0,2.0,2.0,2.0,1.0,1.0,2.0,2.0,5.0,10.0,10.0,1.0,1.0,1.0,1.0,1.0,1.0,1.0,4.0,1.0,10.0,1.0,5.0,1.0,1.0,1.0,1.0,10.0,2.0,3.0,3.0,4.0,3.0,5.0,5.0,5.0,5.0,5.0,5.0,3.0,5.0,2.0,3.0,3.0,3.0,3.0,3.0,3.0,3.0,3.0,3.0,2.0,3.0,2.0,2.0,3.0,3.0,4.0,3.0,4.0,3.0,4.0,3.0,4.0,3.0,3.0,5.0,1.0,3.0,4.0,3.0,1.0,8.0,1.0,1.0,10.0,10.0,6.0,5.0,6.0,6.0,6.0,6.0,5.0,6.0,3.0,2.0,2.0,3.0,4.0,2.0,3.0
608071030,1.0,1.0,3.0,1.0,1.0,1.0,1.0,2.0,1.0,2.0,2.0,1.0,1.0,2.0,1.0,2.0,2.0,1.0,2.0,1.0,1.0,2.0,1.0,1.0,2.0,2.0,2.0,3.0,3.0,3.0,3.0,3.0,2.0,2.0,3.0,3.0,2.0,2.0,3.0,2.0,3.0,2.0,2.0,1.0,1.0,3.0,5.0,6.0,1.0,3.0,4.0,3.0,3.0,3.0,2.0,2.0,1.0,1.0,2.0,3.0,2.0,4.0,1.0,1.0,2.0,2.0,1.0,1.0,1.0,2.0,2.0,2.0,2.0,2.0,2.0,2.0,2.0,2.0,1.0,1.0,0.0,0.0,0.0,0.0,0.0,0.0,0.0,0.0,0.0,0.0,2.0,7.0,4.0,2.0,5.0,2.0,1.0,7.0,2.0,2.0,1.0,1.0,1.0,1.0,1.0,5.0,3.0,2.0,2.0,0.0,0.0,0.0,0.0,0.0,0.0,3.0,2.0,2.0,4.0,4.0,4.0,4.0,4.0,4.0,2.0,2.0,2.0,1.0,1.0,2.0,2.0,1.0,1.0,1.0,2.0,1.0,1.0,7.0,6.0,6.0,6.0,7.0,6.0,10.0,1.0,1.0,1.0,1.0,3.0,3.0,3.0,1.0,1.0,2.0,2.0,6.0,5.0,5.0,2.0,2.0,2.0,2.0,2.0,2.0,2.0,2.0,2.0,2.0,1.0,1.0,1.0,3.0,3.0,3.0,3.0,3.0,3.0,3.0,1.0,2.0,5.0,4.0,1.0,5.0,5.0,5.0,5.0,3.0,1.0,3.0,2.0,3.0,2.0,2.0,3.0,2.0,3.0,3.0,3.0,3.0,1.0,1.0,2.0,2.0,2.0,2.0,2.0,2.0,2.0,2.0,2.0,2.0,2.0,2.0,2.0,2.0,2.0,2.0,2.0,8.0,5.0,6.0,6.0,6.0,6.0,6.0,6.0,6.0,6.0,7.0,7.0,7.0,2.0,1.0,1.0,1.0,1.0,1.0,1.0
792070342,1.0,1.0,1.0,4.0,3.0,4.0,2.0,1.0,1.0,1.0,1.0,1.0,2.0,2.0,2.0,2.0,2.0,1.0,2.0,1.0,2.0,1.0,2.0,2.0,2.0,2.0,1.0,3.0,2.0,4.0,2.0,2.0,2.0,1.0,4.0,3.0,4.0,1.0,4.0,4.0,4.0,1.0,1.0,3.0,2.0,1.0,6.0,6.0,6.0,4.0,4.0,4.0,3.0,4.0,3.0,1.0,1.0,1.0,1.0,2.0,3.0,3.0,3.0,2.0,2.0,2.0,3.0,2.0,2.0,2.0,3.0,3.0,2.0,2.0,4.0,2.0,2.0,2.0,2.0,2.0,0.0,1.0,1.0,0.0,0.0,0.0,0.0,1.0,0.0,0.0,0.0,4.0,4.0,4.0,5.0,5.0,1.0,5.0,2.0,2.0,2.0,2.0,1.0,1.0,2.0,4.0,4.0,2.0,0.0,0.0,2.0,0.0,2.0,0.0,2.0,2.0,2.0,4.0,3.0,4.0,4.0,3.0,3.0,4.0,2.0,2.0,,1.0,2.0,2.0,2.0,2.0,2.0,2.0,1.0,2.0,2.0,7.0,8.0,3.0,3.0,3.0,6.0,6.0,1.0,1.0,1.0,1.0,3.0,3.0,4.0,2.0,1.0,2.0,2.0,5.0,1.0,1.0,1.0,1.0,2.0,2.0,1.0,2.0,4.0,1.0,1.0,1.0,1.0,1.0,1.0,,1.0,,1.0,2.0,2.0,2.0,3.0,2.0,5.0,4.0,5.0,1.0,1.0,1.0,1.0,4.0,2.0,3.0,3.0,3.0,2.0,3.0,3.0,3.0,2.0,3.0,3.0,3.0,1.0,1.0,3.0,3.0,3.0,3.0,3.0,3.0,2.0,2.0,3.0,1.0,1.0,,2.0,1.0,,1.0,4.0,5.0,1.0,1.0,10.0,9.0,,7.0,10.0,1.0,10.0,6.0,4.0,4.0,3.0,2.0,1.0,1.0,3.0,3.0,3.0
364072138,1.0,2.0,1.0,1.0,2.0,1.0,2.0,1.0,2.0,2.0,2.0,1.0,1.0,2.0,1.0,2.0,1.0,1.0,2.0,1.0,2.0,,2.0,1.0,1.0,2.0,2.0,1.0,1.0,1.0,1.0,1.0,1.0,1.0,1.0,,1.0,2.0,1.0,1.0,4.0,1.0,1.0,3.0,2.0,3.0,4.0,1.0,4.0,2.0,4.0,1.0,1.0,4.0,2.0,2.0,1.0,2.0,2.0,3.0,3.0,3.0,2.0,2.0,2.0,1.0,3.0,2.0,4.0,4.0,3.0,4.0,2.0,3.0,1.0,4.0,3.0,2.0,3.0,2.0,1.0,0.0,2.0,0.0,0.0,2.0,0.0,2.0,1.0,2.0,0.0,6.0,5.0,1.0,10.0,6.0,1.0,10.0,4.0,3.0,3.0,3.0,4.0,3.0,5.0,1.0,2.0,0.0,2.0,2.0,2.0,2.0,2.0,2.0,2.0,4.0,1.0,2.0,1.0,4.0,4.0,4.0,3.0,3.0,1.0,2.0,2.0,1.0,3.0,1.0,2.0,3.0,4.0,4.0,1.0,2.0,1.0,9.0,5.0,9.0,3.0,2.0,5.0,10.0,1.0,1.0,1.0,1.0,2.0,2.0,2.0,1.0,1.0,1.0,1.0,5.0,1.0,1.0,1.0,1.0,1.0,1.0,,4.0,6.0,1.0,1.0,5.0,4.0,5.0,4.0,1.0,,2.0,9.0,2.0,2.0,2.0,1.0,1.0,1.0,1.0,2.0,1.0,5.0,1.0,1.0,1.0,1.0,2.0,3.0,3.0,1.0,1.0,2.0,1.0,1.0,2.0,2.0,2.0,1.0,1.0,1.0,2.0,2.0,3.0,1.0,2.0,1.0,4.0,2.0,1.0,1.0,1.0,2.0,2.0,2.0,2.0,1.0,,4.0,7.0,9.0,8.0,9.0,10.0,10.0,3.0,2.0,9.0,10.0,10.0,1.0,1.0,1.0,1.0,1.0,2.0,1.0
156070161,2.0,3.0,3.0,2.0,1.0,4.0,2.0,1.0,1.0,1.0,2.0,1.0,2.0,2.0,2.0,1.0,2.0,1.0,1.0,1.0,2.0,1.0,1.0,1.0,2.0,2.0,3.0,3.0,2.0,2.0,2.0,3.0,1.0,1.0,2.0,4.0,2.0,1.0,1.0,1.0,1.0,1.0,1.0,2.0,2.0,3.0,8.0,8.0,8.0,4.0,4.0,3.0,3.0,4.0,1.0,1.0,2.0,3.0,2.0,3.0,3.0,3.0,3.0,1.0,1.0,1.0,1.0,1.0,1.0,1.0,1.0,1.0,1.0,1.0,1.0,1.0,1.0,1.0,1.0,1.0,0.0,0.0,0.0,0.0,0.0,0.0,0.0,0.0,0.0,0.0,0.0,5.0,8.0,8.0,4.0,3.0,,4.0,2.0,3.0,2.0,2.0,2.0,3.0,4.0,4.0,3.0,2.0,1.0,1.0,,1.0,1.0,1.0,1.0,,4.0,,,,,,,,,,,1.0,1.0,1.0,2.0,1.0,1.0,,2.0,2.0,1.0,9.0,8.0,8.0,8.0,2.0,9.0,5.0,2.0,2.0,2.0,2.0,4.0,4.0,7.0,8.0,2.0,2.0,2.0,4.0,8.0,1.0,1.0,1.0,1.0,1.0,1.0,1.0,4.0,4.0,1.0,4.0,10.0,10.0,10.0,10.0,10.0,10.0,10.0,2.0,4.0,3.0,2.0,2.0,4.0,3.0,3.0,1.0,3.0,1.0,1.0,3.0,3.0,3.0,3.0,3.0,2.0,3.0,3.0,3.0,2.0,2.0,2.0,3.0,3.0,,,,,,,,,,,,,,3.0,1.0,1.0,1.0,3.0,,9.0,3.0,8.0,8.0,9.0,9.0,9.0,3.0,9.0,10.0,9.0,9.0,3.0,2.0,1.0,1.0,1.0,3.0,3.0
156071037,1.0,2.0,2.0,2.0,1.0,3.0,1.0,1.0,2.0,1.0,2.0,1.0,2.0,2.0,2.0,1.0,2.0,1.0,1.0,1.0,1.0,1.0,1.0,1.0,2.0,2.0,3.0,2.0,2.0,3.0,2.0,3.0,4.0,2.0,4.0,3.0,2.0,2.0,2.0,2.0,2.0,3.0,1.0,1.0,2.0,2.0,7.0,8.0,9.0,4.0,4.0,1.0,4.0,4.0,1.0,1.0,1.0,1.0,1.0,2.0,2.0,2.0,1.0,1.0,3.0,3.0,2.0,2.0,2.0,1.0,1.0,1.0,1.0,1.0,2.0,3.0,2.0,2.0,2.0,3.0,0.0,0.0,0.0,1.0,2.0,0.0,0.0,0.0,0.0,0.0,0.0,5.0,6.0,3.0,3.0,3.0,1.0,6.0,2.0,2.0,2.0,2.0,2.0,3.0,4.0,5.0,3.0,1.0,1.0,1.0,,1.0,1.0,1.0,1.0,,1.0,,,,,,,,,,,3.0,2.0,2.0,2.0,3.0,2.0,,2.0,2.0,1.0,8.0,8.0,8.0,3.0,3.0,9.0,1.0,2.0,2.0,2.0,2.0,3.0,3.0,7.0,8.0,3.0,2.0,2.0,6.0,7.0,1.0,1.0,1.0,1.0,1.0,1.0,5.0,8.0,6.0,1.0,6.0,1.0,5.0,5.0,1.0,1.0,5.0,8.0,1.0,1.0,1.0,1.0,2.0,2.0,2.0,3.0,1.0,1.0,1.0,1.0,1.0,3.0,3.0,3.0,3.0,1.0,3.0,3.0,3.0,1.0,3.0,3.0,3.0,2.0,,,,,,,,,,,,,,3.0,3.0,3.0,1.0,4.0,,9.0,1.0,1.0,9.0,1.0,10.0,5.0,3.0,9.0,10.0,9.0,9.0,2.0,1.0,1.0,1.0,1.0,3.0,3.0
643070101,1.0,1.0,1.0,1.0,1.0,1.0,2.0,1.0,1.0,2.0,2.0,1.0,1.0,1.0,2.0,2.0,2.0,1.0,2.0,2.0,2.0,2.0,2.0,1.0,2.0,2.0,1.0,3.0,1.0,2.0,3.0,3.0,1.0,1.0,4.0,1.0,1.0,2.0,2.0,2.0,4.0,1.0,1.0,1.0,2.0,2.0,5.0,5.0,6.0,4.0,4.0,4.0,4.0,4.0,2.0,1.0,1.0,1.0,1.0,1.0,2.0,2.0,1.0,1.0,,1.0,1.0,1.0,3.0,1.0,2.0,2.0,1.0,1.0,3.0,3.0,1.0,1.0,1.0,1.0,0.0,0.0,0.0,0.0,0.0,0.0,0.0,0.0,0.0,0.0,0.0,5.0,6.0,5.0,7.0,7.0,1.0,6.0,,,,,,2.0,4.0,5.0,1.0,2.0,2.0,0.0,2.0,2.0,2.0,2.0,2.0,4.0,2.0,2.0,2.0,4.0,,,3.0,3.0,1.0,1.0,2.0,2.0,2.0,2.0,2.0,1.0,1.0,1.0,1.0,2.0,1.0,10.0,10.0,1.0,1.0,1.0,5.0,6.0,1.0,2.0,2.0,2.0,4.0,4.0,4.0,5.0,1.0,2.0,2.0,5.0,1.0,1.0,1.0,1.0,1.0,9.0,8.0,7.0,8.0,7.0,5.0,10.0,6.0,5.0,4.0,5.0,2.0,4.0,5.0,4.0,4.0,4.0,1.0,1.0,2.0,1.0,1.0,5.0,1.0,5.0,5.0,5.0,1.0,3.0,3.0,3.0,1.0,3.0,3.0,3.0,1.0,3.0,3.0,3.0,2.0,2.0,1.0,3.0,,,,,,,,,2.0,,,,,,,6.0,10.0,4.0,10.0,10.0,10.0,10.0,10.0,5.0,10.0,5.0,6.0,7.0,1.0,1.0,1.0,2.0,2.0,3.0,2.0
608070100,1.0,1.0,1.0,1.0,1.0,1.0,1.0,2.0,2.0,2.0,2.0,1.0,1.0,1.0,1.0,2.0,2.0,1.0,2.0,2.0,2.0,2.0,2.0,1.0,2.0,1.0,1.0,3.0,3.0,4.0,3.0,2.0,4.0,1.0,3.0,1.0,2.0,2.0,1.0,1.0,4.0,1.0,1.0,1.0,2.0,3.0,7.0,5.0,3.0,1.0,1.0,2.0,2.0,4.0,2.0,2.0,1.0,3.0,2.0,4.0,3.0,4.0,3.0,3.0,3.0,3.0,2.0,3.0,1.0,3.0,3.0,3.0,2.0,3.0,2.0,3.0,2.0,1.0,1.0,1.0,0.0,0.0,0.0,0.0,0.0,0.0,0.0,0.0,0.0,0.0,1.0,9.0,9.0,2.0,9.0,9.0,2.0,10.0,3.0,2.0,3.0,2.0,3.0,3.0,4.0,8.0,3.0,2.0,2.0,2.0,2.0,0.0,2.0,2.0,0.0,3.0,2.0,1.0,1.0,2.0,2.0,1.0,1.0,1.0,1.0,2.0,2.0,1.0,1.0,2.0,1.0,1.0,1.0,2.0,2.0,2.0,1.0,7.0,9.0,4.0,9.0,9.0,5.0,10.0,1.0,2.0,1.0,1.0,3.0,2.0,2.0,1.0,1.0,2.0,2.0,2.0,3.0,2.0,2.0,2.0,2.0,2.0,2.0,2.0,2.0,2.0,2.0,2.0,2.0,2.0,2.0,2.0,2.0,2.0,2.0,3.0,3.0,3.0,2.0,2.0,1.0,1.0,1.0,1.0,4.0,1.0,1.0,1.0,2.0,2.0,2.0,2.0,1.0,2.0,3.0,2.0,2.0,3.0,2.0,2.0,,,1.0,1.0,1.0,1.0,1.0,2.0,1.0,2.0,1.0,1.0,1.0,2.0,2.0,2.0,2.0,2.0,2.0,5.0,5.0,5.0,5.0,5.0,5.0,5.0,5.0,5.0,5.0,9.0,4.0,3.0,2.0,1.0,2.0,2.0,1.0,2.0,1.0
20070749,2.0,2.0,2.0,4.0,3.0,4.0,1.0,1.0,1.0,2.0,1.0,1.0,2.0,2.0,2.0,2.0,2.0,1.0,2.0,2.0,2.0,2.0,2.0,1.0,2.0,2.0,1.0,1.0,4.0,4.0,4.0,4.0,5.0,5.0,1.0,1.0,5.0,5.0,1.0,1.0,5.0,1.0,3.0,1.0,3.0,2.0,7.0,6.0,1.0,4.0,4.0,4.0,4.0,4.0,3.0,2.0,1.0,1.0,2.0,4.0,4.0,4.0,4.0,,3.0,3.0,3.0,2.0,2.0,2.0,3.0,2.0,2.0,1.0,2.0,2.0,4.0,3.0,3.0,3.0,0.0,0.0,0.0,0.0,0.0,0.0,0.0,0.0,0.0,0.0,0.0,5.0,10.0,1.0,5.0,10.0,1.0,10.0,3.0,2.0,3.0,1.0,3.0,1.0,1.0,1.0,5.0,0.0,2.0,0.0,0.0,0.0,2.0,0.0,0.0,2.0,1.0,4.0,2.0,4.0,3.0,4.0,3.0,4.0,2.0,2.0,2.0,2.0,4.0,2.0,1.0,3.0,2.0,4.0,2.0,2.0,2.0,3.0,1.0,10.0,3.0,7.0,1.0,1.0,2.0,2.0,2.0,2.0,4.0,4.0,7.0,8.0,3.0,1.0,1.0,5.0,1.0,4.0,1.0,5.0,1.0,10.0,6.0,10.0,10.0,10.0,8.0,10.0,1.0,3.0,1.0,1.0,7.0,2.0,1.0,4.0,4.0,4.0,3.0,2.0,1.0,5.0,2.0,5.0,5.0,5.0,2.0,2.0,2.0,2.0,2.0,3.0,1.0,2.0,3.0,3.0,3.0,3.0,3.0,3.0,,,1.0,1.0,1.0,1.0,1.0,4.0,1.0,4.0,1.0,1.0,1.0,5.0,4.0,1.0,4.0,1.0,4.0,1.0,10.0,1.0,10.0,10.0,1.0,10.0,10.0,1.0,10.0,10.0,2.0,1.0,4.0,,1.0,1.0,3.0,1.0,1.0
458070216,1.0,2.0,3.0,3.0,1.0,1.0,1.0,1.0,2.0,1.0,2.0,1.0,2.0,2.0,1.0,2.0,2.0,1.0,2.0,1.0,1.0,1.0,2.0,1.0,1.0,2.0,2.0,4.0,2.0,3.0,2.0,1.0,3.0,1.0,5.0,5.0,2.0,2.0,1.0,1.0,2.0,2.0,1.0,1.0,2.0,2.0,5.0,7.0,6.0,4.0,4.0,4.0,4.0,4.0,1.0,2.0,1.0,2.0,3.0,4.0,2.0,3.0,1.0,1.0,3.0,3.0,2.0,2.0,2.0,2.0,3.0,3.0,2.0,1.0,2.0,1.0,2.0,1.0,1.0,2.0,1.0,1.0,0.0,1.0,0.0,0.0,0.0,0.0,0.0,0.0,0.0,3.0,3.0,3.0,3.0,2.0,2.0,8.0,3.0,3.0,3.0,2.0,2.0,1.0,4.0,6.0,1.0,1.0,2.0,2.0,2.0,2.0,2.0,2.0,2.0,3.0,2.0,4.0,4.0,4.0,4.0,4.0,4.0,4.0,1.0,1.0,2.0,2.0,1.0,2.0,2.0,2.0,2.0,3.0,1.0,2.0,1.0,7.0,7.0,6.0,5.0,5.0,8.0,10.0,1.0,1.0,1.0,1.0,1.0,1.0,1.0,1.0,1.0,1.0,1.0,4.0,4.0,2.0,2.0,2.0,2.0,2.0,2.0,2.0,2.0,2.0,2.0,2.0,2.0,2.0,2.0,2.0,2.0,2.0,5.0,1.0,1.0,1.0,3.0,1.0,1.0,1.0,1.0,2.0,3.0,2.0,1.0,1.0,2.0,3.0,3.0,3.0,1.0,1.0,2.0,1.0,1.0,2.0,2.0,3.0,1.0,1.0,2.0,3.0,2.0,3.0,2.0,2.0,4.0,3.0,3.0,3.0,1.0,3.0,2.0,1.0,1.0,2.0,1.0,5.0,7.0,9.0,9.0,8.0,9.0,8.0,9.0,9.0,9.0,8.0,9.0,9.0,2.0,1.0,1.0,1.0,3.0,4.0,4.0
231070712,1.0,2.0,1.0,4.0,1.0,1.0,2.0,1.0,1.0,1.0,2.0,2.0,1.0,2.0,1.0,2.0,2.0,1.0,2.0,2.0,1.0,1.0,2.0,1.0,2.0,2.0,1.0,2.0,2.0,3.0,3.0,2.0,1.0,1.0,5.0,5.0,2.0,1.0,2.0,2.0,1.0,3.0,3.0,1.0,1.0,1.0,8.0,10.0,10.0,4.0,4.0,4.0,4.0,4.0,1.0,2.0,1.0,2.0,3.0,4.0,4.0,4.0,2.0,4.0,3.0,3.0,2.0,4.0,2.0,4.0,4.0,3.0,2.0,2.0,4.0,2.0,1.0,2.0,2.0,2.0,0.0,0.0,0.0,0.0,0.0,0.0,0.0,0.0,0.0,0.0,1.0,6.0,6.0,10.0,1.0,8.0,2.0,10.0,3.0,2.0,3.0,2.0,2.0,2.0,2.0,7.0,2.0,2.0,0.0,2.0,,2.0,0.0,2.0,2.0,3.0,2.0,3.0,4.0,3.0,4.0,4.0,4.0,4.0,2.0,1.0,2.0,2.0,1.0,2.0,2.0,1.0,1.0,1.0,1.0,2.0,2.0,10.0,10.0,1.0,5.0,8.0,6.0,10.0,1.0,1.0,1.0,1.0,2.0,2.0,2.0,1.0,1.0,1.0,1.0,6.0,1.0,1.0,1.0,1.0,1.0,1.0,1.0,5.0,5.0,5.0,1.0,1.0,5.0,5.0,1.0,1.0,1.0,1.0,1.0,2.0,2.0,2.0,4.0,3.0,5.0,1.0,5.0,2.0,5.0,5.0,2.0,2.0,3.0,3.0,3.0,3.0,3.0,3.0,3.0,3.0,3.0,3.0,3.0,3.0,3.0,3.0,4.0,4.0,2.0,4.0,4.0,4.0,2.0,4.0,4.0,4.0,2.0,3.0,2.0,3.0,4.0,1.0,4.0,6.0,10.0,1.0,10.0,10.0,1.0,1.0,10.0,1.0,10.0,10.0,7.0,6.0,3.0,2.0,3.0,3.0,2.0,1.0,1.0
231070255,1.0,1.0,2.0,4.0,1.0,1.0,1.0,2.0,2.0,1.0,2.0,1.0,2.0,2.0,1.0,1.0,2.0,1.0,2.0,2.0,2.0,1.0,2.0,1.0,2.0,2.0,1.0,3.0,3.0,4.0,4.0,3.0,5.0,4.0,4.0,5.0,4.0,4.0,2.0,4.0,2.0,1.0,1.0,3.0,3.0,1.0,6.0,3.0,1.0,4.0,3.0,4.0,4.0,2.0,3.0,2.0,1.0,2.0,4.0,4.0,3.0,3.0,1.0,3.0,2.0,2.0,2.0,2.0,2.0,3.0,3.0,3.0,2.0,2.0,4.0,2.0,1.0,2.0,2.0,1.0,1.0,0.0,0.0,1.0,0.0,0.0,0.0,0.0,0.0,0.0,0.0,9.0,1.0,10.0,1.0,1.0,1.0,10.0,4.0,2.0,3.0,2.0,2.0,1.0,3.0,10.0,3.0,2.0,2.0,2.0,,2.0,2.0,2.0,2.0,1.0,4.0,4.0,4.0,4.0,4.0,2.0,4.0,4.0,2.0,1.0,2.0,1.0,,2.0,2.0,1.0,1.0,1.0,2.0,2.0,1.0,1.0,6.0,1.0,1.0,1.0,5.0,10.0,1.0,1.0,1.0,1.0,1.0,3.0,4.0,2.0,1.0,2.0,2.0,1.0,1.0,1.0,1.0,1.0,1.0,1.0,1.0,1.0,10.0,10.0,1.0,1.0,1.0,10.0,1.0,1.0,1.0,1.0,1.0,1.0,1.0,1.0,4.0,2.0,5.0,5.0,1.0,1.0,4.0,3.0,1.0,1.0,3.0,2.0,1.0,3.0,3.0,3.0,1.0,1.0,1.0,3.0,3.0,3.0,3.0,3.0,4.0,4.0,2.0,2.0,4.0,4.0,2.0,2.0,4.0,2.0,1.0,5.0,4.0,1.0,4.0,1.0,4.0,1.0,10.0,1.0,10.0,10.0,10.0,10.0,1.0,1.0,10.0,10.0,1.0,1.0,3.0,1.0,4.0,3.0,2.0,2.0,
170074479,1.0,4.0,1.0,4.0,1.0,1.0,1.0,2.0,2.0,1.0,2.0,1.0,2.0,1.0,2.0,1.0,2.0,2.0,2.0,2.0,2.0,2.0,2.0,2.0,2.0,2.0,2.0,1.0,2.0,4.0,4.0,4.0,4.0,2.0,2.0,4.0,2.0,2.0,2.0,2.0,2.0,1.0,1.0,1.0,1.0,1.0,10.0,10.0,7.0,1.0,4.0,1.0,2.0,2.0,1.0,2.0,1.0,2.0,2.0,4.0,2.0,2.0,3.0,3.0,3.0,3.0,3.0,3.0,3.0,3.0,3.0,3.0,3.0,3.0,3.0,3.0,3.0,3.0,3.0,3.0,1.0,1.0,1.0,1.0,1.0,1.0,1.0,1.0,1.0,2.0,2.0,3.0,2.0,2.0,3.0,1.0,1.0,10.0,3.0,3.0,3.0,3.0,3.0,2.0,2.0,6.0,3.0,0.0,0.0,2.0,2.0,2.0,2.0,2.0,2.0,2.0,1.0,4.0,4.0,4.0,4.0,4.0,4.0,4.0,2.0,2.0,2.0,1.0,1.0,2.0,2.0,1.0,1.0,1.0,1.0,2.0,1.0,10.0,10.0,10.0,10.0,10.0,10.0,10.0,1.0,2.0,2.0,2.0,2.0,2.0,5.0,2.0,1.0,2.0,2.0,1.0,1.0,1.0,1.0,1.0,1.0,1.0,1.0,1.0,10.0,10.0,1.0,10.0,1.0,10.0,1.0,1.0,10.0,1.0,10.0,2.0,2.0,4.0,4.0,3.0,4.0,1.0,5.0,1.0,5.0,1.0,1.0,1.0,2.0,2.0,2.0,2.0,2.0,2.0,2.0,2.0,2.0,3.0,3.0,3.0,1.0,1.0,4.0,4.0,4.0,1.0,1.0,4.0,1.0,3.0,1.0,1.0,1.0,4.0,1.0,1.0,4.0,1.0,1.0,10.0,10.0,1.0,1.0,1.0,1.0,1.0,1.0,1.0,1.0,10.0,1.0,1.0,4.0,1.0,1.0,1.0,2.0,4.0,1.0
558070435,1.0,2.0,1.0,1.0,1.0,2.0,1.0,1.0,2.0,2.0,2.0,1.0,2.0,2.0,1.0,2.0,1.0,2.0,2.0,2.0,2.0,1.0,2.0,1.0,2.0,2.0,1.0,3.0,3.0,3.0,3.0,1.0,4.0,1.0,4.0,1.0,1.0,2.0,2.0,1.0,4.0,3.0,2.0,1.0,2.0,2.0,9.0,7.0,7.0,2.0,4.0,2.0,2.0,4.0,2.0,2.0,1.0,3.0,2.0,4.0,2.0,2.0,2.0,2.0,2.0,2.0,2.0,3.0,3.0,2.0,3.0,3.0,3.0,2.0,3.0,3.0,2.0,2.0,2.0,3.0,1.0,0.0,2.0,0.0,0.0,0.0,0.0,0.0,0.0,0.0,0.0,1.0,5.0,5.0,1.0,8.0,2.0,8.0,2.0,3.0,3.0,3.0,2.0,2.0,2.0,7.0,2.0,0.0,2.0,2.0,0.0,2.0,1.0,2.0,2.0,3.0,2.0,3.0,1.0,3.0,4.0,3.0,3.0,4.0,1.0,1.0,2.0,1.0,1.0,2.0,2.0,1.0,1.0,1.0,2.0,2.0,1.0,9.0,9.0,7.0,4.0,4.0,10.0,10.0,1.0,2.0,2.0,2.0,4.0,3.0,3.0,4.0,1.0,2.0,2.0,1.0,1.0,1.0,1.0,1.0,1.0,8.0,1.0,1.0,5.0,4.0,1.0,1.0,1.0,4.0,1.0,1.0,1.0,1.0,1.0,4.0,4.0,4.0,2.0,2.0,5.0,1.0,5.0,2.0,5.0,3.0,2.0,4.0,3.0,3.0,2.0,3.0,2.0,2.0,3.0,2.0,2.0,3.0,3.0,3.0,1.0,1.0,3.0,3.0,3.0,3.0,2.0,2.0,3.0,4.0,1.0,1.0,1.0,2.0,3.0,2.0,4.0,1.0,4.0,3.0,5.0,4.0,10.0,10.0,5.0,10.0,5.0,5.0,10.0,10.0,5.0,7.0,3.0,1.0,1.0,1.0,1.0,3.0,3.0
703070874,1.0,1.0,1.0,1.0,1.0,1.0,2.0,2.0,1.0,1.0,2.0,2.0,1.0,2.0,1.0,1.0,2.0,1.0,1.0,2.0,1.0,2.0,2.0,1.0,2.0,2.0,2.0,4.0,3.0,2.0,2.0,4.0,5.0,1.0,2.0,5.0,3.0,5.0,2.0,2.0,2.0,2.0,2.0,2.0,3.0,3.0,6.0,5.0,3.0,4.0,4.0,4.0,4.0,4.0,2.0,2.0,2.0,2.0,2.0,2.0,2.0,2.0,2.0,3.0,4.0,4.0,3.0,4.0,4.0,4.0,4.0,4.0,4.0,2.0,4.0,4.0,3.0,4.0,3.0,3.0,1.0,0.0,0.0,0.0,0.0,0.0,0.0,0.0,0.0,0.0,0.0,4.0,8.0,2.0,5.0,7.0,2.0,10.0,3.0,3.0,3.0,3.0,3.0,1.0,4.0,5.0,3.0,2.0,0.0,2.0,1.0,2.0,2.0,2.0,2.0,4.0,3.0,3.0,3.0,3.0,3.0,3.0,3.0,3.0,1.0,1.0,2.0,2.0,2.0,2.0,2.0,2.0,2.0,2.0,1.0,1.0,2.0,5.0,6.0,6.0,6.0,5.0,5.0,8.0,,,,,,2.0,,,,2.0,1.0,8.0,5.0,5.0,3.0,4.0,4.0,4.0,4.0,3.0,4.0,4.0,4.0,4.0,1.0,1.0,1.0,2.0,4.0,3.0,3.0,4.0,4.0,4.0,2.0,2.0,5.0,2.0,1.0,1.0,1.0,1.0,1.0,1.0,2.0,2.0,2.0,2.0,2.0,2.0,2.0,2.0,2.0,2.0,2.0,2.0,2.0,2.0,3.0,,1.0,2.0,4.0,3.0,1.0,2.0,3.0,2.0,2.0,2.0,,3.0,3.0,1.0,3.0,6.0,5.0,6.0,10.0,7.0,5.0,10.0,10.0,5.0,9.0,9.0,1.0,2.0,4.0,2.0,2.0,2.0,2.0,2.0,2.0
792070086,1.0,2.0,3.0,,1.0,2.0,1.0,2.0,2.0,1.0,2.0,1.0,2.0,1.0,2.0,2.0,1.0,1.0,2.0,2.0,2.0,,2.0,,,2.0,2.0,3.0,4.0,4.0,4.0,3.0,4.0,4.0,5.0,,3.0,5.0,2.0,3.0,3.0,2.0,1.0,1.0,2.0,2.0,8.0,7.0,7.0,4.0,4.0,4.0,4.0,4.0,2.0,2.0,1.0,3.0,2.0,3.0,3.0,3.0,,1.0,4.0,4.0,4.0,1.0,1.0,1.0,,,,2.0,,,2.0,,,4.0,0.0,0.0,0.0,0.0,0.0,0.0,0.0,0.0,0.0,0.0,0.0,6.0,6.0,6.0,4.0,4.0,1.0,6.0,,,,,,1.0,,9.0,3.0,1.0,1.0,0.0,2.0,1.0,2.0,1.0,1.0,2.0,2.0,2.0,2.0,2.0,3.0,2.0,2.0,2.0,1.0,1.0,1.0,2.0,2.0,2.0,2.0,2.0,2.0,2.0,1.0,2.0,1.0,7.0,8.0,2.0,4.0,6.0,6.0,7.0,1.0,1.0,1.0,1.0,2.0,2.0,,2.0,1.0,2.0,1.0,7.0,4.0,3.0,1.0,1.0,1.0,3.0,3.0,3.0,8.0,5.0,3.0,4.0,1.0,1.0,1.0,,8.0,,7.0,4.0,4.0,4.0,3.0,3.0,5.0,1.0,5.0,1.0,5.0,1.0,1.0,4.0,2.0,3.0,2.0,3.0,2.0,2.0,3.0,3.0,3.0,3.0,3.0,3.0,2.0,2.0,2.0,3.0,2.0,3.0,3.0,3.0,3.0,2.0,2.0,2.0,2.0,,,2.0,,2.0,,,7.0,8.0,7.0,8.0,,8.0,7.0,7.0,8.0,8.0,7.0,8.0,2.0,2.0,1.0,2.0,2.0,3.0,3.0
554070900,1.0,1.0,2.0,,1.0,2.0,1.0,1.0,2.0,1.0,2.0,1.0,1.0,1.0,2.0,1.0,2.0,1.0,2.0,2.0,2.0,2.0,2.0,1.0,2.0,2.0,2.0,3.0,3.0,3.0,3.0,2.0,5.0,1.0,3.0,,3.0,3.0,1.0,1.0,1.0,2.0,1.0,2.0,2.0,2.0,10.0,10.0,10.0,4.0,4.0,4.0,4.0,4.0,2.0,1.0,1.0,2.0,2.0,4.0,,3.0,2.0,,,1.0,1.0,3.0,,3.0,,,3.0,,3.0,3.0,3.0,2.0,2.0,2.0,1.0,0.0,0.0,0.0,0.0,0.0,2.0,2.0,,,2.0,10.0,1.0,1.0,1.0,1.0,,6.0,,2.0,2.0,,2.0,2.0,1.0,5.0,3.0,1.0,1.0,1.0,1.0,2.0,2.0,2.0,1.0,,1.0,4.0,,,,,,,1.0,1.0,,,,2.0,,1.0,,,,,,10.0,10.0,1.0,10.0,10.0,10.0,9.0,1.0,1.0,,1.0,,1.0,3.0,2.0,1.0,2.0,1.0,,1.0,1.0,1.0,1.0,1.0,,,1.0,1.0,1.0,1.0,10.0,1.0,1.0,1.0,1.0,10.0,10.0,10.0,1.0,2.0,1.0,2.0,2.0,,1.0,1.0,,,,,,2.0,2.0,2.0,1.0,1.0,2.0,,1.0,2.0,2.0,2.0,2.0,1.0,1.0,,,,,,,,,,1.0,1.0,3.0,2.0,2.0,,,,,10.0,2.0,,,,10.0,6.0,1.0,10.0,10.0,6.0,6.0,2.0,1.0,1.0,,,,
630070840,1.0,1.0,1.0,4.0,2.0,4.0,1.0,1.0,1.0,1.0,2.0,2.0,2.0,2.0,2.0,2.0,2.0,1.0,2.0,2.0,2.0,2.0,1.0,2.0,2.0,2.0,1.0,1.0,4.0,4.0,4.0,3.0,5.0,5.0,5.0,1.0,5.0,1.0,1.0,1.0,5.0,3.0,1.0,2.0,1.0,3.0,9.0,10.0,8.0,4.0,3.0,4.0,3.0,4.0,1.0,2.0,3.0,2.0,2.0,2.0,2.0,2.0,4.0,3.0,4.0,4.0,3.0,3.0,3.0,3.0,3.0,,3.0,3.0,3.0,3.0,3.0,3.0,3.0,3.0,0.0,0.0,0.0,0.0,0.0,0.0,0.0,0.0,0.0,0.0,0.0,10.0,1.0,5.0,1.0,5.0,1.0,10.0,3.0,3.0,3.0,3.0,3.0,4.0,3.0,10.0,5.0,1.0,2.0,0.0,2.0,0.0,2.0,2.0,2.0,1.0,1.0,4.0,4.0,4.0,4.0,4.0,4.0,4.0,1.0,1.0,1.0,4.0,1.0,2.0,1.0,1.0,4.0,1.0,2.0,1.0,2.0,8.0,10.0,6.0,1.0,1.0,10.0,,2.0,1.0,2.0,2.0,,,,,,2.0,2.0,1.0,1.0,1.0,1.0,1.0,1.0,6.0,10.0,10.0,10.0,10.0,10.0,10.0,10.0,6.0,1.0,1.0,10.0,1.0,6.0,2.0,4.0,4.0,4.0,3.0,5.0,5.0,5.0,1.0,1.0,1.0,1.0,5.0,2.0,1.0,1.0,2.0,3.0,3.0,3.0,1.0,1.0,1.0,1.0,1.0,1.0,1.0,4.0,1.0,1.0,1.0,,4.0,1.0,3.0,4.0,2.0,1.0,,1.0,2.0,4.0,1.0,4.0,,8.0,1.0,10.0,6.0,8.0,10.0,1.0,1.0,10.0,10.0,6.0,1.0,3.0,3.0,1.0,1.0,1.0,1.0,1.0
218071023,1.0,2.0,1.0,1.0,1.0,1.0,1.0,1.0,2.0,2.0,2.0,2.0,2.0,2.0,1.0,2.0,1.0,2.0,2.0,2.0,2.0,2.0,2.0,2.0,2.0,2.0,1.0,2.0,3.0,3.0,3.0,1.0,4.0,4.0,2.0,2.0,2.0,2.0,2.0,2.0,2.0,3.0,1.0,1.0,1.0,2.0,7.0,10.0,7.0,4.0,2.0,2.0,2.0,4.0,1.0,2.0,1.0,2.0,3.0,4.0,3.0,2.0,1.0,1.0,3.0,3.0,3.0,3.0,3.0,3.0,3.0,3.0,3.0,2.0,3.0,2.0,2.0,2.0,1.0,1.0,0.0,0.0,0.0,0.0,0.0,0.0,0.0,0.0,0.0,0.0,0.0,8.0,8.0,8.0,7.0,8.0,1.0,9.0,3.0,2.0,1.0,2.0,2.0,1.0,1.0,7.0,3.0,1.0,2.0,0.0,2.0,0.0,2.0,0.0,0.0,1.0,1.0,4.0,4.0,4.0,4.0,4.0,4.0,4.0,2.0,2.0,2.0,1.0,1.0,2.0,1.0,4.0,4.0,4.0,1.0,1.0,1.0,6.0,9.0,8.0,8.0,8.0,10.0,10.0,1.0,1.0,1.0,1.0,2.0,3.0,6.0,2.0,2.0,2.0,2.0,10.0,6.0,6.0,2.0,1.0,1.0,1.0,1.0,1.0,1.0,2.0,1.0,1.0,1.0,1.0,1.0,1.0,1.0,1.0,1.0,1.0,3.0,4.0,2.0,1.0,2.0,1.0,1.0,1.0,2.0,1.0,1.0,1.0,2.0,3.0,3.0,3.0,2.0,2.0,3.0,1.0,1.0,2.0,1.0,2.0,1.0,1.0,1.0,4.0,4.0,3.0,3.0,2.0,4.0,3.0,1.0,1.0,1.0,,1.0,1.0,4.0,1.0,4.0,8.0,8.0,8.0,9.0,8.0,8.0,9.0,9.0,8.0,10.0,10.0,8.0,1.0,1.0,,1.0,3.0,3.0,3.0,3.0
203070665,2.0,2.0,2.0,3.0,4.0,4.0,1.0,2.0,1.0,1.0,2.0,1.0,2.0,2.0,2.0,1.0,2.0,1.0,1.0,2.0,2.0,2.0,2.0,1.0,2.0,2.0,3.0,2.0,2.0,2.0,1.0,2.0,2.0,1.0,2.0,2.0,2.0,2.0,2.0,2.0,1.0,3.0,1.0,2.0,2.0,3.0,9.0,9.0,6.0,4.0,4.0,4.0,4.0,4.0,2.0,1.0,2.0,2.0,1.0,2.0,2.0,3.0,2.0,3.0,2.0,4.0,2.0,1.0,3.0,2.0,4.0,2.0,3.0,2.0,2.0,2.0,2.0,2.0,2.0,1.0,0.0,0.0,0.0,0.0,0.0,0.0,0.0,0.0,0.0,0.0,0.0,9.0,3.0,7.0,3.0,9.0,1.0,9.0,3.0,2.0,2.0,3.0,3.0,1.0,4.0,7.0,2.0,1.0,2.0,2.0,2.0,2.0,1.0,0.0,2.0,3.0,2.0,3.0,4.0,4.0,4.0,4.0,3.0,3.0,1.0,2.0,2.0,2.0,1.0,2.0,2.0,2.0,2.0,3.0,1.0,1.0,1.0,8.0,7.0,6.0,4.0,8.0,7.0,2.0,2.0,2.0,2.0,2.0,2.0,2.0,7.0,8.0,3.0,1.0,1.0,3.0,2.0,2.0,2.0,3.0,1.0,2.0,2.0,9.0,9.0,1.0,1.0,2.0,2.0,1.0,2.0,2.0,2.0,2.0,3.0,4.0,4.0,3.0,3.0,2.0,2.0,3.0,2.0,1.0,1.0,1.0,1.0,2.0,2.0,3.0,3.0,3.0,3.0,2.0,3.0,3.0,3.0,2.0,3.0,3.0,2.0,2.0,1.0,4.0,1.0,2.0,3.0,2.0,3.0,4.0,1.0,2.0,2.0,2.0,4.0,2.0,4.0,1.0,3.0,8.0,2.0,4.0,8.0,10.0,3.0,9.0,9.0,2.0,9.0,8.0,9.0,9.0,3.0,2.0,2.0,3.0,2.0,3.0,4.0
716070463,1.0,2.0,1.0,2.0,1.0,1.0,1.0,2.0,1.0,2.0,2.0,1.0,2.0,2.0,1.0,2.0,1.0,1.0,2.0,2.0,2.0,1.0,2.0,2.0,2.0,2.0,1.0,3.0,3.0,3.0,2.0,2.0,2.0,4.0,1.0,4.0,5.0,1.0,2.0,2.0,3.0,1.0,1.0,1.0,2.0,1.0,6.0,10.0,4.0,4.0,4.0,4.0,4.0,4.0,2.0,2.0,1.0,2.0,2.0,4.0,3.0,4.0,1.0,3.0,3.0,3.0,1.0,3.0,3.0,1.0,3.0,1.0,3.0,1.0,3.0,1.0,1.0,1.0,1.0,1.0,1.0,0.0,0.0,0.0,0.0,0.0,0.0,0.0,0.0,0.0,0.0,9.0,8.0,5.0,5.0,10.0,1.0,10.0,4.0,3.0,3.0,3.0,3.0,2.0,2.0,9.0,2.0,2.0,2.0,0.0,0.0,0.0,2.0,0.0,0.0,2.0,2.0,1.0,1.0,1.0,3.0,3.0,3.0,3.0,1.0,1.0,2.0,3.0,1.0,2.0,2.0,2.0,1.0,1.0,1.0,2.0,1.0,8.0,4.0,10.0,5.0,5.0,9.0,10.0,1.0,1.0,2.0,1.0,2.0,3.0,2.0,1.0,1.0,2.0,1.0,1.0,6.0,1.0,3.0,5.0,5.0,2.0,2.0,2.0,6.0,6.0,6.0,2.0,6.0,8.0,5.0,6.0,6.0,6.0,6.0,2.0,2.0,3.0,2.0,3.0,5.0,1.0,1.0,4.0,5.0,5.0,5.0,5.0,3.0,3.0,3.0,3.0,3.0,3.0,3.0,3.0,3.0,3.0,3.0,3.0,3.0,3.0,1.0,4.0,1.0,3.0,1.0,3.0,2.0,2.0,1.0,1.0,1.0,1.0,2.0,1.0,2.0,1.0,1.0,3.0,7.0,5.0,9.0,9.0,9.0,9.0,5.0,8.0,8.0,6.0,4.0,6.0,2.0,1.0,1.0,2.0,1.0,1.0,1.0
458071124,1.0,1.0,1.0,3.0,1.0,1.0,1.0,2.0,2.0,1.0,2.0,1.0,1.0,2.0,1.0,2.0,2.0,1.0,2.0,2.0,1.0,1.0,2.0,1.0,1.0,2.0,2.0,4.0,2.0,3.0,3.0,3.0,2.0,1.0,3.0,4.0,4.0,2.0,2.0,2.0,2.0,2.0,2.0,3.0,3.0,3.0,5.0,5.0,5.0,4.0,4.0,4.0,4.0,4.0,1.0,1.0,1.0,2.0,1.0,3.0,3.0,4.0,1.0,1.0,3.0,2.0,2.0,1.0,1.0,1.0,2.0,1.0,1.0,2.0,1.0,2.0,1.0,1.0,1.0,1.0,2.0,0.0,0.0,2.0,1.0,1.0,1.0,1.0,2.0,1.0,1.0,5.0,5.0,5.0,5.0,5.0,2.0,6.0,2.0,2.0,2.0,2.0,2.0,2.0,4.0,7.0,3.0,2.0,2.0,1.0,1.0,1.0,2.0,0.0,1.0,3.0,2.0,2.0,2.0,3.0,2.0,3.0,3.0,3.0,1.0,1.0,2.0,1.0,1.0,2.0,2.0,1.0,1.0,1.0,2.0,2.0,1.0,6.0,6.0,4.0,6.0,3.0,6.0,10.0,1.0,1.0,1.0,1.0,1.0,1.0,2.0,1.0,1.0,1.0,1.0,5.0,1.0,1.0,1.0,1.0,1.0,1.0,2.0,1.0,2.0,1.0,1.0,1.0,1.0,3.0,1.0,1.0,1.0,1.0,3.0,1.0,1.0,2.0,3.0,2.0,1.0,1.0,1.0,1.0,1.0,1.0,1.0,1.0,3.0,3.0,3.0,3.0,1.0,2.0,2.0,1.0,2.0,3.0,3.0,3.0,1.0,1.0,1.0,4.0,2.0,4.0,2.0,2.0,4.0,4.0,2.0,2.0,1.0,1.0,1.0,1.0,3.0,1.0,3.0,7.0,5.0,2.0,3.0,6.0,7.0,8.0,4.0,4.0,5.0,8.0,8.0,8.0,2.0,1.0,1.0,1.0,1.0,3.0,3.0
630071068,1.0,2.0,2.0,3.0,1.0,2.0,2.0,2.0,1.0,2.0,2.0,1.0,1.0,2.0,1.0,2.0,1.0,1.0,2.0,2.0,2.0,2.0,2.0,1.0,2.0,2.0,1.0,1.0,2.0,4.0,4.0,1.0,3.0,1.0,4.0,3.0,4.0,2.0,1.0,4.0,2.0,3.0,1.0,1.0,3.0,2.0,10.0,10.0,8.0,3.0,4.0,3.0,3.0,4.0,1.0,2.0,1.0,1.0,1.0,3.0,3.0,3.0,2.0,2.0,4.0,2.0,3.0,3.0,3.0,3.0,3.0,3.0,3.0,1.0,3.0,3.0,1.0,2.0,2.0,3.0,1.0,1.0,1.0,1.0,2.0,2.0,0.0,1.0,0.0,0.0,0.0,10.0,1.0,10.0,1.0,10.0,1.0,10.0,2.0,2.0,2.0,2.0,3.0,2.0,2.0,10.0,3.0,0.0,2.0,0.0,0.0,1.0,2.0,0.0,2.0,2.0,1.0,3.0,4.0,4.0,4.0,4.0,4.0,4.0,1.0,1.0,2.0,1.0,1.0,2.0,2.0,2.0,2.0,2.0,1.0,2.0,1.0,10.0,10.0,10.0,10.0,10.0,10.0,10.0,1.0,2.0,2.0,2.0,2.0,4.0,6.0,1.0,1.0,2.0,2.0,10.0,1.0,1.0,1.0,1.0,1.0,5.0,1.0,5.0,2.0,5.0,1.0,3.0,1.0,2.0,1.0,1.0,5.0,1.0,3.0,2.0,2.0,2.0,3.0,1.0,2.0,1.0,2.0,1.0,2.0,1.0,1.0,2.0,1.0,3.0,1.0,3.0,1.0,1.0,1.0,1.0,2.0,3.0,3.0,3.0,1.0,1.0,2.0,2.0,2.0,2.0,2.0,2.0,2.0,2.0,2.0,2.0,1.0,,2.0,1.0,4.0,2.0,3.0,10.0,10.0,10.0,10.0,1.0,10.0,10.0,10.0,10.0,1.0,10.0,10.0,5.0,2.0,1.0,1.0,1.0,1.0,2.0,2.0
826071888,1.0,2.0,1.0,1.0,1.0,3.0,2.0,1.0,2.0,2.0,1.0,1.0,2.0,1.0,2.0,1.0,2.0,1.0,2.0,2.0,2.0,2.0,2.0,1.0,2.0,2.0,3.0,2.0,3.0,3.0,3.0,2.0,3.0,3.0,4.0,2.0,4.0,4.0,3.0,3.0,3.0,1.0,1.0,2.0,2.0,2.0,5.0,7.0,7.0,4.0,4.0,4.0,4.0,4.0,1.0,1.0,2.0,2.0,2.0,2.0,2.0,2.0,3.0,3.0,4.0,3.0,2.0,2.0,2.0,3.0,3.0,3.0,2.0,3.0,3.0,3.0,3.0,2.0,2.0,1.0,0.0,2.0,0.0,0.0,0.0,1.0,2.0,2.0,0.0,0.0,0.0,2.0,8.0,3.0,4.0,7.0,1.0,8.0,3.0,2.0,2.0,2.0,3.0,1.0,,5.0,4.0,2.0,2.0,0.0,2.0,0.0,2.0,0.0,0.0,2.0,2.0,4.0,3.0,4.0,3.0,3.0,3.0,3.0,,,,3.0,4.0,,,2.0,3.0,4.0,1.0,1.0,,4.0,5.0,2.0,6.0,6.0,6.0,4.0,1.0,2.0,2.0,,3.0,3.0,7.0,7.0,2.0,,,3.0,2.0,2.0,1.0,2.0,1.0,10.0,9.0,7.0,9.0,10.0,6.0,9.0,,2.0,2.0,3.0,9.0,3.0,2.0,3.0,4.0,4.0,2.0,2.0,5.0,2.0,2.0,2.0,2.0,2.0,5.0,3.0,1.0,1.0,2.0,2.0,1.0,1.0,1.0,1.0,2.0,1.0,2.0,2.0,2.0,1.0,2.0,4.0,2.0,3.0,3.0,1.0,2.0,4.0,3.0,1.0,1.0,3.0,4.0,2.0,4.0,2.0,4.0,3.0,4.0,1.0,8.0,2.0,1.0,9.0,1.0,3.0,10.0,9.0,7.0,3.0,2.0,2.0,3.0,4.0,2.0,2.0,1.0
50070319,1.0,2.0,3.0,3.0,1.0,1.0,1.0,2.0,1.0,1.0,2.0,1.0,2.0,2.0,1.0,2.0,2.0,1.0,2.0,2.0,1.0,2.0,1.0,2.0,1.0,2.0,1.0,2.0,3.0,4.0,1.0,3.0,4.0,1.0,2.0,5.0,1.0,1.0,2.0,1.0,2.0,3.0,1.0,1.0,2.0,2.0,7.0,7.0,3.0,4.0,4.0,1.0,1.0,4.0,1.0,1.0,1.0,1.0,2.0,2.0,3.0,3.0,2.0,1.0,1.0,1.0,3.0,3.0,2.0,2.0,4.0,2.0,2.0,2.0,3.0,1.0,2.0,1.0,1.0,1.0,0.0,0.0,0.0,0.0,0.0,0.0,0.0,0.0,0.0,0.0,0.0,3.0,8.0,2.0,1.0,1.0,1.0,10.0,3.0,2.0,2.0,3.0,2.0,2.0,1.0,8.0,2.0,0.0,0.0,2.0,2.0,2.0,2.0,2.0,2.0,1.0,1.0,3.0,3.0,4.0,4.0,4.0,4.0,4.0,1.0,1.0,2.0,4.0,4.0,2.0,2.0,3.0,4.0,4.0,2.0,2.0,1.0,10.0,10.0,9.0,2.0,1.0,10.0,10.0,1.0,1.0,1.0,1.0,1.0,1.0,3.0,4.0,1.0,1.0,1.0,9.0,2.0,1.0,2.0,2.0,1.0,1.0,1.0,1.0,1.0,1.0,1.0,1.0,1.0,1.0,1.0,1.0,1.0,1.0,1.0,1.0,1.0,1.0,2.0,2.0,5.0,1.0,5.0,5.0,5.0,5.0,5.0,5.0,3.0,3.0,3.0,3.0,3.0,3.0,2.0,2.0,3.0,3.0,2.0,3.0,2.0,2.0,3.0,4.0,1.0,2.0,2.0,3.0,2.0,2.0,3.0,2.0,1.0,2.0,4.0,4.0,4.0,3.0,2.0,7.0,10.0,9.0,10.0,2.0,2.0,10.0,9.0,9.0,10.0,3.0,3.0,7.0,2.0,2.0,1.0,2.0,1.0,4.0,1.0
417070040,1.0,1.0,3.0,4.0,1.0,4.0,1.0,2.0,1.0,2.0,2.0,1.0,2.0,1.0,2.0,1.0,2.0,1.0,2.0,1.0,2.0,1.0,1.0,1.0,2.0,2.0,1.0,4.0,1.0,1.0,1.0,1.0,1.0,1.0,5.0,5.0,1.0,1.0,1.0,1.0,1.0,3.0,1.0,3.0,2.0,2.0,10.0,10.0,10.0,4.0,4.0,4.0,4.0,4.0,2.0,2.0,1.0,1.0,4.0,4.0,4.0,4.0,1.0,1.0,4.0,4.0,4.0,4.0,4.0,1.0,4.0,4.0,4.0,4.0,4.0,4.0,1.0,4.0,4.0,1.0,0.0,0.0,0.0,0.0,0.0,0.0,0.0,0.0,0.0,0.0,0.0,10.0,10.0,10.0,10.0,10.0,2.0,10.0,4.0,2.0,4.0,4.0,1.0,4.0,1.0,10.0,1.0,2.0,2.0,0.0,2.0,0.0,2.0,0.0,0.0,2.0,4.0,4.0,3.0,4.0,4.0,4.0,4.0,4.0,2.0,1.0,2.0,4.0,1.0,2.0,2.0,4.0,1.0,1.0,1.0,1.0,1.0,10.0,10.0,10.0,1.0,1.0,10.0,10.0,1.0,,,,4.0,1.0,7.0,8.0,1.0,2.0,2.0,1.0,1.0,1.0,1.0,1.0,1.0,1.0,1.0,1.0,1.0,1.0,1.0,1.0,1.0,1.0,1.0,1.0,1.0,1.0,1.0,1.0,1.0,4.0,4.0,3.0,5.0,1.0,1.0,5.0,5.0,5.0,5.0,1.0,3.0,3.0,1.0,3.0,3.0,3.0,3.0,3.0,3.0,3.0,3.0,3.0,2.0,,1.0,1.0,1.0,,1.0,4.0,1.0,4.0,1.0,1.0,2.0,3.0,1.0,1.0,1.0,1.0,1.0,,10.0,1.0,10.0,10.0,10.0,10.0,10.0,10.0,10.0,1.0,10.0,10.0,2.0,1.0,1.0,1.0,1.0,3.0,3.0
566070591,1.0,1.0,1.0,1.0,1.0,1.0,1.0,1.0,1.0,1.0,2.0,1.0,2.0,2.0,2.0,2.0,2.0,1.0,2.0,1.0,2.0,1.0,2.0,2.0,2.0,2.0,1.0,4.0,4.0,1.0,4.0,1.0,4.0,2.0,2.0,5.0,1.0,1.0,1.0,1.0,1.0,1.0,1.0,1.0,3.0,1.0,5.0,5.0,5.0,2.0,3.0,3.0,2.0,4.0,3.0,2.0,1.0,1.0,1.0,1.0,2.0,2.0,1.0,1.0,1.0,1.0,1.0,4.0,1.0,2.0,3.0,3.0,1.0,3.0,1.0,1.0,1.0,1.0,1.0,1.0,2.0,0.0,0.0,2.0,2.0,2.0,2.0,0.0,0.0,2.0,2.0,2.0,2.0,2.0,1.0,1.0,1.0,10.0,3.0,3.0,3.0,4.0,3.0,3.0,4.0,9.0,5.0,2.0,2.0,2.0,2.0,2.0,2.0,2.0,2.0,3.0,3.0,2.0,1.0,1.0,2.0,2.0,3.0,3.0,1.0,1.0,2.0,1.0,1.0,2.0,1.0,2.0,2.0,2.0,1.0,2.0,1.0,10.0,9.0,6.0,7.0,2.0,8.0,10.0,1.0,1.0,1.0,1.0,1.0,2.0,1.0,1.0,1.0,2.0,2.0,7.0,1.0,1.0,1.0,8.0,1.0,1.0,1.0,1.0,1.0,2.0,1.0,1.0,1.0,10.0,1.0,1.0,9.0,1.0,3.0,1.0,,4.0,1.0,1.0,4.0,5.0,3.0,1.0,,5.0,5.0,1.0,3.0,3.0,1.0,3.0,3.0,3.0,1.0,1.0,3.0,3.0,1.0,1.0,1.0,1.0,3.0,2.0,2.0,1.0,2.0,1.0,1.0,1.0,3.0,3.0,1.0,2.0,3.0,1.0,1.0,2.0,1.0,5.0,1.0,1.0,10.0,2.0,8.0,7.0,10.0,9.0,10.0,2.0,4.0,2.0,3.0,3.0,1.0,1.0,2.0,3.0,4.0
392070177,1.0,3.0,1.0,3.0,1.0,4.0,2.0,1.0,1.0,2.0,1.0,2.0,2.0,1.0,2.0,1.0,2.0,1.0,2.0,2.0,2.0,2.0,2.0,2.0,2.0,2.0,3.0,3.0,4.0,4.0,4.0,,5.0,3.0,3.0,1.0,3.0,2.0,2.0,3.0,5.0,2.0,2.0,3.0,2.0,4.0,8.0,8.0,6.0,4.0,4.0,4.0,4.0,4.0,2.0,1.0,1.0,2.0,2.0,3.0,,,4.0,2.0,2.0,3.0,4.0,3.0,2.0,4.0,4.0,4.0,4.0,3.0,2.0,3.0,3.0,3.0,3.0,3.0,0.0,0.0,0.0,0.0,0.0,0.0,1.0,0.0,0.0,0.0,0.0,5.0,1.0,5.0,3.0,3.0,1.0,10.0,3.0,3.0,3.0,3.0,3.0,2.0,2.0,,5.0,2.0,2.0,2.0,2.0,2.0,2.0,2.0,2.0,1.0,3.0,4.0,3.0,4.0,4.0,4.0,3.0,2.0,1.0,2.0,,2.0,2.0,2.0,2.0,1.0,1.0,1.0,1.0,2.0,2.0,6.0,6.0,6.0,8.0,1.0,6.0,1.0,2.0,2.0,2.0,2.0,3.0,4.0,5.0,5.0,2.0,2.0,2.0,4.0,1.0,1.0,1.0,1.0,1.0,7.0,6.0,6.0,8.0,10.0,6.0,10.0,1.0,1.0,1.0,1.0,3.0,1.0,5.0,,,,2.0,3.0,1.0,1.0,1.0,3.0,3.0,1.0,3.0,2.0,1.0,,2.0,2.0,2.0,2.0,3.0,3.0,1.0,2.0,3.0,3.0,1.0,1.0,,,1.0,2.0,,,,,1.0,,1.0,4.0,4.0,4.0,4.0,1.0,4.0,4.0,10.0,1.0,10.0,10.0,1.0,10.0,1.0,1.0,10.0,10.0,7.0,5.0,3.0,3.0,1.0,1.0,2.0,,
558070372,1.0,2.0,2.0,2.0,1.0,2.0,1.0,2.0,2.0,1.0,2.0,1.0,2.0,1.0,2.0,2.0,1.0,1.0,2.0,2.0,2.0,2.0,2.0,1.0,2.0,2.0,2.0,3.0,3.0,3.0,3.0,3.0,4.0,3.0,4.0,3.0,4.0,2.0,3.0,2.0,2.0,3.0,1.0,1.0,2.0,2.0,5.0,3.0,6.0,3.0,3.0,3.0,3.0,4.0,1.0,2.0,1.0,3.0,2.0,4.0,4.0,4.0,1.0,4.0,3.0,3.0,4.0,4.0,4.0,4.0,4.0,4.0,4.0,2.0,4.0,3.0,2.0,2.0,2.0,2.0,1.0,2.0,0.0,0.0,0.0,0.0,0.0,0.0,0.0,0.0,0.0,7.0,5.0,10.0,1.0,7.0,1.0,10.0,4.0,3.0,3.0,3.0,3.0,3.0,4.0,7.0,3.0,2.0,2.0,0.0,2.0,0.0,2.0,2.0,2.0,2.0,2.0,3.0,3.0,3.0,3.0,4.0,4.0,4.0,1.0,1.0,2.0,1.0,1.0,2.0,2.0,1.0,1.0,2.0,1.0,1.0,,10.0,10.0,5.0,5.0,1.0,10.0,10.0,1.0,2.0,1.0,1.0,3.0,3.0,6.0,7.0,2.0,2.0,2.0,7.0,1.0,1.0,1.0,1.0,1.0,5.0,5.0,5.0,10.0,5.0,1.0,5.0,1.0,5.0,1.0,5.0,5.0,1.0,1.0,4.0,4.0,4.0,2.0,2.0,5.0,2.0,2.0,1.0,5.0,2.0,2.0,4.0,3.0,3.0,3.0,3.0,2.0,3.0,3.0,2.0,,,,,3.0,3.0,3.0,3.0,3.0,3.0,3.0,3.0,3.0,3.0,3.0,3.0,1.0,4.0,2.0,1.0,3.0,1.0,3.0,,5.0,5.0,5.0,5.0,5.0,10.0,5.0,5.0,10.0,10.0,1.0,1.0,3.0,1.0,2.0,2.0,3.0,3.0,3.0
410070751,1.0,2.0,2.0,3.0,2.0,4.0,2.0,2.0,1.0,1.0,1.0,1.0,2.0,1.0,2.0,2.0,2.0,1.0,2.0,1.0,2.0,1.0,2.0,1.0,2.0,2.0,2.0,2.0,2.0,3.0,3.0,3.0,3.0,2.0,4.0,3.0,3.0,2.0,2.0,2.0,2.0,3.0,1.0,1.0,2.0,2.0,8.0,7.0,7.0,4.0,4.0,4.0,4.0,4.0,2.0,2.0,2.0,3.0,2.0,3.0,3.0,3.0,3.0,3.0,3.0,2.0,2.0,2.0,2.0,3.0,3.0,3.0,3.0,2.0,2.0,3.0,3.0,3.0,3.0,3.0,0.0,0.0,0.0,0.0,0.0,0.0,0.0,0.0,0.0,0.0,0.0,7.0,7.0,4.0,3.0,6.0,2.0,8.0,3.0,3.0,3.0,3.0,3.0,2.0,5.0,4.0,4.0,2.0,2.0,2.0,1.0,2.0,2.0,2.0,2.0,3.0,2.0,3.0,3.0,3.0,3.0,3.0,3.0,3.0,1.0,2.0,2.0,2.0,2.0,2.0,2.0,2.0,2.0,3.0,1.0,2.0,1.0,8.0,8.0,4.0,4.0,3.0,8.0,3.0,2.0,2.0,2.0,2.0,3.0,4.0,7.0,8.0,3.0,1.0,1.0,8.0,1.0,2.0,1.0,2.0,2.0,4.0,5.0,5.0,6.0,5.0,5.0,6.0,2.0,2.0,1.0,2.0,5.0,2.0,5.0,4.0,4.0,4.0,3.0,2.0,2.0,1.0,2.0,1.0,2.0,1.0,2.0,1.0,2.0,1.0,2.0,2.0,2.0,2.0,2.0,2.0,2.0,2.0,2.0,2.0,2.0,2.0,2.0,3.0,3.0,3.0,3.0,3.0,4.0,4.0,1.0,2.0,1.0,,1.0,2.0,4.0,1.0,4.0,3.0,7.0,3.0,9.0,7.0,2.0,9.0,6.0,1.0,7.0,9.0,8.0,7.0,2.0,3.0,2.0,2.0,2.0,2.0,3.0
231070066,1.0,2.0,2.0,4.0,1.0,1.0,1.0,2.0,1.0,2.0,2.0,2.0,1.0,2.0,1.0,2.0,1.0,1.0,1.0,1.0,1.0,2.0,1.0,1.0,2.0,2.0,1.0,2.0,2.0,4.0,3.0,4.0,2.0,1.0,4.0,5.0,1.0,2.0,2.0,2.0,1.0,3.0,1.0,1.0,3.0,3.0,4.0,1.0,3.0,4.0,4.0,3.0,1.0,4.0,1.0,2.0,1.0,2.0,2.0,2.0,3.0,3.0,1.0,2.0,2.0,2.0,2.0,2.0,2.0,2.0,4.0,4.0,2.0,2.0,2.0,3.0,1.0,2.0,2.0,2.0,1.0,0.0,0.0,0.0,0.0,0.0,0.0,0.0,0.0,0.0,0.0,3.0,1.0,5.0,1.0,1.0,1.0,7.0,4.0,4.0,3.0,3.0,4.0,4.0,4.0,9.0,1.0,2.0,0.0,0.0,0.0,1.0,0.0,2.0,2.0,4.0,3.0,2.0,2.0,2.0,2.0,2.0,1.0,3.0,1.0,1.0,2.0,1.0,2.0,2.0,2.0,1.0,1.0,1.0,2.0,1.0,1.0,5.0,8.0,10.0,8.0,7.0,1.0,10.0,1.0,1.0,2.0,1.0,1.0,1.0,2.0,1.0,1.0,1.0,2.0,6.0,1.0,5.0,1.0,1.0,1.0,1.0,6.0,6.0,8.0,5.0,1.0,3.0,5.0,6.0,1.0,1.0,1.0,1.0,1.0,4.0,4.0,4.0,4.0,3.0,5.0,1.0,5.0,1.0,5.0,5.0,5.0,3.0,3.0,3.0,3.0,3.0,3.0,3.0,3.0,3.0,3.0,3.0,3.0,3.0,1.0,1.0,2.0,2.0,2.0,1.0,3.0,3.0,2.0,2.0,3.0,2.0,1.0,3.0,3.0,4.0,4.0,1.0,3.0,7.0,1.0,1.0,10.0,6.0,6.0,9.0,5.0,10.0,10.0,9.0,5.0,1.0,3.0,1.0,2.0,2.0,1.0,3.0,4.0
586070646,1.0,2.0,2.0,3.0,1.0,1.0,1.0,2.0,2.0,2.0,2.0,2.0,2.0,2.0,2.0,2.0,2.0,2.0,2.0,2.0,2.0,2.0,2.0,1.0,2.0,2.0,1.0,2.0,2.0,2.0,2.0,1.0,2.0,1.0,2.0,2.0,3.0,1.0,1.0,1.0,1.0,2.0,1.0,2.0,2.0,2.0,10.0,10.0,10.0,3.0,4.0,4.0,2.0,4.0,3.0,2.0,1.0,2.0,1.0,2.0,2.0,4.0,1.0,1.0,2.0,3.0,1.0,2.0,2.0,2.0,2.0,2.0,2.0,1.0,,,,,,,,,,,,,,,,,,,,10.0,1.0,,2.0,10.0,3.0,3.0,3.0,3.0,3.0,3.0,1.0,1.0,1.0,2.0,2.0,2.0,2.0,2.0,0.0,2.0,2.0,4.0,2.0,2.0,2.0,2.0,2.0,2.0,2.0,4.0,1.0,1.0,2.0,1.0,1.0,1.0,1.0,1.0,1.0,1.0,1.0,2.0,1.0,10.0,10.0,1.0,10.0,10.0,10.0,10.0,1.0,1.0,1.0,1.0,1.0,1.0,1.0,1.0,1.0,1.0,1.0,1.0,,1.0,1.0,1.0,1.0,1.0,1.0,1.0,1.0,1.0,1.0,1.0,1.0,1.0,1.0,1.0,1.0,1.0,1.0,2.0,2.0,2.0,2.0,2.0,3.0,4.0,5.0,2.0,5.0,1.0,1.0,1.0,1.0,3.0,1.0,1.0,3.0,3.0,2.0,1.0,2.0,,,,1.0,1.0,2.0,2.0,2.0,2.0,2.0,2.0,2.0,2.0,2.0,2.0,1.0,1.0,4.0,2.0,1.0,1.0,1.0,,10.0,10.0,10.0,10.0,1.0,10.0,10.0,10.0,10.0,10.0,10.0,10.0,2.0,1.0,1.0,1.0,1.0,1.0,1.0
300070998,1.0,2.0,2.0,3.0,1.0,1.0,2.0,1.0,1.0,2.0,2.0,1.0,2.0,1.0,1.0,2.0,2.0,1.0,2.0,2.0,1.0,1.0,2.0,1.0,2.0,2.0,2.0,3.0,2.0,3.0,2.0,2.0,2.0,2.0,4.0,4.0,3.0,2.0,4.0,2.0,2.0,3.0,2.0,2.0,3.0,2.0,6.0,6.0,4.0,3.0,3.0,2.0,2.0,4.0,1.0,2.0,1.0,2.0,2.0,3.0,4.0,4.0,2.0,2.0,3.0,3.0,,2.0,3.0,3.0,3.0,3.0,3.0,2.0,3.0,3.0,3.0,,,,0.0,0.0,0.0,0.0,0.0,0.0,0.0,0.0,0.0,0.0,0.0,,6.0,7.0,5.0,3.0,2.0,8.0,,,2.0,2.0,,1.0,,7.0,3.0,2.0,1.0,2.0,1.0,0.0,2.0,0.0,2.0,3.0,2.0,3.0,3.0,4.0,4.0,,4.0,4.0,2.0,2.0,2.0,2.0,4.0,2.0,2.0,3.0,3.0,4.0,1.0,2.0,1.0,6.0,6.0,5.0,5.0,7.0,6.0,9.0,1.0,1.0,,,2.0,2.0,3.0,2.0,1.0,1.0,,,2.0,1.0,1.0,1.0,1.0,2.0,3.0,2.0,5.0,6.0,2.0,,1.0,2.0,1.0,1.0,7.0,2.0,3.0,,,,4.0,2.0,5.0,1.0,4.0,5.0,,,,2.0,3.0,3.0,2.0,3.0,3.0,2.0,3.0,3.0,,,,,2.0,2.0,2.0,,2.0,,3.0,3.0,,4.0,2.0,2.0,2.0,,4.0,,4.0,1.0,,7.0,,,9.0,5.0,4.0,8.0,,,8.0,8.0,6.0,5.0,,2.0,1.0,1.0,1.0,2.0,2.0
156071794,1.0,2.0,2.0,3.0,2.0,4.0,1.0,1.0,1.0,1.0,2.0,1.0,2.0,2.0,2.0,2.0,2.0,1.0,2.0,1.0,2.0,2.0,2.0,1.0,2.0,2.0,3.0,3.0,3.0,3.0,3.0,2.0,4.0,4.0,2.0,3.0,2.0,4.0,4.0,4.0,2.0,1.0,1.0,3.0,2.0,1.0,8.0,8.0,8.0,4.0,4.0,4.0,4.0,4.0,1.0,1.0,1.0,3.0,1.0,3.0,3.0,3.0,4.0,1.0,3.0,2.0,2.0,2.0,2.0,2.0,1.0,1.0,2.0,2.0,3.0,3.0,2.0,3.0,2.0,2.0,0.0,0.0,0.0,0.0,0.0,0.0,0.0,0.0,0.0,0.0,0.0,5.0,5.0,4.0,4.0,4.0,1.0,8.0,3.0,3.0,3.0,2.0,2.0,3.0,4.0,9.0,4.0,1.0,2.0,1.0,,1.0,2.0,1.0,1.0,,2.0,,,,,,,,,,,1.0,1.0,2.0,2.0,1.0,1.0,,1.0,2.0,1.0,10.0,10.0,7.0,5.0,1.0,9.0,2.0,2.0,2.0,1.0,1.0,4.0,4.0,7.0,8.0,3.0,2.0,1.0,9.0,2.0,1.0,1.0,1.0,1.0,1.0,1.0,1.0,1.0,7.0,1.0,1.0,1.0,1.0,1.0,1.0,1.0,1.0,1.0,4.0,4.0,4.0,3.0,3.0,4.0,4.0,4.0,3.0,4.0,4.0,4.0,3.0,3.0,3.0,3.0,3.0,1.0,3.0,3.0,2.0,3.0,3.0,3.0,3.0,3.0,,,,,,,,,,,,,,2.0,3.0,1.0,1.0,3.0,,1.0,1.0,8.0,4.0,7.0,8.0,8.0,4.0,9.0,9.0,8.0,6.0,2.0,1.0,1.0,1.0,1.0,3.0,3.0
434070618,1.0,1.0,2.0,4.0,2.0,1.0,1.0,1.0,2.0,1.0,2.0,1.0,2.0,2.0,1.0,2.0,2.0,1.0,2.0,2.0,2.0,1.0,2.0,1.0,1.0,2.0,1.0,3.0,3.0,4.0,3.0,3.0,4.0,2.0,2.0,5.0,4.0,1.0,2.0,1.0,2.0,3.0,1.0,3.0,3.0,1.0,10.0,6.0,6.0,4.0,2.0,3.0,4.0,3.0,3.0,2.0,1.0,4.0,2.0,4.0,2.0,2.0,1.0,4.0,4.0,4.0,4.0,4.0,4.0,4.0,4.0,4.0,3.0,4.0,4.0,4.0,4.0,3.0,4.0,3.0,0.0,0.0,1.0,0.0,0.0,0.0,0.0,0.0,0.0,1.0,0.0,10.0,,5.0,3.0,,1.0,10.0,4.0,3.0,3.0,2.0,3.0,2.0,,,5.0,2.0,2.0,2.0,2.0,2.0,2.0,2.0,2.0,2.0,2.0,2.0,1.0,2.0,1.0,1.0,1.0,2.0,1.0,2.0,2.0,1.0,1.0,2.0,2.0,1.0,1.0,1.0,2.0,2.0,2.0,10.0,,7.0,10.0,,10.0,10.0,1.0,1.0,1.0,1.0,1.0,1.0,2.0,1.0,1.0,1.0,2.0,,1.0,1.0,1.0,1.0,1.0,1.0,1.0,1.0,1.0,1.0,1.0,1.0,1.0,1.0,1.0,1.0,1.0,1.0,1.0,4.0,4.0,3.0,4.0,2.0,5.0,3.0,2.0,1.0,5.0,5.0,1.0,2.0,2.0,2.0,2.0,2.0,1.0,3.0,3.0,2.0,1.0,2.0,3.0,3.0,3.0,3.0,3.0,1.0,1.0,1.0,1.0,3.0,3.0,3.0,1.0,4.0,1.0,4.0,1.0,2.0,4.0,2.0,2.0,5.0,1.0,1.0,9.0,1.0,1.0,10.0,1.0,5.0,10.0,5.0,1.0,,4.0,2.0,2.0,2.0,2.0,1.0,2.0
124073038,1.0,2.0,1.0,3.0,3.0,4.0,2.0,1.0,1.0,2.0,2.0,1.0,2.0,1.0,2.0,1.0,2.0,1.0,2.0,2.0,2.0,2.0,2.0,1.0,2.0,2.0,1.0,4.0,4.0,4.0,4.0,3.0,5.0,4.0,5.0,1.0,4.0,4.0,4.0,4.0,5.0,1.0,2.0,2.0,2.0,2.0,7.0,5.0,6.0,4.0,4.0,4.0,4.0,4.0,2.0,2.0,1.0,2.0,1.0,3.0,2.0,2.0,3.0,2.0,3.0,3.0,3.0,2.0,3.0,3.0,3.0,3.0,3.0,2.0,3.0,3.0,3.0,2.0,1.0,2.0,0.0,2.0,0.0,0.0,0.0,1.0,1.0,0.0,0.0,0.0,1.0,4.0,5.0,3.0,4.0,7.0,1.0,7.0,1.0,1.0,2.0,2.0,2.0,2.0,2.0,4.0,3.0,2.0,2.0,1.0,2.0,0.0,2.0,0.0,0.0,2.0,2.0,4.0,4.0,4.0,4.0,4.0,4.0,4.0,1.0,1.0,2.0,2.0,2.0,2.0,1.0,3.0,4.0,3.0,2.0,2.0,2.0,7.0,8.0,1.0,6.0,2.0,8.0,1.0,2.0,2.0,2.0,1.0,4.0,4.0,7.0,8.0,3.0,1.0,2.0,7.0,1.0,4.0,1.0,3.0,1.0,10.0,5.0,9.0,9.0,10.0,7.0,8.0,1.0,1.0,1.0,1.0,10.0,3.0,5.0,3.0,4.0,4.0,3.0,3.0,5.0,3.0,5.0,5.0,5.0,5.0,4.0,3.0,1.0,3.0,2.0,3.0,1.0,1.0,1.0,1.0,2.0,1.0,3.0,3.0,1.0,1.0,4.0,2.0,3.0,3.0,3.0,2.0,3.0,3.0,3.0,4.0,1.0,3.0,4.0,2.0,2.0,1.0,4.0,4.0,7.0,1.0,9.0,7.0,6.0,8.0,6.0,6.0,10.0,10.0,7.0,7.0,2.0,2.0,1.0,2.0,2.0,2.0,3.0
630070617,1.0,2.0,1.0,1.0,1.0,1.0,1.0,2.0,2.0,2.0,1.0,2.0,2.0,2.0,1.0,1.0,1.0,2.0,2.0,2.0,2.0,1.0,2.0,2.0,2.0,2.0,1.0,3.0,4.0,4.0,4.0,1.0,5.0,5.0,4.0,4.0,2.0,1.0,3.0,1.0,4.0,3.0,3.0,1.0,2.0,3.0,4.0,10.0,8.0,4.0,4.0,4.0,2.0,4.0,1.0,2.0,1.0,2.0,1.0,2.0,2.0,2.0,1.0,2.0,3.0,3.0,1.0,3.0,3.0,3.0,3.0,3.0,3.0,1.0,2.0,2.0,3.0,1.0,2.0,2.0,1.0,0.0,1.0,0.0,1.0,0.0,1.0,1.0,0.0,0.0,0.0,10.0,1.0,10.0,1.0,1.0,1.0,5.0,2.0,2.0,2.0,2.0,2.0,2.0,5.0,4.0,5.0,2.0,2.0,2.0,2.0,1.0,1.0,2.0,2.0,3.0,1.0,3.0,4.0,4.0,4.0,3.0,4.0,4.0,2.0,2.0,2.0,4.0,3.0,2.0,2.0,1.0,1.0,2.0,1.0,2.0,2.0,10.0,10.0,10.0,1.0,5.0,8.0,10.0,1.0,1.0,1.0,1.0,3.0,3.0,4.0,1.0,1.0,2.0,2.0,1.0,1.0,1.0,1.0,1.0,1.0,1.0,1.0,1.0,5.0,1.0,1.0,5.0,1.0,6.0,1.0,1.0,1.0,1.0,1.0,3.0,4.0,4.0,1.0,1.0,1.0,2.0,1.0,5.0,5.0,5.0,5.0,2.0,2.0,3.0,2.0,2.0,1.0,1.0,2.0,3.0,1.0,,2.0,3.0,1.0,,3.0,3.0,2.0,1.0,1.0,3.0,4.0,4.0,1.0,1.0,1.0,,2.0,2.0,4.0,1.0,3.0,10.0,10.0,1.0,10.0,5.0,1.0,10.0,5.0,5.0,1.0,10.0,5.0,7.0,1.0,1.0,2.0,2.0,2.0,2.0,2.0
156071964,1.0,1.0,2.0,1.0,1.0,3.0,1.0,1.0,1.0,1.0,2.0,1.0,2.0,2.0,2.0,2.0,2.0,1.0,2.0,1.0,2.0,1.0,1.0,1.0,1.0,2.0,1.0,1.0,3.0,4.0,4.0,2.0,2.0,1.0,5.0,3.0,4.0,1.0,2.0,4.0,2.0,3.0,1.0,3.0,2.0,3.0,5.0,5.0,3.0,2.0,2.0,3.0,2.0,3.0,1.0,1.0,1.0,2.0,2.0,2.0,4.0,3.0,4.0,2.0,3.0,3.0,2.0,3.0,3.0,3.0,3.0,2.0,3.0,2.0,3.0,3.0,2.0,4.0,3.0,3.0,0.0,0.0,0.0,0.0,0.0,0.0,0.0,0.0,0.0,0.0,0.0,1.0,1.0,1.0,5.0,5.0,2.0,9.0,3.0,3.0,3.0,3.0,2.0,4.0,4.0,10.0,4.0,2.0,2.0,1.0,,2.0,2.0,2.0,2.0,,3.0,,,,,,,,,,,1.0,1.0,1.0,1.0,1.0,1.0,,2.0,2.0,1.0,10.0,10.0,10.0,8.0,1.0,10.0,1.0,2.0,2.0,2.0,2.0,4.0,4.0,4.0,8.0,2.0,2.0,1.0,9.0,1.0,1.0,1.0,1.0,1.0,1.0,1.0,5.0,1.0,1.0,1.0,10.0,1.0,5.0,1.0,1.0,1.0,1.0,5.0,1.0,3.0,4.0,2.0,2.0,5.0,3.0,5.0,1.0,5.0,4.0,3.0,4.0,2.0,1.0,2.0,3.0,1.0,3.0,3.0,2.0,1.0,3.0,2.0,3.0,2.0,,,,,,,,,,,,,,3.0,2.0,2.0,1.0,3.0,,8.0,1.0,10.0,10.0,8.0,10.0,10.0,5.0,10.0,10.0,5.0,5.0,3.0,2.0,2.0,2.0,2.0,2.0,4.0
276071320,2.0,2.0,2.0,2.0,1.0,4.0,1.0,2.0,2.0,1.0,2.0,1.0,2.0,1.0,2.0,2.0,1.0,1.0,2.0,2.0,2.0,2.0,2.0,1.0,2.0,2.0,2.0,3.0,3.0,3.0,3.0,3.0,5.0,4.0,5.0,1.0,4.0,4.0,2.0,1.0,2.0,1.0,1.0,1.0,2.0,3.0,8.0,9.0,8.0,4.0,4.0,4.0,4.0,4.0,1.0,1.0,1.0,2.0,2.0,3.0,2.0,2.0,3.0,2.0,2.0,2.0,3.0,2.0,1.0,2.0,3.0,2.0,3.0,2.0,1.0,3.0,2.0,2.0,2.0,2.0,0.0,0.0,0.0,0.0,0.0,0.0,1.0,0.0,0.0,0.0,0.0,8.0,5.0,3.0,3.0,7.0,2.0,4.0,2.0,2.0,1.0,2.0,2.0,1.0,4.0,3.0,2.0,0.0,2.0,0.0,2.0,2.0,2.0,2.0,2.0,2.0,2.0,4.0,4.0,4.0,4.0,4.0,4.0,4.0,1.0,1.0,2.0,3.0,3.0,2.0,1.0,3.0,2.0,3.0,1.0,2.0,1.0,8.0,9.0,2.0,2.0,2.0,10.0,8.0,1.0,1.0,2.0,1.0,3.0,3.0,7.0,5.0,2.0,1.0,2.0,9.0,1.0,1.0,1.0,1.0,2.0,10.0,10.0,10.0,10.0,10.0,10.0,10.0,1.0,1.0,2.0,1.0,10.0,1.0,3.0,1.0,3.0,2.0,1.0,2.0,1.0,1.0,1.0,1.0,1.0,1.0,5.0,2.0,1.0,1.0,1.0,2.0,1.0,1.0,1.0,1.0,1.0,2.0,3.0,3.0,1.0,1.0,1.0,4.0,2.0,4.0,1.0,1.0,4.0,4.0,1.0,1.0,1.0,,4.0,2.0,4.0,1.0,3.0,7.0,8.0,1.0,10.0,8.0,1.0,10.0,8.0,9.0,10.0,10.0,8.0,7.0,1.0,2.0,2.0,2.0,1.0,2.0,3.0
20070094,1.0,1.0,2.0,4.0,1.0,3.0,1.0,1.0,2.0,2.0,2.0,1.0,2.0,2.0,2.0,1.0,1.0,2.0,2.0,2.0,2.0,2.0,2.0,2.0,2.0,2.0,1.0,2.0,4.0,4.0,4.0,1.0,1.0,1.0,1.0,1.0,1.0,1.0,1.0,1.0,1.0,3.0,3.0,1.0,1.0,3.0,8.0,6.0,10.0,4.0,3.0,4.0,2.0,2.0,1.0,2.0,1.0,3.0,1.0,4.0,3.0,3.0,3.0,,3.0,3.0,3.0,2.0,4.0,4.0,3.0,3.0,3.0,2.0,3.0,3.0,3.0,2.0,2.0,2.0,0.0,0.0,0.0,0.0,0.0,0.0,0.0,0.0,0.0,0.0,0.0,10.0,1.0,1.0,10.0,10.0,1.0,6.0,4.0,2.0,2.0,1.0,1.0,2.0,5.0,10.0,3.0,2.0,2.0,0.0,1.0,1.0,,2.0,0.0,2.0,3.0,3.0,1.0,1.0,2.0,1.0,1.0,4.0,1.0,2.0,2.0,1.0,2.0,2.0,2.0,1.0,1.0,1.0,2.0,2.0,1.0,8.0,10.0,10.0,10.0,10.0,6.0,6.0,1.0,2.0,2.0,2.0,4.0,4.0,7.0,7.0,1.0,2.0,2.0,10.0,1.0,1.0,1.0,1.0,1.0,10.0,2.0,8.0,10.0,10.0,5.0,10.0,1.0,5.0,1.0,1.0,1.0,1.0,10.0,1.0,2.0,4.0,4.0,3.0,1.0,2.0,5.0,1.0,1.0,1.0,1.0,1.0,2.0,3.0,2.0,2.0,3.0,2.0,3.0,3.0,3.0,3.0,3.0,3.0,,,1.0,4.0,4.0,3.0,2.0,1.0,1.0,4.0,1.0,1.0,1.0,1.0,4.0,1.0,4.0,1.0,4.0,5.0,10.0,1.0,10.0,10.0,1.0,10.0,10.0,1.0,10.0,10.0,1.0,3.0,4.0,,2.0,2.0,4.0,1.0,1.0
364072725,1.0,2.0,1.0,2.0,2.0,1.0,2.0,2.0,1.0,1.0,1.0,1.0,2.0,1.0,2.0,2.0,2.0,1.0,2.0,1.0,2.0,,1.0,1.0,1.0,2.0,1.0,2.0,3.0,3.0,3.0,2.0,1.0,1.0,3.0,,5.0,3.0,1.0,3.0,1.0,3.0,1.0,3.0,1.0,2.0,9.0,5.0,2.0,4.0,4.0,4.0,3.0,1.0,1.0,2.0,2.0,4.0,2.0,4.0,4.0,4.0,2.0,2.0,2.0,2.0,3.0,1.0,4.0,4.0,4.0,4.0,2.0,4.0,2.0,4.0,4.0,3.0,3.0,2.0,0.0,0.0,0.0,0.0,0.0,0.0,0.0,0.0,0.0,0.0,0.0,9.0,9.0,5.0,5.0,8.0,2.0,5.0,3.0,3.0,2.0,3.0,2.0,4.0,2.0,1.0,2.0,2.0,0.0,2.0,2.0,2.0,0.0,2.0,2.0,2.0,1.0,3.0,3.0,4.0,4.0,2.0,3.0,4.0,2.0,2.0,2.0,4.0,4.0,2.0,2.0,3.0,2.0,4.0,1.0,2.0,1.0,6.0,5.0,3.0,1.0,5.0,5.0,1.0,1.0,1.0,1.0,1.0,4.0,1.0,7.0,4.0,2.0,1.0,2.0,5.0,2.0,3.0,1.0,3.0,2.0,1.0,,2.0,1.0,5.0,1.0,1.0,1.0,5.0,1.0,1.0,,1.0,3.0,1.0,1.0,2.0,2.0,2.0,5.0,2.0,5.0,5.0,2.0,4.0,1.0,2.0,2.0,1.0,2.0,2.0,3.0,2.0,1.0,1.0,2.0,2.0,1.0,3.0,1.0,1.0,1.0,2.0,2.0,1.0,2.0,4.0,1.0,2.0,3.0,2.0,2.0,5.0,2.0,1.0,2.0,1.0,4.0,,5.0,2.0,5.0,5.0,6.0,9.0,4.0,7.0,10.0,10.0,4.0,6.0,3.0,1.0,1.0,1.0,1.0,2.0,1.0
586070769,1.0,2.0,1.0,1.0,2.0,1.0,1.0,2.0,2.0,2.0,2.0,1.0,2.0,2.0,1.0,1.0,1.0,1.0,1.0,1.0,2.0,1.0,1.0,1.0,1.0,1.0,1.0,4.0,1.0,2.0,1.0,4.0,1.0,1.0,1.0,5.0,5.0,1.0,1.0,1.0,5.0,1.0,1.0,3.0,2.0,1.0,5.0,5.0,5.0,4.0,4.0,4.0,1.0,4.0,3.0,2.0,1.0,2.0,2.0,4.0,2.0,2.0,1.0,1.0,2.0,2.0,1.0,4.0,2.0,1.0,2.0,2.0,2.0,1.0,1.0,2.0,1.0,2.0,4.0,1.0,0.0,0.0,0.0,0.0,1.0,0.0,0.0,0.0,0.0,0.0,0.0,10.0,5.0,5.0,1.0,1.0,2.0,6.0,3.0,2.0,3.0,2.0,3.0,2.0,4.0,8.0,3.0,1.0,2.0,2.0,2.0,2.0,1.0,0.0,2.0,1.0,2.0,2.0,3.0,3.0,4.0,4.0,4.0,3.0,2.0,1.0,2.0,2.0,1.0,2.0,2.0,1.0,1.0,1.0,1.0,1.0,1.0,4.0,3.0,8.0,9.0,2.0,3.0,10.0,1.0,1.0,1.0,1.0,1.0,4.0,4.0,5.0,1.0,1.0,2.0,3.0,1.0,1.0,1.0,1.0,1.0,1.0,1.0,1.0,1.0,1.0,1.0,1.0,1.0,1.0,1.0,1.0,1.0,1.0,1.0,1.0,1.0,1.0,2.0,2.0,4.0,4.0,5.0,5.0,5.0,5.0,5.0,1.0,3.0,3.0,1.0,3.0,3.0,2.0,2.0,1.0,3.0,3.0,3.0,3.0,1.0,1.0,1.0,2.0,2.0,4.0,1.0,1.0,2.0,4.0,1.0,1.0,1.0,3.0,3.0,1.0,2.0,2.0,1.0,,10.0,10.0,5.0,10.0,10.0,10.0,10.0,10.0,5.0,10.0,10.0,10.0,2.0,1.0,1.0,1.0,1.0,2.0,2.0
400070905,1.0,2.0,2.0,2.0,,1.0,1.0,2.0,2.0,1.0,2.0,1.0,2.0,2.0,2.0,1.0,1.0,1.0,2.0,1.0,2.0,1.0,2.0,1.0,1.0,2.0,1.0,2.0,2.0,3.0,3.0,3.0,2.0,2.0,3.0,,1.0,1.0,1.0,1.0,1.0,3.0,1.0,1.0,2.0,2.0,8.0,5.0,9.0,3.0,2.0,4.0,4.0,4.0,3.0,2.0,1.0,2.0,2.0,2.0,2.0,2.0,2.0,1.0,3.0,3.0,,1.0,2.0,1.0,4.0,4.0,3.0,2.0,4.0,2.0,2.0,2.0,1.0,1.0,0.0,0.0,0.0,0.0,0.0,0.0,0.0,0.0,0.0,0.0,0.0,8.0,8.0,3.0,5.0,8.0,2.0,9.0,3.0,3.0,3.0,2.0,2.0,1.0,2.0,2.0,1.0,0.0,2.0,2.0,1.0,2.0,2.0,2.0,2.0,4.0,2.0,3.0,3.0,4.0,3.0,4.0,3.0,4.0,1.0,1.0,2.0,,2.0,2.0,2.0,2.0,3.0,4.0,2.0,2.0,1.0,9.0,9.0,4.0,8.0,6.0,8.0,10.0,1.0,1.0,1.0,1.0,1.0,1.0,7.0,1.0,1.0,1.0,2.0,5.0,2.0,,1.0,1.0,1.0,1.0,,2.0,3.0,1.0,1.0,1.0,2.0,2.0,1.0,1.0,,1.0,3.0,1.0,3.0,3.0,2.0,2.0,5.0,1.0,5.0,5.0,5.0,2.0,1.0,1.0,3.0,3.0,3.0,3.0,3.0,3.0,3.0,3.0,1.0,3.0,3.0,3.0,1.0,1.0,3.0,3.0,,1.0,3.0,3.0,1.0,2.0,,3.0,1.0,4.0,3.0,3.0,4.0,2.0,3.0,,9.0,5.0,10.0,9.0,5.0,9.0,10.0,5.0,10.0,10.0,6.0,4.0,3.0,1.0,1.0,1.0,1.0,1.0,2.0
496070265,1.0,1.0,1.0,4.0,2.0,4.0,2.0,1.0,2.0,1.0,2.0,1.0,1.0,2.0,1.0,2.0,2.0,2.0,1.0,2.0,2.0,1.0,2.0,1.0,2.0,2.0,1.0,1.0,3.0,4.0,2.0,3.0,2.0,1.0,2.0,3.0,2.0,2.0,1.0,2.0,2.0,1.0,1.0,3.0,2.0,3.0,8.0,6.0,5.0,4.0,4.0,4.0,4.0,4.0,1.0,1.0,1.0,1.0,1.0,2.0,2.0,3.0,4.0,3.0,3.0,3.0,3.0,3.0,3.0,3.0,4.0,4.0,3.0,2.0,4.0,2.0,2.0,2.0,2.0,2.0,0.0,0.0,0.0,0.0,0.0,0.0,0.0,0.0,0.0,0.0,0.0,8.0,5.0,8.0,5.0,5.0,1.0,8.0,3.0,3.0,3.0,2.0,2.0,2.0,2.0,4.0,1.0,0.0,0.0,2.0,0.0,2.0,1.0,2.0,2.0,3.0,3.0,3.0,2.0,3.0,3.0,4.0,3.0,3.0,2.0,2.0,2.0,2.0,2.0,2.0,2.0,3.0,3.0,3.0,2.0,2.0,2.0,8.0,8.0,5.0,5.0,5.0,9.0,1.0,2.0,2.0,2.0,2.0,4.0,4.0,7.0,8.0,2.0,2.0,1.0,5.0,5.0,5.0,5.0,5.0,5.0,5.0,5.0,5.0,5.0,5.0,5.0,5.0,5.0,5.0,5.0,5.0,5.0,5.0,5.0,4.0,4.0,4.0,4.0,3.0,5.0,2.0,5.0,2.0,5.0,2.0,2.0,3.0,1.0,2.0,2.0,2.0,3.0,3.0,3.0,3.0,3.0,3.0,3.0,3.0,2.0,2.0,3.0,3.0,3.0,2.0,2.0,2.0,2.0,3.0,4.0,3.0,1.0,4.0,2.0,2.0,2.0,2.0,4.0,3.0,8.0,5.0,6.0,8.0,5.0,7.0,5.0,5.0,8.0,8.0,5.0,4.0,3.0,2.0,2.0,2.0,3.0,4.0,4.0
203070847,,2.0,1.0,1.0,3.0,4.0,1.0,2.0,2.0,1.0,2.0,1.0,1.0,2.0,2.0,1.0,2.0,,,,,,,,,,,3.0,4.0,3.0,3.0,3.0,4.0,4.0,4.0,2.0,4.0,1.0,2.0,2.0,2.0,1.0,1.0,2.0,2.0,3.0,7.0,6.0,5.0,4.0,4.0,4.0,4.0,4.0,2.0,2.0,,2.0,2.0,3.0,,2.0,2.0,3.0,3.0,2.0,2.0,4.0,3.0,3.0,3.0,3.0,3.0,2.0,3.0,3.0,3.0,2.0,2.0,2.0,0.0,0.0,0.0,0.0,1.0,0.0,2.0,0.0,0.0,2.0,0.0,5.0,5.0,4.0,5.0,5.0,1.0,8.0,3.0,3.0,3.0,3.0,2.0,3.0,4.0,1.0,3.0,2.0,2.0,1.0,2.0,0.0,2.0,0.0,0.0,2.0,2.0,3.0,3.0,2.0,3.0,3.0,3.0,3.0,1.0,1.0,2.0,3.0,,2.0,,1.0,1.0,2.0,2.0,2.0,2.0,8.0,8.0,3.0,3.0,3.0,8.0,1.0,2.0,2.0,2.0,2.0,4.0,4.0,7.0,8.0,2.0,2.0,2.0,8.0,2.0,3.0,1.0,1.0,1.0,9.0,4.0,9.0,8.0,10.0,4.0,7.0,1.0,5.0,1.0,1.0,5.0,1.0,2.0,2.0,3.0,3.0,1.0,1.0,3.0,1.0,5.0,5.0,1.0,1.0,2.0,1.0,1.0,2.0,1.0,,2.0,1.0,2.0,1.0,1.0,1.0,1.0,2.0,1.0,1.0,1.0,3.0,,3.0,3.0,1.0,2.0,4.0,2.0,3.0,1.0,3.0,3.0,2.0,4.0,1.0,2.0,3.0,3.0,2.0,7.0,7.0,1.0,7.0,2.0,5.0,10.0,10.0,7.0,7.0,2.0,3.0,2.0,2.0,2.0,2.0,2.0
716070487,1.0,2.0,2.0,2.0,1.0,1.0,2.0,2.0,1.0,2.0,2.0,1.0,2.0,1.0,1.0,1.0,2.0,1.0,2.0,2.0,2.0,1.0,2.0,1.0,2.0,2.0,2.0,3.0,3.0,3.0,3.0,3.0,4.0,2.0,3.0,5.0,2.0,2.0,4.0,4.0,1.0,3.0,1.0,1.0,2.0,3.0,10.0,1.0,1.0,1.0,3.0,3.0,1.0,4.0,1.0,2.0,1.0,2.0,2.0,4.0,2.0,2.0,2.0,4.0,4.0,4.0,2.0,3.0,3.0,2.0,,2.0,2.0,2.0,2.0,2.0,3.0,2.0,2.0,2.0,1.0,0.0,0.0,0.0,0.0,0.0,0.0,0.0,0.0,1.0,0.0,5.0,5.0,1.0,10.0,1.0,2.0,10.0,2.0,2.0,3.0,3.0,2.0,4.0,4.0,10.0,3.0,0.0,2.0,1.0,1.0,2.0,2.0,1.0,1.0,2.0,4.0,1.0,1.0,4.0,4.0,2.0,1.0,3.0,1.0,1.0,2.0,1.0,1.0,2.0,1.0,1.0,1.0,1.0,2.0,2.0,1.0,10.0,10.0,1.0,10.0,10.0,10.0,10.0,1.0,1.0,2.0,1.0,3.0,3.0,1.0,1.0,1.0,2.0,1.0,1.0,1.0,1.0,1.0,1.0,1.0,1.0,1.0,1.0,1.0,1.0,1.0,1.0,1.0,,1.0,1.0,1.0,1.0,1.0,1.0,1.0,4.0,3.0,3.0,5.0,5.0,2.0,1.0,5.0,5.0,2.0,5.0,2.0,2.0,3.0,3.0,2.0,1.0,3.0,2.0,3.0,3.0,3.0,3.0,2.0,2.0,4.0,4.0,4.0,4.0,1.0,3.0,4.0,4.0,1.0,1.0,1.0,3.0,3.0,3.0,2.0,1.0,2.0,10.0,10.0,1.0,10.0,10.0,10.0,10.0,10.0,10.0,10.0,10.0,1.0,1.0,3.0,1.0,2.0,2.0,2.0,2.0,2.0
792071062,1.0,1.0,1.0,1.0,1.0,1.0,1.0,1.0,1.0,1.0,1.0,2.0,2.0,2.0,2.0,2.0,2.0,2.0,2.0,2.0,2.0,2.0,2.0,2.0,2.0,2.0,3.0,3.0,3.0,2.0,3.0,3.0,3.0,3.0,3.0,3.0,3.0,3.0,3.0,3.0,3.0,2.0,3.0,2.0,3.0,3.0,5.0,5.0,6.0,3.0,3.0,3.0,4.0,3.0,3.0,2.0,1.0,1.0,1.0,1.0,1.0,1.0,1.0,1.0,1.0,1.0,1.0,1.0,1.0,1.0,1.0,1.0,1.0,1.0,1.0,1.0,1.0,1.0,1.0,1.0,0.0,0.0,0.0,0.0,0.0,0.0,0.0,0.0,0.0,0.0,0.0,7.0,7.0,7.0,7.0,7.0,2.0,7.0,3.0,3.0,3.0,3.0,3.0,3.0,4.0,5.0,3.0,1.0,1.0,1.0,1.0,1.0,1.0,1.0,1.0,3.0,2.0,3.0,3.0,3.0,3.0,3.0,3.0,3.0,,,,1.0,1.0,2.0,2.0,1.0,1.0,1.0,2.0,2.0,1.0,7.0,6.0,6.0,6.0,6.0,7.0,6.0,1.0,1.0,1.0,1.0,3.0,3.0,6.0,4.0,1.0,1.0,1.0,4.0,5.0,5.0,6.0,6.0,5.0,7.0,7.0,6.0,5.0,5.0,9.0,8.0,5.0,8.0,6.0,,5.0,,6.0,2.0,3.0,3.0,3.0,2.0,5.0,1.0,5.0,1.0,5.0,5.0,5.0,2.0,2.0,2.0,2.0,3.0,2.0,,3.0,2.0,2.0,2.0,2.0,2.0,3.0,,3.0,3.0,2.0,2.0,3.0,3.0,3.0,2.0,3.0,4.0,3.0,,2.0,3.0,,3.0,3.0,7.0,7.0,7.0,9.0,7.0,,6.0,6.0,7.0,8.0,5.0,7.0,7.0,3.0,3.0,3.0,3.0,3.0,3.0,2.0
504070949,2.0,2.0,2.0,2.0,2.0,2.0,1.0,2.0,1.0,2.0,2.0,2.0,2.0,1.0,1.0,2.0,1.0,2.0,2.0,2.0,1.0,2.0,2.0,1.0,2.0,2.0,4.0,3.0,2.0,4.0,4.0,4.0,5.0,5.0,5.0,,4.0,3.0,4.0,2.0,2.0,3.0,1.0,1.0,3.0,4.0,3.0,4.0,6.0,2.0,2.0,2.0,2.0,2.0,3.0,1.0,2.0,2.0,2.0,2.0,2.0,2.0,1.0,1.0,3.0,4.0,3.0,3.0,3.0,2.0,2.0,3.0,3.0,3.0,2.0,3.0,3.0,3.0,2.0,4.0,0.0,0.0,0.0,0.0,0.0,0.0,0.0,0.0,0.0,0.0,0.0,5.0,4.0,4.0,4.0,4.0,1.0,10.0,3.0,3.0,3.0,3.0,2.0,3.0,4.0,6.0,5.0,2.0,2.0,2.0,2.0,2.0,2.0,1.0,1.0,2.0,2.0,2.0,2.0,2.0,2.0,2.0,2.0,2.0,1.0,1.0,2.0,2.0,2.0,2.0,2.0,2.0,2.0,2.0,1.0,2.0,1.0,10.0,9.0,7.0,8.0,8.0,3.0,10.0,1.0,1.0,1.0,1.0,1.0,1.0,4.0,4.0,1.0,2.0,2.0,3.0,1.0,1.0,1.0,1.0,1.0,1.0,1.0,1.0,1.0,1.0,1.0,1.0,1.0,1.0,1.0,1.0,1.0,1.0,1.0,1.0,2.0,3.0,2.0,2.0,5.0,4.0,3.0,2.0,3.0,3.0,2.0,2.0,2.0,2.0,2.0,2.0,2.0,1.0,2.0,2.0,2.0,2.0,2.0,2.0,2.0,2.0,2.0,2.0,2.0,2.0,1.0,1.0,2.0,1.0,2.0,2.0,1.0,5.0,2.0,2.0,4.0,2.0,2.0,5.0,10.0,9.0,8.0,8.0,1.0,10.0,10.0,10.0,10.0,3.0,3.0,7.0,2.0,2.0,1.0,1.0,1.0,3.0,3.0
36070218,1.0,1.0,2.0,2.0,1.0,1.0,1.0,1.0,1.0,2.0,2.0,1.0,2.0,2.0,1.0,2.0,2.0,1.0,2.0,2.0,2.0,2.0,2.0,1.0,2.0,2.0,2.0,4.0,4.0,4.0,4.0,3.0,5.0,5.0,5.0,1.0,3.0,3.0,2.0,2.0,2.0,1.0,2.0,2.0,2.0,2.0,8.0,8.0,9.0,4.0,4.0,4.0,4.0,4.0,2.0,1.0,1.0,1.0,1.0,2.0,2.0,2.0,2.0,1.0,3.0,3.0,3.0,1.0,1.0,3.0,3.0,2.0,2.0,2.0,1.0,2.0,2.0,2.0,2.0,2.0,2.0,0.0,2.0,1.0,0.0,1.0,1.0,2.0,0.0,0.0,0.0,2.0,9.0,2.0,3.0,2.0,1.0,9.0,2.0,2.0,2.0,2.0,2.0,1.0,4.0,2.0,1.0,2.0,2.0,1.0,2.0,0.0,1.0,0.0,0.0,3.0,2.0,4.0,4.0,4.0,4.0,4.0,4.0,4.0,2.0,2.0,2.0,4.0,4.0,2.0,2.0,2.0,3.0,4.0,1.0,1.0,,4.0,4.0,1.0,4.0,1.0,6.0,10.0,1.0,1.0,2.0,1.0,4.0,4.0,1.0,1.0,1.0,2.0,2.0,7.0,3.0,3.0,8.0,3.0,1.0,10.0,8.0,6.0,10.0,10.0,1.0,5.0,1.0,1.0,1.0,1.0,5.0,5.0,1.0,2.0,3.0,4.0,2.0,2.0,4.0,1.0,1.0,4.0,5.0,5.0,,3.0,1.0,1.0,1.0,2.0,1.0,1.0,1.0,1.0,1.0,1.0,1.0,2.0,1.0,1.0,1.0,4.0,4.0,4.0,1.0,1.0,4.0,4.0,1.0,1.0,1.0,3.0,4.0,2.0,4.0,1.0,4.0,4.0,10.0,1.0,10.0,10.0,10.0,,2.0,7.0,10.0,10.0,6.0,5.0,2.0,2.0,2.0,2.0,2.0,3.0,3.0
458071017,1.0,1.0,1.0,3.0,1.0,1.0,1.0,2.0,1.0,1.0,2.0,1.0,2.0,2.0,1.0,2.0,2.0,1.0,2.0,1.0,2.0,1.0,2.0,1.0,1.0,2.0,1.0,3.0,1.0,1.0,1.0,1.0,1.0,1.0,3.0,5.0,1.0,1.0,1.0,1.0,1.0,3.0,2.0,1.0,1.0,1.0,10.0,10.0,10.0,4.0,4.0,4.0,4.0,4.0,1.0,2.0,1.0,2.0,3.0,3.0,2.0,3.0,1.0,2.0,3.0,3.0,2.0,4.0,4.0,3.0,4.0,4.0,3.0,2.0,4.0,3.0,2.0,1.0,2.0,2.0,2.0,2.0,2.0,2.0,1.0,2.0,2.0,2.0,2.0,2.0,2.0,10.0,10.0,10.0,1.0,1.0,1.0,10.0,4.0,3.0,4.0,4.0,3.0,2.0,1.0,10.0,3.0,2.0,1.0,1.0,2.0,2.0,1.0,1.0,1.0,3.0,1.0,3.0,3.0,4.0,4.0,4.0,4.0,4.0,1.0,1.0,1.0,4.0,4.0,2.0,2.0,1.0,1.0,1.0,1.0,1.0,1.0,10.0,10.0,10.0,10.0,3.0,1.0,10.0,1.0,1.0,1.0,1.0,1.0,1.0,2.0,1.0,1.0,2.0,1.0,1.0,6.0,7.0,4.0,5.0,4.0,9.0,4.0,5.0,7.0,4.0,5.0,5.0,6.0,3.0,8.0,7.0,5.0,5.0,5.0,1.0,1.0,1.0,4.0,2.0,1.0,1.0,1.0,1.0,1.0,1.0,1.0,1.0,3.0,3.0,3.0,3.0,1.0,1.0,3.0,3.0,1.0,3.0,3.0,3.0,2.0,1.0,3.0,1.0,1.0,1.0,2.0,4.0,1.0,1.0,1.0,2.0,2.0,1.0,1.0,1.0,1.0,1.0,1.0,5.0,7.0,4.0,7.0,5.0,8.0,4.0,8.0,6.0,3.0,10.0,10.0,1.0,4.0,1.0,1.0,1.0,1.0,1.0,1.0
218070608,1.0,3.0,1.0,4.0,1.0,1.0,1.0,1.0,2.0,1.0,2.0,2.0,2.0,2.0,1.0,2.0,1.0,1.0,2.0,2.0,2.0,1.0,1.0,2.0,2.0,2.0,1.0,3.0,2.0,3.0,3.0,2.0,4.0,2.0,2.0,2.0,4.0,2.0,4.0,2.0,2.0,1.0,1.0,1.0,1.0,2.0,9.0,9.0,6.0,4.0,4.0,4.0,4.0,4.0,1.0,2.0,3.0,3.0,3.0,3.0,3.0,3.0,3.0,3.0,3.0,3.0,3.0,3.0,3.0,3.0,3.0,3.0,3.0,2.0,3.0,3.0,3.0,3.0,3.0,3.0,0.0,0.0,0.0,0.0,0.0,0.0,0.0,0.0,0.0,0.0,0.0,7.0,4.0,5.0,3.0,5.0,1.0,9.0,4.0,4.0,4.0,4.0,4.0,4.0,4.0,5.0,3.0,1.0,1.0,0.0,1.0,2.0,1.0,2.0,2.0,2.0,1.0,4.0,3.0,3.0,4.0,3.0,3.0,3.0,1.0,1.0,2.0,1.0,1.0,2.0,2.0,2.0,3.0,2.0,2.0,2.0,1.0,6.0,7.0,8.0,8.0,7.0,5.0,8.0,1.0,1.0,1.0,1.0,2.0,1.0,2.0,1.0,1.0,2.0,1.0,5.0,5.0,6.0,8.0,2.0,7.0,7.0,8.0,9.0,9.0,9.0,8.0,4.0,5.0,2.0,3.0,6.0,3.0,6.0,8.0,2.0,3.0,4.0,4.0,3.0,,5.0,4.0,1.0,5.0,2.0,3.0,1.0,3.0,3.0,3.0,3.0,3.0,3.0,3.0,3.0,3.0,3.0,3.0,3.0,1.0,1.0,3.0,3.0,1.0,1.0,1.0,4.0,1.0,1.0,1.0,1.0,1.0,,4.0,4.0,4.0,4.0,4.0,9.0,4.0,5.0,6.0,7.0,9.0,8.0,5.0,4.0,10.0,9.0,10.0,4.0,3.0,1.0,1.0,1.0,1.0,1.0,1.0
344070552,1.0,2.0,1.0,2.0,1.0,2.0,1.0,1.0,2.0,1.0,2.0,1.0,1.0,2.0,2.0,2.0,2.0,1.0,2.0,2.0,2.0,2.0,2.0,1.0,2.0,2.0,2.0,3.0,3.0,3.0,3.0,1.0,4.0,1.0,2.0,3.0,2.0,1.0,2.0,2.0,3.0,2.0,2.0,1.0,2.0,3.0,7.0,6.0,6.0,4.0,2.0,4.0,4.0,4.0,1.0,2.0,2.0,3.0,3.0,3.0,2.0,2.0,4.0,4.0,2.0,2.0,2.0,2.0,2.0,3.0,3.0,3.0,2.0,2.0,3.0,2.0,3.0,2.0,2.0,2.0,0.0,0.0,0.0,0.0,0.0,0.0,0.0,0.0,0.0,0.0,0.0,2.0,6.0,5.0,6.0,2.0,1.0,8.0,3.0,2.0,2.0,2.0,2.0,2.0,4.0,6.0,1.0,2.0,2.0,2.0,2.0,2.0,2.0,2.0,0.0,4.0,3.0,3.0,2.0,2.0,2.0,4.0,4.0,4.0,1.0,1.0,2.0,4.0,1.0,2.0,2.0,1.0,2.0,2.0,1.0,2.0,2.0,10.0,10.0,4.0,4.0,3.0,8.0,5.0,1.0,2.0,1.0,1.0,3.0,3.0,5.0,2.0,2.0,2.0,2.0,6.0,1.0,1.0,1.0,1.0,1.0,1.0,1.0,5.0,5.0,8.0,1.0,9.0,1.0,1.0,1.0,1.0,1.0,1.0,5.0,2.0,3.0,4.0,3.0,2.0,1.0,1.0,1.0,1.0,5.0,1.0,5.0,1.0,3.0,3.0,3.0,3.0,3.0,3.0,3.0,3.0,3.0,3.0,3.0,3.0,2.0,2.0,3.0,2.0,1.0,2.0,2.0,2.0,1.0,4.0,2.0,1.0,2.0,2.0,4.0,4.0,4.0,2.0,4.0,5.0,2.0,3.0,9.0,7.0,3.0,6.0,9.0,2.0,9.0,9.0,6.0,3.0,2.0,3.0,2.0,,2.0,3.0,3.0
51071132,1.0,3.0,4.0,3.0,1.0,2.0,1.0,2.0,1.0,1.0,2.0,2.0,2.0,2.0,2.0,2.0,2.0,1.0,1.0,2.0,2.0,1.0,2.0,1.0,2.0,2.0,2.0,2.0,3.0,2.0,2.0,2.0,2.0,2.0,2.0,5.0,5.0,2.0,1.0,2.0,2.0,3.0,1.0,1.0,2.0,3.0,8.0,3.0,5.0,4.0,4.0,4.0,4.0,4.0,2.0,2.0,1.0,2.0,2.0,3.0,2.0,4.0,2.0,3.0,3.0,3.0,3.0,3.0,3.0,3.0,3.0,3.0,3.0,3.0,3.0,3.0,3.0,3.0,3.0,3.0,0.0,0.0,0.0,0.0,0.0,0.0,0.0,0.0,0.0,0.0,0.0,10.0,1.0,1.0,1.0,1.0,2.0,10.0,3.0,2.0,2.0,3.0,2.0,2.0,2.0,10.0,2.0,2.0,2.0,2.0,2.0,0.0,2.0,2.0,2.0,4.0,4.0,4.0,3.0,4.0,4.0,4.0,3.0,4.0,2.0,1.0,2.0,1.0,1.0,2.0,2.0,1.0,1.0,1.0,2.0,2.0,1.0,10.0,10.0,10.0,10.0,4.0,7.0,10.0,1.0,2.0,2.0,2.0,2.0,2.0,1.0,4.0,1.0,1.0,2.0,2.0,5.0,1.0,1.0,1.0,1.0,1.0,1.0,1.0,1.0,1.0,1.0,1.0,1.0,1.0,1.0,1.0,1.0,1.0,1.0,4.0,4.0,4.0,3.0,2.0,3.0,1.0,3.0,5.0,5.0,5.0,5.0,1.0,3.0,3.0,3.0,3.0,2.0,2.0,3.0,3.0,3.0,3.0,3.0,3.0,1.0,1.0,4.0,3.0,3.0,2.0,3.0,3.0,,4.0,1.0,1.0,1.0,3.0,1.0,3.0,1.0,1.0,4.0,5.0,10.0,1.0,10.0,10.0,10.0,10.0,10.0,10.0,10.0,8.0,5.0,3.0,3.0,1.0,1.0,2.0,2.0,3.0,3.0
804070288,1.0,1.0,2.0,4.0,3.0,2.0,2.0,2.0,2.0,1.0,2.0,1.0,2.0,2.0,2.0,2.0,1.0,1.0,2.0,,2.0,2.0,1.0,2.0,,1.0,3.0,,2.0,2.0,,3.0,2.0,2.0,4.0,,3.0,2.0,4.0,4.0,4.0,1.0,2.0,3.0,1.0,2.0,1.0,8.0,4.0,3.0,4.0,4.0,3.0,4.0,2.0,2.0,2.0,2.0,2.0,3.0,2.0,2.0,2.0,2.0,3.0,3.0,3.0,4.0,4.0,3.0,4.0,2.0,2.0,2.0,2.0,2.0,2.0,2.0,4.0,3.0,0.0,0.0,0.0,0.0,0.0,0.0,0.0,0.0,0.0,0.0,0.0,5.0,6.0,7.0,6.0,5.0,1.0,10.0,4.0,2.0,,,,2.0,4.0,9.0,3.0,2.0,2.0,0.0,2.0,0.0,2.0,0.0,1.0,1.0,2.0,4.0,4.0,4.0,4.0,4.0,3.0,4.0,2.0,2.0,2.0,4.0,2.0,2.0,2.0,4.0,4.0,2.0,2.0,1.0,,1.0,1.0,2.0,1.0,1.0,5.0,5.0,1.0,1.0,,,2.0,2.0,3.0,8.0,1.0,2.0,1.0,5.0,8.0,9.0,1.0,3.0,5.0,1.0,2.0,2.0,8.0,4.0,3.0,2.0,3.0,3.0,3.0,4.0,3.0,2.0,1.0,3.0,3.0,3.0,4.0,2.0,4.0,4.0,,2.0,5.0,2.0,2.0,5.0,2.0,3.0,2.0,3.0,2.0,2.0,3.0,2.0,3.0,3.0,3.0,3.0,2.0,2.0,3.0,4.0,4.0,3.0,1.0,,3.0,4.0,3.0,,4.0,5.0,4.0,4.0,,4.0,2.0,5.0,4.0,6.0,5.0,6.0,6.0,7.0,4.0,4.0,3.0,7.0,6.0,2.0,4.0,1.0,1.0,1.0,1.0,2.0,
434070242,1.0,2.0,,4.0,1.0,1.0,1.0,2.0,1.0,2.0,2.0,1.0,2.0,2.0,1.0,2.0,1.0,1.0,2.0,2.0,2.0,2.0,2.0,2.0,2.0,2.0,1.0,2.0,3.0,3.0,4.0,1.0,3.0,1.0,1.0,5.0,1.0,1.0,2.0,1.0,4.0,,1.0,,2.0,3.0,10.0,8.0,6.0,3.0,4.0,1.0,4.0,3.0,,2.0,2.0,4.0,1.0,,,1.0,1.0,2.0,,1.0,4.0,1.0,3.0,1.0,4.0,1.0,2.0,1.0,1.0,4.0,3.0,1.0,2.0,3.0,2.0,,,0.0,2.0,1.0,2.0,0.0,2.0,2.0,2.0,4.0,10.0,2.0,3.0,2.0,2.0,10.0,3.0,1.0,,1.0,,3.0,1.0,2.0,1.0,1.0,2.0,,0.0,2.0,,0.0,2.0,4.0,1.0,3.0,,,,,2.0,4.0,,1.0,,1.0,,2.0,2.0,1.0,2.0,3.0,1.0,2.0,2.0,10.0,10.0,7.0,10.0,3.0,9.0,3.0,1.0,2.0,1.0,1.0,1.0,1.0,7.0,1.0,,2.0,1.0,7.0,1.0,2.0,1.0,1.0,2.0,1.0,2.0,1.0,2.0,2.0,1.0,2.0,1.0,2.0,1.0,1.0,2.0,1.0,2.0,1.0,2.0,1.0,4.0,1.0,4.0,1.0,,1.0,1.0,1.0,1.0,4.0,,,1.0,2.0,1.0,3.0,1.0,,1.0,1.0,3.0,1.0,,,2.0,3.0,1.0,1.0,4.0,1.0,1.0,1.0,3.0,1.0,,5.0,,2.0,1.0,3.0,1.0,9.0,1.0,2.0,4.0,1.0,2.0,1.0,1.0,3.0,1.0,6.0,7.0,10.0,3.0,1.0,1.0,3.0,1.0,1.0,
702071701,1.0,1.0,2.0,3.0,2.0,1.0,2.0,2.0,2.0,1.0,2.0,2.0,1.0,1.0,2.0,1.0,1.0,1.0,2.0,2.0,2.0,2.0,2.0,1.0,2.0,2.0,2.0,3.0,4.0,4.0,4.0,2.0,4.0,2.0,4.0,2.0,3.0,2.0,1.0,2.0,4.0,3.0,1.0,3.0,2.0,1.0,9.0,7.0,6.0,4.0,4.0,4.0,4.0,4.0,1.0,2.0,1.0,2.0,1.0,2.0,2.0,2.0,3.0,2.0,2.0,2.0,3.0,1.0,1.0,3.0,3.0,3.0,3.0,2.0,3.0,2.0,2.0,3.0,3.0,4.0,1.0,0.0,0.0,0.0,0.0,0.0,0.0,0.0,0.0,0.0,0.0,10.0,2.0,4.0,7.0,3.0,1.0,3.0,2.0,2.0,,2.0,2.0,1.0,5.0,3.0,3.0,2.0,2.0,2.0,2.0,0.0,2.0,2.0,0.0,3.0,1.0,4.0,3.0,4.0,3.0,4.0,3.0,4.0,2.0,2.0,,1.0,1.0,2.0,2.0,2.0,2.0,2.0,1.0,2.0,1.0,8.0,2.0,8.0,6.0,5.0,6.0,8.0,1.0,1.0,1.0,1.0,3.0,3.0,6.0,2.0,1.0,2.0,2.0,6.0,5.0,1.0,1.0,5.0,1.0,5.0,5.0,5.0,5.0,5.0,5.0,10.0,1.0,5.0,5.0,1.0,10.0,5.0,10.0,1.0,2.0,3.0,4.0,3.0,5.0,4.0,3.0,1.0,1.0,1.0,1.0,1.0,1.0,2.0,2.0,2.0,2.0,2.0,2.0,3.0,3.0,2.0,3.0,3.0,,1.0,2.0,2.0,1.0,4.0,2.0,2.0,2.0,4.0,1.0,1.0,1.0,5.0,4.0,2.0,2.0,2.0,3.0,1.0,10.0,1.0,5.0,3.0,1.0,8.0,1.0,5.0,10.0,9.0,8.0,7.0,2.0,2.0,,,3.0,3.0,3.0
398070186,1.0,1.0,2.0,1.0,1.0,1.0,2.0,2.0,1.0,2.0,2.0,1.0,2.0,2.0,2.0,2.0,1.0,1.0,2.0,2.0,2.0,1.0,2.0,1.0,2.0,2.0,1.0,3.0,3.0,3.0,3.0,2.0,1.0,1.0,3.0,5.0,4.0,1.0,2.0,4.0,3.0,2.0,1.0,1.0,1.0,2.0,8.0,10.0,10.0,4.0,4.0,4.0,4.0,4.0,1.0,2.0,1.0,2.0,3.0,4.0,4.0,4.0,1.0,1.0,3.0,3.0,4.0,1.0,2.0,1.0,2.0,1.0,1.0,1.0,2.0,2.0,2.0,3.0,2.0,2.0,0.0,0.0,0.0,0.0,0.0,0.0,0.0,0.0,0.0,0.0,0.0,10.0,9.0,9.0,8.0,8.0,1.0,7.0,1.0,2.0,1.0,2.0,1.0,1.0,2.0,8.0,2.0,0.0,0.0,2.0,2.0,2.0,2.0,2.0,2.0,4.0,2.0,3.0,4.0,3.0,4.0,4.0,4.0,4.0,1.0,1.0,2.0,4.0,4.0,2.0,2.0,4.0,4.0,,1.0,2.0,2.0,10.0,10.0,3.0,7.0,7.0,10.0,9.0,1.0,1.0,1.0,1.0,3.0,3.0,7.0,7.0,1.0,2.0,1.0,5.0,4.0,4.0,2.0,3.0,3.0,3.0,3.0,3.0,3.0,3.0,3.0,3.0,3.0,3.0,3.0,3.0,3.0,3.0,3.0,3.0,3.0,3.0,3.0,3.0,5.0,5.0,5.0,5.0,5.0,5.0,5.0,5.0,3.0,3.0,3.0,3.0,3.0,3.0,3.0,3.0,3.0,3.0,3.0,3.0,,3.0,1.0,2.0,2.0,3.0,2.0,2.0,2.0,4.0,2.0,2.0,3.0,2.0,2.0,2.0,3.0,2.0,2.0,,6.0,5.0,5.0,6.0,5.0,6.0,6.0,6.0,6.0,6.0,5.0,5.0,2.0,2.0,1.0,3.0,3.0,2.0,4.0
368070875,1.0,2.0,3.0,4.0,1.0,1.0,1.0,2.0,1.0,2.0,2.0,2.0,2.0,1.0,1.0,2.0,1.0,2.0,2.0,2.0,1.0,2.0,1.0,2.0,2.0,1.0,1.0,2.0,4.0,4.0,3.0,3.0,3.0,1.0,5.0,,1.0,1.0,1.0,1.0,2.0,3.0,1.0,1.0,2.0,1.0,8.0,4.0,4.0,4.0,4.0,3.0,3.0,4.0,2.0,2.0,1.0,2.0,2.0,4.0,,4.0,2.0,2.0,3.0,3.0,3.0,2.0,3.0,3.0,4.0,4.0,2.0,3.0,3.0,4.0,3.0,2.0,2.0,1.0,0.0,0.0,0.0,0.0,0.0,0.0,1.0,2.0,0.0,0.0,2.0,6.0,9.0,9.0,10.0,9.0,1.0,7.0,3.0,3.0,3.0,2.0,2.0,3.0,1.0,8.0,3.0,0.0,2.0,0.0,1.0,2.0,,1.0,2.0,3.0,1.0,4.0,3.0,4.0,3.0,4.0,3.0,3.0,1.0,2.0,2.0,1.0,1.0,2.0,2.0,1.0,1.0,1.0,1.0,2.0,1.0,8.0,9.0,4.0,6.0,3.0,8.0,,,,,,2.0,,4.0,1.0,1.0,2.0,2.0,8.0,2.0,1.0,1.0,2.0,1.0,,,2.0,5.0,,1.0,1.0,1.0,7.0,4.0,1.0,,1.0,9.0,2.0,3.0,3.0,2.0,2.0,5.0,2.0,2.0,1.0,3.0,2.0,1.0,1.0,3.0,3.0,2.0,2.0,2.0,2.0,3.0,1.0,1.0,3.0,,2.0,1.0,1.0,2.0,3.0,,3.0,2.0,,3.0,4.0,,3.0,1.0,4.0,4.0,2.0,3.0,3.0,,,2.0,8.0,9.0,8.0,4.0,8.0,5.0,5.0,7.0,8.0,4.0,3.0,3.0,1.0,1.0,1.0,1.0,1.0,3.0
364072560,3.0,4.0,4.0,2.0,2.0,1.0,1.0,2.0,1.0,2.0,2.0,2.0,1.0,1.0,1.0,2.0,2.0,2.0,2.0,2.0,2.0,,2.0,1.0,2.0,2.0,1.0,2.0,1.0,2.0,3.0,2.0,1.0,1.0,1.0,,1.0,2.0,2.0,1.0,2.0,3.0,1.0,2.0,2.0,2.0,9.0,7.0,7.0,4.0,4.0,2.0,4.0,4.0,1.0,1.0,2.0,2.0,2.0,2.0,2.0,3.0,2.0,2.0,1.0,1.0,3.0,2.0,2.0,3.0,2.0,2.0,1.0,2.0,1.0,3.0,3.0,1.0,2.0,1.0,2.0,2.0,0.0,0.0,2.0,0.0,0.0,0.0,0.0,1.0,0.0,9.0,5.0,9.0,8.0,9.0,1.0,4.0,2.0,2.0,1.0,1.0,2.0,2.0,2.0,8.0,1.0,0.0,2.0,2.0,2.0,2.0,0.0,2.0,0.0,4.0,1.0,3.0,4.0,3.0,4.0,4.0,4.0,4.0,1.0,2.0,2.0,2.0,4.0,2.0,2.0,4.0,4.0,4.0,2.0,2.0,1.0,9.0,9.0,10.0,8.0,3.0,9.0,10.0,1.0,1.0,1.0,1.0,,1.0,2.0,1.0,1.0,,1.0,9.0,1.0,5.0,5.0,5.0,1.0,1.0,,1.0,1.0,1.0,1.0,10.0,2.0,5.0,1.0,1.0,,1.0,9.0,2.0,3.0,3.0,2.0,1.0,5.0,1.0,5.0,1.0,5.0,2.0,1.0,1.0,3.0,2.0,3.0,3.0,2.0,3.0,2.0,1.0,1.0,1.0,2.0,2.0,1.0,1.0,1.0,2.0,3.0,2.0,1.0,1.0,3.0,3.0,1.0,1.0,1.0,2.0,1.0,3.0,3.0,1.0,1.0,,5.0,9.0,10.0,8.0,1.0,9.0,8.0,7.0,5.0,8.0,9.0,7.0,2.0,1.0,1.0,1.0,1.0,2.0,4.0
392070719,2.0,1.0,2.0,3.0,2.0,3.0,1.0,2.0,2.0,1.0,2.0,1.0,1.0,2.0,2.0,1.0,2.0,1.0,1.0,1.0,2.0,1.0,2.0,1.0,2.0,2.0,2.0,2.0,3.0,3.0,,2.0,3.0,2.0,2.0,3.0,3.0,2.0,2.0,3.0,2.0,3.0,1.0,2.0,3.0,3.0,5.0,5.0,5.0,3.0,2.0,3.0,4.0,4.0,2.0,2.0,1.0,2.0,2.0,3.0,3.0,3.0,3.0,2.0,2.0,3.0,3.0,2.0,2.0,3.0,3.0,3.0,2.0,3.0,3.0,3.0,3.0,,,,0.0,0.0,0.0,0.0,0.0,0.0,0.0,0.0,0.0,0.0,0.0,5.0,5.0,1.0,5.0,4.0,2.0,8.0,2.0,2.0,2.0,2.0,2.0,2.0,3.0,7.0,2.0,1.0,2.0,2.0,1.0,2.0,2.0,1.0,1.0,,2.0,4.0,4.0,4.0,3.0,4.0,4.0,,1.0,1.0,,2.0,,2.0,2.0,1.0,1.0,3.0,2.0,2.0,,8.0,10.0,,,5.0,8.0,3.0,,,,,,,4.0,2.0,,,,,5.0,1.0,1.0,1.0,1.0,,,,,,,5.0,1.0,1.0,1.0,1.0,,5.0,7.0,3.0,3.0,3.0,2.0,2.0,1.0,1.0,1.0,4.0,5.0,1.0,5.0,2.0,1.0,3.0,,,1.0,3.0,3.0,2.0,2.0,3.0,3.0,3.0,1.0,1.0,1.0,3.0,2.0,3.0,,1.0,,3.0,,,1.0,3.0,4.0,3.0,4.0,2.0,4.0,6.0,5.0,1.0,10.0,,1.0,9.0,1.0,1.0,9.0,5.0,4.0,5.0,2.0,2.0,2.0,3.0,3.0,3.0,3.0
528071414,1.0,3.0,2.0,3.0,1.0,3.0,1.0,1.0,1.0,1.0,2.0,1.0,2.0,2.0,2.0,2.0,2.0,1.0,2.0,2.0,2.0,2.0,2.0,1.0,2.0,2.0,2.0,4.0,3.0,4.0,3.0,,3.0,2.0,5.0,2.0,5.0,3.0,2.0,2.0,3.0,1.0,2.0,1.0,2.0,2.0,8.0,8.0,7.0,4.0,4.0,4.0,4.0,4.0,1.0,2.0,1.0,1.0,1.0,3.0,2.0,2.0,3.0,2.0,3.0,3.0,3.0,2.0,2.0,2.0,2.0,3.0,3.0,2.0,3.0,2.0,3.0,3.0,2.0,4.0,1.0,0.0,0.0,0.0,0.0,0.0,0.0,0.0,0.0,0.0,0.0,6.0,7.0,7.0,7.0,4.0,,7.0,2.0,2.0,2.0,2.0,2.0,2.0,4.0,6.0,3.0,,2.0,2.0,2.0,2.0,2.0,,2.0,3.0,2.0,4.0,4.0,4.0,4.0,3.0,4.0,,2.0,2.0,2.0,4.0,,2.0,2.0,3.0,3.0,4.0,2.0,2.0,,4.0,5.0,5.0,5.0,5.0,5.0,2.0,1.0,2.0,2.0,1.0,3.0,3.0,7.0,8.0,1.0,2.0,2.0,5.0,1.0,1.0,1.0,1.0,2.0,10.0,4.0,8.0,8.0,10.0,5.0,8.0,1.0,1.0,1.0,1.0,6.0,1.0,5.0,2.0,3.0,4.0,3.0,3.0,5.0,1.0,1.0,1.0,5.0,1.0,5.0,5.0,3.0,3.0,3.0,3.0,3.0,3.0,3.0,3.0,3.0,3.0,,,2.0,2.0,,,,,,,,,,,,,2.0,2.0,4.0,,4.0,5.0,5.0,1.0,10.0,10.0,6.0,10.0,8.0,5.0,10.0,7.0,7.0,7.0,2.0,2.0,1.0,1.0,1.0,2.0,3.0
688070694,1.0,1.0,1.0,3.0,1.0,2.0,2.0,2.0,1.0,1.0,1.0,2.0,2.0,1.0,2.0,1.0,2.0,1.0,2.0,1.0,1.0,2.0,2.0,1.0,2.0,2.0,2.0,1.0,3.0,4.0,3.0,4.0,2.0,2.0,4.0,3.0,1.0,1.0,1.0,2.0,4.0,3.0,1.0,3.0,2.0,2.0,5.0,7.0,6.0,4.0,4.0,3.0,2.0,4.0,1.0,1.0,1.0,2.0,2.0,2.0,2.0,2.0,3.0,2.0,4.0,3.0,3.0,2.0,3.0,3.0,3.0,3.0,3.0,3.0,3.0,3.0,2.0,3.0,3.0,2.0,0.0,0.0,0.0,1.0,0.0,0.0,0.0,0.0,0.0,0.0,0.0,10.0,1.0,6.0,1.0,1.0,,10.0,3.0,3.0,3.0,3.0,3.0,3.0,4.0,1.0,3.0,1.0,1.0,1.0,1.0,1.0,1.0,1.0,1.0,2.0,2.0,3.0,3.0,3.0,3.0,3.0,3.0,3.0,1.0,2.0,2.0,1.0,1.0,2.0,2.0,1.0,1.0,1.0,1.0,1.0,1.0,10.0,10.0,2.0,7.0,9.0,8.0,10.0,1.0,2.0,2.0,2.0,3.0,3.0,4.0,4.0,2.0,2.0,2.0,7.0,1.0,10.0,1.0,1.0,1.0,8.0,1.0,6.0,6.0,2.0,1.0,8.0,1.0,5.0,1.0,1.0,2.0,1.0,5.0,4.0,4.0,2.0,2.0,2.0,1.0,1.0,1.0,1.0,1.0,1.0,1.0,1.0,1.0,2.0,2.0,2.0,1.0,1.0,2.0,1.0,2.0,2.0,2.0,2.0,1.0,1.0,3.0,3.0,3.0,3.0,3.0,3.0,3.0,3.0,3.0,2.0,1.0,,3.0,2.0,4.0,2.0,4.0,5.0,5.0,6.0,6.0,5.0,5.0,6.0,5.0,6.0,5.0,8.0,6.0,5.0,2.0,1.0,2.0,2.0,2.0,2.0,2.0
124072329,1.0,1.0,1.0,2.0,2.0,4.0,1.0,1.0,2.0,2.0,1.0,2.0,2.0,2.0,2.0,2.0,1.0,1.0,2.0,2.0,1.0,2.0,1.0,1.0,2.0,2.0,2.0,4.0,3.0,4.0,3.0,1.0,4.0,1.0,4.0,2.0,2.0,4.0,4.0,1.0,4.0,1.0,1.0,1.0,2.0,1.0,8.0,8.0,7.0,2.0,4.0,3.0,4.0,4.0,1.0,2.0,1.0,1.0,1.0,2.0,3.0,1.0,4.0,2.0,3.0,3.0,3.0,2.0,3.0,3.0,4.0,4.0,3.0,2.0,3.0,3.0,4.0,3.0,3.0,3.0,0.0,1.0,0.0,0.0,0.0,0.0,0.0,0.0,0.0,0.0,0.0,6.0,6.0,10.0,1.0,10.0,2.0,8.0,3.0,2.0,3.0,2.0,2.0,3.0,3.0,8.0,2.0,0.0,2.0,2.0,2.0,2.0,2.0,2.0,2.0,3.0,2.0,4.0,4.0,4.0,4.0,4.0,4.0,4.0,2.0,2.0,2.0,3.0,4.0,2.0,2.0,3.0,2.0,4.0,1.0,2.0,2.0,9.0,9.0,1.0,6.0,9.0,8.0,1.0,2.0,2.0,2.0,2.0,,,7.0,8.0,3.0,2.0,2.0,6.0,1.0,1.0,1.0,1.0,1.0,6.0,1.0,10.0,10.0,10.0,1.0,7.0,1.0,1.0,1.0,1.0,10.0,6.0,10.0,2.0,4.0,4.0,1.0,2.0,1.0,1.0,1.0,1.0,1.0,1.0,1.0,3.0,1.0,2.0,3.0,3.0,2.0,2.0,1.0,1.0,2.0,2.0,2.0,2.0,2.0,1.0,2.0,3.0,2.0,3.0,3.0,2.0,3.0,3.0,2.0,2.0,1.0,3.0,2.0,2.0,3.0,2.0,2.0,5.0,6.0,8.0,7.0,7.0,7.0,7.0,7.0,7.0,8.0,10.0,6.0,5.0,2.0,2.0,2.0,2.0,2.0,2.0,2.0
604070289,1.0,3.0,3.0,2.0,1.0,2.0,1.0,2.0,2.0,1.0,2.0,1.0,2.0,1.0,2.0,2.0,2.0,2.0,2.0,2.0,2.0,2.0,2.0,2.0,2.0,2.0,2.0,3.0,2.0,3.0,3.0,3.0,2.0,1.0,2.0,3.0,3.0,2.0,2.0,2.0,3.0,3.0,1.0,1.0,2.0,2.0,8.0,8.0,8.0,3.0,2.0,2.0,4.0,4.0,3.0,2.0,1.0,3.0,3.0,4.0,4.0,4.0,3.0,3.0,3.0,3.0,3.0,1.0,3.0,3.0,3.0,3.0,1.0,1.0,1.0,1.0,3.0,1.0,1.0,1.0,1.0,2.0,0.0,0.0,0.0,0.0,0.0,2.0,0.0,0.0,0.0,7.0,7.0,8.0,6.0,5.0,2.0,8.0,3.0,2.0,3.0,2.0,2.0,3.0,4.0,4.0,4.0,0.0,2.0,0.0,0.0,2.0,0.0,0.0,2.0,3.0,3.0,2.0,2.0,3.0,3.0,3.0,3.0,2.0,1.0,1.0,2.0,2.0,1.0,2.0,1.0,2.0,2.0,1.0,1.0,2.0,1.0,9.0,8.0,3.0,7.0,2.0,8.0,10.0,1.0,1.0,1.0,1.0,3.0,3.0,1.0,2.0,1.0,2.0,2.0,3.0,1.0,1.0,1.0,1.0,1.0,1.0,1.0,1.0,1.0,5.0,5.0,1.0,1.0,1.0,1.0,1.0,1.0,1.0,1.0,1.0,1.0,4.0,1.0,2.0,1.0,1.0,3.0,5.0,5.0,5.0,2.0,4.0,3.0,3.0,3.0,3.0,3.0,3.0,3.0,3.0,3.0,3.0,3.0,3.0,1.0,1.0,3.0,2.0,2.0,2.0,4.0,3.0,2.0,2.0,2.0,2.0,1.0,1.0,2.0,1.0,1.0,1.0,4.0,7.0,9.0,5.0,10.0,1.0,10.0,10.0,1.0,7.0,9.0,10.0,7.0,7.0,3.0,2.0,3.0,2.0,3.0,3.0,3.0
446070673,1.0,1.0,2.0,2.0,2.0,3.0,1.0,2.0,1.0,1.0,2.0,1.0,1.0,2.0,2.0,2.0,2.0,1.0,,,,,,1.0,,,3.0,3.0,3.0,4.0,4.0,2.0,4.0,1.0,4.0,2.0,5.0,3.0,2.0,3.0,4.0,1.0,1.0,3.0,3.0,3.0,7.0,7.0,7.0,4.0,4.0,4.0,4.0,4.0,1.0,2.0,1.0,3.0,2.0,3.0,3.0,3.0,2.0,3.0,2.0,3.0,2.0,3.0,2.0,3.0,3.0,2.0,2.0,2.0,3.0,2.0,2.0,2.0,2.0,2.0,0.0,0.0,1.0,0.0,0.0,0.0,0.0,0.0,0.0,0.0,0.0,8.0,4.0,2.0,2.0,4.0,1.0,9.0,2.0,2.0,2.0,2.0,2.0,1.0,3.0,9.0,3.0,1.0,2.0,1.0,1.0,0.0,1.0,2.0,1.0,3.0,1.0,3.0,3.0,4.0,3.0,4.0,4.0,4.0,1.0,2.0,2.0,3.0,2.0,2.0,2.0,3.0,2.0,3.0,1.0,1.0,2.0,8.0,8.0,4.0,5.0,5.0,9.0,7.0,1.0,1.0,1.0,1.0,3.0,3.0,7.0,7.0,2.0,2.0,2.0,3.0,2.0,8.0,1.0,1.0,1.0,10.0,3.0,5.0,8.0,8.0,4.0,6.0,1.0,3.0,2.0,7.0,3.0,1.0,3.0,3.0,4.0,4.0,3.0,2.0,4.0,4.0,4.0,4.0,3.0,1.0,1.0,2.0,2.0,2.0,2.0,2.0,2.0,3.0,2.0,2.0,1.0,2.0,2.0,2.0,1.0,,1.0,3.0,2.0,3.0,2.0,2.0,3.0,3.0,2.0,1.0,1.0,3.0,4.0,2.0,4.0,2.0,4.0,3.0,4.0,4.0,8.0,5.0,1.0,10.0,3.0,2.0,10.0,8.0,4.0,4.0,3.0,3.0,3.0,1.0,2.0,3.0,2.0
360071408,1.0,2.0,2.0,2.0,1.0,1.0,1.0,1.0,2.0,1.0,2.0,1.0,2.0,2.0,1.0,2.0,2.0,1.0,2.0,1.0,2.0,1.0,2.0,1.0,1.0,2.0,1.0,3.0,2.0,3.0,3.0,2.0,1.0,1.0,4.0,4.0,4.0,2.0,2.0,4.0,1.0,3.0,3.0,3.0,2.0,3.0,6.0,8.0,8.0,4.0,4.0,4.0,4.0,4.0,1.0,2.0,1.0,2.0,3.0,3.0,3.0,3.0,3.0,3.0,3.0,3.0,3.0,3.0,3.0,3.0,3.0,3.0,3.0,3.0,3.0,3.0,3.0,3.0,3.0,3.0,1.0,2.0,1.0,1.0,1.0,1.0,1.0,2.0,1.0,1.0,2.0,10.0,8.0,8.0,7.0,7.0,1.0,7.0,3.0,3.0,3.0,3.0,,3.0,4.0,4.0,3.0,0.0,2.0,0.0,,,2.0,2.0,2.0,3.0,2.0,4.0,3.0,4.0,3.0,4.0,4.0,2.0,1.0,1.0,2.0,1.0,1.0,2.0,2.0,1.0,1.0,1.0,1.0,2.0,1.0,8.0,8.0,3.0,7.0,2.0,9.0,10.0,1.0,1.0,1.0,1.0,1.0,2.0,2.0,1.0,1.0,1.0,1.0,10.0,2.0,2.0,1.0,1.0,1.0,1.0,1.0,1.0,3.0,1.0,1.0,1.0,1.0,2.0,2.0,1.0,1.0,1.0,3.0,4.0,4.0,1.0,3.0,2.0,4.0,1.0,1.0,1.0,5.0,1.0,1.0,1.0,2.0,3.0,2.0,3.0,1.0,2.0,3.0,2.0,2.0,3.0,3.0,3.0,1.0,1.0,1.0,,1.0,2.0,2.0,2.0,1.0,4.0,2.0,1.0,1.0,1.0,2.0,2.0,2.0,1.0,3.0,6.0,8.0,6.0,8.0,2.0,5.0,8.0,5.0,7.0,7.0,10.0,8.0,7.0,2.0,1.0,1.0,2.0,1.0,3.0,3.0
909070212,1.0,1.0,2.0,2.0,2.0,1.0,1.0,1.0,1.0,2.0,2.0,2.0,2.0,1.0,1.0,2.0,2.0,1.0,2.0,2.0,2.0,2.0,2.0,1.0,2.0,2.0,2.0,4.0,4.0,4.0,4.0,1.0,5.0,4.0,5.0,3.0,5.0,4.0,2.0,2.0,4.0,2.0,2.0,1.0,2.0,3.0,6.0,6.0,8.0,4.0,4.0,4.0,4.0,4.0,1.0,2.0,1.0,2.0,2.0,3.0,2.0,2.0,1.0,1.0,3.0,3.0,3.0,2.0,3.0,3.0,3.0,3.0,2.0,2.0,3.0,2.0,3.0,2.0,2.0,2.0,2.0,1.0,0.0,1.0,0.0,0.0,2.0,2.0,0.0,0.0,0.0,6.0,4.0,7.0,4.0,3.0,1.0,9.0,3.0,3.0,2.0,2.0,3.0,2.0,,4.0,3.0,1.0,0.0,2.0,1.0,2.0,2.0,1.0,2.0,3.0,2.0,4.0,4.0,4.0,4.0,4.0,4.0,4.0,,,,4.0,,,,3.0,3.0,3.0,1.0,2.0,,5.0,6.0,4.0,3.0,3.0,10.0,10.0,1.0,1.0,1.0,1.0,2.0,1.0,1.0,1.0,1.0,,,4.0,1.0,1.0,1.0,1.0,1.0,6.0,1.0,4.0,1.0,1.0,4.0,4.0,,8.0,4.0,1.0,1.0,1.0,1.0,1.0,3.0,3.0,2.0,2.0,5.0,4.0,1.0,1.0,5.0,1.0,1.0,1.0,1.0,2.0,2.0,2.0,2.0,1.0,1.0,1.0,1.0,1.0,1.0,3.0,1.0,1.0,1.0,3.0,2.0,4.0,3.0,2.0,3.0,4.0,2.0,1.0,1.0,3.0,3.0,2.0,2.0,1.0,2.0,4.0,4.0,4.0,7.0,4.0,4.0,5.0,2.0,1.0,10.0,10.0,5.0,1.0,3.0,2.0,2.0,1.0,1.0,3.0,3.0
458070387,1.0,1.0,1.0,3.0,1.0,1.0,1.0,2.0,2.0,1.0,2.0,2.0,1.0,2.0,1.0,1.0,2.0,1.0,2.0,1.0,1.0,1.0,2.0,1.0,1.0,2.0,1.0,1.0,3.0,3.0,1.0,1.0,1.0,1.0,4.0,4.0,1.0,1.0,2.0,1.0,2.0,1.0,1.0,1.0,1.0,1.0,9.0,9.0,9.0,4.0,4.0,4.0,4.0,4.0,1.0,2.0,1.0,1.0,1.0,3.0,4.0,3.0,1.0,1.0,3.0,3.0,1.0,1.0,1.0,1.0,2.0,1.0,1.0,1.0,1.0,1.0,1.0,2.0,1.0,1.0,0.0,0.0,0.0,0.0,0.0,0.0,0.0,0.0,0.0,0.0,0.0,2.0,2.0,2.0,2.0,2.0,2.0,8.0,2.0,2.0,2.0,2.0,2.0,1.0,4.0,9.0,1.0,0.0,1.0,2.0,2.0,2.0,2.0,2.0,2.0,3.0,1.0,4.0,4.0,4.0,4.0,3.0,4.0,4.0,1.0,1.0,2.0,1.0,1.0,2.0,2.0,1.0,1.0,1.0,1.0,2.0,1.0,9.0,8.0,1.0,5.0,3.0,10.0,10.0,1.0,1.0,1.0,1.0,1.0,1.0,1.0,1.0,1.0,1.0,1.0,1.0,3.0,7.0,7.0,2.0,2.0,2.0,2.0,6.0,6.0,2.0,2.0,2.0,2.0,2.0,2.0,2.0,2.0,2.0,6.0,2.0,2.0,2.0,4.0,2.0,4.0,2.0,4.0,1.0,1.0,1.0,1.0,1.0,2.0,3.0,2.0,3.0,2.0,2.0,3.0,2.0,3.0,2.0,3.0,3.0,2.0,2.0,1.0,4.0,1.0,2.0,1.0,2.0,3.0,4.0,1.0,1.0,1.0,1.0,1.0,1.0,1.0,1.0,1.0,7.0,5.0,7.0,9.0,9.0,10.0,9.0,9.0,10.0,10.0,9.0,9.0,9.0,1.0,1.0,1.0,1.0,2.0,3.0,4.0
51070014,1.0,1.0,2.0,3.0,2.0,1.0,2.0,1.0,1.0,1.0,2.0,2.0,2.0,2.0,1.0,1.0,2.0,1.0,2.0,2.0,2.0,2.0,1.0,2.0,1.0,2.0,2.0,2.0,3.0,3.0,3.0,3.0,4.0,2.0,4.0,4.0,4.0,3.0,2.0,4.0,4.0,1.0,1.0,1.0,2.0,3.0,10.0,10.0,,4.0,4.0,4.0,3.0,4.0,1.0,2.0,1.0,3.0,2.0,3.0,,,2.0,2.0,3.0,4.0,3.0,3.0,3.0,3.0,4.0,3.0,,1.0,3.0,3.0,3.0,4.0,3.0,2.0,0.0,0.0,0.0,0.0,0.0,0.0,0.0,0.0,0.0,0.0,0.0,10.0,10.0,7.0,1.0,7.0,1.0,8.0,2.0,2.0,2.0,2.0,4.0,2.0,4.0,1.0,3.0,0.0,2.0,0.0,0.0,0.0,0.0,2.0,2.0,2.0,2.0,4.0,4.0,4.0,4.0,4.0,4.0,4.0,1.0,1.0,2.0,2.0,1.0,2.0,2.0,2.0,2.0,2.0,1.0,2.0,1.0,10.0,10.0,1.0,10.0,5.0,5.0,8.0,1.0,2.0,2.0,2.0,3.0,1.0,4.0,,1.0,2.0,2.0,6.0,1.0,1.0,1.0,1.0,1.0,1.0,1.0,1.0,6.0,5.0,1.0,10.0,1.0,1.0,1.0,1.0,1.0,1.0,1.0,2.0,2.0,3.0,3.0,2.0,5.0,1.0,5.0,1.0,4.0,1.0,1.0,4.0,3.0,3.0,3.0,3.0,1.0,2.0,3.0,3.0,2.0,3.0,3.0,3.0,1.0,1.0,3.0,3.0,3.0,,1.0,3.0,2.0,4.0,3.0,1.0,1.0,3.0,1.0,4.0,4.0,1.0,4.0,,10.0,1.0,10.0,10.0,1.0,10.0,1.0,10.0,10.0,8.0,8.0,6.0,3.0,2.0,2.0,2.0,2.0,3.0,4.0
170072744,1.0,3.0,1.0,3.0,1.0,1.0,1.0,1.0,2.0,1.0,2.0,1.0,2.0,2.0,2.0,2.0,1.0,2.0,2.0,2.0,2.0,2.0,2.0,2.0,2.0,2.0,2.0,3.0,3.0,3.0,3.0,3.0,4.0,4.0,2.0,4.0,4.0,2.0,2.0,2.0,2.0,3.0,3.0,2.0,1.0,1.0,10.0,10.0,8.0,4.0,4.0,4.0,4.0,4.0,1.0,2.0,1.0,3.0,3.0,4.0,3.0,3.0,1.0,3.0,3.0,3.0,3.0,3.0,3.0,3.0,3.0,3.0,3.0,3.0,3.0,3.0,3.0,3.0,3.0,3.0,0.0,0.0,0.0,0.0,0.0,0.0,0.0,0.0,0.0,0.0,0.0,3.0,5.0,1.0,1.0,3.0,,8.0,2.0,2.0,2.0,3.0,3.0,3.0,4.0,8.0,2.0,2.0,0.0,2.0,0.0,2.0,0.0,2.0,2.0,3.0,1.0,3.0,3.0,3.0,4.0,4.0,4.0,4.0,1.0,2.0,2.0,4.0,1.0,2.0,2.0,1.0,1.0,1.0,2.0,2.0,1.0,2.0,2.0,9.0,9.0,3.0,5.0,10.0,1.0,1.0,1.0,1.0,2.0,3.0,2.0,1.0,1.0,2.0,2.0,7.0,2.0,8.0,1.0,1.0,1.0,5.0,5.0,1.0,5.0,9.0,1.0,5.0,1.0,5.0,1.0,1.0,5.0,1.0,1.0,2.0,4.0,4.0,4.0,2.0,1.0,3.0,4.0,1.0,1.0,1.0,1.0,1.0,2.0,2.0,2.0,2.0,1.0,1.0,2.0,1.0,1.0,3.0,3.0,3.0,2.0,2.0,4.0,4.0,2.0,1.0,3.0,3.0,1.0,1.0,3.0,3.0,1.0,3.0,1.0,1.0,3.0,1.0,1.0,5.0,2.0,5.0,4.0,2.0,1.0,1.0,1.0,1.0,1.0,10.0,2.0,1.0,2.0,1.0,1.0,1.0,1.0,1.0,1.0
604070136,1.0,3.0,2.0,2.0,2.0,2.0,1.0,1.0,2.0,2.0,2.0,1.0,2.0,2.0,2.0,2.0,1.0,2.0,2.0,2.0,2.0,2.0,2.0,2.0,2.0,2.0,1.0,2.0,3.0,3.0,3.0,2.0,4.0,4.0,2.0,4.0,4.0,2.0,2.0,3.0,2.0,3.0,1.0,2.0,2.0,2.0,8.0,8.0,4.0,4.0,4.0,4.0,4.0,4.0,2.0,2.0,1.0,3.0,3.0,4.0,3.0,3.0,2.0,3.0,3.0,3.0,3.0,3.0,4.0,4.0,4.0,4.0,4.0,2.0,4.0,4.0,3.0,4.0,3.0,3.0,0.0,0.0,0.0,0.0,0.0,0.0,0.0,0.0,0.0,0.0,0.0,3.0,3.0,2.0,2.0,2.0,1.0,10.0,3.0,3.0,3.0,3.0,3.0,2.0,2.0,2.0,3.0,2.0,0.0,2.0,0.0,0.0,2.0,0.0,0.0,2.0,2.0,4.0,3.0,3.0,3.0,4.0,4.0,4.0,1.0,1.0,2.0,2.0,2.0,2.0,2.0,3.0,2.0,3.0,2.0,2.0,1.0,3.0,3.0,3.0,3.0,8.0,3.0,4.0,1.0,2.0,2.0,2.0,2.0,2.0,6.0,5.0,2.0,2.0,2.0,5.0,1.0,1.0,1.0,1.0,1.0,1.0,1.0,1.0,1.0,1.0,1.0,1.0,1.0,1.0,1.0,1.0,1.0,1.0,1.0,2.0,2.0,2.0,4.0,3.0,2.0,1.0,4.0,1.0,5.0,5.0,5.0,4.0,2.0,2.0,2.0,2.0,2.0,2.0,2.0,2.0,3.0,3.0,3.0,3.0,1.0,1.0,3.0,3.0,3.0,2.0,4.0,4.0,1.0,3.0,3.0,3.0,3.0,3.0,2.0,2.0,3.0,2.0,2.0,,8.0,5.0,8.0,8.0,3.0,8.0,7.0,7.0,7.0,7.0,6.0,6.0,3.0,2.0,1.0,1.0,1.0,4.0,4.0
788071035,2.0,4.0,2.0,4.0,2.0,1.0,1.0,2.0,1.0,1.0,2.0,1.0,1.0,2.0,1.0,1.0,1.0,1.0,1.0,1.0,2.0,1.0,1.0,1.0,1.0,2.0,1.0,1.0,2.0,2.0,2.0,2.0,2.0,2.0,3.0,,2.0,1.0,2.0,3.0,2.0,3.0,2.0,1.0,3.0,4.0,4.0,5.0,4.0,4.0,3.0,1.0,2.0,3.0,3.0,2.0,1.0,2.0,2.0,4.0,4.0,4.0,1.0,2.0,3.0,3.0,,2.0,2.0,3.0,3.0,4.0,,,3.0,,4.0,,,,0.0,0.0,0.0,0.0,0.0,0.0,0.0,0.0,0.0,0.0,0.0,1.0,10.0,1.0,5.0,3.0,2.0,1.0,1.0,1.0,1.0,1.0,2.0,1.0,4.0,8.0,1.0,2.0,0.0,2.0,1.0,2.0,0.0,2.0,2.0,4.0,2.0,3.0,2.0,1.0,3.0,4.0,2.0,4.0,1.0,1.0,2.0,3.0,3.0,2.0,2.0,2.0,2.0,3.0,2.0,2.0,1.0,4.0,8.0,7.0,8.0,10.0,6.0,10.0,1.0,1.0,1.0,1.0,1.0,1.0,4.0,1.0,1.0,1.0,1.0,3.0,10.0,3.0,1.0,2.0,1.0,1.0,1.0,6.0,7.0,1.0,1.0,2.0,3.0,3.0,1.0,1.0,1.0,1.0,8.0,3.0,3.0,4.0,4.0,3.0,5.0,1.0,1.0,5.0,5.0,5.0,5.0,5.0,3.0,3.0,3.0,3.0,3.0,3.0,3.0,3.0,3.0,3.0,3.0,3.0,2.0,2.0,2.0,3.0,2.0,3.0,2.0,2.0,3.0,4.0,2.0,2.0,1.0,3.0,3.0,2.0,2.0,2.0,3.0,6.0,10.0,5.0,8.0,8.0,9.0,10.0,9.0,6.0,7.0,9.0,6.0,5.0,3.0,2.0,2.0,2.0,1.0,3.0,3.0
792070134,1.0,2.0,1.0,2.0,1.0,2.0,1.0,2.0,1.0,2.0,1.0,2.0,1.0,2.0,2.0,1.0,2.0,1.0,2.0,1.0,2.0,1.0,2.0,1.0,1.0,2.0,1.0,2.0,1.0,2.0,1.0,2.0,1.0,1.0,2.0,3.0,2.0,1.0,2.0,2.0,3.0,1.0,1.0,1.0,2.0,2.0,8.0,7.0,6.0,4.0,3.0,3.0,3.0,4.0,2.0,2.0,1.0,2.0,2.0,2.0,2.0,2.0,2.0,1.0,2.0,2.0,2.0,1.0,2.0,2.0,2.0,2.0,2.0,2.0,2.0,2.0,2.0,2.0,2.0,2.0,0.0,1.0,0.0,0.0,0.0,0.0,0.0,0.0,1.0,0.0,1.0,7.0,7.0,7.0,4.0,7.0,1.0,6.0,1.0,1.0,1.0,1.0,1.0,2.0,2.0,9.0,3.0,0.0,1.0,2.0,2.0,1.0,2.0,2.0,1.0,2.0,2.0,3.0,3.0,3.0,3.0,3.0,3.0,3.0,,,,1.0,,2.0,2.0,2.0,2.0,2.0,1.0,2.0,1.0,10.0,10.0,8.0,4.0,8.0,8.0,10.0,1.0,1.0,1.0,1.0,1.0,1.0,1.0,3.0,1.0,1.0,1.0,2.0,1.0,5.0,1.0,1.0,1.0,5.0,1.0,1.0,1.0,1.0,1.0,1.0,1.0,1.0,1.0,,1.0,,1.0,2.0,2.0,2.0,3.0,2.0,5.0,1.0,5.0,3.0,5.0,2.0,5.0,2.0,2.0,3.0,2.0,3.0,2.0,2.0,3.0,2.0,2.0,3.0,2.0,3.0,1.0,1.0,2.0,2.0,2.0,2.0,2.0,2.0,2.0,2.0,2.0,2.0,2.0,,3.0,2.0,,2.0,2.0,10.0,10.0,5.0,10.0,10.0,,10.0,7.0,1.0,10.0,8.0,8.0,8.0,2.0,1.0,1.0,1.0,1.0,2.0,2.0
50070709,1.0,2.0,2.0,3.0,1.0,1.0,1.0,1.0,2.0,2.0,2.0,1.0,1.0,2.0,1.0,2.0,2.0,2.0,2.0,2.0,1.0,2.0,1.0,2.0,2.0,2.0,1.0,1.0,1.0,2.0,1.0,1.0,1.0,2.0,1.0,1.0,1.0,1.0,2.0,1.0,2.0,3.0,1.0,1.0,2.0,3.0,7.0,8.0,10.0,3.0,4.0,3.0,3.0,4.0,1.0,2.0,1.0,2.0,1.0,3.0,4.0,4.0,1.0,2.0,2.0,1.0,2.0,1.0,1.0,1.0,2.0,1.0,1.0,2.0,1.0,1.0,1.0,1.0,1.0,,0.0,0.0,0.0,0.0,0.0,0.0,0.0,0.0,0.0,0.0,0.0,4.0,8.0,5.0,3.0,4.0,2.0,8.0,3.0,2.0,2.0,4.0,4.0,2.0,2.0,7.0,4.0,2.0,,,2.0,,2.0,2.0,2.0,2.0,2.0,4.0,,4.0,,,4.0,,1.0,1.0,2.0,2.0,1.0,2.0,2.0,1.0,1.0,2.0,1.0,2.0,1.0,8.0,7.0,6.0,9.0,2.0,9.0,10.0,1.0,1.0,1.0,1.0,1.0,2.0,3.0,3.0,1.0,2.0,1.0,2.0,2.0,2.0,1.0,1.0,2.0,2.0,1.0,1.0,1.0,1.0,1.0,1.0,1.0,2.0,1.0,1.0,1.0,1.0,1.0,1.0,2.0,3.0,2.0,2.0,5.0,1.0,5.0,1.0,4.0,3.0,1.0,3.0,2.0,3.0,2.0,3.0,,2.0,2.0,2.0,3.0,2.0,2.0,2.0,1.0,1.0,2.0,4.0,3.0,,3.0,3.0,,3.0,1.0,1.0,2.0,1.0,4.0,2.0,3.0,2.0,3.0,8.0,10.0,9.0,10.0,10.0,10.0,10.0,9.0,9.0,10.0,9.0,10.0,9.0,1.0,1.0,1.0,2.0,2.0,3.0,4.0
566070603,1.0,3.0,1.0,4.0,1.0,1.0,1.0,1.0,1.0,1.0,2.0,2.0,2.0,2.0,2.0,2.0,1.0,1.0,2.0,2.0,2.0,1.0,2.0,1.0,2.0,2.0,1.0,4.0,2.0,4.0,3.0,1.0,4.0,2.0,4.0,5.0,3.0,2.0,1.0,4.0,2.0,2.0,1.0,1.0,1.0,2.0,9.0,7.0,9.0,4.0,3.0,4.0,4.0,4.0,2.0,,3.0,3.0,3.0,4.0,4.0,3.0,3.0,1.0,3.0,2.0,3.0,4.0,2.0,3.0,4.0,3.0,3.0,3.0,2.0,2.0,1.0,2.0,1.0,2.0,2.0,2.0,2.0,0.0,0.0,0.0,1.0,0.0,0.0,,1.0,9.0,9.0,9.0,1.0,1.0,1.0,8.0,2.0,2.0,3.0,3.0,2.0,2.0,2.0,3.0,4.0,1.0,0.0,,0.0,1.0,2.0,2.0,2.0,3.0,3.0,3.0,3.0,3.0,4.0,4.0,3.0,4.0,1.0,1.0,2.0,1.0,1.0,2.0,1.0,1.0,1.0,1.0,1.0,2.0,1.0,5.0,2.0,8.0,2.0,5.0,4.0,10.0,1.0,1.0,1.0,1.0,1.0,,1.0,1.0,1.0,1.0,1.0,2.0,1.0,5.0,1.0,3.0,2.0,1.0,1.0,2.0,1.0,2.0,1.0,3.0,1.0,7.0,1.0,1.0,2.0,1.0,3.0,2.0,2.0,2.0,3.0,2.0,4.0,1.0,1.0,1.0,3.0,2.0,1.0,1.0,,3.0,2.0,3.0,3.0,2.0,3.0,2.0,2.0,3.0,3.0,3.0,2.0,2.0,,4.0,3.0,1.0,2.0,3.0,2.0,1.0,3.0,3.0,1.0,3.0,4.0,2.0,4.0,1.0,3.0,6.0,5.0,4.0,8.0,5.0,2.0,8.0,7.0,4.0,5.0,9.0,2.0,4.0,3.0,2.0,1.0,1.0,1.0,1.0,2.0
124071481,1.0,2.0,1.0,2.0,4.0,3.0,1.0,2.0,1.0,1.0,2.0,1.0,2.0,1.0,2.0,2.0,2.0,1.0,2.0,2.0,2.0,2.0,2.0,2.0,2.0,2.0,1.0,3.0,2.0,4.0,3.0,2.0,5.0,1.0,3.0,3.0,5.0,3.0,2.0,1.0,3.0,3.0,3.0,1.0,1.0,1.0,10.0,10.0,10.0,4.0,4.0,4.0,4.0,4.0,1.0,1.0,3.0,1.0,1.0,2.0,4.0,3.0,2.0,1.0,4.0,4.0,3.0,1.0,2.0,4.0,4.0,4.0,2.0,2.0,3.0,4.0,2.0,4.0,2.0,2.0,1.0,2.0,0.0,0.0,0.0,0.0,2.0,2.0,0.0,0.0,2.0,10.0,1.0,10.0,1.0,1.0,2.0,10.0,3.0,2.0,2.0,2.0,3.0,2.0,2.0,2.0,1.0,1.0,0.0,2.0,2.0,2.0,1.0,2.0,2.0,4.0,4.0,4.0,4.0,4.0,4.0,4.0,4.0,4.0,2.0,2.0,2.0,4.0,4.0,2.0,2.0,1.0,1.0,1.0,1.0,1.0,1.0,6.0,4.0,6.0,6.0,8.0,2.0,7.0,1.0,1.0,2.0,1.0,,4.0,5.0,4.0,2.0,2.0,1.0,10.0,1.0,4.0,1.0,1.0,1.0,8.0,1.0,6.0,8.0,8.0,1.0,6.0,1.0,1.0,1.0,1.0,2.0,1.0,8.0,1.0,4.0,3.0,2.0,2.0,2.0,1.0,2.0,1.0,2.0,1.0,1.0,2.0,1.0,1.0,2.0,2.0,1.0,2.0,2.0,1.0,1.0,1.0,2.0,3.0,1.0,1.0,3.0,2.0,2.0,1.0,4.0,2.0,1.0,3.0,1.0,2.0,1.0,4.0,4.0,1.0,3.0,1.0,4.0,10.0,8.0,1.0,9.0,6.0,8.0,8.0,1.0,8.0,8.0,10.0,1.0,1.0,3.0,1.0,1.0,2.0,1.0,1.0,2.0
50070574,1.0,3.0,3.0,,1.0,1.0,2.0,2.0,2.0,2.0,2.0,1.0,1.0,2.0,1.0,1.0,1.0,1.0,1.0,1.0,2.0,1.0,1.0,1.0,1.0,2.0,1.0,2.0,1.0,2.0,2.0,3.0,2.0,1.0,2.0,4.0,2.0,1.0,1.0,2.0,2.0,3.0,1.0,1.0,2.0,3.0,9.0,8.0,7.0,2.0,2.0,2.0,2.0,4.0,3.0,2.0,1.0,2.0,2.0,2.0,3.0,3.0,1.0,2.0,2.0,2.0,2.0,2.0,2.0,2.0,2.0,2.0,2.0,2.0,2.0,2.0,2.0,2.0,2.0,2.0,0.0,0.0,0.0,0.0,0.0,0.0,0.0,0.0,0.0,0.0,0.0,2.0,7.0,8.0,3.0,3.0,2.0,7.0,2.0,1.0,2.0,2.0,1.0,2.0,2.0,4.0,4.0,2.0,1.0,0.0,2.0,1.0,2.0,0.0,0.0,2.0,1.0,4.0,4.0,4.0,4.0,4.0,4.0,4.0,1.0,1.0,2.0,3.0,3.0,2.0,2.0,3.0,3.0,3.0,1.0,2.0,,10.0,9.0,4.0,2.0,1.0,10.0,10.0,1.0,1.0,1.0,1.0,1.0,1.0,5.0,2.0,1.0,1.0,1.0,1.0,1.0,1.0,1.0,1.0,1.0,1.0,1.0,1.0,1.0,1.0,1.0,1.0,1.0,1.0,1.0,1.0,1.0,1.0,1.0,2.0,2.0,2.0,2.0,2.0,4.0,1.0,5.0,5.0,5.0,5.0,5.0,3.0,2.0,2.0,2.0,2.0,3.0,2.0,2.0,2.0,2.0,2.0,2.0,,3.0,3.0,1.0,3.0,2.0,4.0,2.0,2.0,4.0,3.0,2.0,2.0,2.0,2.0,4.0,3.0,4.0,2.0,3.0,10.0,10.0,10.0,10.0,10.0,10.0,10.0,10.0,10.0,10.0,10.0,9.0,9.0,2.0,1.0,1.0,1.0,1.0,2.0,2.0
300070121,1.0,1.0,1.0,3.0,2.0,1.0,1.0,1.0,2.0,2.0,2.0,1.0,2.0,1.0,2.0,1.0,2.0,1.0,2.0,2.0,2.0,2.0,2.0,2.0,2.0,2.0,2.0,3.0,3.0,3.0,3.0,3.0,5.0,4.0,4.0,2.0,4.0,1.0,4.0,2.0,5.0,2.0,1.0,3.0,2.0,2.0,5.0,6.0,3.0,1.0,4.0,4.0,2.0,4.0,3.0,,1.0,2.0,2.0,3.0,3.0,4.0,3.0,3.0,3.0,3.0,3.0,3.0,3.0,3.0,3.0,3.0,2.0,2.0,3.0,3.0,3.0,2.0,3.0,2.0,0.0,2.0,0.0,0.0,0.0,0.0,0.0,0.0,0.0,0.0,0.0,3.0,7.0,4.0,7.0,5.0,1.0,8.0,3.0,2.0,3.0,2.0,3.0,1.0,4.0,5.0,4.0,2.0,2.0,0.0,2.0,2.0,2.0,0.0,,2.0,2.0,3.0,3.0,4.0,4.0,4.0,4.0,4.0,2.0,2.0,2.0,1.0,,2.0,,2.0,2.0,3.0,1.0,2.0,2.0,6.0,7.0,5.0,4.0,4.0,8.0,9.0,,,,,4.0,2.0,7.0,2.0,1.0,2.0,2.0,,1.0,5.0,1.0,3.0,2.0,9.0,7.0,6.0,9.0,9.0,1.0,4.0,1.0,1.0,1.0,1.0,5.0,2.0,1.0,2.0,2.0,4.0,4.0,3.0,4.0,1.0,2.0,1.0,1.0,1.0,1.0,2.0,3.0,3.0,3.0,3.0,1.0,3.0,3.0,3.0,3.0,1.0,2.0,3.0,1.0,1.0,3.0,4.0,2.0,1.0,4.0,3.0,3.0,3.0,3.0,1.0,1.0,,1.0,3.0,3.0,1.0,3.0,7.0,10.0,1.0,10.0,10.0,2.0,10.0,6.0,6.0,9.0,10.0,6.0,6.0,2.0,2.0,2.0,2.0,2.0,2.0,3.0
360071094,1.0,2.0,3.0,4.0,1.0,2.0,1.0,2.0,2.0,2.0,1.0,2.0,1.0,1.0,1.0,2.0,2.0,1.0,2.0,2.0,2.0,1.0,2.0,2.0,1.0,2.0,1.0,3.0,1.0,3.0,2.0,1.0,4.0,1.0,1.0,2.0,2.0,2.0,2.0,2.0,1.0,3.0,1.0,2.0,4.0,4.0,6.0,4.0,8.0,1.0,4.0,2.0,2.0,4.0,1.0,2.0,2.0,4.0,3.0,4.0,4.0,3.0,3.0,2.0,4.0,4.0,3.0,4.0,3.0,2.0,2.0,3.0,3.0,1.0,2.0,3.0,2.0,1.0,3.0,1.0,2.0,2.0,1.0,1.0,0.0,2.0,0.0,2.0,1.0,0.0,,6.0,9.0,5.0,4.0,6.0,2.0,8.0,3.0,3.0,2.0,2.0,2.0,2.0,2.0,7.0,2.0,0.0,0.0,2.0,0.0,2.0,0.0,2.0,2.0,1.0,1.0,4.0,3.0,2.0,4.0,4.0,4.0,3.0,1.0,2.0,2.0,2.0,,2.0,2.0,1.0,2.0,1.0,2.0,2.0,1.0,10.0,8.0,3.0,6.0,2.0,4.0,7.0,1.0,1.0,1.0,1.0,2.0,1.0,3.0,3.0,1.0,2.0,1.0,5.0,7.0,4.0,2.0,3.0,4.0,3.0,4.0,1.0,2.0,4.0,1.0,1.0,3.0,5.0,2.0,3.0,1.0,2.0,1.0,2.0,2.0,1.0,3.0,2.0,5.0,1.0,5.0,5.0,1.0,1.0,1.0,1.0,1.0,1.0,1.0,3.0,3.0,3.0,3.0,1.0,1.0,1.0,1.0,3.0,1.0,1.0,2.0,3.0,3.0,1.0,2.0,3.0,1.0,3.0,2.0,1.0,1.0,2.0,2.0,3.0,4.0,2.0,2.0,8.0,8.0,4.0,9.0,3.0,6.0,7.0,9.0,6.0,2.0,7.0,3.0,4.0,2.0,1.0,3.0,3.0,3.0,3.0,3.0
528070660,1.0,1.0,1.0,2.0,,,1.0,1.0,2.0,1.0,2.0,1.0,2.0,2.0,2.0,2.0,2.0,1.0,2.0,2.0,2.0,2.0,2.0,1.0,2.0,2.0,2.0,3.0,3.0,3.0,2.0,3.0,3.0,4.0,3.0,2.0,4.0,4.0,2.0,2.0,4.0,2.0,1.0,,2.0,2.0,8.0,8.0,8.0,4.0,4.0,,4.0,4.0,2.0,,1.0,,1.0,,,,,,,,,3.0,3.0,3.0,3.0,3.0,,,,,,3.0,4.0,,0.0,0.0,0.0,0.0,0.0,0.0,0.0,0.0,0.0,0.0,0.0,6.0,8.0,7.0,7.0,3.0,2.0,8.0,,,,,,,4.0,,3.0,0.0,0.0,2.0,,,2.0,2.0,2.0,3.0,2.0,,3.0,3.0,3.0,,,,2.0,,2.0,,,2.0,2.0,,,,2.0,2.0,,7.0,7.0,1.0,1.0,1.0,7.0,7.0,1.0,1.0,2.0,,4.0,4.0,7.0,2.0,1.0,2.0,,,1.0,1.0,1.0,1.0,1.0,10.0,,,,10.0,,,1.0,1.0,1.0,1.0,,,,1.0,,4.0,2.0,2.0,4.0,1.0,1.0,1.0,1.0,1.0,1.0,1.0,2.0,3.0,3.0,3.0,,,3.0,3.0,,2.0,3.0,3.0,2.0,2.0,,,,,,,,,,,1.0,,2.0,2.0,3.0,,4.0,6.0,7.0,1.0,10.0,7.0,1.0,10.0,5.0,1.0,10.0,7.0,5.0,3.0,3.0,,1.0,2.0,2.0,2.0,2.0
484070739,1.0,2.0,1.0,3.0,1.0,1.0,1.0,2.0,2.0,1.0,1.0,1.0,2.0,2.0,2.0,2.0,1.0,1.0,2.0,2.0,2.0,2.0,2.0,1.0,2.0,2.0,2.0,2.0,3.0,3.0,4.0,2.0,2.0,1.0,2.0,3.0,3.0,3.0,1.0,2.0,2.0,3.0,1.0,2.0,1.0,1.0,10.0,10.0,9.0,3.0,3.0,3.0,2.0,4.0,1.0,2.0,1.0,3.0,3.0,2.0,2.0,2.0,2.0,2.0,3.0,3.0,4.0,3.0,3.0,4.0,4.0,4.0,4.0,2.0,2.0,2.0,2.0,2.0,2.0,2.0,0.0,1.0,0.0,0.0,0.0,0.0,0.0,0.0,0.0,0.0,0.0,10.0,5.0,1.0,1.0,1.0,1.0,10.0,4.0,2.0,4.0,4.0,3.0,2.0,4.0,4.0,4.0,1.0,1.0,1.0,2.0,0.0,2.0,0.0,0.0,2.0,2.0,1.0,1.0,2.0,2.0,1.0,2.0,2.0,1.0,1.0,2.0,1.0,1.0,2.0,2.0,1.0,3.0,2.0,2.0,2.0,1.0,5.0,5.0,5.0,3.0,5.0,3.0,10.0,1.0,1.0,1.0,1.0,2.0,3.0,6.0,3.0,1.0,2.0,1.0,4.0,1.0,1.0,1.0,1.0,1.0,1.0,1.0,5.0,5.0,4.0,1.0,1.0,1.0,1.0,1.0,1.0,4.0,5.0,2.0,3.0,4.0,4.0,2.0,2.0,2.0,2.0,2.0,1.0,1.0,2.0,2.0,2.0,2.0,2.0,2.0,2.0,1.0,1.0,2.0,2.0,3.0,2.0,3.0,2.0,3.0,3.0,3.0,3.0,2.0,3.0,3.0,2.0,2.0,2.0,3.0,3.0,1.0,3.0,2.0,4.0,2.0,4.0,4.0,7.0,4.0,5.0,5.0,8.0,8.0,5.0,5.0,5.0,10.0,7.0,5.0,6.0,2.0,1.0,2.0,2.0,1.0,2.0,2.0
434070196,1.0,1.0,2.0,4.0,1.0,1.0,1.0,2.0,2.0,1.0,2.0,1.0,2.0,2.0,1.0,1.0,2.0,1.0,2.0,1.0,2.0,1.0,1.0,1.0,1.0,2.0,1.0,3.0,1.0,3.0,1.0,1.0,1.0,2.0,3.0,5.0,2.0,1.0,2.0,1.0,1.0,3.0,1.0,2.0,2.0,3.0,10.0,10.0,10.0,4.0,4.0,4.0,4.0,4.0,1.0,2.0,1.0,2.0,2.0,2.0,4.0,4.0,2.0,4.0,4.0,4.0,4.0,3.0,3.0,3.0,4.0,4.0,3.0,3.0,3.0,3.0,3.0,3.0,4.0,3.0,2.0,0.0,0.0,0.0,0.0,1.0,0.0,2.0,0.0,0.0,0.0,10.0,,1.0,1.0,,2.0,10.0,4.0,3.0,3.0,3.0,2.0,2.0,4.0,,3.0,2.0,0.0,2.0,2.0,2.0,2.0,1.0,1.0,3.0,2.0,3.0,4.0,2.0,2.0,2.0,1.0,4.0,2.0,1.0,2.0,2.0,1.0,2.0,2.0,1.0,1.0,1.0,2.0,2.0,1.0,10.0,,,10.0,,,10.0,1.0,1.0,1.0,1.0,1.0,1.0,4.0,1.0,1.0,1.0,2.0,,4.0,1.0,1.0,1.0,1.0,1.0,1.0,1.0,10.0,1.0,1.0,1.0,1.0,10.0,1.0,1.0,1.0,5.0,10.0,1.0,3.0,4.0,3.0,3.0,3.0,2.0,5.0,1.0,5.0,2.0,1.0,1.0,3.0,2.0,3.0,2.0,1.0,2.0,3.0,3.0,2.0,3.0,3.0,3.0,3.0,3.0,3.0,,3.0,1.0,3.0,3.0,1.0,1.0,1.0,2.0,1.0,4.0,2.0,3.0,1.0,1.0,3.0,10.0,10.0,10.0,10.0,10.0,10.0,10.0,10.0,10.0,10.0,10.0,1.0,,2.0,1.0,1.0,1.0,1.0,2.0,2.0
368070563,1.0,1.0,2.0,4.0,1.0,1.0,1.0,1.0,1.0,1.0,2.0,1.0,2.0,2.0,2.0,2.0,2.0,1.0,1.0,2.0,1.0,2.0,1.0,1.0,1.0,1.0,1.0,3.0,2.0,3.0,1.0,2.0,4.0,2.0,3.0,,1.0,1.0,3.0,1.0,2.0,3.0,1.0,1.0,2.0,3.0,7.0,4.0,4.0,4.0,2.0,1.0,3.0,2.0,2.0,2.0,2.0,3.0,2.0,3.0,2.0,1.0,4.0,3.0,2.0,3.0,2.0,3.0,3.0,3.0,4.0,4.0,4.0,2.0,3.0,2.0,3.0,3.0,3.0,3.0,0.0,0.0,0.0,2.0,0.0,2.0,1.0,2.0,0.0,0.0,0.0,6.0,6.0,7.0,6.0,7.0,2.0,9.0,1.0,2.0,1.0,2.0,3.0,4.0,1.0,7.0,2.0,0.0,0.0,0.0,2.0,0.0,2.0,1.0,1.0,3.0,2.0,3.0,3.0,3.0,3.0,3.0,2.0,3.0,2.0,2.0,2.0,1.0,1.0,2.0,2.0,1.0,1.0,1.0,2.0,2.0,1.0,7.0,6.0,5.0,6.0,6.0,6.0,,,,,,3.0,3.0,5.0,1.0,1.0,2.0,2.0,7.0,6.0,6.0,6.0,6.0,6.0,,,6.0,6.0,,6.0,6.0,6.0,5.0,6.0,6.0,,5.0,6.0,3.0,3.0,1.0,4.0,3.0,1.0,1.0,1.0,1.0,1.0,1.0,1.0,1.0,3.0,2.0,1.0,3.0,1.0,3.0,1.0,2.0,3.0,3.0,2.0,2.0,3.0,3.0,3.0,3.0,,1.0,2.0,1.0,1.0,1.0,1.0,1.0,3.0,3.0,1.0,1.0,3.0,1.0,1.0,,6.0,3.0,4.0,4.0,3.0,4.0,3.0,3.0,4.0,5.0,6.0,4.0,2.0,1.0,1.0,1.0,1.0,1.0,1.0
392071274,1.0,2.0,2.0,2.0,1.0,3.0,1.0,2.0,2.0,1.0,1.0,2.0,2.0,1.0,2.0,1.0,2.0,1.0,2.0,1.0,2.0,2.0,2.0,1.0,2.0,2.0,2.0,3.0,3.0,3.0,3.0,1.0,3.0,2.0,,5.0,2.0,4.0,3.0,1.0,4.0,2.0,1.0,3.0,2.0,2.0,7.0,6.0,5.0,3.0,2.0,4.0,2.0,,1.0,2.0,2.0,3.0,2.0,4.0,,3.0,4.0,2.0,2.0,3.0,3.0,2.0,1.0,2.0,3.0,2.0,2.0,1.0,3.0,3.0,3.0,2.0,,2.0,0.0,0.0,1.0,1.0,0.0,0.0,2.0,0.0,0.0,0.0,0.0,5.0,5.0,4.0,5.0,5.0,1.0,4.0,2.0,2.0,2.0,1.0,2.0,1.0,2.0,2.0,2.0,2.0,1.0,1.0,2.0,1.0,1.0,1.0,1.0,3.0,2.0,3.0,3.0,4.0,4.0,4.0,3.0,2.0,1.0,1.0,,1.0,1.0,2.0,2.0,1.0,1.0,1.0,1.0,2.0,,9.0,9.0,5.0,6.0,3.0,8.0,5.0,1.0,,,,4.0,2.0,4.0,2.0,1.0,2.0,2.0,5.0,1.0,1.0,1.0,1.0,1.0,5.0,1.0,5.0,5.0,8.0,1.0,5.0,1.0,1.0,1.0,1.0,5.0,1.0,5.0,2.0,3.0,4.0,2.0,2.0,1.0,1.0,1.0,2.0,5.0,1.0,2.0,2.0,1.0,2.0,1.0,2.0,1.0,2.0,2.0,2.0,2.0,2.0,3.0,3.0,1.0,1.0,2.0,4.0,,3.0,1.0,1.0,2.0,4.0,1.0,1.0,1.0,2.0,4.0,3.0,4.0,1.0,4.0,3.0,9.0,1.0,10.0,9.0,1.0,10.0,4.0,1.0,10.0,10.0,7.0,6.0,2.0,1.0,2.0,2.0,1.0,3.0,2.0
764070800,1.0,2.0,1.0,2.0,2.0,2.0,1.0,1.0,1.0,1.0,1.0,2.0,2.0,2.0,2.0,2.0,2.0,1.0,1.0,1.0,2.0,2.0,2.0,2.0,1.0,1.0,1.0,2.0,1.0,2.0,1.0,2.0,2.0,1.0,2.0,3.0,3.0,1.0,2.0,3.0,3.0,2.0,,1.0,1.0,1.0,5.0,3.0,4.0,1.0,2.0,1.0,2.0,2.0,2.0,1.0,1.0,1.0,2.0,1.0,1.0,2.0,1.0,2.0,1.0,1.0,2.0,1.0,2.0,1.0,2.0,1.0,2.0,1.0,2.0,1.0,2.0,1.0,2.0,1.0,2.0,1.0,2.0,1.0,2.0,1.0,2.0,1.0,2.0,1.0,2.0,5.0,4.0,5.0,4.0,4.0,2.0,5.0,1.0,2.0,1.0,4.0,2.0,1.0,2.0,7.0,1.0,2.0,1.0,2.0,2.0,2.0,1.0,1.0,2.0,3.0,2.0,3.0,2.0,1.0,2.0,1.0,2.0,1.0,2.0,1.0,2.0,1.0,1.0,1.0,1.0,1.0,1.0,1.0,1.0,1.0,1.0,4.0,2.0,3.0,2.0,3.0,6.0,6.0,1.0,1.0,2.0,2.0,2.0,4.0,6.0,2.0,2.0,,,2.0,3.0,2.0,1.0,2.0,2.0,3.0,3.0,2.0,1.0,2.0,3.0,4.0,3.0,2.0,1.0,2.0,2.0,1.0,2.0,1.0,2.0,2.0,2.0,3.0,1.0,2.0,1.0,2.0,1.0,2.0,1.0,2.0,1.0,2.0,1.0,2.0,1.0,2.0,1.0,2.0,2.0,3.0,1.0,,2.0,1.0,2.0,1.0,2.0,3.0,1.0,3.0,2.0,1.0,1.0,3.0,3.0,,1.0,2.0,2.0,2.0,3.0,4.0,3.0,2.0,1.0,2.0,3.0,2.0,1.0,2.0,2.0,5.0,3.0,6.0,2.0,2.0,1.0,2.0,1.0,3.0,3.0
703070720,1.0,1.0,2.0,4.0,2.0,4.0,2.0,1.0,2.0,1.0,2.0,1.0,2.0,1.0,2.0,2.0,2.0,2.0,1.0,2.0,2.0,2.0,2.0,2.0,2.0,2.0,4.0,3.0,3.0,4.0,3.0,4.0,3.0,2.0,4.0,4.0,5.0,5.0,2.0,5.0,3.0,2.0,1.0,2.0,2.0,1.0,10.0,10.0,8.0,4.0,4.0,4.0,4.0,4.0,2.0,2.0,1.0,3.0,2.0,3.0,2.0,3.0,4.0,3.0,3.0,3.0,2.0,2.0,3.0,4.0,3.0,3.0,2.0,2.0,2.0,2.0,2.0,2.0,2.0,2.0,0.0,0.0,0.0,0.0,0.0,0.0,0.0,0.0,0.0,0.0,0.0,8.0,2.0,5.0,4.0,8.0,1.0,8.0,4.0,2.0,1.0,1.0,3.0,2.0,4.0,4.0,3.0,1.0,1.0,2.0,1.0,1.0,2.0,0.0,2.0,2.0,1.0,4.0,3.0,4.0,4.0,4.0,4.0,4.0,2.0,2.0,2.0,4.0,4.0,2.0,2.0,3.0,4.0,3.0,1.0,2.0,2.0,7.0,8.0,2.0,3.0,8.0,8.0,1.0,2.0,2.0,2.0,2.0,4.0,4.0,7.0,8.0,2.0,2.0,2.0,8.0,3.0,2.0,2.0,2.0,1.0,7.0,4.0,8.0,10.0,10.0,7.0,3.0,1.0,1.0,3.0,2.0,6.0,1.0,1.0,4.0,4.0,4.0,4.0,3.0,3.0,2.0,1.0,5.0,5.0,4.0,5.0,5.0,2.0,3.0,3.0,3.0,2.0,3.0,3.0,3.0,3.0,3.0,3.0,3.0,1.0,1.0,2.0,3.0,1.0,3.0,2.0,2.0,2.0,4.0,3.0,1.0,1.0,5.0,3.0,3.0,3.0,3.0,4.0,9.0,4.0,5.0,8.0,7.0,7.0,7.0,3.0,1.0,8.0,9.0,3.0,4.0,4.0,2.0,1.0,1.0,2.0,3.0,3.0
792071814,1.0,1.0,1.0,2.0,1.0,1.0,1.0,2.0,2.0,1.0,2.0,1.0,2.0,2.0,1.0,2.0,2.0,1.0,1.0,1.0,1.0,1.0,1.0,1.0,1.0,2.0,1.0,2.0,1.0,3.0,2.0,,2.0,2.0,3.0,3.0,2.0,1.0,1.0,2.0,3.0,3.0,1.0,1.0,1.0,1.0,8.0,9.0,4.0,4.0,2.0,2.0,2.0,4.0,3.0,2.0,1.0,2.0,1.0,3.0,3.0,3.0,1.0,1.0,2.0,1.0,2.0,1.0,1.0,1.0,2.0,1.0,2.0,2.0,2.0,2.0,2.0,2.0,2.0,2.0,0.0,0.0,0.0,0.0,0.0,0.0,0.0,0.0,0.0,0.0,0.0,1.0,8.0,1.0,2.0,8.0,1.0,7.0,2.0,2.0,2.0,2.0,2.0,1.0,3.0,10.0,1.0,0.0,0.0,2.0,0.0,2.0,1.0,2.0,2.0,3.0,3.0,2.0,2.0,2.0,2.0,3.0,2.0,3.0,,,2.0,2.0,,2.0,2.0,1.0,1.0,1.0,1.0,2.0,1.0,8.0,10.0,7.0,3.0,1.0,8.0,10.0,1.0,1.0,1.0,1.0,1.0,1.0,2.0,2.0,1.0,1.0,1.0,2.0,1.0,1.0,1.0,1.0,1.0,1.0,1.0,1.0,4.0,3.0,3.0,1.0,1.0,3.0,1.0,,1.0,,10.0,4.0,4.0,4.0,2.0,2.0,2.0,1.0,2.0,1.0,2.0,1.0,1.0,1.0,3.0,3.0,2.0,3.0,2.0,2.0,3.0,2.0,2.0,3.0,2.0,3.0,2.0,2.0,2.0,2.0,3.0,3.0,2.0,2.0,4.0,4.0,1.0,1.0,1.0,,4.0,3.0,,1.0,4.0,10.0,1.0,2.0,10.0,9.0,,8.0,8.0,5.0,10.0,10.0,9.0,9.0,2.0,1.0,2.0,2.0,1.0,3.0,3.0
124074811,1.0,1.0,2.0,3.0,1.0,2.0,1.0,2.0,1.0,1.0,2.0,1.0,2.0,2.0,2.0,2.0,1.0,1.0,2.0,1.0,2.0,2.0,2.0,2.0,2.0,2.0,2.0,2.0,3.0,3.0,3.0,3.0,4.0,2.0,4.0,3.0,4.0,4.0,2.0,2.0,2.0,3.0,2.0,2.0,2.0,2.0,6.0,6.0,6.0,4.0,4.0,4.0,4.0,4.0,1.0,1.0,2.0,2.0,2.0,4.0,2.0,2.0,3.0,2.0,3.0,3.0,3.0,2.0,3.0,4.0,4.0,4.0,3.0,3.0,3.0,3.0,3.0,3.0,3.0,3.0,0.0,0.0,0.0,0.0,0.0,0.0,0.0,0.0,0.0,0.0,0.0,3.0,5.0,4.0,4.0,3.0,2.0,7.0,3.0,3.0,3.0,3.0,2.0,2.0,3.0,3.0,2.0,0.0,1.0,2.0,2.0,2.0,1.0,2.0,2.0,3.0,2.0,3.0,3.0,3.0,3.0,3.0,3.0,3.0,1.0,1.0,2.0,3.0,4.0,2.0,2.0,3.0,3.0,3.0,2.0,2.0,2.0,5.0,6.0,7.0,6.0,8.0,6.0,8.0,1.0,1.0,1.0,1.0,3.0,3.0,7.0,3.0,1.0,2.0,2.0,7.0,2.0,5.0,2.0,1.0,3.0,10.0,5.0,8.0,10.0,8.0,1.0,7.0,1.0,3.0,1.0,1.0,6.0,3.0,7.0,3.0,4.0,3.0,4.0,3.0,5.0,4.0,5.0,1.0,1.0,1.0,1.0,2.0,1.0,1.0,2.0,2.0,2.0,1.0,3.0,2.0,2.0,2.0,3.0,3.0,2.0,2.0,2.0,2.0,2.0,3.0,2.0,2.0,2.0,3.0,3.0,3.0,2.0,3.0,2.0,2.0,3.0,2.0,3.0,5.0,4.0,3.0,4.0,4.0,3.0,4.0,4.0,5.0,2.0,7.0,6.0,4.0,2.0,1.0,1.0,1.0,1.0,3.0,2.0
704070827,1.0,2.0,2.0,2.0,1.0,2.0,1.0,1.0,2.0,1.0,1.0,2.0,2.0,1.0,2.0,2.0,2.0,1.0,2.0,1.0,2.0,2.0,2.0,1.0,2.0,2.0,2.0,2.0,3.0,3.0,3.0,2.0,3.0,3.0,2.0,4.0,2.0,2.0,2.0,2.0,2.0,1.0,1.0,1.0,2.0,2.0,10.0,10.0,10.0,4.0,4.0,4.0,4.0,4.0,1.0,2.0,1.0,2.0,3.0,3.0,3.0,3.0,2.0,2.0,2.0,2.0,2.0,1.0,1.0,1.0,1.0,1.0,1.0,1.0,1.0,1.0,1.0,1.0,1.0,1.0,2.0,2.0,2.0,2.0,0.0,0.0,2.0,2.0,2.0,2.0,0.0,10.0,1.0,1.0,1.0,1.0,2.0,10.0,2.0,2.0,2.0,2.0,2.0,4.0,4.0,10.0,3.0,2.0,1.0,2.0,2.0,2.0,2.0,2.0,2.0,3.0,1.0,3.0,1.0,3.0,3.0,3.0,3.0,3.0,1.0,1.0,1.0,1.0,1.0,2.0,2.0,1.0,1.0,1.0,2.0,2.0,1.0,10.0,10.0,10.0,10.0,10.0,10.0,5.0,2.0,2.0,2.0,2.0,3.0,3.0,6.0,7.0,2.0,2.0,2.0,10.0,3.0,3.0,1.0,3.0,4.0,4.0,3.0,3.0,3.0,3.0,1.0,3.0,3.0,3.0,2.0,2.0,3.0,4.0,1.0,2.0,3.0,3.0,2.0,2.0,1.0,1.0,5.0,1.0,5.0,1.0,1.0,1.0,3.0,3.0,3.0,3.0,3.0,3.0,3.0,3.0,3.0,3.0,,,1.0,3.0,3.0,3.0,3.0,3.0,3.0,3.0,3.0,3.0,3.0,3.0,1.0,5.0,2.0,2.0,2.0,2.0,2.0,,1.0,,9.0,,10.0,1.0,1.0,1.0,10.0,10.0,10.0,10.0,1.0,1.0,2.0,3.0,3.0,3.0,3.0
158070815,1.0,1.0,1.0,3.0,1.0,4.0,1.0,2.0,1.0,1.0,2.0,2.0,1.0,2.0,2.0,2.0,1.0,1.0,2.0,1.0,2.0,1.0,2.0,1.0,1.0,2.0,2.0,4.0,3.0,3.0,2.0,2.0,4.0,2.0,3.0,5.0,1.0,1.0,1.0,1.0,1.0,3.0,1.0,3.0,1.0,1.0,10.0,10.0,10.0,4.0,4.0,4.0,4.0,4.0,1.0,1.0,1.0,1.0,1.0,3.0,2.0,2.0,1.0,1.0,1.0,1.0,,1.0,1.0,1.0,1.0,1.0,1.0,1.0,1.0,1.0,1.0,1.0,1.0,1.0,0.0,0.0,0.0,0.0,0.0,0.0,0.0,0.0,0.0,0.0,0.0,10.0,10.0,10.0,4.0,5.0,1.0,10.0,2.0,,,1.0,1.0,1.0,1.0,9.0,3.0,2.0,2.0,0.0,0.0,2.0,2.0,0.0,0.0,2.0,1.0,4.0,,4.0,4.0,4.0,,4.0,1.0,1.0,2.0,1.0,1.0,2.0,2.0,1.0,1.0,1.0,2.0,2.0,1.0,8.0,10.0,7.0,10.0,9.0,9.0,4.0,2.0,2.0,2.0,2.0,3.0,2.0,4.0,5.0,1.0,2.0,2.0,5.0,1.0,1.0,1.0,2.0,1.0,1.0,1.0,1.0,5.0,1.0,1.0,10.0,1.0,1.0,1.0,1.0,1.0,1.0,10.0,1.0,1.0,1.0,4.0,3.0,1.0,1.0,5.0,5.0,5.0,5.0,5.0,5.0,3.0,3.0,3.0,3.0,3.0,3.0,3.0,1.0,3.0,3.0,3.0,3.0,1.0,1.0,1.0,3.0,4.0,4.0,1.0,1.0,4.0,4.0,2.0,1.0,1.0,5.0,1.0,1.0,4.0,1.0,4.0,1.0,9.0,1.0,10.0,1.0,1.0,10.0,7.0,5.0,10.0,10.0,10.0,10.0,1.0,1.0,1.0,1.0,1.0,2.0,2.0
68071385,1.0,1.0,1.0,3.0,1.0,1.0,1.0,2.0,1.0,1.0,2.0,1.0,2.0,2.0,1.0,2.0,1.0,1.0,2.0,1.0,2.0,2.0,2.0,1.0,2.0,2.0,2.0,1.0,4.0,3.0,4.0,1.0,4.0,2.0,2.0,4.0,2.0,1.0,2.0,2.0,1.0,3.0,1.0,1.0,2.0,2.0,8.0,6.0,6.0,2.0,4.0,2.0,2.0,4.0,2.0,1.0,1.0,3.0,3.0,4.0,3.0,4.0,1.0,3.0,3.0,3.0,3.0,3.0,2.0,3.0,3.0,,3.0,3.0,2.0,3.0,3.0,3.0,3.0,,2.0,0.0,0.0,2.0,0.0,0.0,0.0,0.0,0.0,0.0,0.0,8.0,7.0,5.0,8.0,8.0,1.0,10.0,2.0,2.0,2.0,2.0,2.0,2.0,2.0,5.0,3.0,2.0,1.0,1.0,1.0,1.0,1.0,1.0,1.0,4.0,1.0,4.0,3.0,4.0,4.0,4.0,3.0,4.0,1.0,1.0,2.0,2.0,2.0,2.0,2.0,3.0,,3.0,2.0,2.0,2.0,9.0,8.0,7.0,7.0,7.0,7.0,10.0,1.0,2.0,,1.0,2.0,3.0,2.0,2.0,1.0,1.0,2.0,5.0,5.0,1.0,1.0,1.0,1.0,5.0,4.0,1.0,4.0,1.0,1.0,1.0,1.0,1.0,1.0,1.0,1.0,1.0,5.0,1.0,1.0,2.0,3.0,3.0,5.0,1.0,5.0,1.0,5.0,5.0,5.0,1.0,3.0,3.0,3.0,3.0,3.0,3.0,3.0,3.0,3.0,3.0,3.0,3.0,1.0,1.0,,4.0,2.0,4.0,1.0,1.0,3.0,4.0,2.0,1.0,2.0,,3.0,,4.0,2.0,4.0,2.0,6.0,2.0,9.0,7.0,2.0,8.0,6.0,9.0,10.0,8.0,7.0,5.0,1.0,1.0,1.0,1.0,2.0,3.0,4.0
422070165,1.0,1.0,2.0,3.0,1.0,1.0,1.0,1.0,1.0,2.0,2.0,1.0,2.0,2.0,1.0,2.0,2.0,1.0,2.0,1.0,2.0,1.0,2.0,1.0,1.0,2.0,1.0,2.0,2.0,4.0,3.0,2.0,1.0,1.0,1.0,,2.0,1.0,1.0,1.0,1.0,3.0,1.0,1.0,2.0,2.0,5.0,6.0,5.0,4.0,4.0,4.0,4.0,4.0,1.0,2.0,1.0,1.0,2.0,3.0,4.0,4.0,3.0,1.0,4.0,3.0,4.0,4.0,3.0,2.0,2.0,2.0,4.0,3.0,4.0,4.0,4.0,4.0,4.0,4.0,0.0,0.0,0.0,0.0,0.0,0.0,0.0,0.0,0.0,0.0,0.0,3.0,3.0,3.0,2.0,3.0,1.0,6.0,4.0,4.0,4.0,4.0,4.0,4.0,4.0,6.0,2.0,2.0,1.0,2.0,2.0,2.0,2.0,1.0,2.0,2.0,1.0,4.0,4.0,4.0,4.0,4.0,2.0,4.0,2.0,2.0,2.0,1.0,1.0,2.0,2.0,1.0,1.0,1.0,1.0,2.0,1.0,8.0,5.0,6.0,4.0,7.0,7.0,10.0,1.0,1.0,1.0,1.0,1.0,3.0,2.0,1.0,1.0,1.0,1.0,5.0,8.0,,4.0,3.0,2.0,1.0,,3.0,1.0,3.0,1.0,1.0,2.0,3.0,2.0,4.0,1.0,1.0,2.0,4.0,4.0,4.0,4.0,3.0,5.0,1.0,5.0,5.0,3.0,1.0,1.0,1.0,3.0,3.0,3.0,3.0,3.0,3.0,3.0,3.0,3.0,3.0,3.0,3.0,3.0,3.0,1.0,2.0,,,2.0,3.0,2.0,3.0,,2.0,1.0,5.0,2.0,3.0,2.0,1.0,3.0,,9.0,6.0,5.0,6.0,7.0,9.0,8.0,6.0,9.0,10.0,2.0,1.0,3.0,2.0,1.0,1.0,1.0,4.0,4.0
528070726,1.0,1.0,2.0,2.0,1.0,2.0,1.0,2.0,2.0,2.0,2.0,1.0,1.0,2.0,2.0,1.0,1.0,1.0,2.0,2.0,2.0,2.0,2.0,1.0,2.0,2.0,3.0,4.0,4.0,4.0,4.0,3.0,5.0,4.0,5.0,2.0,5.0,3.0,4.0,2.0,4.0,2.0,1.0,1.0,1.0,1.0,8.0,9.0,8.0,4.0,4.0,4.0,4.0,4.0,1.0,1.0,1.0,1.0,1.0,3.0,2.0,2.0,3.0,2.0,2.0,2.0,2.0,2.0,2.0,2.0,2.0,2.0,2.0,2.0,2.0,3.0,3.0,3.0,2.0,2.0,1.0,2.0,0.0,0.0,0.0,0.0,1.0,0.0,1.0,1.0,0.0,7.0,5.0,6.0,3.0,4.0,1.0,6.0,2.0,2.0,2.0,2.0,2.0,1.0,4.0,6.0,3.0,2.0,2.0,2.0,2.0,2.0,2.0,0.0,2.0,3.0,1.0,4.0,3.0,3.0,3.0,4.0,4.0,3.0,1.0,1.0,2.0,4.0,4.0,2.0,2.0,3.0,3.0,3.0,2.0,2.0,1.0,10.0,10.0,4.0,3.0,3.0,8.0,6.0,1.0,2.0,2.0,1.0,3.0,3.0,3.0,1.0,1.0,2.0,2.0,4.0,1.0,3.0,1.0,1.0,1.0,10.0,5.0,6.0,6.0,10.0,6.0,6.0,1.0,1.0,1.0,1.0,5.0,1.0,1.0,1.0,2.0,2.0,2.0,2.0,1.0,1.0,1.0,1.0,1.0,1.0,4.0,1.0,1.0,2.0,3.0,2.0,2.0,2.0,3.0,2.0,2.0,1.0,3.0,3.0,1.0,1.0,1.0,4.0,4.0,4.0,1.0,1.0,4.0,4.0,1.0,2.0,2.0,3.0,4.0,2.0,4.0,1.0,3.0,7.0,3.0,1.0,10.0,8.0,6.0,8.0,1.0,1.0,10.0,8.0,8.0,8.0,2.0,2.0,1.0,2.0,2.0,2.0,2.0
410070647,1.0,2.0,3.0,2.0,2.0,3.0,2.0,1.0,1.0,1.0,2.0,2.0,1.0,1.0,2.0,2.0,2.0,1.0,2.0,1.0,2.0,1.0,2.0,2.0,2.0,2.0,2.0,3.0,2.0,3.0,2.0,2.0,2.0,2.0,4.0,4.0,1.0,2.0,1.0,1.0,2.0,3.0,1.0,2.0,2.0,2.0,8.0,7.0,8.0,4.0,4.0,4.0,4.0,4.0,1.0,2.0,1.0,3.0,2.0,3.0,3.0,2.0,2.0,2.0,3.0,2.0,2.0,2.0,2.0,2.0,3.0,3.0,2.0,1.0,2.0,2.0,2.0,2.0,2.0,1.0,0.0,0.0,0.0,0.0,1.0,0.0,0.0,0.0,0.0,2.0,0.0,10.0,2.0,8.0,3.0,4.0,2.0,5.0,1.0,2.0,2.0,2.0,2.0,2.0,4.0,9.0,3.0,2.0,0.0,2.0,0.0,0.0,1.0,2.0,1.0,2.0,2.0,3.0,2.0,3.0,3.0,4.0,4.0,4.0,1.0,2.0,2.0,3.0,4.0,2.0,2.0,2.0,3.0,4.0,1.0,2.0,1.0,8.0,9.0,6.0,4.0,2.0,10.0,5.0,1.0,2.0,2.0,2.0,3.0,3.0,7.0,7.0,3.0,1.0,2.0,6.0,4.0,3.0,1.0,2.0,1.0,1.0,2.0,3.0,5.0,3.0,1.0,4.0,2.0,2.0,2.0,1.0,3.0,1.0,3.0,2.0,4.0,4.0,2.0,1.0,3.0,1.0,3.0,2.0,5.0,5.0,5.0,2.0,2.0,2.0,1.0,2.0,1.0,1.0,1.0,1.0,2.0,2.0,2.0,2.0,1.0,1.0,1.0,3.0,2.0,3.0,2.0,1.0,3.0,4.0,1.0,2.0,1.0,,4.0,3.0,4.0,3.0,4.0,8.0,5.0,2.0,10.0,7.0,3.0,9.0,2.0,4.0,9.0,10.0,6.0,6.0,2.0,1.0,1.0,1.0,1.0,2.0,3.0
51071192,1.0,1.0,1.0,3.0,1.0,2.0,2.0,2.0,1.0,1.0,2.0,1.0,1.0,2.0,2.0,1.0,2.0,1.0,2.0,2.0,2.0,1.0,2.0,1.0,2.0,2.0,2.0,2.0,2.0,4.0,2.0,1.0,3.0,3.0,2.0,5.0,4.0,3.0,2.0,5.0,3.0,1.0,2.0,2.0,2.0,1.0,8.0,8.0,7.0,4.0,4.0,4.0,4.0,4.0,1.0,2.0,1.0,2.0,2.0,3.0,3.0,3.0,2.0,1.0,3.0,3.0,,3.0,4.0,2.0,4.0,4.0,3.0,2.0,4.0,3.0,2.0,,,3.0,0.0,0.0,0.0,0.0,0.0,0.0,0.0,0.0,0.0,0.0,0.0,10.0,1.0,10.0,1.0,1.0,1.0,5.0,2.0,2.0,2.0,2.0,2.0,2.0,5.0,7.0,4.0,0.0,2.0,0.0,0.0,0.0,2.0,2.0,0.0,2.0,2.0,3.0,3.0,4.0,4.0,4.0,3.0,4.0,2.0,2.0,2.0,2.0,1.0,2.0,2.0,1.0,2.0,1.0,1.0,2.0,1.0,10.0,10.0,8.0,7.0,6.0,8.0,5.0,1.0,2.0,2.0,2.0,,,4.0,7.0,2.0,2.0,2.0,7.0,1.0,1.0,1.0,1.0,1.0,1.0,1.0,1.0,1.0,1.0,1.0,1.0,1.0,1.0,1.0,1.0,1.0,1.0,1.0,3.0,4.0,4.0,3.0,2.0,5.0,2.0,5.0,1.0,5.0,1.0,1.0,2.0,3.0,3.0,3.0,3.0,3.0,3.0,3.0,3.0,3.0,3.0,3.0,3.0,2.0,2.0,2.0,4.0,3.0,1.0,2.0,2.0,2.0,4.0,2.0,1.0,1.0,3.0,1.0,4.0,4.0,4.0,4.0,,4.0,1.0,10.0,7.0,1.0,10.0,7.0,6.0,10.0,6.0,6.0,5.0,2.0,1.0,1.0,2.0,1.0,3.0,2.0
36070593,1.0,1.0,1.0,1.0,1.0,4.0,1.0,2.0,1.0,1.0,2.0,1.0,2.0,1.0,2.0,2.0,2.0,1.0,2.0,2.0,2.0,2.0,2.0,1.0,2.0,2.0,1.0,4.0,4.0,4.0,4.0,1.0,5.0,3.0,5.0,1.0,5.0,5.0,3.0,2.0,3.0,2.0,2.0,2.0,2.0,3.0,8.0,8.0,2.0,3.0,3.0,4.0,2.0,4.0,2.0,2.0,1.0,3.0,2.0,3.0,3.0,2.0,3.0,2.0,3.0,3.0,2.0,2.0,2.0,3.0,3.0,3.0,2.0,3.0,3.0,2.0,2.0,2.0,2.0,2.0,0.0,0.0,0.0,0.0,0.0,0.0,0.0,0.0,0.0,0.0,0.0,4.0,1.0,2.0,4.0,3.0,2.0,6.0,2.0,2.0,2.0,3.0,3.0,2.0,3.0,4.0,2.0,2.0,2.0,1.0,2.0,0.0,2.0,1.0,1.0,2.0,3.0,3.0,4.0,4.0,2.0,3.0,3.0,2.0,2.0,1.0,2.0,4.0,2.0,2.0,2.0,2.0,2.0,2.0,2.0,1.0,1.0,9.0,5.0,3.0,5.0,1.0,10.0,1.0,2.0,2.0,2.0,2.0,4.0,4.0,7.0,8.0,2.0,2.0,2.0,8.0,1.0,7.0,1.0,2.0,1.0,10.0,5.0,9.0,10.0,10.0,2.0,7.0,1.0,1.0,1.0,1.0,10.0,1.0,5.0,3.0,4.0,3.0,3.0,3.0,5.0,1.0,4.0,2.0,4.0,1.0,,3.0,1.0,2.0,2.0,2.0,1.0,2.0,2.0,2.0,2.0,3.0,3.0,1.0,1.0,1.0,2.0,2.0,3.0,2.0,2.0,2.0,2.0,4.0,1.0,3.0,1.0,2.0,2.0,1.0,3.0,2.0,4.0,5.0,4.0,1.0,8.0,6.0,1.0,5.0,7.0,2.0,4.0,7.0,7.0,7.0,2.0,1.0,2.0,2.0,2.0,2.0,2.0
344070647,1.0,2.0,2.0,3.0,4.0,4.0,1.0,2.0,1.0,1.0,1.0,1.0,2.0,2.0,2.0,2.0,2.0,1.0,2.0,1.0,2.0,2.0,2.0,1.0,2.0,2.0,2.0,3.0,2.0,2.0,2.0,2.0,4.0,1.0,5.0,2.0,2.0,2.0,4.0,4.0,4.0,2.0,1.0,2.0,2.0,3.0,6.0,7.0,5.0,4.0,4.0,4.0,4.0,4.0,2.0,1.0,1.0,3.0,2.0,3.0,2.0,2.0,3.0,2.0,3.0,3.0,2.0,2.0,2.0,2.0,2.0,2.0,2.0,2.0,2.0,2.0,2.0,2.0,2.0,2.0,0.0,0.0,0.0,0.0,0.0,0.0,0.0,0.0,0.0,0.0,0.0,7.0,7.0,7.0,3.0,2.0,2.0,3.0,2.0,2.0,2.0,2.0,2.0,2.0,4.0,3.0,3.0,0.0,2.0,2.0,2.0,0.0,2.0,2.0,2.0,3.0,2.0,3.0,3.0,4.0,4.0,4.0,4.0,4.0,2.0,2.0,2.0,4.0,3.0,2.0,2.0,3.0,3.0,3.0,1.0,2.0,2.0,5.0,8.0,5.0,3.0,3.0,9.0,2.0,2.0,2.0,2.0,2.0,4.0,3.0,7.0,7.0,3.0,2.0,2.0,7.0,3.0,3.0,3.0,3.0,3.0,3.0,3.0,3.0,3.0,3.0,3.0,5.0,3.0,4.0,3.0,3.0,3.0,3.0,7.0,3.0,3.0,3.0,3.0,2.0,1.0,1.0,1.0,1.0,1.0,5.0,5.0,2.0,3.0,3.0,3.0,3.0,3.0,3.0,3.0,3.0,,,,,2.0,2.0,2.0,3.0,3.0,3.0,2.0,2.0,3.0,4.0,2.0,1.0,3.0,4.0,2.0,2.0,4.0,2.0,4.0,3.0,8.0,2.0,8.0,7.0,2.0,8.0,2.0,2.0,9.0,9.0,7.0,5.0,2.0,2.0,3.0,,3.0,3.0,3.0
51071070,1.0,1.0,1.0,4.0,1.0,2.0,2.0,2.0,1.0,2.0,1.0,2.0,1.0,2.0,2.0,2.0,2.0,1.0,1.0,2.0,1.0,2.0,1.0,2.0,2.0,2.0,2.0,2.0,1.0,2.0,2.0,2.0,1.0,1.0,2.0,5.0,2.0,1.0,1.0,1.0,1.0,1.0,1.0,1.0,1.0,2.0,10.0,10.0,10.0,3.0,3.0,3.0,3.0,3.0,2.0,2.0,1.0,3.0,3.0,4.0,4.0,4.0,4.0,1.0,4.0,4.0,,1.0,4.0,1.0,1.0,2.0,1.0,1.0,1.0,1.0,1.0,1.0,1.0,1.0,0.0,2.0,0.0,0.0,0.0,0.0,0.0,0.0,0.0,0.0,0.0,10.0,10.0,2.0,1.0,1.0,1.0,1.0,1.0,1.0,1.0,1.0,1.0,1.0,2.0,10.0,5.0,2.0,2.0,2.0,2.0,2.0,2.0,2.0,0.0,1.0,1.0,2.0,1.0,2.0,2.0,2.0,2.0,2.0,2.0,1.0,2.0,1.0,3.0,2.0,2.0,3.0,3.0,3.0,1.0,1.0,1.0,10.0,10.0,10.0,2.0,10.0,10.0,10.0,1.0,1.0,2.0,1.0,3.0,1.0,7.0,3.0,1.0,2.0,2.0,1.0,10.0,10.0,1.0,1.0,1.0,1.0,1.0,1.0,10.0,1.0,1.0,1.0,1.0,10.0,1.0,1.0,1.0,1.0,10.0,1.0,1.0,4.0,1.0,2.0,1.0,1.0,1.0,1.0,1.0,1.0,1.0,3.0,3.0,3.0,3.0,3.0,3.0,3.0,3.0,3.0,3.0,3.0,3.0,3.0,2.0,2.0,1.0,4.0,3.0,1.0,3.0,4.0,1.0,1.0,1.0,1.0,1.0,1.0,1.0,1.0,2.0,2.0,4.0,10.0,10.0,1.0,10.0,10.0,10.0,10.0,10.0,10.0,10.0,10.0,10.0,10.0,1.0,1.0,1.0,1.0,1.0,1.0,1.0
364071773,1.0,2.0,2.0,3.0,2.0,1.0,2.0,1.0,1.0,1.0,2.0,2.0,2.0,1.0,1.0,2.0,2.0,1.0,1.0,1.0,1.0,,1.0,1.0,1.0,1.0,2.0,1.0,4.0,3.0,4.0,2.0,2.0,1.0,1.0,,1.0,3.0,3.0,2.0,4.0,3.0,1.0,3.0,2.0,3.0,5.0,7.0,7.0,4.0,3.0,4.0,4.0,4.0,1.0,2.0,1.0,2.0,2.0,4.0,4.0,4.0,2.0,1.0,4.0,1.0,2.0,2.0,2.0,2.0,4.0,4.0,2.0,3.0,3.0,2.0,2.0,2.0,4.0,2.0,2.0,0.0,0.0,0.0,0.0,0.0,0.0,0.0,0.0,0.0,0.0,1.0,5.0,1.0,3.0,5.0,1.0,10.0,4.0,3.0,2.0,3.0,3.0,3.0,4.0,1.0,1.0,2.0,0.0,2.0,0.0,2.0,2.0,2.0,2.0,4.0,3.0,3.0,4.0,4.0,4.0,2.0,3.0,4.0,1.0,1.0,2.0,4.0,2.0,2.0,2.0,2.0,2.0,4.0,2.0,2.0,1.0,9.0,5.0,1.0,1.0,8.0,8.0,10.0,1.0,1.0,1.0,1.0,2.0,2.0,3.0,1.0,1.0,2.0,2.0,5.0,2.0,1.0,1.0,1.0,1.0,1.0,,1.0,1.0,1.0,1.0,8.0,1.0,1.0,1.0,1.0,,1.0,6.0,2.0,4.0,2.0,2.0,2.0,5.0,3.0,4.0,1.0,5.0,3.0,2.0,2.0,3.0,3.0,3.0,3.0,3.0,2.0,3.0,3.0,3.0,2.0,3.0,3.0,2.0,2.0,4.0,2.0,1.0,1.0,2.0,3.0,1.0,3.0,4.0,3.0,1.0,5.0,1.0,1.0,2.0,2.0,2.0,,10.0,5.0,5.0,10.0,6.0,7.0,10.0,3.0,6.0,1.0,1.0,1.0,4.0,1.0,1.0,1.0,1.0,4.0,2.0
703070429,1.0,1.0,2.0,4.0,2.0,1.0,2.0,2.0,1.0,2.0,2.0,1.0,1.0,2.0,1.0,1.0,2.0,1.0,1.0,2.0,1.0,1.0,2.0,1.0,2.0,2.0,4.0,3.0,,2.0,2.0,2.0,2.0,1.0,3.0,5.0,2.0,3.0,2.0,2.0,3.0,,3.0,2.0,3.0,2.0,5.0,5.0,3.0,4.0,4.0,2.0,2.0,4.0,3.0,2.0,2.0,2.0,4.0,4.0,3.0,4.0,,2.0,3.0,3.0,3.0,4.0,4.0,4.0,3.0,4.0,4.0,4.0,3.0,4.0,4.0,,,,0.0,1.0,0.0,0.0,0.0,0.0,0.0,0.0,0.0,0.0,0.0,1.0,,1.0,5.0,8.0,,10.0,4.0,4.0,4.0,4.0,4.0,2.0,4.0,3.0,2.0,,,2.0,,2.0,1.0,2.0,2.0,3.0,3.0,4.0,4.0,4.0,4.0,4.0,4.0,4.0,1.0,1.0,,4.0,4.0,2.0,,1.0,1.0,1.0,1.0,1.0,1.0,3.0,1.0,10.0,10.0,10.0,2.0,8.0,1.0,1.0,1.0,1.0,,2.0,3.0,3.0,1.0,2.0,,8.0,2.0,2.0,1.0,,,1.0,1.0,1.0,4.0,6.0,1.0,1.0,1.0,2.0,1.0,1.0,1.0,1.0,,4.0,4.0,4.0,3.0,2.0,5.0,1.0,1.0,5.0,5.0,1.0,2.0,2.0,3.0,3.0,3.0,3.0,3.0,3.0,3.0,3.0,3.0,3.0,3.0,3.0,1.0,1.0,,,2.0,,2.0,,1.0,,3.0,2.0,1.0,5.0,4.0,4.0,4.0,2.0,3.0,,10.0,1.0,10.0,10.0,1.0,10.0,10.0,1.0,10.0,10.0,1.0,4.0,3.0,1.0,1.0,1.0,2.0,3.0,4.0
422070833,1.0,2.0,1.0,3.0,1.0,1.0,1.0,2.0,2.0,2.0,2.0,2.0,1.0,2.0,1.0,2.0,2.0,2.0,2.0,2.0,2.0,2.0,2.0,2.0,1.0,2.0,1.0,3.0,2.0,4.0,3.0,1.0,2.0,1.0,4.0,,1.0,2.0,5.0,1.0,2.0,1.0,1.0,1.0,2.0,2.0,6.0,6.0,4.0,4.0,4.0,4.0,3.0,4.0,2.0,2.0,1.0,2.0,2.0,4.0,3.0,2.0,2.0,1.0,2.0,2.0,3.0,2.0,3.0,2.0,3.0,4.0,2.0,2.0,4.0,4.0,3.0,3.0,3.0,3.0,0.0,0.0,0.0,0.0,0.0,0.0,0.0,0.0,0.0,0.0,0.0,3.0,6.0,8.0,5.0,5.0,2.0,5.0,2.0,3.0,2.0,2.0,3.0,2.0,2.0,5.0,3.0,0.0,0.0,0.0,0.0,2.0,2.0,2.0,0.0,1.0,2.0,2.0,1.0,2.0,3.0,4.0,3.0,4.0,2.0,2.0,2.0,1.0,2.0,2.0,2.0,1.0,2.0,2.0,1.0,1.0,1.0,7.0,6.0,4.0,6.0,5.0,7.0,9.0,1.0,1.0,1.0,2.0,1.0,2.0,4.0,1.0,1.0,1.0,1.0,4.0,5.0,,6.0,4.0,6.0,8.0,,8.0,9.0,8.0,9.0,9.0,2.0,8.0,8.0,7.0,9.0,8.0,7.0,4.0,3.0,3.0,3.0,2.0,5.0,1.0,2.0,3.0,5.0,5.0,4.0,1.0,1.0,3.0,3.0,3.0,1.0,3.0,3.0,3.0,2.0,3.0,3.0,3.0,1.0,1.0,1.0,2.0,,2.0,2.0,3.0,2.0,3.0,2.0,2.0,3.0,2.0,1.0,2.0,4.0,2.0,1.0,,8.0,9.0,6.0,4.0,8.0,7.0,5.0,5.0,7.0,5.0,8.0,3.0,1.0,1.0,1.0,1.0,1.0,1.0,1.0
344070544,1.0,2.0,2.0,2.0,1.0,2.0,1.0,1.0,1.0,1.0,2.0,1.0,2.0,2.0,2.0,2.0,2.0,1.0,2.0,1.0,2.0,2.0,2.0,1.0,2.0,2.0,1.0,3.0,3.0,3.0,3.0,2.0,4.0,2.0,1.0,2.0,2.0,2.0,2.0,2.0,2.0,2.0,1.0,2.0,2.0,3.0,5.0,7.0,7.0,4.0,4.0,4.0,4.0,4.0,1.0,2.0,1.0,2.0,2.0,3.0,2.0,2.0,2.0,1.0,2.0,2.0,2.0,2.0,2.0,1.0,2.0,2.0,2.0,2.0,2.0,2.0,1.0,2.0,2.0,2.0,0.0,0.0,0.0,1.0,0.0,0.0,0.0,0.0,0.0,0.0,0.0,2.0,8.0,3.0,2.0,2.0,2.0,4.0,2.0,2.0,2.0,2.0,2.0,2.0,2.0,7.0,3.0,2.0,2.0,0.0,2.0,0.0,2.0,0.0,0.0,3.0,2.0,3.0,3.0,4.0,4.0,4.0,4.0,4.0,2.0,2.0,2.0,4.0,2.0,2.0,2.0,4.0,3.0,3.0,2.0,2.0,1.0,8.0,8.0,6.0,3.0,6.0,8.0,8.0,1.0,2.0,,,3.0,1.0,6.0,5.0,2.0,2.0,2.0,4.0,3.0,1.0,1.0,1.0,1.0,3.0,1.0,3.0,3.0,5.0,1.0,1.0,1.0,4.0,1.0,1.0,1.0,2.0,2.0,2.0,3.0,3.0,3.0,2.0,3.0,1.0,2.0,4.0,4.0,4.0,5.0,4.0,3.0,3.0,3.0,2.0,3.0,3.0,3.0,2.0,3.0,3.0,3.0,3.0,2.0,2.0,1.0,3.0,3.0,4.0,1.0,1.0,4.0,4.0,1.0,1.0,1.0,4.0,3.0,4.0,3.0,2.0,4.0,5.0,4.0,4.0,8.0,8.0,2.0,3.0,9.0,4.0,8.0,3.0,6.0,5.0,2.0,2.0,2.0,,3.0,3.0,3.0
36070692,1.0,1.0,2.0,3.0,2.0,3.0,1.0,2.0,2.0,1.0,1.0,1.0,2.0,2.0,2.0,1.0,2.0,1.0,2.0,2.0,2.0,2.0,2.0,1.0,2.0,2.0,2.0,3.0,3.0,4.0,3.0,3.0,4.0,3.0,4.0,3.0,4.0,3.0,3.0,2.0,3.0,2.0,1.0,2.0,1.0,2.0,8.0,8.0,6.0,4.0,4.0,4.0,4.0,4.0,1.0,1.0,1.0,2.0,1.0,2.0,2.0,2.0,3.0,1.0,3.0,3.0,3.0,2.0,1.0,3.0,3.0,3.0,2.0,1.0,1.0,2.0,2.0,2.0,2.0,1.0,0.0,0.0,2.0,0.0,0.0,0.0,2.0,0.0,0.0,0.0,0.0,6.0,3.0,5.0,2.0,4.0,1.0,8.0,2.0,2.0,2.0,2.0,2.0,2.0,3.0,5.0,3.0,1.0,2.0,1.0,2.0,1.0,2.0,1.0,1.0,2.0,2.0,3.0,3.0,4.0,4.0,4.0,4.0,4.0,1.0,2.0,2.0,,,2.0,2.0,2.0,2.0,4.0,1.0,1.0,1.0,10.0,9.0,3.0,3.0,4.0,9.0,3.0,,2.0,2.0,2.0,4.0,,6.0,8.0,2.0,2.0,2.0,9.0,1.0,1.0,1.0,1.0,1.0,9.0,5.0,9.0,9.0,9.0,5.0,9.0,1.0,1.0,1.0,8.0,,1.0,6.0,2.0,2.0,3.0,1.0,1.0,4.0,1.0,1.0,4.0,1.0,1.0,,1.0,1.0,1.0,1.0,2.0,1.0,1.0,1.0,1.0,1.0,1.0,1.0,2.0,1.0,1.0,1.0,4.0,2.0,3.0,2.0,3.0,3.0,4.0,2.0,3.0,1.0,3.0,4.0,3.0,4.0,1.0,4.0,8.0,8.0,1.0,10.0,10.0,1.0,9.0,3.0,8.0,10.0,10.0,9.0,5.0,2.0,1.0,2.0,2.0,1.0,3.0,3.0
68070733,1.0,3.0,,4.0,1.0,1.0,1.0,2.0,2.0,1.0,2.0,1.0,2.0,1.0,1.0,2.0,2.0,1.0,2.0,2.0,2.0,2.0,2.0,2.0,2.0,2.0,2.0,2.0,3.0,3.0,3.0,3.0,4.0,2.0,2.0,2.0,4.0,2.0,2.0,2.0,2.0,1.0,2.0,1.0,3.0,3.0,5.0,5.0,5.0,3.0,2.0,4.0,3.0,4.0,1.0,2.0,1.0,2.0,2.0,4.0,4.0,4.0,1.0,3.0,3.0,3.0,4.0,3.0,3.0,,4.0,4.0,3.0,3.0,4.0,3.0,2.0,2.0,3.0,3.0,2.0,0.0,0.0,0.0,0.0,0.0,0.0,0.0,0.0,0.0,0.0,10.0,9.0,10.0,1.0,1.0,1.0,10.0,,1.0,2.0,2.0,1.0,1.0,3.0,6.0,3.0,1.0,2.0,0.0,0.0,0.0,2.0,2.0,2.0,3.0,2.0,3.0,4.0,4.0,4.0,4.0,3.0,4.0,1.0,1.0,2.0,3.0,3.0,2.0,2.0,2.0,1.0,3.0,1.0,1.0,1.0,1.0,5.0,10.0,10.0,5.0,1.0,10.0,1.0,1.0,2.0,1.0,,2.0,2.0,1.0,1.0,2.0,2.0,10.0,1.0,1.0,1.0,1.0,1.0,5.0,1.0,1.0,5.0,1.0,1.0,5.0,1.0,5.0,1.0,1.0,1.0,1.0,5.0,1.0,4.0,4.0,4.0,3.0,2.0,1.0,1.0,5.0,5.0,4.0,5.0,3.0,2.0,3.0,2.0,3.0,3.0,2.0,2.0,3.0,3.0,3.0,3.0,3.0,1.0,1.0,2.0,2.0,3.0,2.0,3.0,3.0,4.0,4.0,2.0,4.0,3.0,,3.0,2.0,4.0,1.0,3.0,,1.0,1.0,10.0,5.0,1.0,10.0,5.0,5.0,10.0,10.0,5.0,8.0,2.0,2.0,2.0,1.0,2.0,2.0,2.0
50070927,1.0,3.0,3.0,2.0,1.0,1.0,1.0,1.0,1.0,2.0,2.0,1.0,2.0,2.0,1.0,2.0,2.0,1.0,2.0,1.0,2.0,1.0,2.0,1.0,1.0,2.0,1.0,2.0,2.0,3.0,2.0,2.0,2.0,1.0,2.0,5.0,2.0,1.0,2.0,1.0,2.0,3.0,1.0,1.0,2.0,1.0,8.0,9.0,7.0,4.0,4.0,4.0,2.0,4.0,1.0,2.0,1.0,2.0,2.0,2.0,2.0,3.0,1.0,1.0,1.0,1.0,1.0,2.0,1.0,1.0,1.0,1.0,2.0,1.0,1.0,2.0,2.0,2.0,2.0,2.0,0.0,0.0,0.0,0.0,0.0,0.0,0.0,0.0,0.0,0.0,0.0,2.0,1.0,1.0,1.0,2.0,1.0,4.0,2.0,1.0,1.0,2.0,1.0,2.0,2.0,6.0,5.0,2.0,2.0,0.0,2.0,0.0,1.0,0.0,0.0,2.0,2.0,4.0,4.0,3.0,4.0,4.0,3.0,4.0,1.0,2.0,2.0,2.0,1.0,2.0,2.0,1.0,2.0,2.0,1.0,2.0,1.0,10.0,10.0,7.0,1.0,1.0,10.0,10.0,1.0,1.0,1.0,1.0,1.0,1.0,2.0,7.0,1.0,1.0,1.0,6.0,3.0,2.0,1.0,2.0,3.0,2.0,1.0,2.0,3.0,2.0,1.0,2.0,3.0,2.0,2.0,1.0,2.0,3.0,2.0,1.0,3.0,4.0,2.0,1.0,5.0,1.0,5.0,5.0,5.0,5.0,5.0,1.0,2.0,3.0,2.0,3.0,2.0,2.0,2.0,2.0,,,,,2.0,2.0,1.0,4.0,,3.0,2.0,2.0,3.0,4.0,1.0,1.0,2.0,1.0,2.0,1.0,2.0,1.0,,8.0,3.0,1.0,10.0,1.0,10.0,8.0,2.0,9.0,10.0,8.0,8.0,9.0,1.0,1.0,1.0,2.0,2.0,3.0,4.0
604070276,1.0,3.0,2.0,3.0,2.0,2.0,1.0,1.0,2.0,1.0,2.0,1.0,2.0,2.0,2.0,1.0,2.0,1.0,2.0,2.0,2.0,2.0,2.0,1.0,2.0,2.0,2.0,2.0,3.0,3.0,3.0,2.0,3.0,3.0,3.0,3.0,2.0,2.0,2.0,1.0,1.0,3.0,1.0,1.0,2.0,2.0,8.0,8.0,6.0,4.0,1.0,4.0,4.0,4.0,2.0,2.0,1.0,2.0,3.0,3.0,3.0,3.0,1.0,2.0,2.0,3.0,2.0,2.0,3.0,2.0,2.0,2.0,3.0,3.0,3.0,3.0,2.0,2.0,2.0,2.0,0.0,0.0,0.0,0.0,0.0,0.0,0.0,0.0,0.0,0.0,0.0,4.0,3.0,3.0,4.0,5.0,2.0,10.0,3.0,3.0,3.0,3.0,3.0,3.0,2.0,5.0,3.0,2.0,2.0,2.0,2.0,2.0,2.0,2.0,2.0,3.0,4.0,1.0,3.0,2.0,3.0,3.0,3.0,3.0,1.0,1.0,2.0,4.0,4.0,2.0,2.0,2.0,2.0,2.0,2.0,2.0,1.0,6.0,6.0,6.0,6.0,5.0,4.0,10.0,1.0,2.0,2.0,1.0,2.0,2.0,3.0,3.0,1.0,2.0,2.0,4.0,1.0,1.0,1.0,1.0,1.0,2.0,1.0,1.0,6.0,6.0,1.0,1.0,1.0,1.0,1.0,1.0,5.0,1.0,1.0,1.0,1.0,1.0,4.0,3.0,2.0,1.0,3.0,3.0,3.0,4.0,4.0,3.0,2.0,2.0,2.0,2.0,1.0,2.0,2.0,2.0,3.0,3.0,3.0,3.0,1.0,1.0,4.0,3.0,3.0,4.0,2.0,3.0,3.0,3.0,3.0,3.0,1.0,5.0,2.0,2.0,4.0,2.0,2.0,6.0,5.0,5.0,5.0,5.0,1.0,5.0,5.0,5.0,5.0,10.0,7.0,7.0,3.0,1.0,1.0,1.0,1.0,3.0,4.0
410070120,1.0,2.0,2.0,2.0,1.0,4.0,2.0,2.0,1.0,1.0,1.0,1.0,2.0,1.0,2.0,2.0,2.0,1.0,2.0,1.0,1.0,1.0,2.0,1.0,2.0,2.0,2.0,2.0,1.0,3.0,2.0,2.0,4.0,2.0,4.0,3.0,2.0,2.0,2.0,3.0,2.0,2.0,2.0,3.0,3.0,3.0,4.0,4.0,4.0,4.0,4.0,4.0,4.0,4.0,2.0,2.0,1.0,2.0,2.0,3.0,3.0,3.0,4.0,4.0,3.0,3.0,3.0,3.0,3.0,3.0,4.0,4.0,4.0,4.0,4.0,4.0,3.0,3.0,3.0,3.0,0.0,0.0,0.0,1.0,0.0,0.0,0.0,0.0,0.0,2.0,0.0,5.0,8.0,5.0,6.0,7.0,2.0,7.0,3.0,3.0,3.0,4.0,4.0,2.0,4.0,6.0,4.0,2.0,1.0,2.0,0.0,2.0,1.0,0.0,2.0,3.0,3.0,4.0,3.0,4.0,4.0,4.0,3.0,4.0,2.0,2.0,2.0,2.0,3.0,2.0,1.0,2.0,2.0,3.0,1.0,2.0,2.0,6.0,7.0,5.0,7.0,4.0,7.0,5.0,1.0,1.0,1.0,1.0,3.0,3.0,6.0,8.0,2.0,1.0,2.0,4.0,3.0,4.0,3.0,3.0,4.0,6.0,6.0,6.0,8.0,8.0,4.0,9.0,2.0,7.0,6.0,7.0,5.0,7.0,7.0,2.0,3.0,4.0,2.0,2.0,2.0,1.0,2.0,1.0,3.0,1.0,5.0,2.0,1.0,2.0,2.0,1.0,2.0,1.0,2.0,2.0,1.0,2.0,2.0,2.0,2.0,2.0,2.0,4.0,3.0,3.0,3.0,2.0,2.0,3.0,2.0,3.0,2.0,,2.0,3.0,4.0,3.0,4.0,7.0,7.0,3.0,8.0,8.0,3.0,8.0,7.0,3.0,8.0,9.0,7.0,7.0,2.0,2.0,1.0,1.0,1.0,2.0,3.0
792072037,2.0,2.0,2.0,3.0,3.0,3.0,1.0,1.0,1.0,1.0,1.0,2.0,2.0,2.0,2.0,2.0,2.0,2.0,2.0,2.0,2.0,2.0,2.0,2.0,2.0,2.0,3.0,3.0,3.0,3.0,3.0,3.0,3.0,3.0,3.0,3.0,3.0,3.0,3.0,3.0,3.0,2.0,2.0,2.0,3.0,2.0,6.0,4.0,5.0,3.0,3.0,3.0,2.0,3.0,3.0,2.0,1.0,2.0,2.0,3.0,2.0,3.0,3.0,3.0,3.0,3.0,3.0,3.0,3.0,3.0,3.0,3.0,3.0,3.0,3.0,3.0,3.0,3.0,3.0,3.0,0.0,0.0,0.0,0.0,0.0,0.0,0.0,0.0,0.0,0.0,0.0,4.0,4.0,4.0,5.0,7.0,1.0,7.0,3.0,3.0,3.0,3.0,3.0,1.0,2.0,5.0,2.0,1.0,1.0,1.0,1.0,1.0,1.0,1.0,1.0,2.0,2.0,3.0,3.0,3.0,3.0,3.0,3.0,3.0,,,,2.0,2.0,2.0,2.0,2.0,2.0,2.0,2.0,2.0,2.0,5.0,6.0,6.0,5.0,6.0,4.0,4.0,1.0,1.0,2.0,2.0,3.0,3.0,4.0,4.0,2.0,2.0,2.0,5.0,1.0,1.0,1.0,1.0,1.0,1.0,1.0,1.0,1.0,1.0,1.0,1.0,1.0,1.0,1.0,,1.0,,1.0,3.0,3.0,3.0,3.0,3.0,1.0,1.0,3.0,1.0,1.0,1.0,1.0,5.0,3.0,3.0,3.0,3.0,3.0,3.0,3.0,3.0,3.0,3.0,3.0,3.0,1.0,1.0,3.0,3.0,3.0,3.0,3.0,3.0,3.0,3.0,3.0,3.0,2.0,,3.0,3.0,,3.0,3.0,5.0,4.0,5.0,6.0,6.0,,6.0,5.0,6.0,6.0,5.0,4.0,4.0,3.0,3.0,2.0,3.0,3.0,3.0,3.0
458070178,1.0,1.0,2.0,3.0,1.0,1.0,2.0,2.0,2.0,2.0,2.0,2.0,2.0,1.0,1.0,2.0,2.0,1.0,2.0,2.0,1.0,2.0,2.0,2.0,2.0,2.0,1.0,2.0,3.0,3.0,3.0,4.0,2.0,2.0,4.0,4.0,3.0,3.0,1.0,2.0,2.0,3.0,3.0,3.0,2.0,1.0,9.0,8.0,8.0,4.0,4.0,4.0,4.0,4.0,1.0,1.0,1.0,1.0,2.0,2.0,1.0,1.0,2.0,2.0,2.0,2.0,2.0,2.0,2.0,2.0,2.0,2.0,2.0,2.0,2.0,2.0,2.0,2.0,2.0,2.0,0.0,0.0,0.0,0.0,0.0,0.0,0.0,0.0,0.0,0.0,0.0,5.0,6.0,6.0,5.0,6.0,2.0,6.0,1.0,1.0,1.0,2.0,1.0,2.0,4.0,6.0,2.0,2.0,2.0,2.0,2.0,1.0,1.0,1.0,2.0,2.0,1.0,4.0,4.0,4.0,4.0,4.0,4.0,4.0,2.0,2.0,2.0,3.0,3.0,2.0,2.0,1.0,1.0,1.0,1.0,1.0,2.0,6.0,7.0,5.0,7.0,4.0,3.0,6.0,1.0,1.0,1.0,1.0,2.0,2.0,1.0,1.0,1.0,1.0,1.0,5.0,7.0,6.0,7.0,8.0,8.0,7.0,9.0,8.0,8.0,7.0,6.0,6.0,6.0,6.0,7.0,6.0,6.0,6.0,5.0,2.0,1.0,2.0,4.0,3.0,1.0,2.0,2.0,2.0,4.0,4.0,4.0,1.0,3.0,3.0,3.0,3.0,3.0,3.0,3.0,3.0,3.0,3.0,3.0,3.0,2.0,3.0,2.0,4.0,2.0,4.0,2.0,2.0,2.0,2.0,2.0,2.0,2.0,2.0,2.0,2.0,1.0,2.0,2.0,7.0,5.0,4.0,6.0,6.0,6.0,6.0,5.0,5.0,5.0,5.0,6.0,7.0,2.0,2.0,2.0,2.0,1.0,3.0,3.0
417070827,1.0,2.0,3.0,2.0,1.0,1.0,1.0,2.0,2.0,1.0,2.0,1.0,2.0,1.0,1.0,2.0,2.0,1.0,2.0,1.0,2.0,1.0,2.0,1.0,2.0,2.0,1.0,3.0,3.0,4.0,1.0,2.0,4.0,4.0,5.0,5.0,5.0,1.0,2.0,2.0,4.0,3.0,1.0,2.0,1.0,3.0,5.0,6.0,6.0,4.0,4.0,4.0,3.0,4.0,1.0,2.0,1.0,2.0,2.0,3.0,3.0,3.0,1.0,3.0,2.0,2.0,2.0,2.0,3.0,2.0,3.0,3.0,2.0,2.0,2.0,2.0,2.0,2.0,2.0,2.0,1.0,0.0,0.0,1.0,0.0,0.0,0.0,0.0,0.0,0.0,0.0,10.0,10.0,1.0,5.0,1.0,1.0,7.0,2.0,3.0,2.0,3.0,2.0,1.0,5.0,10.0,2.0,2.0,2.0,2.0,1.0,1.0,2.0,2.0,2.0,3.0,2.0,4.0,4.0,4.0,4.0,4.0,4.0,4.0,1.0,1.0,2.0,2.0,3.0,2.0,2.0,3.0,2.0,2.0,1.0,1.0,1.0,5.0,8.0,5.0,8.0,1.0,6.0,10.0,1.0,,,,1.0,3.0,4.0,5.0,1.0,2.0,1.0,10.0,1.0,1.0,1.0,1.0,1.0,1.0,1.0,,5.0,1.0,1.0,1.0,1.0,5.0,1.0,1.0,1.0,1.0,1.0,4.0,4.0,4.0,2.0,3.0,5.0,1.0,5.0,1.0,1.0,1.0,1.0,4.0,3.0,3.0,3.0,3.0,2.0,1.0,3.0,3.0,2.0,3.0,3.0,3.0,1.0,1.0,2.0,,2.0,2.0,3.0,2.0,,,3.0,2.0,1.0,4.0,2.0,2.0,3.0,2.0,,,10.0,1.0,10.0,10.0,1.0,10.0,10.0,10.0,10.0,10.0,8.0,8.0,2.0,1.0,1.0,1.0,1.0,1.0,1.0
152070656,1.0,1.0,1.0,1.0,1.0,2.0,2.0,1.0,2.0,1.0,2.0,1.0,1.0,1.0,2.0,2.0,2.0,1.0,2.0,2.0,2.0,2.0,2.0,2.0,2.0,2.0,2.0,2.0,3.0,3.0,3.0,4.0,5.0,4.0,1.0,,5.0,5.0,5.0,5.0,5.0,1.0,3.0,1.0,3.0,4.0,4.0,4.0,4.0,4.0,2.0,2.0,3.0,4.0,1.0,2.0,1.0,4.0,2.0,4.0,4.0,4.0,4.0,1.0,4.0,2.0,4.0,2.0,3.0,4.0,4.0,4.0,,4.0,2.0,2.0,4.0,1.0,3.0,2.0,0.0,0.0,0.0,0.0,0.0,0.0,0.0,0.0,0.0,0.0,0.0,1.0,5.0,1.0,10.0,10.0,2.0,10.0,3.0,3.0,3.0,3.0,3.0,3.0,2.0,3.0,3.0,2.0,0.0,0.0,2.0,0.0,2.0,2.0,2.0,3.0,3.0,3.0,2.0,4.0,4.0,3.0,4.0,4.0,2.0,1.0,2.0,1.0,4.0,2.0,1.0,4.0,4.0,4.0,1.0,1.0,2.0,1.0,1.0,10.0,10.0,8.0,1.0,10.0,1.0,1.0,1.0,1.0,2.0,3.0,7.0,3.0,2.0,2.0,1.0,4.0,5.0,4.0,4.0,4.0,1.0,8.0,7.0,7.0,9.0,9.0,8.0,5.0,1.0,1.0,2.0,1.0,8.0,1.0,6.0,3.0,4.0,4.0,1.0,1.0,5.0,1.0,5.0,1.0,1.0,1.0,1.0,1.0,2.0,3.0,2.0,2.0,3.0,1.0,2.0,2.0,1.0,2.0,2.0,2.0,1.0,1.0,1.0,4.0,,3.0,2.0,1.0,3.0,4.0,1.0,1.0,1.0,,4.0,4.0,2.0,2.0,4.0,10.0,5.0,1.0,10.0,10.0,10.0,,1.0,,10.0,10.0,6.0,3.0,3.0,3.0,2.0,2.0,2.0,3.0,4.0
360071880,1.0,2.0,3.0,4.0,1.0,1.0,2.0,2.0,1.0,2.0,2.0,2.0,2.0,1.0,1.0,1.0,1.0,1.0,2.0,1.0,2.0,2.0,2.0,1.0,1.0,2.0,2.0,3.0,3.0,2.0,1.0,1.0,2.0,1.0,3.0,1.0,2.0,1.0,3.0,1.0,1.0,1.0,1.0,1.0,2.0,2.0,5.0,5.0,3.0,3.0,4.0,1.0,2.0,3.0,1.0,2.0,1.0,2.0,2.0,2.0,2.0,2.0,1.0,1.0,2.0,2.0,2.0,1.0,1.0,1.0,2.0,1.0,1.0,1.0,1.0,1.0,1.0,2.0,2.0,1.0,2.0,0.0,0.0,0.0,0.0,2.0,0.0,2.0,0.0,1.0,,1.0,4.0,3.0,1.0,4.0,2.0,2.0,1.0,1.0,1.0,1.0,1.0,3.0,1.0,3.0,4.0,0.0,0.0,2.0,0.0,0.0,2.0,2.0,0.0,4.0,1.0,4.0,4.0,3.0,4.0,4.0,4.0,4.0,1.0,2.0,2.0,3.0,1.0,2.0,2.0,1.0,1.0,1.0,2.0,2.0,2.0,9.0,9.0,5.0,5.0,9.0,9.0,10.0,2.0,2.0,2.0,1.0,1.0,1.0,3.0,1.0,1.0,1.0,1.0,2.0,2.0,2.0,3.0,3.0,1.0,3.0,2.0,3.0,5.0,5.0,5.0,5.0,5.0,5.0,5.0,5.0,5.0,4.0,5.0,1.0,2.0,4.0,2.0,3.0,5.0,5.0,5.0,5.0,5.0,5.0,5.0,5.0,1.0,3.0,3.0,3.0,3.0,1.0,3.0,3.0,,,,,2.0,2.0,2.0,4.0,4.0,4.0,4.0,1.0,3.0,4.0,4.0,2.0,1.0,3.0,2.0,2.0,1.0,2.0,1.0,9.0,7.0,9.0,7.0,9.0,7.0,2.0,9.0,9.0,7.0,3.0,7.0,5.0,2.0,1.0,2.0,2.0,1.0,3.0,1.0
196070240,1.0,1.0,1.0,1.0,1.0,1.0,1.0,2.0,2.0,2.0,2.0,1.0,2.0,2.0,1.0,1.0,1.0,1.0,1.0,1.0,1.0,1.0,1.0,1.0,1.0,1.0,1.0,2.0,2.0,3.0,3.0,1.0,4.0,3.0,4.0,3.0,2.0,3.0,4.0,2.0,3.0,3.0,1.0,1.0,1.0,1.0,8.0,10.0,8.0,4.0,4.0,4.0,4.0,4.0,2.0,2.0,1.0,1.0,2.0,3.0,3.0,2.0,1.0,2.0,2.0,2.0,3.0,2.0,2.0,2.0,3.0,3.0,3.0,2.0,2.0,2.0,2.0,2.0,2.0,2.0,0.0,0.0,0.0,0.0,0.0,0.0,0.0,0.0,0.0,0.0,0.0,7.0,5.0,5.0,1.0,5.0,1.0,8.0,2.0,2.0,3.0,2.0,2.0,3.0,4.0,8.0,3.0,2.0,2.0,2.0,2.0,0.0,1.0,0.0,0.0,1.0,1.0,3.0,3.0,4.0,4.0,2.0,3.0,2.0,2.0,2.0,2.0,4.0,4.0,2.0,2.0,2.0,3.0,4.0,1.0,2.0,1.0,8.0,10.0,7.0,8.0,5.0,7.0,10.0,1.0,1.0,1.0,1.0,2.0,3.0,3.0,2.0,1.0,2.0,2.0,7.0,1.0,1.0,1.0,1.0,1.0,5.0,5.0,1.0,10.0,10.0,1.0,1.0,1.0,1.0,1.0,1.0,5.0,1.0,1.0,4.0,4.0,4.0,2.0,1.0,1.0,1.0,1.0,1.0,1.0,1.0,1.0,1.0,2.0,3.0,1.0,2.0,1.0,2.0,2.0,1.0,1.0,2.0,2.0,2.0,1.0,1.0,1.0,3.0,3.0,2.0,2.0,2.0,3.0,4.0,2.0,3.0,1.0,3.0,4.0,2.0,4.0,1.0,4.0,5.0,5.0,1.0,10.0,10.0,1.0,10.0,5.0,1.0,10.0,10.0,6.0,6.0,2.0,1.0,1.0,1.0,1.0,2.0,2.0
554071055,1.0,2.0,1.0,2.0,1.0,3.0,1.0,1.0,1.0,2.0,1.0,1.0,2.0,2.0,2.0,2.0,2.0,2.0,2.0,2.0,2.0,2.0,2.0,2.0,2.0,1.0,3.0,2.0,3.0,3.0,3.0,2.0,4.0,1.0,4.0,3.0,4.0,4.0,2.0,5.0,4.0,1.0,1.0,2.0,2.0,3.0,8.0,6.0,6.0,2.0,3.0,3.0,3.0,4.0,3.0,2.0,1.0,2.0,2.0,3.0,3.0,3.0,2.0,2.0,3.0,3.0,3.0,3.0,3.0,3.0,3.0,3.0,3.0,2.0,2.0,4.0,4.0,3.0,3.0,3.0,0.0,1.0,0.0,1.0,0.0,2.0,0.0,0.0,0.0,0.0,0.0,,,,,,1.0,7.0,2.0,2.0,2.0,2.0,2.0,2.0,4.0,7.0,3.0,1.0,2.0,0.0,0.0,2.0,2.0,1.0,1.0,2.0,2.0,,4.0,4.0,4.0,4.0,4.0,3.0,1.0,2.0,2.0,3.0,1.0,2.0,,1.0,1.0,3.0,2.0,1.0,1.0,7.0,7.0,2.0,2.0,3.0,6.0,2.0,2.0,1.0,2.0,2.0,3.0,3.0,7.0,8.0,2.0,1.0,1.0,5.0,1.0,1.0,1.0,1.0,,5.0,5.0,9.0,10.0,9.0,1.0,10.0,1.0,2.0,2.0,1.0,5.0,2.0,1.0,2.0,3.0,3.0,2.0,2.0,1.0,2.0,1.0,2.0,2.0,2.0,5.0,1.0,1.0,2.0,2.0,1.0,2.0,2.0,2.0,2.0,2.0,3.0,3.0,3.0,2.0,1.0,1.0,3.0,2.0,4.0,2.0,1.0,3.0,4.0,1.0,1.0,1.0,4.0,4.0,3.0,4.0,1.0,4.0,,7.0,2.0,10.0,2.0,7.0,10.0,2.0,9.0,10.0,10.0,8.0,4.0,2.0,1.0,2.0,2.0,1.0,2.0,3.0
558070194,1.0,2.0,3.0,3.0,1.0,3.0,1.0,2.0,2.0,2.0,1.0,1.0,2.0,2.0,2.0,1.0,1.0,1.0,2.0,1.0,2.0,2.0,2.0,1.0,2.0,2.0,1.0,1.0,3.0,2.0,2.0,4.0,1.0,1.0,4.0,2.0,2.0,2.0,2.0,2.0,2.0,1.0,1.0,1.0,1.0,2.0,5.0,3.0,4.0,2.0,4.0,2.0,3.0,4.0,2.0,1.0,1.0,1.0,1.0,3.0,3.0,4.0,3.0,4.0,2.0,4.0,4.0,1.0,1.0,1.0,1.0,1.0,4.0,4.0,1.0,1.0,3.0,1.0,1.0,1.0,0.0,2.0,0.0,0.0,0.0,0.0,0.0,0.0,0.0,0.0,0.0,2.0,3.0,3.0,2.0,4.0,2.0,3.0,2.0,2.0,2.0,2.0,2.0,1.0,4.0,5.0,1.0,1.0,2.0,2.0,2.0,2.0,0.0,2.0,2.0,2.0,1.0,3.0,4.0,1.0,4.0,3.0,3.0,4.0,1.0,1.0,2.0,1.0,1.0,1.0,2.0,1.0,1.0,1.0,1.0,2.0,2.0,8.0,7.0,7.0,6.0,9.0,8.0,8.0,1.0,2.0,2.0,2.0,3.0,3.0,2.0,2.0,1.0,1.0,2.0,3.0,1.0,1.0,9.0,1.0,10.0,10.0,10.0,10.0,10.0,10.0,10.0,10.0,10.0,1.0,10.0,10.0,1.0,1.0,10.0,3.0,4.0,4.0,2.0,3.0,2.0,1.0,1.0,5.0,5.0,5.0,5.0,1.0,3.0,3.0,2.0,3.0,2.0,2.0,2.0,2.0,3.0,3.0,2.0,3.0,1.0,1.0,1.0,2.0,4.0,4.0,1.0,2.0,4.0,4.0,1.0,1.0,3.0,1.0,2.0,2.0,3.0,3.0,2.0,2.0,3.0,2.0,10.0,10.0,10.0,10.0,10.0,10.0,10.0,10.0,1.0,1.0,4.0,1.0,1.0,1.0,2.0,2.0,4.0
156072761,1.0,2.0,2.0,2.0,2.0,4.0,1.0,1.0,1.0,2.0,2.0,2.0,1.0,2.0,2.0,1.0,2.0,1.0,2.0,1.0,1.0,2.0,1.0,1.0,1.0,2.0,1.0,2.0,2.0,4.0,2.0,2.0,2.0,2.0,2.0,5.0,1.0,1.0,5.0,1.0,1.0,1.0,1.0,1.0,3.0,3.0,6.0,8.0,3.0,3.0,2.0,3.0,1.0,4.0,1.0,2.0,3.0,4.0,3.0,4.0,4.0,3.0,2.0,1.0,1.0,1.0,1.0,1.0,1.0,1.0,1.0,1.0,2.0,1.0,1.0,1.0,1.0,1.0,1.0,1.0,0.0,2.0,0.0,0.0,0.0,2.0,0.0,0.0,0.0,2.0,0.0,3.0,9.0,9.0,3.0,9.0,2.0,2.0,2.0,2.0,2.0,1.0,1.0,1.0,1.0,8.0,3.0,1.0,2.0,2.0,,2.0,1.0,1.0,1.0,,2.0,,,,,,,,,,,1.0,1.0,2.0,2.0,3.0,2.0,,1.0,2.0,1.0,10.0,10.0,1.0,10.0,3.0,7.0,1.0,2.0,2.0,2.0,2.0,4.0,1.0,7.0,8.0,3.0,2.0,2.0,7.0,9.0,1.0,1.0,3.0,1.0,2.0,1.0,1.0,1.0,1.0,1.0,1.0,1.0,3.0,1.0,4.0,4.0,7.0,6.0,1.0,2.0,4.0,1.0,3.0,5.0,3.0,5.0,1.0,5.0,5.0,1.0,5.0,1.0,3.0,3.0,3.0,1.0,3.0,3.0,1.0,3.0,3.0,3.0,3.0,2.0,,,,,,,,,,,,,,1.0,1.0,1.0,3.0,4.0,,2.0,3.0,1.0,8.0,4.0,10.0,9.0,8.0,10.0,9.0,8.0,3.0,1.0,1.0,1.0,1.0,1.0,4.0,1.0
604070788,1.0,2.0,2.0,4.0,1.0,3.0,2.0,2.0,1.0,1.0,2.0,1.0,2.0,1.0,2.0,2.0,2.0,1.0,2.0,2.0,2.0,2.0,2.0,1.0,2.0,2.0,1.0,3.0,2.0,3.0,3.0,2.0,2.0,1.0,4.0,4.0,3.0,1.0,2.0,2.0,2.0,3.0,1.0,1.0,2.0,2.0,5.0,7.0,6.0,3.0,2.0,3.0,4.0,4.0,2.0,2.0,1.0,2.0,3.0,3.0,3.0,3.0,3.0,3.0,3.0,3.0,3.0,2.0,4.0,4.0,4.0,4.0,4.0,2.0,3.0,3.0,3.0,3.0,2.0,3.0,1.0,0.0,0.0,0.0,0.0,0.0,0.0,0.0,0.0,0.0,0.0,3.0,5.0,4.0,2.0,2.0,2.0,10.0,3.0,3.0,2.0,2.0,3.0,2.0,,6.0,3.0,2.0,0.0,2.0,2.0,2.0,0.0,2.0,2.0,2.0,3.0,3.0,3.0,4.0,4.0,4.0,4.0,4.0,1.0,1.0,2.0,1.0,1.0,1.0,2.0,1.0,1.0,1.0,2.0,1.0,2.0,7.0,8.0,8.0,4.0,3.0,6.0,10.0,1.0,1.0,1.0,1.0,3.0,,3.0,5.0,1.0,2.0,2.0,8.0,4.0,5.0,1.0,3.0,1.0,1.0,1.0,1.0,1.0,1.0,1.0,1.0,1.0,1.0,1.0,1.0,1.0,1.0,6.0,1.0,2.0,2.0,2.0,2.0,2.0,2.0,5.0,5.0,5.0,5.0,5.0,5.0,3.0,3.0,3.0,3.0,,3.0,3.0,3.0,3.0,3.0,3.0,3.0,2.0,2.0,3.0,4.0,3.0,3.0,3.0,3.0,2.0,3.0,3.0,3.0,2.0,5.0,2.0,1.0,1.0,1.0,4.0,,3.0,1.0,10.0,7.0,10.0,10.0,4.0,5.0,10.0,1.0,1.0,4.0,4.0,1.0,2.0,2.0,2.0,2.0,2.0
826070183,1.0,1.0,2.0,2.0,1.0,3.0,2.0,1.0,2.0,2.0,1.0,1.0,2.0,1.0,2.0,2.0,2.0,1.0,2.0,2.0,2.0,2.0,2.0,2.0,2.0,2.0,2.0,4.0,4.0,4.0,4.0,3.0,5.0,4.0,4.0,1.0,5.0,3.0,3.0,2.0,4.0,1.0,2.0,3.0,2.0,2.0,8.0,7.0,8.0,4.0,4.0,2.0,4.0,4.0,2.0,1.0,2.0,1.0,2.0,2.0,2.0,2.0,3.0,2.0,2.0,3.0,2.0,3.0,2.0,3.0,3.0,2.0,2.0,1.0,1.0,3.0,3.0,2.0,1.0,2.0,0.0,0.0,2.0,1.0,0.0,2.0,2.0,1.0,0.0,0.0,0.0,3.0,7.0,4.0,5.0,5.0,1.0,4.0,2.0,3.0,2.0,1.0,2.0,2.0,,8.0,4.0,2.0,2.0,0.0,2.0,1.0,2.0,0.0,2.0,2.0,2.0,3.0,2.0,3.0,2.0,2.0,3.0,3.0,,,,4.0,4.0,,,2.0,3.0,4.0,1.0,1.0,,3.0,4.0,6.0,3.0,4.0,5.0,2.0,2.0,2.0,2.0,2.0,3.0,3.0,7.0,8.0,3.0,,,7.0,1.0,1.0,1.0,1.0,1.0,10.0,5.0,7.0,8.0,10.0,5.0,8.0,,1.0,1.0,1.0,5.0,1.0,1.0,3.0,4.0,4.0,2.0,2.0,2.0,4.0,1.0,2.0,5.0,2.0,2.0,2.0,1.0,2.0,1.0,1.0,1.0,1.0,1.0,1.0,1.0,1.0,1.0,2.0,1.0,1.0,1.0,3.0,2.0,4.0,2.0,1.0,3.0,4.0,2.0,2.0,1.0,3.0,3.0,3.0,4.0,1.0,4.0,3.0,8.0,2.0,10.0,8.0,1.0,10.0,5.0,4.0,10.0,10.0,7.0,4.0,3.0,3.0,2.0,4.0,2.0,2.0,2.0
51070627,1.0,2.0,2.0,1.0,3.0,1.0,1.0,2.0,1.0,2.0,2.0,1.0,1.0,2.0,2.0,2.0,2.0,1.0,2.0,1.0,2.0,1.0,2.0,1.0,2.0,2.0,1.0,1.0,3.0,3.0,3.0,1.0,2.0,2.0,4.0,,4.0,1.0,1.0,4.0,1.0,,1.0,2.0,2.0,5.0,10.0,5.0,3.0,4.0,4.0,4.0,4.0,4.0,3.0,2.0,1.0,3.0,2.0,4.0,4.0,3.0,1.0,1.0,4.0,4.0,4.0,2.0,,4.0,4.0,3.0,,1.0,4.0,,2.0,,2.0,2.0,0.0,0.0,0.0,0.0,0.0,0.0,0.0,0.0,0.0,0.0,1.0,10.0,9.0,5.0,1.0,1.0,1.0,5.0,3.0,3.0,3.0,2.0,2.0,1.0,,5.0,2.0,2.0,0.0,2.0,1.0,1.0,2.0,2.0,2.0,3.0,2.0,4.0,4.0,4.0,4.0,4.0,3.0,4.0,2.0,2.0,2.0,4.0,4.0,2.0,2.0,1.0,1.0,2.0,,2.0,2.0,10.0,10.0,5.0,10.0,10.0,10.0,10.0,1.0,2.0,1.0,1.0,2.0,1.0,7.0,1.0,1.0,1.0,2.0,1.0,1.0,1.0,1.0,1.0,1.0,1.0,1.0,5.0,1.0,1.0,1.0,1.0,1.0,1.0,1.0,1.0,1.0,1.0,5.0,3.0,3.0,3.0,1.0,1.0,5.0,1.0,5.0,5.0,5.0,5.0,5.0,5.0,3.0,1.0,1.0,1.0,3.0,3.0,3.0,3.0,3.0,3.0,3.0,3.0,2.0,2.0,2.0,3.0,3.0,3.0,3.0,1.0,1.0,3.0,1.0,1.0,1.0,5.0,2.0,3.0,,,4.0,,,1.0,10.0,8.0,2.0,8.0,,10.0,10.0,5.0,1.0,1.0,3.0,1.0,1.0,1.0,1.0,3.0,3.0
762070386,1.0,1.0,1.0,2.0,1.0,1.0,2.0,2.0,1.0,1.0,1.0,2.0,2.0,2.0,1.0,2.0,2.0,1.0,2.0,1.0,2.0,,2.0,1.0,1.0,2.0,1.0,1.0,1.0,1.0,1.0,1.0,1.0,1.0,3.0,,1.0,1.0,1.0,1.0,1.0,1.0,1.0,1.0,2.0,2.0,10.0,10.0,10.0,4.0,4.0,4.0,4.0,4.0,1.0,2.0,1.0,2.0,3.0,4.0,4.0,4.0,1.0,1.0,1.0,1.0,1.0,1.0,1.0,1.0,1.0,1.0,1.0,1.0,1.0,1.0,1.0,1.0,1.0,1.0,0.0,0.0,0.0,0.0,0.0,0.0,0.0,0.0,0.0,0.0,0.0,10.0,10.0,10.0,10.0,10.0,1.0,10.0,,,,,,3.0,3.0,,4.0,0.0,1.0,1.0,1.0,1.0,1.0,1.0,1.0,3.0,1.0,4.0,2.0,3.0,4.0,4.0,4.0,4.0,2.0,2.0,2.0,3.0,3.0,2.0,2.0,4.0,4.0,4.0,2.0,2.0,1.0,10.0,10.0,1.0,1.0,1.0,10.0,10.0,1.0,1.0,1.0,1.0,3.0,1.0,2.0,2.0,1.0,1.0,1.0,1.0,5.0,1.0,1.0,1.0,1.0,,1.0,1.0,1.0,1.0,1.0,1.0,1.0,1.0,1.0,1.0,1.0,1.0,1.0,1.0,1.0,1.0,1.0,2.0,4.0,1.0,1.0,1.0,5.0,1.0,1.0,1.0,3.0,3.0,3.0,3.0,3.0,2.0,3.0,2.0,1.0,3.0,2.0,3.0,1.0,3.0,1.0,3.0,1.0,4.0,1.0,1.0,4.0,4.0,1.0,1.0,1.0,3.0,1.0,1.0,1.0,1.0,1.0,10.0,10.0,10.0,10.0,10.0,10.0,10.0,10.0,10.0,10.0,10.0,10.0,10.0,1.0,1.0,1.0,1.0,1.0,1.0,1.0
826071617,1.0,3.0,4.0,3.0,2.0,4.0,1.0,1.0,2.0,1.0,1.0,2.0,2.0,1.0,2.0,2.0,2.0,1.0,2.0,2.0,2.0,2.0,2.0,2.0,2.0,2.0,1.0,4.0,4.0,4.0,4.0,1.0,5.0,5.0,5.0,1.0,3.0,3.0,4.0,3.0,4.0,1.0,2.0,2.0,2.0,2.0,7.0,5.0,7.0,4.0,4.0,4.0,4.0,4.0,1.0,1.0,2.0,1.0,1.0,2.0,2.0,2.0,3.0,1.0,4.0,4.0,3.0,1.0,3.0,3.0,3.0,4.0,2.0,3.0,3.0,3.0,3.0,1.0,1.0,1.0,0.0,0.0,0.0,0.0,0.0,0.0,0.0,0.0,0.0,0.0,0.0,10.0,3.0,4.0,3.0,3.0,1.0,7.0,3.0,3.0,2.0,2.0,3.0,1.0,,4.0,5.0,2.0,2.0,0.0,2.0,0.0,2.0,0.0,2.0,1.0,1.0,4.0,4.0,4.0,4.0,4.0,4.0,4.0,,,,3.0,1.0,,,2.0,3.0,3.0,1.0,1.0,,1.0,1.0,1.0,3.0,4.0,10.0,1.0,2.0,1.0,2.0,2.0,3.0,4.0,7.0,8.0,1.0,,,4.0,4.0,9.0,4.0,2.0,4.0,10.0,4.0,10.0,10.0,10.0,10.0,10.0,,1.0,5.0,3.0,10.0,1.0,5.0,3.0,3.0,3.0,2.0,2.0,5.0,2.0,5.0,1.0,5.0,2.0,1.0,3.0,1.0,3.0,2.0,3.0,1.0,3.0,2.0,1.0,1.0,1.0,2.0,3.0,1.0,1.0,1.0,3.0,2.0,3.0,3.0,2.0,3.0,3.0,1.0,2.0,1.0,3.0,3.0,2.0,3.0,3.0,3.0,3.0,7.0,5.0,7.0,7.0,3.0,7.0,2.0,5.0,10.0,5.0,6.0,4.0,2.0,2.0,1.0,3.0,2.0,2.0,3.0
231070572,1.0,2.0,1.0,1.0,1.0,1.0,1.0,1.0,1.0,2.0,2.0,2.0,2.0,1.0,2.0,2.0,1.0,1.0,1.0,1.0,2.0,1.0,2.0,2.0,2.0,2.0,1.0,3.0,3.0,3.0,3.0,3.0,5.0,4.0,5.0,5.0,5.0,1.0,1.0,1.0,2.0,3.0,1.0,1.0,1.0,2.0,7.0,8.0,7.0,4.0,4.0,4.0,4.0,3.0,1.0,2.0,1.0,2.0,2.0,2.0,2.0,2.0,2.0,1.0,3.0,3.0,3.0,3.0,3.0,3.0,3.0,3.0,3.0,3.0,3.0,2.0,1.0,3.0,3.0,1.0,2.0,1.0,0.0,0.0,0.0,0.0,0.0,1.0,0.0,0.0,0.0,2.0,6.0,4.0,1.0,1.0,1.0,5.0,3.0,3.0,3.0,2.0,2.0,2.0,1.0,10.0,4.0,0.0,0.0,1.0,1.0,1.0,1.0,2.0,2.0,1.0,2.0,2.0,3.0,3.0,4.0,4.0,3.0,4.0,2.0,2.0,2.0,1.0,1.0,2.0,2.0,1.0,1.0,1.0,1.0,1.0,1.0,10.0,10.0,6.0,6.0,1.0,1.0,10.0,1.0,2.0,2.0,1.0,1.0,4.0,2.0,2.0,1.0,1.0,2.0,7.0,1.0,1.0,1.0,1.0,1.0,1.0,1.0,1.0,1.0,1.0,1.0,1.0,1.0,1.0,1.0,1.0,1.0,1.0,1.0,4.0,4.0,4.0,2.0,2.0,5.0,5.0,2.0,2.0,5.0,5.0,5.0,2.0,3.0,3.0,3.0,3.0,3.0,3.0,3.0,3.0,3.0,3.0,3.0,3.0,3.0,3.0,4.0,4.0,4.0,,,,,,,,1.0,1.0,4.0,4.0,2.0,1.0,1.0,,10.0,10.0,10.0,10.0,10.0,,,,,10.0,5.0,5.0,3.0,1.0,2.0,2.0,3.0,3.0,3.0
826072125,1.0,3.0,3.0,3.0,4.0,4.0,1.0,1.0,1.0,2.0,2.0,1.0,2.0,2.0,2.0,1.0,2.0,1.0,2.0,2.0,2.0,2.0,2.0,1.0,2.0,2.0,2.0,3.0,3.0,3.0,3.0,2.0,4.0,2.0,3.0,3.0,4.0,4.0,3.0,3.0,3.0,3.0,1.0,2.0,3.0,2.0,8.0,7.0,9.0,4.0,4.0,4.0,4.0,4.0,1.0,1.0,1.0,2.0,2.0,3.0,2.0,2.0,3.0,2.0,3.0,2.0,3.0,2.0,2.0,2.0,3.0,2.0,2.0,2.0,2.0,2.0,2.0,3.0,3.0,3.0,0.0,0.0,0.0,0.0,0.0,0.0,0.0,0.0,0.0,0.0,0.0,8.0,5.0,6.0,6.0,7.0,2.0,6.0,2.0,2.0,2.0,2.0,2.0,1.0,,5.0,3.0,2.0,1.0,2.0,2.0,2.0,1.0,1.0,2.0,2.0,2.0,4.0,3.0,4.0,4.0,4.0,4.0,3.0,,,,4.0,4.0,,,2.0,2.0,4.0,1.0,1.0,,8.0,7.0,5.0,5.0,7.0,6.0,4.0,2.0,2.0,2.0,2.0,3.0,4.0,7.0,2.0,2.0,,,6.0,2.0,1.0,1.0,1.0,1.0,7.0,8.0,8.0,8.0,8.0,8.0,8.0,,2.0,1.0,1.0,8.0,1.0,2.0,2.0,3.0,3.0,2.0,2.0,5.0,1.0,1.0,5.0,5.0,1.0,5.0,5.0,2.0,3.0,3.0,3.0,3.0,2.0,3.0,1.0,3.0,3.0,3.0,3.0,2.0,1.0,1.0,4.0,3.0,4.0,2.0,1.0,4.0,4.0,1.0,2.0,1.0,3.0,4.0,4.0,4.0,1.0,4.0,7.0,8.0,1.0,10.0,9.0,1.0,7.0,3.0,8.0,10.0,10.0,9.0,8.0,1.0,2.0,2.0,2.0,2.0,3.0,3.0
152070740,1.0,2.0,1.0,2.0,1.0,3.0,1.0,1.0,1.0,2.0,2.0,2.0,2.0,2.0,2.0,1.0,1.0,1.0,2.0,2.0,1.0,2.0,2.0,1.0,2.0,2.0,,3.0,3.0,3.0,3.0,,3.0,3.0,4.0,5.0,3.0,1.0,2.0,2.0,2.0,2.0,2.0,1.0,1.0,2.0,10.0,9.0,5.0,4.0,1.0,4.0,4.0,4.0,1.0,2.0,1.0,2.0,2.0,4.0,2.0,2.0,3.0,2.0,4.0,2.0,2.0,3.0,3.0,3.0,4.0,3.0,2.0,2.0,1.0,3.0,4.0,,,2.0,0.0,0.0,0.0,0.0,0.0,0.0,0.0,0.0,0.0,0.0,0.0,4.0,5.0,3.0,7.0,6.0,2.0,4.0,3.0,2.0,2.0,3.0,2.0,1.0,3.0,6.0,3.0,0.0,2.0,1.0,2.0,1.0,0.0,2.0,2.0,3.0,2.0,3.0,3.0,3.0,2.0,3.0,3.0,,1.0,1.0,2.0,1.0,1.0,2.0,2.0,1.0,1.0,1.0,2.0,2.0,1.0,4.0,6.0,8.0,3.0,5.0,3.0,5.0,1.0,2.0,2.0,2.0,4.0,3.0,7.0,8.0,,2.0,2.0,5.0,3.0,1.0,1.0,1.0,1.0,,2.0,5.0,10.0,10.0,1.0,3.0,1.0,1.0,1.0,1.0,,1.0,,2.0,4.0,4.0,3.0,2.0,1.0,1.0,2.0,1.0,2.0,1.0,1.0,1.0,3.0,3.0,2.0,2.0,3.0,2.0,3.0,2.0,2.0,,3.0,3.0,1.0,1.0,1.0,4.0,4.0,4.0,1.0,1.0,4.0,4.0,1.0,1.0,1.0,,3.0,4.0,4.0,1.0,3.0,5.0,6.0,1.0,10.0,7.0,1.0,5.0,7.0,6.0,9.0,10.0,9.0,6.0,2.0,2.0,1.0,1.0,1.0,2.0,3.0
76071348,1.0,2.0,3.0,2.0,2.0,3.0,1.0,2.0,1.0,1.0,2.0,1.0,1.0,2.0,2.0,2.0,2.0,2.0,2.0,2.0,2.0,2.0,2.0,2.0,2.0,2.0,2.0,,,4.0,4.0,1.0,2.0,2.0,4.0,2.0,4.0,2.0,2.0,2.0,2.0,3.0,1.0,1.0,3.0,3.0,10.0,3.0,10.0,4.0,4.0,4.0,4.0,4.0,1.0,2.0,1.0,1.0,2.0,2.0,,2.0,4.0,2.0,,4.0,2.0,2.0,3.0,4.0,4.0,4.0,1.0,,1.0,4.0,1.0,1.0,1.0,4.0,0.0,0.0,0.0,0.0,0.0,0.0,0.0,0.0,0.0,0.0,0.0,1.0,,1.0,1.0,3.0,1.0,10.0,3.0,2.0,2.0,2.0,2.0,2.0,2.0,4.0,3.0,1.0,2.0,0.0,,0.0,2.0,2.0,0.0,2.0,3.0,3.0,2.0,4.0,,,3.0,4.0,1.0,1.0,2.0,1.0,1.0,2.0,2.0,2.0,2.0,2.0,,2.0,,10.0,10.0,5.0,,3.0,3.0,10.0,1.0,,,,3.0,3.0,4.0,1.0,2.0,1.0,2.0,,1.0,5.0,1.0,1.0,1.0,,1.0,1.0,1.0,1.0,1.0,1.0,1.0,7.0,1.0,1.0,1.0,1.0,8.0,1.0,2.0,3.0,4.0,3.0,5.0,1.0,5.0,1.0,5.0,1.0,1.0,3.0,1.0,3.0,3.0,3.0,1.0,3.0,3.0,3.0,1.0,3.0,3.0,3.0,3.0,3.0,1.0,,3.0,2.0,1.0,3.0,2.0,,2.0,3.0,1.0,,1.0,1.0,,1.0,3.0,,1.0,1.0,10.0,10.0,5.0,10.0,1.0,5.0,10.0,10.0,,1.0,2.0,2.0,2.0,2.0,2.0,,
792071679,2.0,2.0,2.0,3.0,2.0,3.0,2.0,2.0,2.0,2.0,2.0,1.0,2.0,1.0,1.0,1.0,1.0,2.0,2.0,1.0,2.0,1.0,2.0,2.0,2.0,2.0,3.0,2.0,3.0,3.0,2.0,2.0,2.0,2.0,2.0,2.0,2.0,2.0,2.0,2.0,2.0,2.0,2.0,2.0,2.0,2.0,5.0,4.0,4.0,3.0,3.0,2.0,1.0,3.0,3.0,2.0,2.0,3.0,2.0,3.0,3.0,3.0,2.0,2.0,3.0,3.0,3.0,2.0,2.0,3.0,3.0,3.0,3.0,3.0,3.0,3.0,3.0,3.0,3.0,3.0,0.0,0.0,0.0,0.0,0.0,0.0,0.0,0.0,0.0,0.0,0.0,5.0,6.0,7.0,6.0,6.0,1.0,7.0,3.0,3.0,3.0,2.0,3.0,1.0,2.0,7.0,2.0,2.0,2.0,2.0,2.0,1.0,1.0,2.0,2.0,4.0,3.0,3.0,3.0,2.0,3.0,3.0,2.0,3.0,,,,3.0,3.0,2.0,2.0,2.0,2.0,2.0,2.0,1.0,1.0,5.0,4.0,6.0,7.0,6.0,7.0,7.0,1.0,1.0,1.0,1.0,2.0,2.0,4.0,4.0,2.0,1.0,1.0,6.0,1.0,1.0,1.0,1.0,1.0,1.0,1.0,1.0,1.0,1.0,1.0,1.0,1.0,1.0,1.0,,1.0,,1.0,3.0,3.0,3.0,4.0,3.0,4.0,1.0,4.0,1.0,1.0,1.0,1.0,4.0,3.0,3.0,3.0,3.0,3.0,3.0,3.0,3.0,3.0,3.0,3.0,3.0,1.0,1.0,3.0,3.0,3.0,3.0,3.0,3.0,3.0,3.0,3.0,3.0,2.0,,2.0,2.0,,2.0,2.0,5.0,6.0,6.0,6.0,5.0,,7.0,7.0,7.0,7.0,7.0,7.0,7.0,2.0,2.0,2.0,3.0,2.0,3.0,3.0
643071516,2.0,2.0,1.0,3.0,2.0,,1.0,2.0,2.0,1.0,2.0,2.0,1.0,2.0,2.0,2.0,2.0,1.0,2.0,2.0,2.0,1.0,2.0,1.0,2.0,2.0,3.0,2.0,1.0,3.0,3.0,2.0,4.0,2.0,3.0,4.0,4.0,2.0,2.0,4.0,3.0,1.0,2.0,2.0,3.0,2.0,6.0,3.0,4.0,3.0,3.0,4.0,3.0,4.0,2.0,,1.0,2.0,2.0,3.0,2.0,2.0,,,3.0,2.0,,,,2.0,2.0,,1.0,1.0,1.0,1.0,,,2.0,2.0,0.0,0.0,0.0,0.0,0.0,0.0,0.0,0.0,0.0,0.0,0.0,4.0,5.0,1.0,5.0,6.0,,5.0,2.0,2.0,2.0,2.0,2.0,2.0,4.0,5.0,3.0,2.0,2.0,2.0,2.0,0.0,0.0,2.0,2.0,1.0,2.0,3.0,1.0,4.0,4.0,4.0,4.0,4.0,1.0,2.0,2.0,2.0,,2.0,2.0,1.0,1.0,1.0,1.0,2.0,1.0,9.0,10.0,1.0,1.0,5.0,6.0,4.0,,,,,3.0,4.0,4.0,5.0,,,,5.0,10.0,10.0,1.0,10.0,10.0,1.0,1.0,10.0,10.0,10.0,1.0,1.0,,1.0,1.0,1.0,1.0,1.0,1.0,2.0,3.0,3.0,2.0,2.0,4.0,1.0,1.0,1.0,4.0,1.0,1.0,2.0,3.0,3.0,,3.0,2.0,2.0,,3.0,2.0,3.0,3.0,,2.0,1.0,,,,4.0,,2.0,,,,,3.0,,,4.0,2.0,2.0,,,10.0,3.0,10.0,5.0,5.0,10.0,5.0,3.0,5.0,,6.0,4.0,2.0,2.0,3.0,2.0,2.0,3.0,3.0
458070612,1.0,2.0,2.0,2.0,1.0,2.0,1.0,2.0,1.0,1.0,2.0,1.0,2.0,2.0,2.0,2.0,1.0,1.0,2.0,2.0,1.0,1.0,2.0,1.0,2.0,2.0,2.0,4.0,3.0,2.0,3.0,3.0,2.0,1.0,4.0,4.0,3.0,2.0,2.0,2.0,2.0,2.0,1.0,1.0,2.0,2.0,8.0,8.0,8.0,4.0,3.0,4.0,4.0,4.0,1.0,1.0,1.0,2.0,2.0,2.0,2.0,3.0,2.0,2.0,3.0,2.0,2.0,2.0,1.0,3.0,3.0,2.0,2.0,1.0,2.0,2.0,1.0,2.0,2.0,2.0,0.0,2.0,0.0,0.0,0.0,0.0,0.0,1.0,1.0,0.0,0.0,9.0,2.0,7.0,3.0,2.0,1.0,10.0,2.0,2.0,2.0,2.0,2.0,3.0,4.0,3.0,3.0,0.0,0.0,2.0,0.0,2.0,1.0,1.0,1.0,3.0,2.0,4.0,3.0,4.0,3.0,4.0,4.0,4.0,2.0,2.0,2.0,3.0,3.0,2.0,2.0,4.0,4.0,4.0,1.0,1.0,1.0,9.0,10.0,2.0,2.0,2.0,9.0,8.0,1.0,1.0,1.0,1.0,3.0,3.0,4.0,4.0,2.0,2.0,2.0,3.0,3.0,3.0,1.0,3.0,3.0,1.0,2.0,5.0,5.0,4.0,4.0,8.0,1.0,8.0,8.0,1.0,2.0,2.0,9.0,3.0,4.0,3.0,2.0,2.0,1.0,1.0,1.0,1.0,2.0,1.0,1.0,1.0,2.0,2.0,1.0,2.0,1.0,2.0,2.0,1.0,1.0,1.0,2.0,3.0,1.0,1.0,2.0,2.0,1.0,2.0,3.0,3.0,2.0,3.0,2.0,2.0,1.0,4.0,3.0,2.0,4.0,1.0,4.0,7.0,3.0,10.0,2.0,2.0,3.0,2.0,9.0,3.0,1.0,10.0,7.0,3.0,3.0,3.0,2.0,2.0,2.0,2.0,2.0
417070284,1.0,2.0,2.0,2.0,2.0,2.0,1.0,2.0,1.0,1.0,2.0,2.0,2.0,1.0,2.0,2.0,1.0,1.0,2.0,1.0,1.0,2.0,2.0,1.0,1.0,2.0,2.0,2.0,3.0,3.0,3.0,1.0,4.0,2.0,2.0,3.0,3.0,2.0,1.0,2.0,4.0,3.0,1.0,2.0,1.0,3.0,10.0,10.0,10.0,2.0,2.0,2.0,4.0,4.0,2.0,2.0,2.0,3.0,3.0,3.0,3.0,4.0,2.0,2.0,2.0,2.0,3.0,3.0,3.0,3.0,3.0,3.0,2.0,2.0,3.0,3.0,2.0,3.0,3.0,3.0,0.0,0.0,0.0,0.0,0.0,0.0,0.0,0.0,0.0,0.0,0.0,10.0,3.0,1.0,6.0,7.0,1.0,10.0,3.0,3.0,4.0,4.0,3.0,3.0,4.0,7.0,3.0,0.0,2.0,2.0,2.0,2.0,2.0,0.0,2.0,3.0,2.0,3.0,3.0,4.0,3.0,4.0,4.0,4.0,1.0,1.0,2.0,3.0,2.0,2.0,2.0,1.0,1.0,1.0,1.0,1.0,2.0,5.0,6.0,6.0,10.0,3.0,6.0,5.0,1.0,,,,2.0,1.0,2.0,2.0,1.0,2.0,2.0,8.0,1.0,3.0,1.0,1.0,1.0,4.0,4.0,4.0,3.0,5.0,1.0,6.0,1.0,5.0,1.0,1.0,4.0,1.0,1.0,2.0,3.0,3.0,3.0,2.0,2.0,1.0,1.0,1.0,3.0,1.0,1.0,3.0,2.0,2.0,2.0,2.0,1.0,1.0,2.0,2.0,1.0,2.0,2.0,3.0,1.0,1.0,3.0,3.0,2.0,2.0,2.0,3.0,2.0,4.0,1.0,2.0,1.0,3.0,2.0,3.0,3.0,2.0,3.0,,6.0,5.0,5.0,3.0,3.0,3.0,5.0,4.0,6.0,8.0,8.0,7.0,3.0,1.0,2.0,2.0,2.0,3.0,4.0
156072246,1.0,2.0,3.0,3.0,1.0,4.0,2.0,2.0,1.0,1.0,2.0,1.0,2.0,1.0,2.0,2.0,1.0,1.0,2.0,1.0,2.0,2.0,2.0,1.0,2.0,2.0,3.0,3.0,3.0,4.0,2.0,3.0,2.0,2.0,5.0,3.0,2.0,2.0,1.0,2.0,2.0,3.0,1.0,1.0,2.0,1.0,9.0,7.0,7.0,4.0,4.0,4.0,4.0,4.0,1.0,1.0,1.0,2.0,1.0,3.0,3.0,4.0,4.0,1.0,2.0,1.0,2.0,2.0,2.0,1.0,2.0,1.0,2.0,1.0,2.0,2.0,2.0,2.0,2.0,3.0,0.0,0.0,0.0,1.0,0.0,0.0,0.0,0.0,0.0,0.0,0.0,7.0,4.0,8.0,6.0,4.0,1.0,4.0,2.0,3.0,2.0,2.0,2.0,2.0,5.0,3.0,5.0,2.0,2.0,0.0,,0.0,2.0,1.0,1.0,,2.0,,,,,,,,,,,2.0,3.0,2.0,2.0,3.0,3.0,,2.0,2.0,1.0,8.0,7.0,2.0,4.0,4.0,8.0,1.0,2.0,2.0,2.0,2.0,3.0,3.0,6.0,8.0,2.0,1.0,2.0,4.0,6.0,1.0,1.0,1.0,1.0,3.0,1.0,1.0,4.0,3.0,1.0,7.0,1.0,1.0,1.0,1.0,1.0,1.0,8.0,2.0,2.0,4.0,2.0,2.0,5.0,2.0,5.0,2.0,4.0,3.0,2.0,3.0,3.0,3.0,3.0,3.0,1.0,3.0,3.0,3.0,1.0,3.0,3.0,3.0,3.0,,,,,,,,,,,,,,2.0,2.0,3.0,2.0,3.0,,5.0,1.0,7.0,6.0,4.0,7.0,8.0,7.0,9.0,8.0,7.0,7.0,2.0,2.0,1.0,1.0,1.0,2.0,2.0
604070885,1.0,2.0,3.0,4.0,1.0,3.0,1.0,2.0,2.0,1.0,2.0,1.0,2.0,1.0,2.0,2.0,2.0,1.0,2.0,2.0,2.0,2.0,2.0,1.0,2.0,2.0,1.0,2.0,3.0,3.0,3.0,3.0,4.0,2.0,4.0,5.0,5.0,2.0,2.0,2.0,2.0,3.0,1.0,2.0,1.0,3.0,10.0,6.0,6.0,3.0,2.0,2.0,2.0,4.0,2.0,2.0,2.0,3.0,2.0,4.0,3.0,4.0,3.0,3.0,3.0,2.0,4.0,3.0,4.0,4.0,4.0,4.0,4.0,2.0,3.0,3.0,4.0,3.0,3.0,3.0,0.0,0.0,0.0,0.0,0.0,0.0,0.0,0.0,0.0,0.0,0.0,9.0,2.0,2.0,2.0,2.0,2.0,10.0,3.0,3.0,3.0,3.0,3.0,3.0,5.0,3.0,3.0,2.0,0.0,2.0,2.0,2.0,2.0,2.0,2.0,2.0,3.0,4.0,4.0,4.0,4.0,4.0,4.0,4.0,1.0,1.0,2.0,1.0,1.0,2.0,2.0,1.0,1.0,1.0,1.0,2.0,2.0,6.0,,6.0,6.0,6.0,3.0,10.0,1.0,1.0,1.0,1.0,3.0,3.0,4.0,1.0,2.0,2.0,2.0,7.0,8.0,6.0,1.0,1.0,1.0,1.0,1.0,1.0,10.0,8.0,1.0,1.0,1.0,1.0,1.0,1.0,5.0,1.0,1.0,4.0,4.0,4.0,4.0,3.0,2.0,1.0,5.0,1.0,2.0,1.0,1.0,1.0,3.0,3.0,3.0,3.0,3.0,3.0,3.0,3.0,3.0,3.0,3.0,3.0,1.0,1.0,4.0,3.0,2.0,4.0,4.0,4.0,2.0,3.0,2.0,2.0,3.0,4.0,4.0,3.0,3.0,2.0,2.0,10.0,8.0,2.0,10.0,10.0,10.0,10.0,10.0,10.0,10.0,10.0,6.0,5.0,3.0,1.0,1.0,1.0,1.0,3.0,3.0
458071192,1.0,1.0,2.0,3.0,2.0,1.0,1.0,1.0,2.0,1.0,2.0,1.0,2.0,2.0,1.0,2.0,2.0,1.0,2.0,1.0,1.0,1.0,2.0,1.0,1.0,2.0,1.0,3.0,3.0,3.0,3.0,3.0,3.0,1.0,3.0,3.0,3.0,2.0,2.0,3.0,3.0,2.0,1.0,1.0,2.0,2.0,6.0,8.0,8.0,4.0,4.0,4.0,3.0,4.0,2.0,2.0,1.0,2.0,2.0,3.0,3.0,3.0,1.0,2.0,2.0,2.0,2.0,1.0,1.0,2.0,3.0,3.0,2.0,2.0,3.0,2.0,2.0,2.0,2.0,2.0,0.0,0.0,0.0,0.0,0.0,0.0,0.0,0.0,0.0,0.0,0.0,10.0,5.0,5.0,5.0,1.0,1.0,5.0,2.0,2.0,2.0,2.0,2.0,2.0,4.0,5.0,2.0,1.0,2.0,0.0,1.0,0.0,2.0,0.0,1.0,3.0,2.0,4.0,4.0,4.0,4.0,4.0,4.0,4.0,1.0,1.0,2.0,2.0,2.0,2.0,2.0,2.0,2.0,2.0,1.0,1.0,1.0,9.0,9.0,5.0,5.0,1.0,9.0,10.0,1.0,1.0,1.0,1.0,2.0,2.0,6.0,1.0,1.0,1.0,1.0,5.0,6.0,6.0,6.0,6.0,6.0,6.0,6.0,6.0,6.0,6.0,6.0,6.0,6.0,6.0,6.0,6.0,6.0,6.0,6.0,2.0,2.0,2.0,3.0,2.0,1.0,1.0,1.0,1.0,5.0,1.0,1.0,1.0,2.0,2.0,2.0,3.0,2.0,2.0,2.0,2.0,2.0,2.0,2.0,3.0,2.0,3.0,1.0,3.0,2.0,2.0,3.0,2.0,3.0,3.0,2.0,2.0,2.0,3.0,2.0,2.0,3.0,2.0,3.0,5.0,1.0,5.0,1.0,5.0,9.0,1.0,1.0,1.0,1.0,10.0,8.0,8.0,2.0,2.0,2.0,2.0,2.0,4.0,4.0
392070414,1.0,2.0,1.0,2.0,2.0,3.0,1.0,1.0,2.0,2.0,2.0,1.0,1.0,1.0,2.0,2.0,2.0,1.0,2.0,1.0,1.0,1.0,2.0,1.0,1.0,2.0,3.0,2.0,3.0,3.0,3.0,2.0,2.0,2.0,3.0,3.0,4.0,4.0,4.0,3.0,4.0,3.0,2.0,3.0,3.0,3.0,5.0,4.0,4.0,3.0,3.0,2.0,2.0,4.0,3.0,2.0,2.0,3.0,2.0,4.0,,,4.0,,2.0,2.0,,2.0,,3.0,,,3.0,,,,2.0,3.0,,3.0,0.0,0.0,0.0,0.0,0.0,0.0,0.0,0.0,0.0,0.0,0.0,3.0,4.0,3.0,5.0,8.0,,8.0,3.0,3.0,3.0,3.0,3.0,2.0,2.0,7.0,3.0,1.0,0.0,0.0,1.0,0.0,1.0,0.0,0.0,3.0,3.0,4.0,3.0,3.0,4.0,4.0,3.0,3.0,1.0,1.0,,1.0,1.0,2.0,2.0,1.0,1.0,1.0,1.0,2.0,2.0,5.0,5.0,,5.0,5.0,6.0,4.0,,1.0,1.0,1.0,,3.0,5.0,6.0,2.0,,,5.0,2.0,1.0,1.0,1.0,1.0,,1.0,5.0,5.0,,5.0,5.0,1.0,1.0,1.0,1.0,1.0,1.0,,3.0,2.0,4.0,3.0,2.0,1.0,1.0,2.0,5.0,5.0,5.0,5.0,2.0,3.0,3.0,3.0,3.0,3.0,3.0,3.0,3.0,,,,,1.0,1.0,3.0,3.0,2.0,2.0,3.0,3.0,2.0,2.0,2.0,1.0,2.0,2.0,2.0,3.0,4.0,2.0,4.0,6.0,9.0,1.0,6.0,7.0,1.0,9.0,9.0,3.0,10.0,8.0,5.0,4.0,3.0,2.0,2.0,2.0,2.0,2.0,2.0
604071103,1.0,3.0,4.0,3.0,1.0,4.0,1.0,2.0,2.0,1.0,2.0,1.0,2.0,2.0,2.0,2.0,1.0,1.0,2.0,1.0,2.0,2.0,2.0,1.0,2.0,2.0,,2.0,3.0,4.0,4.0,,4.0,1.0,4.0,5.0,,1.0,3.0,,3.0,3.0,,1.0,3.0,3.0,7.0,7.0,5.0,2.0,2.0,3.0,2.0,4.0,2.0,,2.0,3.0,3.0,3.0,3.0,4.0,3.0,2.0,,3.0,3.0,3.0,2.0,3.0,3.0,3.0,,3.0,3.0,,2.0,,,,0.0,2.0,2.0,0.0,2.0,0.0,0.0,0.0,0.0,2.0,0.0,,,,5.0,4.0,2.0,10.0,3.0,,2.0,2.0,3.0,,3.0,5.0,3.0,1.0,,,,,1.0,,0.0,,3.0,3.0,2.0,4.0,4.0,4.0,3.0,3.0,2.0,2.0,2.0,,2.0,2.0,2.0,1.0,1.0,3.0,1.0,,1.0,,,,,,,4.0,1.0,,,,,,3.0,,,2.0,2.0,,,,2.0,,,,3.0,2.0,9.0,8.0,5.0,,4.0,6.0,3.0,,,3.0,9.0,2.0,,,2.0,2.0,3.0,5.0,1.0,5.0,5.0,5.0,,,,,,1.0,,,,,,,,,1.0,1.0,2.0,3.0,,3.0,,,3.0,4.0,2.0,2.0,,,,,,,,,,,,,,,,,,6.0,7.0,4.0,,1.0,2.0,3.0,3.0,3.0,3.0
231070506,1.0,2.0,2.0,2.0,1.0,1.0,2.0,2.0,2.0,1.0,2.0,1.0,1.0,1.0,1.0,2.0,2.0,1.0,2.0,1.0,2.0,2.0,2.0,2.0,1.0,2.0,2.0,3.0,2.0,2.0,3.0,2.0,2.0,1.0,4.0,2.0,2.0,1.0,4.0,2.0,2.0,2.0,2.0,1.0,3.0,2.0,10.0,10.0,1.0,4.0,4.0,4.0,4.0,4.0,3.0,2.0,1.0,1.0,2.0,1.0,1.0,4.0,1.0,2.0,4.0,2.0,2.0,1.0,2.0,2.0,2.0,2.0,2.0,2.0,2.0,2.0,1.0,2.0,4.0,2.0,2.0,0.0,2.0,0.0,1.0,1.0,1.0,1.0,0.0,1.0,0.0,1.0,10.0,10.0,1.0,1.0,1.0,10.0,2.0,2.0,2.0,2.0,2.0,4.0,4.0,10.0,1.0,0.0,0.0,0.0,0.0,2.0,2.0,2.0,0.0,1.0,2.0,4.0,4.0,4.0,2.0,4.0,4.0,4.0,1.0,1.0,1.0,1.0,1.0,2.0,2.0,1.0,4.0,1.0,2.0,1.0,1.0,9.0,10.0,10.0,1.0,2.0,1.0,10.0,1.0,1.0,1.0,1.0,1.0,2.0,1.0,1.0,1.0,1.0,2.0,1.0,10.0,1.0,1.0,1.0,1.0,1.0,1.0,1.0,1.0,10.0,1.0,10.0,1.0,10.0,1.0,1.0,1.0,10.0,1.0,4.0,1.0,1.0,1.0,1.0,3.0,2.0,1.0,5.0,5.0,5.0,5.0,2.0,3.0,1.0,1.0,3.0,2.0,2.0,2.0,2.0,3.0,3.0,3.0,3.0,1.0,3.0,3.0,2.0,2.0,1.0,4.0,4.0,2.0,1.0,4.0,2.0,1.0,4.0,1.0,1.0,2.0,1.0,2.0,10.0,1.0,1.0,,,,,,,,10.0,1.0,1.0,4.0,1.0,4.0,4.0,2.0,2.0,2.0
604070736,2.0,2.0,2.0,3.0,2.0,2.0,1.0,2.0,2.0,1.0,2.0,1.0,2.0,2.0,1.0,2.0,1.0,1.0,2.0,2.0,2.0,2.0,2.0,1.0,2.0,2.0,1.0,2.0,4.0,3.0,3.0,1.0,4.0,2.0,3.0,1.0,1.0,1.0,1.0,1.0,2.0,1.0,2.0,2.0,2.0,3.0,7.0,9.0,7.0,3.0,2.0,2.0,3.0,3.0,2.0,2.0,1.0,4.0,4.0,4.0,4.0,4.0,4.0,4.0,4.0,4.0,4.0,3.0,4.0,4.0,3.0,4.0,4.0,,4.0,4.0,3.0,4.0,4.0,3.0,0.0,0.0,0.0,0.0,0.0,0.0,0.0,0.0,0.0,0.0,0.0,7.0,7.0,7.0,1.0,7.0,2.0,10.0,4.0,3.0,3.0,4.0,3.0,3.0,5.0,8.0,3.0,2.0,2.0,2.0,2.0,2.0,2.0,2.0,2.0,3.0,4.0,3.0,2.0,,4.0,4.0,4.0,4.0,1.0,2.0,2.0,2.0,1.0,2.0,2.0,1.0,1.0,1.0,2.0,2.0,2.0,9.0,8.0,7.0,4.0,4.0,7.0,10.0,1.0,1.0,2.0,1.0,3.0,3.0,6.0,6.0,1.0,2.0,2.0,3.0,1.0,1.0,1.0,1.0,3.0,8.0,3.0,2.0,7.0,5.0,1.0,8.0,1.0,1.0,1.0,1.0,6.0,1.0,10.0,4.0,4.0,3.0,3.0,2.0,1.0,1.0,1.0,1.0,5.0,1.0,1.0,1.0,3.0,3.0,3.0,3.0,3.0,3.0,3.0,3.0,,,,,1.0,1.0,4.0,3.0,1.0,2.0,2.0,2.0,1.0,4.0,3.0,2.0,1.0,2.0,3.0,2.0,2.0,1.0,3.0,2.0,1.0,6.0,1.0,1.0,1.0,4.0,4.0,5.0,8.0,10.0,7.0,3.0,4.0,1.0,1.0,1.0,1.0,1.0,1.0
203070894,1.0,1.0,2.0,2.0,2.0,3.0,2.0,2.0,2.0,2.0,2.0,1.0,2.0,1.0,2.0,2.0,2.0,1.0,1.0,2.0,2.0,2.0,2.0,2.0,2.0,2.0,3.0,3.0,4.0,3.0,3.0,3.0,4.0,2.0,2.0,4.0,3.0,3.0,3.0,3.0,3.0,3.0,2.0,1.0,3.0,3.0,6.0,7.0,5.0,4.0,4.0,3.0,4.0,4.0,2.0,2.0,1.0,3.0,2.0,3.0,3.0,3.0,2.0,2.0,2.0,3.0,2.0,2.0,2.0,2.0,3.0,2.0,2.0,2.0,2.0,2.0,2.0,2.0,2.0,2.0,0.0,0.0,0.0,0.0,0.0,0.0,0.0,1.0,0.0,0.0,0.0,8.0,4.0,7.0,3.0,4.0,1.0,5.0,2.0,2.0,2.0,2.0,2.0,2.0,4.0,3.0,3.0,1.0,2.0,1.0,2.0,1.0,2.0,1.0,2.0,2.0,2.0,4.0,3.0,4.0,3.0,3.0,4.0,4.0,2.0,2.0,2.0,3.0,3.0,2.0,2.0,2.0,2.0,3.0,1.0,2.0,2.0,3.0,3.0,6.0,6.0,2.0,4.0,5.0,1.0,1.0,1.0,1.0,3.0,3.0,4.0,4.0,1.0,2.0,2.0,4.0,2.0,3.0,2.0,2.0,2.0,3.0,3.0,3.0,4.0,8.0,4.0,3.0,2.0,3.0,2.0,2.0,3.0,2.0,4.0,4.0,4.0,4.0,3.0,2.0,3.0,1.0,2.0,2.0,2.0,2.0,5.0,1.0,3.0,3.0,2.0,3.0,3.0,3.0,3.0,3.0,2.0,2.0,3.0,3.0,1.0,1.0,2.0,3.0,3.0,3.0,2.0,2.0,3.0,3.0,2.0,2.0,2.0,4.0,3.0,3.0,3.0,2.0,3.0,7.0,5.0,2.0,8.0,5.0,3.0,8.0,5.0,2.0,8.0,6.0,7.0,6.0,3.0,3.0,2.0,3.0,3.0,3.0,3.0
392070772,1.0,2.0,2.0,3.0,2.0,3.0,1.0,2.0,2.0,1.0,1.0,1.0,2.0,2.0,2.0,1.0,2.0,1.0,2.0,2.0,2.0,2.0,2.0,1.0,2.0,2.0,2.0,2.0,3.0,3.0,3.0,2.0,4.0,3.0,3.0,2.0,3.0,4.0,2.0,3.0,4.0,1.0,2.0,3.0,3.0,4.0,2.0,2.0,2.0,3.0,3.0,2.0,3.0,3.0,3.0,2.0,2.0,2.0,2.0,2.0,2.0,2.0,3.0,2.0,2.0,2.0,2.0,2.0,2.0,3.0,3.0,3.0,3.0,2.0,3.0,3.0,2.0,2.0,2.0,3.0,0.0,0.0,0.0,0.0,0.0,0.0,0.0,0.0,0.0,0.0,0.0,1.0,,5.0,10.0,8.0,,7.0,2.0,2.0,2.0,2.0,2.0,,3.0,8.0,3.0,2.0,2.0,0.0,1.0,0.0,1.0,0.0,1.0,,3.0,3.0,3.0,3.0,3.0,3.0,3.0,3.0,1.0,1.0,,1.0,1.0,2.0,2.0,1.0,1.0,1.0,2.0,,,8.0,8.0,,,5.0,5.0,7.0,1.0,1.0,1.0,1.0,,,5.0,6.0,,,,5.0,1.0,1.0,1.0,1.0,1.0,5.0,1.0,7.0,10.0,10.0,1.0,5.0,1.0,1.0,1.0,1.0,2.0,1.0,3.0,3.0,3.0,3.0,2.0,3.0,5.0,1.0,5.0,1.0,1.0,1.0,2.0,1.0,1.0,3.0,,2.0,1.0,3.0,3.0,,2.0,2.0,3.0,3.0,2.0,2.0,3.0,3.0,3.0,3.0,3.0,3.0,3.0,3.0,3.0,3.0,3.0,4.0,3.0,3.0,3.0,,3.0,4.0,7.0,3.0,7.0,8.0,5.0,6.0,7.0,3.0,8.0,6.0,4.0,4.0,3.0,2.0,2.0,2.0,2.0,3.0,3.0
528070907,2.0,2.0,,2.0,,,1.0,1.0,2.0,1.0,2.0,1.0,2.0,2.0,2.0,1.0,2.0,1.0,2.0,2.0,2.0,2.0,2.0,1.0,2.0,2.0,1.0,3.0,3.0,3.0,3.0,,4.0,4.0,,,5.0,3.0,2.0,2.0,2.0,3.0,1.0,2.0,2.0,3.0,6.0,7.0,7.0,4.0,3.0,2.0,4.0,4.0,,2.0,2.0,2.0,2.0,,2.0,2.0,,,2.0,,,2.0,3.0,3.0,3.0,3.0,3.0,2.0,2.0,3.0,,2.0,2.0,2.0,0.0,1.0,0.0,0.0,0.0,0.0,0.0,1.0,1.0,0.0,0.0,5.0,5.0,5.0,5.0,5.0,1.0,7.0,2.0,2.0,2.0,2.0,2.0,,3.0,,3.0,2.0,2.0,2.0,0.0,2.0,2.0,0.0,2.0,3.0,3.0,3.0,3.0,,3.0,3.0,3.0,,2.0,,,,,2.0,2.0,3.0,3.0,3.0,1.0,2.0,,9.0,9.0,2.0,2.0,2.0,7.0,,2.0,2.0,2.0,2.0,,3.0,7.0,,,2.0,2.0,5.0,1.0,1.0,1.0,1.0,1.0,6.0,6.0,6.0,6.0,6.0,1.0,10.0,1.0,1.0,1.0,1.0,10.0,1.0,1.0,2.0,4.0,2.0,2.0,2.0,5.0,1.0,1.0,1.0,1.0,1.0,2.0,2.0,1.0,2.0,3.0,3.0,3.0,3.0,2.0,1.0,3.0,3.0,3.0,3.0,1.0,1.0,1.0,,4.0,4.0,1.0,1.0,,4.0,1.0,2.0,3.0,4.0,1.0,,4.0,1.0,4.0,6.0,10.0,1.0,10.0,6.0,1.0,10.0,6.0,1.0,10.0,10.0,7.0,6.0,3.0,2.0,2.0,2.0,2.0,3.0,3.0
68071832,1.0,3.0,2.0,4.0,1.0,1.0,1.0,1.0,1.0,1.0,1.0,1.0,1.0,1.0,1.0,1.0,1.0,1.0,2.0,2.0,2.0,2.0,2.0,2.0,2.0,2.0,2.0,2.0,3.0,3.0,3.0,2.0,4.0,2.0,3.0,4.0,2.0,2.0,2.0,2.0,2.0,1.0,1.0,1.0,3.0,1.0,9.0,10.0,7.0,4.0,4.0,4.0,3.0,2.0,1.0,2.0,1.0,2.0,2.0,3.0,2.0,2.0,1.0,3.0,2.0,2.0,3.0,4.0,4.0,4.0,4.0,4.0,3.0,2.0,3.0,2.0,2.0,2.0,2.0,1.0,1.0,0.0,0.0,0.0,0.0,0.0,0.0,0.0,0.0,0.0,0.0,6.0,9.0,1.0,1.0,9.0,1.0,10.0,4.0,4.0,4.0,4.0,1.0,3.0,2.0,9.0,3.0,1.0,0.0,2.0,2.0,2.0,0.0,2.0,2.0,4.0,3.0,3.0,4.0,4.0,4.0,3.0,3.0,1.0,2.0,1.0,2.0,3.0,4.0,1.0,2.0,2.0,2.0,2.0,2.0,2.0,1.0,8.0,8.0,10.0,8.0,1.0,9.0,10.0,1.0,2.0,2.0,1.0,2.0,2.0,2.0,2.0,1.0,2.0,2.0,8.0,9.0,9.0,1.0,1.0,1.0,3.0,3.0,9.0,5.0,8.0,10.0,10.0,10.0,10.0,10.0,10.0,10.0,10.0,10.0,4.0,4.0,4.0,4.0,3.0,2.0,1.0,1.0,4.0,5.0,5.0,5.0,5.0,3.0,3.0,3.0,3.0,3.0,3.0,3.0,3.0,3.0,3.0,3.0,3.0,1.0,1.0,4.0,1.0,1.0,1.0,1.0,4.0,1.0,4.0,4.0,1.0,3.0,,2.0,2.0,3.0,1.0,1.0,5.0,5.0,5.0,6.0,7.0,6.0,6.0,8.0,4.0,6.0,10.0,1.0,6.0,3.0,1.0,2.0,1.0,1.0,4.0,3.0
300070837,1.0,1.0,3.0,1.0,4.0,1.0,1.0,1.0,1.0,1.0,2.0,2.0,2.0,1.0,2.0,2.0,2.0,1.0,2.0,1.0,2.0,1.0,1.0,1.0,2.0,2.0,3.0,2.0,2.0,3.0,3.0,2.0,3.0,2.0,3.0,5.0,3.0,2.0,2.0,2.0,4.0,2.0,1.0,2.0,3.0,3.0,2.0,7.0,4.0,4.0,4.0,3.0,3.0,4.0,3.0,2.0,2.0,4.0,3.0,4.0,4.0,4.0,2.0,2.0,4.0,4.0,4.0,3.0,4.0,3.0,4.0,4.0,,1.0,1.0,4.0,4.0,3.0,3.0,3.0,0.0,0.0,0.0,0.0,0.0,0.0,0.0,0.0,0.0,0.0,0.0,7.0,1.0,1.0,1.0,1.0,1.0,7.0,2.0,1.0,2.0,3.0,3.0,1.0,4.0,10.0,2.0,1.0,0.0,2.0,2.0,2.0,2.0,2.0,2.0,3.0,3.0,3.0,4.0,4.0,4.0,4.0,4.0,4.0,1.0,1.0,2.0,,4.0,2.0,2.0,4.0,4.0,4.0,1.0,2.0,2.0,9.0,10.0,10.0,,8.0,10.0,10.0,1.0,1.0,1.0,1.0,3.0,1.0,3.0,3.0,1.0,2.0,2.0,10.0,1.0,1.0,1.0,1.0,1.0,1.0,1.0,1.0,5.0,5.0,1.0,1.0,1.0,1.0,1.0,1.0,3.0,1.0,1.0,2.0,3.0,3.0,1.0,2.0,1.0,1.0,1.0,5.0,5.0,5.0,5.0,5.0,1.0,3.0,1.0,3.0,2.0,3.0,3.0,3.0,3.0,3.0,3.0,3.0,1.0,1.0,1.0,4.0,3.0,4.0,3.0,2.0,2.0,4.0,2.0,2.0,1.0,,4.0,3.0,4.0,1.0,3.0,5.0,10.0,1.0,10.0,10.0,1.0,10.0,1.0,10.0,10.0,10.0,3.0,1.0,3.0,1.0,1.0,1.0,1.0,1.0,1.0
840072100,1.0,2.0,1.0,4.0,1.0,2.0,1.0,1.0,2.0,1.0,2.0,1.0,2.0,2.0,2.0,2.0,1.0,1.0,2.0,2.0,2.0,2.0,2.0,1.0,2.0,2.0,2.0,3.0,3.0,4.0,4.0,2.0,4.0,3.0,4.0,3.0,4.0,4.0,3.0,2.0,4.0,2.0,1.0,1.0,2.0,2.0,6.0,6.0,6.0,4.0,4.0,4.0,3.0,4.0,1.0,2.0,3.0,2.0,2.0,3.0,2.0,2.0,3.0,2.0,3.0,3.0,3.0,3.0,3.0,3.0,4.0,4.0,3.0,3.0,3.0,3.0,2.0,2.0,2.0,3.0,1.0,0.0,0.0,2.0,0.0,0.0,0.0,0.0,0.0,0.0,0.0,8.0,7.0,8.0,8.0,7.0,1.0,10.0,2.0,2.0,2.0,2.0,2.0,3.0,4.0,3.0,3.0,2.0,2.0,1.0,1.0,1.0,2.0,1.0,1.0,,3.0,3.0,3.0,3.0,3.0,3.0,3.0,3.0,2.0,2.0,2.0,1.0,4.0,2.0,1.0,1.0,1.0,3.0,1.0,1.0,1.0,8.0,8.0,4.0,3.0,4.0,8.0,9.0,1.0,1.0,1.0,1.0,3.0,4.0,5.0,3.0,2.0,2.0,2.0,3.0,1.0,2.0,1.0,2.0,2.0,2.0,2.0,7.0,9.0,8.0,6.0,8.0,1.0,1.0,1.0,1.0,5.0,1.0,10.0,2.0,3.0,3.0,4.0,2.0,1.0,1.0,5.0,2.0,1.0,1.0,1.0,2.0,2.0,2.0,2.0,2.0,2.0,2.0,,3.0,3.0,3.0,3.0,3.0,2.0,2.0,2.0,3.0,3.0,3.0,2.0,2.0,1.0,3.0,3.0,2.0,2.0,,3.0,4.0,4.0,1.0,2.0,5.0,7.0,4.0,7.0,5.0,2.0,10.0,2.0,7.0,9.0,9.0,9.0,5.0,3.0,2.0,2.0,2.0,2.0,2.0,3.0
826071982,1.0,1.0,1.0,1.0,1.0,3.0,1.0,2.0,2.0,1.0,2.0,1.0,1.0,2.0,2.0,1.0,2.0,1.0,2.0,2.0,2.0,2.0,2.0,1.0,2.0,2.0,3.0,3.0,3.0,3.0,3.0,2.0,4.0,4.0,4.0,2.0,4.0,4.0,2.0,2.0,3.0,1.0,1.0,1.0,2.0,2.0,7.0,7.0,7.0,4.0,4.0,4.0,4.0,4.0,1.0,2.0,1.0,2.0,1.0,3.0,2.0,2.0,4.0,1.0,3.0,3.0,2.0,3.0,3.0,3.0,3.0,3.0,2.0,2.0,2.0,2.0,2.0,2.0,2.0,2.0,0.0,0.0,0.0,0.0,0.0,0.0,0.0,0.0,0.0,0.0,0.0,4.0,7.0,3.0,4.0,4.0,1.0,7.0,2.0,2.0,2.0,2.0,2.0,2.0,,4.0,3.0,2.0,2.0,2.0,1.0,1.0,2.0,2.0,2.0,3.0,3.0,4.0,2.0,3.0,3.0,3.0,3.0,3.0,,,,3.0,,,,2.0,2.0,3.0,2.0,2.0,,3.0,4.0,5.0,5.0,5.0,3.0,1.0,2.0,2.0,2.0,2.0,3.0,,7.0,8.0,3.0,,,4.0,1.0,2.0,1.0,2.0,1.0,5.0,6.0,5.0,5.0,5.0,2.0,8.0,,1.0,1.0,1.0,6.0,1.0,6.0,1.0,1.0,1.0,3.0,2.0,2.0,1.0,2.0,1.0,2.0,1.0,2.0,2.0,1.0,2.0,2.0,1.0,2.0,1.0,1.0,1.0,2.0,1.0,2.0,2.0,2.0,1.0,2.0,2.0,2.0,4.0,2.0,2.0,2.0,2.0,2.0,2.0,1.0,3.0,3.0,2.0,4.0,1.0,4.0,5.0,8.0,3.0,9.0,8.0,2.0,8.0,6.0,10.0,10.0,10.0,9.0,4.0,3.0,1.0,3.0,4.0,2.0,3.0,3.0
558070225,1.0,3.0,1.0,1.0,2.0,1.0,1.0,2.0,2.0,1.0,2.0,1.0,2.0,2.0,1.0,2.0,1.0,2.0,1.0,1.0,1.0,1.0,1.0,1.0,1.0,1.0,2.0,2.0,3.0,2.0,2.0,3.0,4.0,4.0,4.0,4.0,2.0,2.0,4.0,4.0,5.0,1.0,1.0,1.0,1.0,4.0,10.0,10.0,1.0,2.0,1.0,4.0,3.0,1.0,2.0,2.0,1.0,4.0,4.0,4.0,1.0,4.0,1.0,4.0,4.0,1.0,4.0,1.0,1.0,1.0,4.0,1.0,1.0,1.0,1.0,1.0,1.0,1.0,1.0,1.0,2.0,2.0,0.0,0.0,0.0,2.0,2.0,2.0,2.0,2.0,2.0,1.0,3.0,10.0,10.0,10.0,2.0,1.0,1.0,1.0,1.0,1.0,1.0,1.0,4.0,1.0,1.0,2.0,2.0,2.0,0.0,0.0,2.0,1.0,0.0,3.0,1.0,1.0,1.0,3.0,4.0,1.0,3.0,3.0,2.0,2.0,2.0,4.0,4.0,2.0,2.0,4.0,4.0,4.0,2.0,2.0,,10.0,10.0,10.0,10.0,1.0,10.0,10.0,1.0,1.0,1.0,1.0,4.0,3.0,1.0,1.0,1.0,2.0,,7.0,10.0,1.0,1.0,1.0,4.0,1.0,1.0,1.0,5.0,5.0,1.0,5.0,1.0,5.0,5.0,5.0,1.0,1.0,1.0,4.0,4.0,3.0,4.0,1.0,5.0,5.0,3.0,5.0,5.0,5.0,5.0,5.0,3.0,3.0,3.0,3.0,3.0,3.0,3.0,1.0,3.0,3.0,3.0,3.0,2.0,2.0,4.0,4.0,4.0,4.0,4.0,4.0,4.0,4.0,4.0,4.0,4.0,5.0,1.0,1.0,1.0,1.0,1.0,10.0,4.0,4.0,4.0,10.0,4.0,5.0,1.0,5.0,5.0,10.0,10.0,10.0,2.0,1.0,1.0,1.0,1.0,1.0,1.0
703070220,1.0,2.0,2.0,4.0,2.0,2.0,2.0,2.0,1.0,1.0,2.0,2.0,1.0,1.0,2.0,1.0,2.0,1.0,2.0,2.0,2.0,1.0,2.0,1.0,2.0,2.0,2.0,2.0,2.0,2.0,2.0,2.0,3.0,2.0,2.0,5.0,3.0,2.0,3.0,3.0,3.0,3.0,3.0,3.0,3.0,3.0,3.0,3.0,3.0,4.0,4.0,,3.0,4.0,3.0,2.0,1.0,2.0,3.0,4.0,4.0,4.0,3.0,3.0,3.0,4.0,4.0,4.0,3.0,4.0,3.0,4.0,3.0,3.0,3.0,4.0,4.0,,,4.0,1.0,0.0,0.0,0.0,0.0,0.0,0.0,0.0,0.0,0.0,0.0,1.0,8.0,2.0,4.0,,2.0,10.0,4.0,4.0,4.0,4.0,4.0,3.0,3.0,1.0,1.0,2.0,,2.0,,2.0,,2.0,2.0,4.0,2.0,4.0,4.0,4.0,3.0,3.0,4.0,4.0,1.0,2.0,1.0,1.0,2.0,2.0,2.0,1.0,1.0,1.0,1.0,1.0,1.0,5.0,2.0,2.0,2.0,10.0,6.0,10.0,1.0,1.0,1.0,1.0,,2.0,4.0,3.0,1.0,2.0,2.0,8.0,5.0,5.0,1.0,5.0,,1.0,1.0,1.0,1.0,5.0,5.0,5.0,5.0,5.0,1.0,1.0,5.0,1.0,5.0,4.0,4.0,4.0,3.0,2.0,5.0,1.0,1.0,1.0,,1.0,1.0,1.0,3.0,3.0,3.0,3.0,3.0,3.0,3.0,3.0,3.0,3.0,3.0,3.0,1.0,1.0,,,2.0,3.0,,,2.0,,,2.0,1.0,5.0,4.0,4.0,4.0,1.0,,3.0,10.0,1.0,10.0,10.0,1.0,10.0,10.0,1.0,10.0,10.0,3.0,3.0,4.0,1.0,1.0,1.0,1.0,4.0,4.0
68071692,1.0,2.0,2.0,3.0,1.0,1.0,1.0,2.0,2.0,1.0,2.0,1.0,2.0,1.0,2.0,1.0,2.0,1.0,2.0,2.0,2.0,2.0,2.0,1.0,2.0,2.0,1.0,2.0,3.0,3.0,2.0,2.0,2.0,2.0,4.0,3.0,2.0,2.0,2.0,2.0,2.0,3.0,3.0,1.0,2.0,2.0,8.0,7.0,6.0,4.0,4.0,4.0,3.0,4.0,2.0,2.0,1.0,2.0,2.0,2.0,2.0,2.0,3.0,3.0,3.0,3.0,3.0,3.0,3.0,3.0,3.0,3.0,3.0,3.0,3.0,3.0,2.0,2.0,2.0,2.0,2.0,2.0,2.0,0.0,0.0,0.0,2.0,0.0,0.0,0.0,0.0,7.0,8.0,7.0,3.0,2.0,1.0,8.0,3.0,3.0,3.0,3.0,2.0,3.0,2.0,6.0,2.0,2.0,2.0,2.0,2.0,2.0,2.0,2.0,2.0,3.0,2.0,3.0,2.0,3.0,3.0,4.0,3.0,3.0,1.0,2.0,2.0,2.0,1.0,2.0,2.0,1.0,1.0,1.0,1.0,1.0,1.0,5.0,4.0,7.0,7.0,6.0,4.0,8.0,1.0,1.0,2.0,2.0,3.0,3.0,4.0,4.0,1.0,2.0,2.0,3.0,6.0,6.0,5.0,5.0,5.0,6.0,8.0,6.0,8.0,9.0,4.0,6.0,3.0,5.0,4.0,1.0,6.0,1.0,3.0,3.0,4.0,4.0,2.0,2.0,4.0,1.0,5.0,4.0,2.0,2.0,2.0,2.0,2.0,3.0,2.0,3.0,1.0,3.0,2.0,1.0,1.0,2.0,3.0,3.0,1.0,1.0,1.0,4.0,2.0,,2.0,2.0,2.0,4.0,2.0,1.0,1.0,,3.0,3.0,3.0,1.0,4.0,5.0,7.0,3.0,8.0,7.0,4.0,6.0,7.0,6.0,8.0,10.0,7.0,6.0,1.0,1.0,1.0,1.0,1.0,1.0,2.0
566070301,1.0,1.0,1.0,1.0,1.0,1.0,1.0,1.0,1.0,1.0,2.0,1.0,2.0,2.0,2.0,2.0,2.0,1.0,2.0,1.0,2.0,1.0,2.0,1.0,2.0,2.0,1.0,4.0,4.0,4.0,4.0,4.0,4.0,2.0,4.0,5.0,1.0,1.0,1.0,1.0,1.0,3.0,1.0,1.0,2.0,2.0,10.0,1.0,1.0,2.0,4.0,3.0,3.0,4.0,1.0,2.0,2.0,2.0,2.0,4.0,3.0,3.0,1.0,1.0,1.0,1.0,1.0,3.0,1.0,2.0,1.0,1.0,1.0,1.0,1.0,1.0,1.0,1.0,1.0,1.0,2.0,0.0,0.0,0.0,0.0,0.0,0.0,0.0,0.0,0.0,0.0,10.0,10.0,1.0,1.0,10.0,1.0,10.0,2.0,2.0,2.0,2.0,1.0,3.0,5.0,10.0,5.0,2.0,2.0,2.0,2.0,2.0,2.0,2.0,2.0,2.0,1.0,3.0,4.0,3.0,4.0,4.0,3.0,4.0,2.0,1.0,2.0,1.0,1.0,2.0,2.0,1.0,1.0,1.0,1.0,2.0,2.0,10.0,10.0,1.0,10.0,10.0,10.0,10.0,1.0,1.0,1.0,1.0,1.0,4.0,1.0,1.0,1.0,2.0,1.0,1.0,1.0,1.0,1.0,1.0,1.0,1.0,1.0,1.0,1.0,10.0,1.0,1.0,1.0,10.0,1.0,1.0,6.0,1.0,1.0,1.0,1.0,1.0,2.0,2.0,5.0,1.0,1.0,1.0,5.0,5.0,5.0,1.0,3.0,3.0,2.0,2.0,2.0,2.0,2.0,1.0,2.0,3.0,2.0,2.0,1.0,1.0,1.0,1.0,4.0,2.0,2.0,2.0,2.0,3.0,2.0,1.0,1.0,5.0,4.0,4.0,4.0,2.0,4.0,1.0,10.0,1.0,10.0,1.0,1.0,10.0,1.0,10.0,10.0,10.0,10.0,1.0,4.0,1.0,1.0,1.0,1.0,1.0,1.0
484070639,1.0,2.0,1.0,4.0,2.0,3.0,1.0,1.0,2.0,1.0,2.0,1.0,2.0,1.0,2.0,2.0,2.0,1.0,2.0,2.0,2.0,2.0,2.0,1.0,2.0,2.0,2.0,3.0,4.0,3.0,3.0,2.0,5.0,1.0,1.0,3.0,4.0,1.0,1.0,1.0,3.0,3.0,2.0,1.0,2.0,3.0,8.0,8.0,6.0,3.0,1.0,3.0,4.0,4.0,3.0,2.0,1.0,3.0,4.0,4.0,4.0,4.0,4.0,2.0,3.0,3.0,3.0,2.0,2.0,4.0,4.0,4.0,4.0,1.0,4.0,1.0,4.0,4.0,3.0,3.0,0.0,2.0,2.0,0.0,0.0,0.0,0.0,0.0,0.0,1.0,0.0,7.0,5.0,7.0,4.0,2.0,2.0,10.0,3.0,3.0,4.0,3.0,2.0,3.0,3.0,4.0,4.0,0.0,2.0,0.0,0.0,0.0,2.0,0.0,0.0,2.0,2.0,3.0,3.0,4.0,4.0,3.0,4.0,4.0,1.0,1.0,2.0,1.0,1.0,1.0,1.0,3.0,4.0,1.0,1.0,2.0,1.0,8.0,8.0,7.0,10.0,2.0,7.0,9.0,1.0,2.0,2.0,2.0,3.0,4.0,5.0,2.0,1.0,2.0,2.0,7.0,6.0,1.0,1.0,1.0,1.0,7.0,5.0,3.0,7.0,10.0,1.0,7.0,1.0,2.0,1.0,1.0,1.0,1.0,10.0,4.0,4.0,4.0,3.0,3.0,2.0,1.0,2.0,1.0,2.0,1.0,1.0,1.0,1.0,3.0,3.0,3.0,3.0,3.0,3.0,3.0,3.0,3.0,3.0,3.0,2.0,2.0,3.0,4.0,1.0,1.0,1.0,4.0,2.0,3.0,2.0,2.0,3.0,5.0,2.0,1.0,1.0,2.0,4.0,6.0,5.0,1.0,1.0,5.0,1.0,5.0,3.0,8.0,7.0,9.0,3.0,2.0,3.0,1.0,2.0,2.0,1.0,3.0,3.0
124075750,1.0,3.0,2.0,1.0,2.0,1.0,2.0,1.0,1.0,2.0,2.0,2.0,2.0,2.0,1.0,1.0,1.0,1.0,2.0,2.0,2.0,1.0,2.0,1.0,1.0,2.0,1.0,2.0,2.0,4.0,2.0,1.0,4.0,3.0,2.0,5.0,2.0,2.0,2.0,1.0,2.0,1.0,2.0,1.0,2.0,1.0,7.0,7.0,8.0,4.0,4.0,4.0,4.0,4.0,1.0,1.0,1.0,2.0,2.0,2.0,2.0,2.0,2.0,2.0,4.0,3.0,4.0,2.0,3.0,3.0,3.0,3.0,3.0,4.0,2.0,3.0,3.0,4.0,4.0,2.0,2.0,0.0,0.0,0.0,2.0,0.0,0.0,0.0,0.0,0.0,0.0,8.0,1.0,8.0,2.0,2.0,2.0,4.0,2.0,2.0,2.0,2.0,2.0,2.0,4.0,9.0,4.0,2.0,1.0,0.0,2.0,2.0,2.0,0.0,0.0,2.0,1.0,4.0,4.0,4.0,4.0,4.0,4.0,3.0,2.0,2.0,2.0,3.0,3.0,2.0,1.0,4.0,4.0,4.0,1.0,1.0,1.0,7.0,9.0,5.0,5.0,3.0,8.0,9.0,1.0,1.0,1.0,1.0,,1.0,1.0,2.0,1.0,2.0,1.0,9.0,1.0,1.0,1.0,1.0,1.0,1.0,1.0,1.0,3.0,1.0,1.0,1.0,1.0,2.0,3.0,1.0,1.0,2.0,6.0,4.0,4.0,4.0,1.0,2.0,2.0,3.0,2.0,1.0,2.0,1.0,2.0,1.0,1.0,2.0,1.0,3.0,1.0,1.0,1.0,1.0,1.0,1.0,1.0,1.0,2.0,2.0,1.0,4.0,2.0,4.0,3.0,2.0,3.0,3.0,2.0,1.0,2.0,2.0,4.0,4.0,4.0,1.0,4.0,9.0,1.0,1.0,9.0,1.0,1.0,10.0,1.0,5.0,5.0,8.0,8.0,7.0,3.0,2.0,2.0,2.0,2.0,2.0,3.0
554070563,1.0,1.0,2.0,2.0,1.0,3.0,1.0,2.0,2.0,1.0,2.0,1.0,2.0,2.0,2.0,1.0,2.0,1.0,2.0,2.0,2.0,2.0,2.0,2.0,2.0,2.0,2.0,3.0,3.0,3.0,3.0,3.0,5.0,4.0,4.0,2.0,3.0,2.0,2.0,2.0,3.0,1.0,2.0,2.0,2.0,2.0,8.0,7.0,6.0,4.0,4.0,4.0,4.0,4.0,2.0,1.0,2.0,2.0,1.0,3.0,2.0,2.0,2.0,2.0,2.0,2.0,2.0,1.0,1.0,2.0,3.0,2.0,1.0,1.0,1.0,2.0,1.0,1.0,1.0,1.0,1.0,0.0,0.0,2.0,0.0,0.0,0.0,0.0,0.0,0.0,0.0,7.0,5.0,5.0,3.0,4.0,,4.0,2.0,2.0,2.0,2.0,2.0,2.0,4.0,8.0,5.0,1.0,2.0,0.0,2.0,0.0,2.0,0.0,1.0,2.0,2.0,3.0,3.0,3.0,,,3.0,,2.0,2.0,2.0,2.0,2.0,2.0,2.0,3.0,3.0,3.0,1.0,1.0,,9.0,5.0,4.0,5.0,5.0,8.0,6.0,1.0,1.0,,,3.0,4.0,6.0,7.0,1.0,2.0,2.0,5.0,3.0,3.0,1.0,4.0,1.0,8.0,7.0,4.0,8.0,8.0,3.0,8.0,1.0,1.0,1.0,1.0,6.0,3.0,6.0,2.0,3.0,3.0,2.0,2.0,1.0,2.0,1.0,1.0,2.0,1.0,2.0,1.0,1.0,2.0,2.0,1.0,1.0,1.0,2.0,1.0,1.0,1.0,2.0,2.0,1.0,1.0,1.0,4.0,4.0,4.0,2.0,1.0,3.0,4.0,1.0,1.0,1.0,2.0,3.0,2.0,4.0,1.0,4.0,5.0,7.0,3.0,10.0,6.0,2.0,10.0,6.0,2.0,10.0,10.0,10.0,8.0,2.0,1.0,3.0,2.0,1.0,2.0,2.0
124073486,2.0,2.0,2.0,3.0,2.0,4.0,2.0,1.0,2.0,1.0,2.0,2.0,1.0,1.0,2.0,1.0,2.0,1.0,2.0,2.0,2.0,2.0,2.0,1.0,2.0,2.0,3.0,3.0,3.0,3.0,3.0,1.0,5.0,2.0,4.0,2.0,5.0,4.0,4.0,2.0,4.0,3.0,1.0,1.0,2.0,3.0,8.0,7.0,4.0,4.0,4.0,4.0,4.0,4.0,1.0,2.0,2.0,2.0,2.0,2.0,2.0,2.0,4.0,4.0,3.0,4.0,4.0,2.0,3.0,3.0,4.0,3.0,3.0,3.0,4.0,2.0,2.0,3.0,3.0,2.0,0.0,0.0,0.0,0.0,0.0,0.0,0.0,2.0,0.0,0.0,0.0,6.0,5.0,6.0,6.0,7.0,1.0,8.0,3.0,3.0,3.0,2.0,3.0,3.0,4.0,7.0,3.0,2.0,1.0,1.0,1.0,1.0,1.0,0.0,1.0,3.0,3.0,4.0,4.0,4.0,4.0,3.0,4.0,4.0,1.0,1.0,2.0,3.0,4.0,2.0,2.0,2.0,2.0,2.0,1.0,2.0,2.0,7.0,8.0,1.0,5.0,1.0,6.0,3.0,1.0,1.0,1.0,1.0,4.0,4.0,6.0,7.0,2.0,2.0,2.0,6.0,1.0,1.0,1.0,1.0,5.0,10.0,5.0,8.0,7.0,10.0,6.0,6.0,1.0,1.0,1.0,1.0,8.0,1.0,6.0,2.0,3.0,4.0,3.0,2.0,2.0,4.0,4.0,2.0,1.0,1.0,1.0,2.0,1.0,3.0,3.0,3.0,1.0,2.0,2.0,1.0,1.0,1.0,2.0,3.0,1.0,1.0,3.0,3.0,2.0,3.0,3.0,3.0,2.0,3.0,3.0,1.0,1.0,3.0,3.0,2.0,4.0,2.0,4.0,5.0,5.0,1.0,8.0,7.0,1.0,8.0,6.0,5.0,10.0,10.0,7.0,4.0,3.0,3.0,2.0,3.0,3.0,3.0,3.0
124074523,1.0,2.0,2.0,3.0,1.0,4.0,2.0,1.0,1.0,1.0,2.0,1.0,2.0,1.0,2.0,2.0,2.0,1.0,2.0,2.0,1.0,2.0,2.0,1.0,2.0,2.0,2.0,3.0,3.0,4.0,4.0,3.0,5.0,1.0,4.0,2.0,4.0,4.0,1.0,2.0,2.0,2.0,2.0,2.0,3.0,3.0,7.0,5.0,4.0,4.0,3.0,4.0,3.0,4.0,1.0,2.0,2.0,3.0,2.0,4.0,4.0,4.0,4.0,3.0,4.0,4.0,3.0,2.0,3.0,4.0,4.0,4.0,4.0,3.0,3.0,4.0,4.0,4.0,3.0,4.0,0.0,0.0,0.0,0.0,0.0,0.0,2.0,0.0,0.0,0.0,0.0,10.0,1.0,10.0,2.0,7.0,1.0,7.0,3.0,3.0,2.0,2.0,3.0,2.0,4.0,3.0,2.0,1.0,0.0,1.0,2.0,1.0,2.0,2.0,2.0,3.0,3.0,2.0,4.0,3.0,3.0,1.0,3.0,2.0,1.0,1.0,2.0,1.0,1.0,1.0,1.0,2.0,2.0,2.0,1.0,2.0,2.0,4.0,6.0,1.0,5.0,10.0,7.0,1.0,2.0,2.0,2.0,2.0,4.0,4.0,7.0,8.0,2.0,1.0,1.0,4.0,3.0,1.0,2.0,1.0,1.0,10.0,1.0,10.0,10.0,10.0,10.0,10.0,1.0,2.0,3.0,1.0,9.0,3.0,7.0,2.0,4.0,2.0,3.0,2.0,4.0,4.0,1.0,1.0,3.0,1.0,1.0,2.0,1.0,2.0,3.0,2.0,3.0,1.0,2.0,1.0,1.0,1.0,1.0,3.0,1.0,1.0,2.0,2.0,3.0,3.0,3.0,2.0,2.0,4.0,4.0,3.0,1.0,4.0,4.0,2.0,4.0,1.0,4.0,10.0,4.0,1.0,10.0,1.0,5.0,10.0,1.0,7.0,10.0,10.0,6.0,1.0,2.0,2.0,2.0,2.0,2.0,3.0,3.0
792072046,1.0,1.0,1.0,1.0,1.0,1.0,2.0,2.0,1.0,1.0,2.0,1.0,1.0,1.0,2.0,2.0,2.0,1.0,1.0,1.0,1.0,1.0,1.0,1.0,1.0,1.0,2.0,2.0,3.0,3.0,4.0,1.0,2.0,2.0,3.0,5.0,3.0,2.0,2.0,2.0,2.0,1.0,1.0,2.0,2.0,3.0,5.0,6.0,6.0,4.0,3.0,4.0,4.0,4.0,1.0,2.0,1.0,2.0,3.0,3.0,3.0,3.0,2.0,1.0,3.0,3.0,3.0,2.0,2.0,2.0,2.0,3.0,2.0,2.0,2.0,3.0,2.0,3.0,2.0,2.0,0.0,0.0,0.0,0.0,0.0,0.0,0.0,0.0,0.0,0.0,0.0,4.0,6.0,7.0,7.0,7.0,1.0,6.0,1.0,2.0,1.0,2.0,2.0,1.0,2.0,5.0,2.0,0.0,0.0,2.0,0.0,2.0,0.0,2.0,2.0,4.0,2.0,4.0,4.0,4.0,4.0,4.0,4.0,4.0,2.0,2.0,2.0,3.0,3.0,2.0,2.0,2.0,2.0,3.0,1.0,2.0,2.0,8.0,6.0,6.0,5.0,4.0,6.0,9.0,1.0,1.0,1.0,1.0,2.0,2.0,4.0,4.0,1.0,1.0,1.0,6.0,1.0,1.0,1.0,1.0,1.0,1.0,1.0,1.0,1.0,1.0,1.0,1.0,1.0,1.0,1.0,,1.0,,1.0,4.0,4.0,4.0,2.0,2.0,1.0,1.0,4.0,1.0,4.0,1.0,1.0,1.0,2.0,2.0,2.0,2.0,2.0,2.0,2.0,2.0,2.0,2.0,2.0,2.0,1.0,1.0,1.0,1.0,1.0,3.0,2.0,2.0,2.0,2.0,2.0,2.0,1.0,,2.0,1.0,,2.0,2.0,6.0,5.0,4.0,4.0,5.0,,6.0,6.0,7.0,6.0,6.0,6.0,6.0,3.0,1.0,2.0,2.0,2.0,3.0,3.0
818070462,1.0,2.0,3.0,4.0,1.0,1.0,1.0,2.0,1.0,2.0,2.0,1.0,2.0,2.0,1.0,2.0,1.0,1.0,2.0,2.0,2.0,1.0,2.0,1.0,,2.0,1.0,2.0,3.0,3.0,2.0,2.0,1.0,1.0,4.0,,4.0,1.0,2.0,1.0,2.0,3.0,3.0,1.0,3.0,3.0,4.0,10.0,1.0,4.0,4.0,4.0,4.0,4.0,3.0,2.0,1.0,1.0,2.0,3.0,3.0,3.0,1.0,,3.0,3.0,3.0,,,,3.0,3.0,4.0,3.0,,3.0,2.0,3.0,3.0,2.0,0.0,0.0,0.0,0.0,0.0,0.0,0.0,0.0,0.0,0.0,0.0,5.0,10.0,1.0,5.0,10.0,1.0,10.0,,,,,,,5.0,1.0,1.0,0.0,0.0,2.0,0.0,2.0,0.0,2.0,2.0,4.0,1.0,4.0,4.0,,4.0,4.0,2.0,,2.0,1.0,,4.0,2.0,2.0,2.0,,,,1.0,2.0,1.0,5.0,5.0,10.0,9.0,1.0,10.0,10.0,,1.0,1.0,1.0,1.0,,4.0,1.0,1.0,1.0,1.0,1.0,1.0,1.0,1.0,1.0,1.0,,,1.0,3.0,,1.0,2.0,1.0,5.0,1.0,1.0,,1.0,10.0,,,,4.0,3.0,5.0,4.0,5.0,5.0,5.0,5.0,5.0,3.0,3.0,3.0,3.0,3.0,3.0,3.0,3.0,3.0,,,,,2.0,2.0,3.0,2.0,,2.0,3.0,3.0,2.0,4.0,4.0,4.0,3.0,5.0,3.0,2.0,,2.0,3.0,,10.0,10.0,10.0,1.0,,10.0,8.0,3.0,9.0,10.0,1.0,,4.0,2.0,2.0,2.0,1.0,2.0,3.0
156072949,1.0,2.0,2.0,2.0,2.0,3.0,1.0,1.0,2.0,1.0,2.0,2.0,2.0,2.0,2.0,1.0,1.0,1.0,2.0,1.0,2.0,1.0,2.0,1.0,1.0,2.0,2.0,2.0,2.0,3.0,2.0,2.0,2.0,2.0,4.0,4.0,2.0,1.0,2.0,2.0,2.0,3.0,1.0,1.0,1.0,3.0,10.0,10.0,9.0,4.0,4.0,4.0,4.0,4.0,1.0,2.0,2.0,2.0,2.0,3.0,2.0,2.0,2.0,1.0,2.0,2.0,2.0,2.0,2.0,2.0,2.0,2.0,2.0,2.0,2.0,2.0,2.0,2.0,2.0,2.0,0.0,0.0,0.0,0.0,0.0,0.0,0.0,0.0,0.0,0.0,0.0,8.0,9.0,9.0,2.0,3.0,1.0,7.0,2.0,2.0,2.0,2.0,2.0,4.0,2.0,8.0,4.0,2.0,2.0,1.0,,0.0,2.0,2.0,0.0,,1.0,,,,,,,,,,,2.0,1.0,2.0,2.0,3.0,3.0,,1.0,2.0,1.0,10.0,10.0,5.0,7.0,7.0,9.0,1.0,2.0,2.0,2.0,2.0,4.0,2.0,7.0,8.0,3.0,2.0,1.0,3.0,1.0,1.0,1.0,1.0,1.0,1.0,1.0,1.0,5.0,1.0,1.0,10.0,1.0,7.0,1.0,1.0,1.0,1.0,6.0,1.0,1.0,1.0,2.0,2.0,4.0,1.0,1.0,1.0,5.0,5.0,2.0,1.0,3.0,3.0,3.0,3.0,1.0,2.0,2.0,2.0,3.0,3.0,3.0,3.0,3.0,,,,,,,,,,,,,,3.0,2.0,2.0,2.0,4.0,,9.0,10.0,10.0,8.0,10.0,10.0,10.0,10.0,10.0,5.0,10.0,8.0,2.0,1.0,2.0,2.0,2.0,3.0,3.0
68071530,2.0,3.0,1.0,1.0,2.0,2.0,2.0,2.0,2.0,1.0,2.0,1.0,2.0,2.0,1.0,1.0,1.0,2.0,2.0,2.0,1.0,1.0,2.0,1.0,2.0,1.0,1.0,1.0,3.0,3.0,3.0,1.0,3.0,1.0,2.0,,3.0,2.0,3.0,3.0,1.0,1.0,3.0,1.0,1.0,2.0,6.0,8.0,7.0,3.0,2.0,2.0,2.0,2.0,1.0,2.0,2.0,3.0,2.0,4.0,4.0,4.0,3.0,4.0,3.0,4.0,4.0,4.0,3.0,3.0,3.0,4.0,3.0,4.0,1.0,4.0,3.0,1.0,3.0,3.0,2.0,0.0,2.0,0.0,0.0,1.0,0.0,2.0,0.0,2.0,0.0,8.0,4.0,6.0,6.0,5.0,1.0,8.0,3.0,3.0,3.0,3.0,3.0,3.0,2.0,7.0,2.0,1.0,2.0,2.0,2.0,2.0,0.0,2.0,2.0,4.0,3.0,1.0,1.0,3.0,3.0,,1.0,3.0,1.0,1.0,2.0,1.0,2.0,1.0,1.0,1.0,2.0,2.0,2.0,2.0,1.0,2.0,6.0,7.0,6.0,6.0,7.0,10.0,1.0,1.0,1.0,1.0,1.0,1.0,1.0,1.0,1.0,2.0,2.0,5.0,8.0,4.0,2.0,1.0,1.0,1.0,3.0,2.0,5.0,6.0,3.0,,1.0,2.0,2.0,1.0,1.0,1.0,1.0,2.0,4.0,2.0,2.0,1.0,2.0,1.0,2.0,5.0,1.0,1.0,1.0,1.0,1.0,,1.0,1.0,1.0,1.0,2.0,1.0,1.0,3.0,1.0,1.0,1.0,1.0,3.0,1.0,4.0,,1.0,2.0,1.0,,4.0,1.0,1.0,,2.0,3.0,3.0,2.0,1.0,4.0,8.0,8.0,9.0,9.0,6.0,9.0,9.0,5.0,8.0,8.0,7.0,8.0,2.0,1.0,1.0,2.0,2.0,1.0,1.0
643071455,1.0,1.0,1.0,3.0,2.0,3.0,1.0,2.0,1.0,1.0,2.0,1.0,2.0,2.0,2.0,1.0,2.0,1.0,2.0,1.0,2.0,1.0,2.0,1.0,2.0,2.0,1.0,3.0,2.0,3.0,2.0,,3.0,2.0,2.0,5.0,5.0,2.0,3.0,5.0,4.0,1.0,1.0,2.0,2.0,2.0,7.0,6.0,6.0,4.0,4.0,4.0,4.0,4.0,1.0,2.0,1.0,3.0,2.0,4.0,4.0,4.0,3.0,3.0,4.0,4.0,3.0,3.0,2.0,3.0,3.0,4.0,2.0,2.0,3.0,2.0,2.0,,,,0.0,0.0,0.0,0.0,0.0,0.0,0.0,0.0,0.0,0.0,0.0,6.0,5.0,5.0,1.0,3.0,2.0,6.0,2.0,2.0,2.0,2.0,2.0,2.0,2.0,6.0,4.0,2.0,2.0,2.0,2.0,2.0,2.0,0.0,2.0,3.0,1.0,3.0,3.0,3.0,,,4.0,4.0,2.0,1.0,2.0,1.0,2.0,2.0,2.0,2.0,2.0,2.0,1.0,2.0,,10.0,10.0,5.0,1.0,10.0,6.0,6.0,1.0,,,,3.0,3.0,4.0,5.0,1.0,2.0,2.0,8.0,3.0,2.0,2.0,2.0,2.0,1.0,1.0,5.0,7.0,8.0,1.0,4.0,1.0,1.0,1.0,1.0,3.0,1.0,1.0,4.0,4.0,4.0,2.0,2.0,5.0,3.0,3.0,5.0,5.0,2.0,2.0,2.0,3.0,3.0,3.0,3.0,3.0,3.0,3.0,3.0,3.0,3.0,3.0,3.0,2.0,2.0,3.0,2.0,2.0,2.0,3.0,3.0,3.0,2.0,1.0,2.0,1.0,,3.0,4.0,3.0,2.0,3.0,7.0,7.0,6.0,5.0,6.0,6.0,8.0,6.0,5.0,8.0,10.0,7.0,7.0,2.0,2.0,2.0,3.0,4.0,,
404071227,3.0,2.0,1.0,1.0,2.0,3.0,1.0,2.0,1.0,2.0,2.0,2.0,2.0,2.0,2.0,2.0,2.0,1.0,2.0,1.0,2.0,2.0,2.0,2.0,2.0,2.0,1.0,3.0,2.0,,4.0,3.0,4.0,1.0,2.0,1.0,3.0,1.0,4.0,3.0,1.0,1.0,,,3.0,2.0,3.0,8.0,3.0,,4.0,,4.0,,2.0,2.0,2.0,,4.0,,4.0,,,,,,,,,,,,,,,,,,,,,,,,,,0.0,,,,,2.0,6.0,2.0,7.0,4.0,1.0,3.0,,4.0,,4.0,,3.0,2.0,4.0,3.0,,,0.0,,,,,,3.0,3.0,4.0,3.0,2.0,,4.0,,2.0,2.0,,,4.0,2.0,2.0,,,4.0,,,,2.0,3.0,7.0,3.0,8.0,3.0,3.0,5.0,1.0,1.0,,,4.0,,3.0,2.0,1.0,2.0,2.0,4.0,7.0,10.0,,8.0,,,10.0,,,9.0,10.0,,,9.0,,8.0,,,9.0,,,,2.0,2.0,4.0,,,,,4.0,,5.0,,3.0,,,,,,3.0,,,,3.0,,,,4.0,,4.0,,4.0,,4.0,,,3.0,2.0,,,,,,8.0,,9.0,,10.0,,10.0,,,9.0,7.0,7.0,7.0,3.0,3.0,,3.0,,3.0,
566070654,1.0,1.0,3.0,1.0,1.0,1.0,1.0,1.0,1.0,1.0,2.0,1.0,2.0,2.0,2.0,2.0,2.0,1.0,1.0,1.0,1.0,1.0,2.0,2.0,1.0,2.0,1.0,3.0,1.0,3.0,2.0,3.0,2.0,4.0,2.0,4.0,2.0,1.0,1.0,1.0,1.0,3.0,1.0,1.0,4.0,4.0,8.0,3.0,2.0,4.0,4.0,3.0,2.0,4.0,1.0,2.0,1.0,1.0,1.0,3.0,2.0,4.0,1.0,4.0,4.0,4.0,4.0,4.0,4.0,4.0,4.0,4.0,4.0,4.0,4.0,4.0,4.0,4.0,2.0,2.0,2.0,2.0,2.0,2.0,2.0,0.0,0.0,0.0,0.0,0.0,0.0,5.0,10.0,1.0,1.0,1.0,2.0,10.0,4.0,3.0,4.0,4.0,2.0,2.0,1.0,10.0,2.0,0.0,0.0,2.0,,2.0,,,,1.0,1.0,3.0,1.0,1.0,3.0,4.0,4.0,4.0,1.0,2.0,2.0,1.0,1.0,2.0,2.0,1.0,1.0,1.0,1.0,1.0,2.0,10.0,10.0,10.0,10.0,1.0,10.0,10.0,1.0,2.0,1.0,1.0,1.0,3.0,1.0,1.0,1.0,2.0,2.0,1.0,1.0,1.0,1.0,1.0,1.0,1.0,1.0,1.0,1.0,1.0,1.0,1.0,1.0,10.0,1.0,1.0,1.0,1.0,1.0,4.0,4.0,4.0,1.0,1.0,4.0,5.0,1.0,4.0,4.0,2.0,2.0,1.0,3.0,1.0,2.0,3.0,2.0,2.0,1.0,1.0,1.0,2.0,1.0,3.0,1.0,1.0,4.0,2.0,1.0,1.0,2.0,4.0,1.0,1.0,4.0,2.0,1.0,2.0,4.0,1.0,1.0,1.0,2.0,6.0,1.0,1.0,10.0,5.0,1.0,10.0,8.0,10.0,8.0,10.0,1.0,1.0,3.0,1.0,2.0,1.0,2.0,3.0,3.0
703070358,1.0,1.0,2.0,4.0,2.0,,2.0,1.0,2.0,1.0,2.0,2.0,2.0,1.0,2.0,2.0,2.0,1.0,2.0,2.0,2.0,1.0,2.0,1.0,2.0,2.0,2.0,3.0,2.0,2.0,2.0,,3.0,1.0,1.0,5.0,2.0,3.0,3.0,3.0,3.0,3.0,3.0,3.0,3.0,2.0,7.0,7.0,5.0,4.0,4.0,,4.0,4.0,2.0,2.0,1.0,3.0,2.0,3.0,,,4.0,4.0,4.0,4.0,4.0,4.0,4.0,4.0,4.0,4.0,4.0,4.0,4.0,4.0,4.0,4.0,4.0,4.0,0.0,0.0,0.0,0.0,0.0,0.0,0.0,0.0,0.0,0.0,0.0,3.0,8.0,1.0,4.0,6.0,2.0,10.0,3.0,,3.0,4.0,4.0,3.0,5.0,2.0,2.0,0.0,,2.0,,2.0,,2.0,2.0,3.0,2.0,4.0,3.0,4.0,4.0,3.0,4.0,4.0,1.0,2.0,,2.0,2.0,2.0,2.0,3.0,3.0,3.0,1.0,1.0,,1.0,1.0,10.0,6.0,1.0,6.0,,,,,,,2.0,,,1.0,,,10.0,3.0,3.0,1.0,3.0,1.0,1.0,3.0,3.0,10.0,10.0,,,,3.0,1.0,1.0,10.0,1.0,,4.0,4.0,4.0,2.0,2.0,5.0,2.0,2.0,2.0,2.0,2.0,1.0,2.0,2.0,2.0,2.0,2.0,3.0,3.0,3.0,3.0,1.0,3.0,3.0,3.0,1.0,1.0,,,2.0,,,,2.0,,,2.0,1.0,5.0,4.0,4.0,4.0,2.0,4.0,6.0,10.0,1.0,10.0,10.0,1.0,10.0,8.0,1.0,10.0,10.0,2.0,2.0,3.0,1.0,1.0,2.0,1.0,3.0,4.0
840073439,2.0,1.0,2.0,1.0,2.0,4.0,1.0,1.0,2.0,1.0,1.0,2.0,2.0,1.0,2.0,2.0,2.0,1.0,2.0,2.0,2.0,2.0,2.0,1.0,2.0,2.0,2.0,3.0,3.0,4.0,3.0,2.0,4.0,3.0,4.0,3.0,5.0,2.0,3.0,2.0,4.0,2.0,2.0,2.0,2.0,2.0,8.0,8.0,8.0,4.0,3.0,4.0,4.0,4.0,3.0,1.0,2.0,2.0,2.0,2.0,2.0,2.0,3.0,2.0,2.0,2.0,3.0,2.0,2.0,4.0,3.0,4.0,3.0,3.0,2.0,3.0,3.0,2.0,2.0,2.0,0.0,0.0,1.0,0.0,0.0,1.0,0.0,1.0,0.0,0.0,0.0,4.0,4.0,3.0,3.0,4.0,1.0,3.0,2.0,2.0,2.0,2.0,2.0,1.0,2.0,8.0,5.0,2.0,2.0,0.0,2.0,0.0,2.0,1.0,1.0,2.0,2.0,4.0,3.0,4.0,3.0,3.0,4.0,3.0,2.0,2.0,2.0,2.0,4.0,2.0,2.0,2.0,3.0,4.0,1.0,1.0,1.0,9.0,6.0,1.0,1.0,7.0,10.0,1.0,1.0,2.0,2.0,2.0,4.0,4.0,7.0,8.0,2.0,2.0,2.0,9.0,2.0,2.0,2.0,2.0,1.0,9.0,6.0,9.0,9.0,10.0,3.0,9.0,1.0,1.0,2.0,1.0,7.0,1.0,2.0,1.0,3.0,3.0,1.0,1.0,2.0,1.0,1.0,1.0,2.0,1.0,4.0,2.0,1.0,2.0,1.0,3.0,1.0,1.0,,1.0,,2.0,,,3.0,1.0,1.0,3.0,3.0,4.0,2.0,1.0,3.0,4.0,2.0,2.0,1.0,,4.0,4.0,4.0,1.0,4.0,3.0,3.0,1.0,10.0,4.0,2.0,10.0,4.0,7.0,10.0,10.0,8.0,3.0,2.0,2.0,3.0,4.0,2.0,2.0,3.0
300071200,1.0,1.0,1.0,4.0,1.0,3.0,1.0,1.0,2.0,1.0,2.0,2.0,2.0,1.0,2.0,2.0,2.0,1.0,2.0,1.0,1.0,1.0,2.0,2.0,2.0,2.0,2.0,3.0,4.0,4.0,4.0,2.0,3.0,3.0,3.0,3.0,3.0,3.0,3.0,3.0,3.0,2.0,2.0,1.0,2.0,2.0,7.0,7.0,5.0,3.0,3.0,4.0,2.0,4.0,2.0,2.0,1.0,2.0,1.0,3.0,3.0,3.0,4.0,3.0,4.0,4.0,3.0,3.0,3.0,2.0,4.0,2.0,3.0,2.0,3.0,3.0,4.0,3.0,2.0,2.0,0.0,0.0,0.0,0.0,1.0,0.0,0.0,0.0,0.0,0.0,0.0,4.0,4.0,4.0,4.0,4.0,1.0,10.0,4.0,2.0,3.0,3.0,4.0,,4.0,4.0,3.0,,1.0,1.0,2.0,1.0,2.0,0.0,1.0,2.0,2.0,4.0,4.0,4.0,4.0,4.0,4.0,4.0,2.0,2.0,2.0,1.0,1.0,2.0,2.0,2.0,2.0,2.0,1.0,2.0,1.0,6.0,7.0,8.0,6.0,6.0,6.0,3.0,2.0,2.0,2.0,2.0,4.0,3.0,6.0,8.0,,2.0,2.0,8.0,1.0,6.0,1.0,1.0,1.0,10.0,10.0,10.0,10.0,10.0,8.0,8.0,1.0,1.0,1.0,1.0,9.0,1.0,2.0,3.0,4.0,4.0,2.0,1.0,,2.0,1.0,4.0,3.0,1.0,1.0,2.0,2.0,2.0,2.0,2.0,2.0,2.0,2.0,2.0,2.0,2.0,2.0,2.0,1.0,1.0,2.0,3.0,4.0,4.0,4.0,2.0,3.0,4.0,1.0,1.0,1.0,,3.0,3.0,4.0,1.0,4.0,3.0,1.0,1.0,8.0,8.0,1.0,8.0,1.0,8.0,10.0,10.0,6.0,6.0,3.0,1.0,2.0,2.0,1.0,3.0,3.0
458070462,1.0,1.0,1.0,2.0,1.0,1.0,1.0,2.0,1.0,1.0,2.0,1.0,2.0,2.0,1.0,2.0,2.0,1.0,2.0,2.0,2.0,1.0,2.0,1.0,1.0,2.0,1.0,3.0,1.0,4.0,3.0,2.0,1.0,1.0,4.0,4.0,3.0,2.0,1.0,3.0,4.0,1.0,1.0,1.0,2.0,1.0,8.0,8.0,8.0,1.0,2.0,2.0,2.0,3.0,3.0,2.0,1.0,2.0,2.0,3.0,2.0,3.0,1.0,2.0,2.0,2.0,2.0,3.0,3.0,3.0,3.0,2.0,2.0,1.0,2.0,2.0,1.0,1.0,2.0,1.0,0.0,1.0,1.0,0.0,0.0,0.0,1.0,0.0,0.0,0.0,0.0,9.0,8.0,8.0,2.0,2.0,1.0,9.0,3.0,2.0,3.0,3.0,1.0,1.0,1.0,8.0,3.0,2.0,0.0,2.0,1.0,1.0,2.0,2.0,2.0,3.0,2.0,3.0,3.0,3.0,4.0,4.0,4.0,4.0,1.0,2.0,2.0,1.0,1.0,1.0,2.0,3.0,3.0,4.0,1.0,1.0,1.0,1.0,9.0,2.0,8.0,2.0,9.0,10.0,1.0,1.0,1.0,1.0,1.0,1.0,1.0,1.0,1.0,2.0,1.0,3.0,1.0,1.0,1.0,3.0,1.0,1.0,1.0,1.0,2.0,2.0,1.0,1.0,1.0,3.0,1.0,1.0,1.0,1.0,3.0,1.0,3.0,2.0,2.0,2.0,2.0,2.0,2.0,1.0,1.0,1.0,1.0,1.0,1.0,1.0,2.0,2.0,1.0,2.0,2.0,2.0,1.0,1.0,2.0,3.0,1.0,1.0,3.0,2.0,1.0,1.0,3.0,2.0,1.0,1.0,1.0,1.0,1.0,3.0,3.0,3.0,4.0,1.0,2.0,6.0,10.0,6.0,1.0,3.0,10.0,1.0,10.0,2.0,4.0,10.0,8.0,7.0,2.0,1.0,1.0,1.0,1.0,2.0,2.0
360071944,1.0,1.0,3.0,1.0,1.0,1.0,1.0,2.0,1.0,2.0,2.0,2.0,2.0,1.0,1.0,1.0,2.0,1.0,2.0,2.0,2.0,2.0,2.0,2.0,2.0,2.0,1.0,3.0,2.0,2.0,2.0,2.0,2.0,2.0,4.0,4.0,2.0,2.0,4.0,2.0,2.0,3.0,1.0,1.0,1.0,2.0,10.0,8.0,5.0,4.0,4.0,3.0,4.0,4.0,1.0,2.0,1.0,1.0,1.0,1.0,1.0,2.0,1.0,1.0,2.0,2.0,2.0,2.0,2.0,1.0,2.0,2.0,2.0,1.0,2.0,2.0,2.0,2.0,2.0,2.0,0.0,0.0,0.0,1.0,1.0,0.0,0.0,0.0,0.0,0.0,,1.0,10.0,1.0,1.0,1.0,1.0,2.0,2.0,2.0,1.0,3.0,2.0,2.0,4.0,10.0,4.0,2.0,2.0,0.0,0.0,0.0,2.0,0.0,0.0,3.0,2.0,4.0,3.0,4.0,4.0,4.0,3.0,4.0,1.0,1.0,2.0,3.0,1.0,2.0,2.0,3.0,2.0,3.0,2.0,2.0,1.0,10.0,10.0,1.0,1.0,1.0,10.0,10.0,1.0,1.0,1.0,1.0,1.0,1.0,1.0,1.0,1.0,2.0,2.0,10.0,1.0,1.0,1.0,1.0,1.0,1.0,1.0,1.0,10.0,1.0,1.0,1.0,1.0,1.0,1.0,1.0,1.0,1.0,1.0,2.0,3.0,3.0,3.0,2.0,5.0,1.0,5.0,5.0,5.0,5.0,5.0,3.0,3.0,3.0,3.0,3.0,3.0,3.0,3.0,3.0,3.0,3.0,3.0,3.0,1.0,1.0,1.0,4.0,4.0,4.0,4.0,1.0,4.0,4.0,4.0,3.0,1.0,2.0,2.0,2.0,2.0,2.0,2.0,6.0,10.0,10.0,10.0,10.0,1.0,10.0,10.0,10.0,10.0,10.0,10.0,6.0,2.0,1.0,3.0,3.0,2.0,3.0,3.0
703071161,1.0,3.0,2.0,4.0,4.0,4.0,1.0,2.0,1.0,1.0,2.0,1.0,1.0,2.0,2.0,2.0,2.0,1.0,1.0,1.0,1.0,1.0,1.0,1.0,2.0,1.0,2.0,4.0,1.0,1.0,1.0,2.0,1.0,1.0,1.0,5.0,2.0,2.0,1.0,2.0,4.0,2.0,2.0,2.0,3.0,4.0,2.0,2.0,1.0,3.0,2.0,3.0,4.0,4.0,3.0,2.0,2.0,4.0,4.0,4.0,4.0,4.0,4.0,4.0,4.0,4.0,4.0,4.0,4.0,4.0,4.0,4.0,4.0,4.0,4.0,4.0,4.0,4.0,4.0,4.0,0.0,0.0,0.0,0.0,0.0,0.0,0.0,0.0,0.0,0.0,0.0,1.0,8.0,1.0,10.0,10.0,2.0,10.0,3.0,2.0,2.0,2.0,4.0,2.0,4.0,1.0,1.0,2.0,0.0,2.0,2.0,2.0,0.0,2.0,2.0,3.0,4.0,3.0,2.0,4.0,4.0,3.0,3.0,4.0,1.0,1.0,2.0,4.0,4.0,2.0,2.0,2.0,3.0,2.0,1.0,2.0,2.0,6.0,5.0,5.0,10.0,10.0,5.0,1.0,2.0,2.0,2.0,2.0,4.0,,7.0,8.0,2.0,1.0,2.0,1.0,1.0,8.0,1.0,2.0,6.0,6.0,7.0,8.0,10.0,10.0,1.0,7.0,5.0,5.0,5.0,1.0,6.0,1.0,5.0,4.0,4.0,4.0,3.0,2.0,1.0,1.0,1.0,5.0,5.0,5.0,5.0,2.0,2.0,3.0,3.0,3.0,3.0,3.0,3.0,3.0,3.0,3.0,3.0,3.0,1.0,1.0,3.0,4.0,1.0,2.0,4.0,2.0,2.0,4.0,2.0,2.0,1.0,5.0,2.0,1.0,4.0,2.0,4.0,1.0,4.0,1.0,10.0,10.0,6.0,10.0,10.0,4.0,10.0,8.0,1.0,1.0,3.0,1.0,1.0,1.0,1.0,3.0,4.0
792070215,1.0,1.0,3.0,,1.0,1.0,1.0,2.0,2.0,1.0,2.0,1.0,1.0,2.0,2.0,2.0,1.0,1.0,1.0,1.0,1.0,1.0,1.0,1.0,1.0,2.0,1.0,3.0,3.0,3.0,3.0,1.0,4.0,1.0,4.0,5.0,3.0,1.0,2.0,2.0,1.0,2.0,1.0,2.0,2.0,2.0,8.0,8.0,8.0,4.0,4.0,4.0,4.0,4.0,1.0,1.0,1.0,2.0,2.0,3.0,3.0,3.0,2.0,2.0,4.0,2.0,2.0,1.0,1.0,1.0,2.0,1.0,2.0,1.0,3.0,4.0,2.0,2.0,2.0,2.0,0.0,0.0,0.0,0.0,0.0,0.0,0.0,0.0,0.0,0.0,0.0,9.0,,,4.0,1.0,1.0,10.0,3.0,4.0,3.0,4.0,3.0,1.0,4.0,10.0,1.0,,,2.0,,2.0,2.0,2.0,2.0,3.0,1.0,4.0,4.0,4.0,4.0,4.0,4.0,4.0,2.0,2.0,2.0,,2.0,2.0,2.0,1.0,1.0,1.0,1.0,1.0,1.0,10.0,10.0,,,,9.0,10.0,1.0,1.0,1.0,1.0,1.0,1.0,4.0,1.0,1.0,2.0,2.0,9.0,1.0,1.0,1.0,1.0,1.0,1.0,1.0,2.0,8.0,1.0,1.0,1.0,1.0,6.0,1.0,,1.0,,1.0,4.0,4.0,4.0,,3.0,1.0,2.0,3.0,5.0,5.0,5.0,5.0,5.0,3.0,3.0,3.0,3.0,3.0,3.0,3.0,3.0,3.0,3.0,3.0,3.0,1.0,1.0,,,,,,,4.0,4.0,,,1.0,,1.0,2.0,,1.0,4.0,,2.0,2.0,10.0,10.0,,9.0,,,9.0,9.0,9.0,7.0,2.0,1.0,1.0,2.0,2.0,2.0,3.0
702070692,1.0,2.0,1.0,3.0,1.0,2.0,1.0,1.0,2.0,2.0,2.0,1.0,2.0,1.0,2.0,2.0,2.0,1.0,2.0,2.0,1.0,1.0,2.0,2.0,2.0,2.0,2.0,2.0,2.0,3.0,3.0,3.0,2.0,2.0,4.0,4.0,2.0,2.0,4.0,2.0,2.0,1.0,1.0,1.0,2.0,2.0,8.0,7.0,7.0,4.0,4.0,4.0,4.0,4.0,1.0,2.0,1.0,3.0,4.0,4.0,4.0,4.0,4.0,1.0,1.0,3.0,4.0,1.0,1.0,2.0,3.0,2.0,1.0,1.0,3.0,3.0,1.0,2.0,3.0,1.0,1.0,2.0,0.0,0.0,0.0,0.0,0.0,0.0,0.0,0.0,0.0,8.0,2.0,8.0,3.0,3.0,2.0,2.0,2.0,2.0,,2.0,2.0,1.0,2.0,9.0,4.0,2.0,0.0,2.0,2.0,2.0,2.0,2.0,2.0,3.0,1.0,4.0,4.0,4.0,4.0,4.0,4.0,4.0,2.0,2.0,,3.0,1.0,2.0,2.0,1.0,1.0,2.0,1.0,2.0,1.0,7.0,7.0,7.0,6.0,1.0,10.0,3.0,2.0,1.0,1.0,1.0,2.0,3.0,6.0,2.0,2.0,2.0,1.0,10.0,2.0,1.0,1.0,1.0,1.0,1.0,1.0,5.0,6.0,6.0,1.0,1.0,1.0,1.0,1.0,1.0,1.0,1.0,1.0,1.0,4.0,4.0,4.0,3.0,5.0,1.0,1.0,1.0,1.0,1.0,1.0,2.0,3.0,3.0,3.0,3.0,1.0,3.0,3.0,3.0,3.0,3.0,3.0,3.0,,1.0,1.0,3.0,1.0,4.0,1.0,1.0,4.0,4.0,1.0,1.0,1.0,3.0,4.0,4.0,4.0,3.0,4.0,7.0,7.0,8.0,8.0,1.0,8.0,2.0,3.0,7.0,7.0,8.0,7.0,6.0,2.0,2.0,,,2.0,2.0,3.0
32070596,1.0,1.0,1.0,2.0,2.0,2.0,1.0,1.0,1.0,1.0,1.0,1.0,1.0,1.0,2.0,1.0,1.0,1.0,2.0,2.0,2.0,2.0,2.0,1.0,2.0,2.0,2.0,3.0,3.0,3.0,3.0,2.0,4.0,3.0,4.0,2.0,2.0,2.0,4.0,3.0,2.0,3.0,2.0,1.0,1.0,1.0,10.0,10.0,10.0,4.0,4.0,4.0,4.0,4.0,2.0,2.0,1.0,3.0,2.0,3.0,,,3.0,2.0,3.0,4.0,3.0,3.0,3.0,2.0,3.0,2.0,3.0,2.0,2.0,3.0,2.0,3.0,3.0,3.0,0.0,0.0,0.0,0.0,0.0,0.0,0.0,0.0,0.0,0.0,0.0,2.0,7.0,7.0,8.0,4.0,1.0,7.0,2.0,2.0,2.0,2.0,2.0,1.0,4.0,9.0,3.0,0.0,2.0,0.0,,0.0,2.0,,2.0,3.0,1.0,3.0,4.0,4.0,4.0,4.0,4.0,4.0,1.0,2.0,2.0,,,2.0,2.0,3.0,3.0,3.0,1.0,1.0,,9.0,10.0,9.0,1.0,6.0,8.0,5.0,1.0,1.0,1.0,1.0,3.0,3.0,7.0,7.0,1.0,2.0,2.0,7.0,,,,,,,,,,,,,,,,,,,,3.0,2.0,2.0,3.0,3.0,3.0,2.0,4.0,2.0,4.0,1.0,1.0,2.0,1.0,3.0,2.0,2.0,1.0,2.0,2.0,2.0,,2.0,2.0,,1.0,1.0,2.0,3.0,3.0,3.0,3.0,2.0,3.0,4.0,1.0,1.0,2.0,2.0,2.0,3.0,3.0,1.0,3.0,8.0,1.0,1.0,10.0,6.0,1.0,9.0,1.0,6.0,9.0,8.0,9.0,9.0,1.0,1.0,1.0,1.0,1.0,2.0,2.0
703070105,2.0,2.0,3.0,3.0,2.0,3.0,2.0,1.0,2.0,2.0,2.0,1.0,1.0,1.0,2.0,2.0,2.0,1.0,1.0,1.0,1.0,1.0,1.0,1.0,1.0,1.0,2.0,1.0,1.0,3.0,3.0,2.0,2.0,2.0,3.0,,3.0,2.0,1.0,1.0,2.0,3.0,3.0,1.0,3.0,3.0,2.0,4.0,4.0,4.0,4.0,4.0,4.0,4.0,2.0,2.0,2.0,3.0,3.0,4.0,4.0,4.0,3.0,,3.0,3.0,3.0,2.0,3.0,3.0,3.0,3.0,2.0,,2.0,3.0,2.0,3.0,2.0,2.0,0.0,0.0,0.0,0.0,0.0,0.0,0.0,0.0,0.0,0.0,0.0,4.0,6.0,10.0,2.0,3.0,2.0,,,,,,,,2.0,5.0,1.0,2.0,0.0,2.0,2.0,2.0,2.0,2.0,2.0,4.0,1.0,4.0,2.0,2.0,4.0,4.0,,,,,,,,2.0,2.0,2.0,3.0,2.0,2.0,2.0,2.0,4.0,3.0,3.0,10.0,3.0,4.0,5.0,1.0,,,,,,7.0,8.0,1.0,2.0,2.0,9.0,1.0,1.0,1.0,1.0,1.0,1.0,1.0,1.0,10.0,1.0,1.0,1.0,1.0,1.0,1.0,1.0,1.0,1.0,1.0,4.0,4.0,4.0,3.0,3.0,5.0,1.0,1.0,5.0,5.0,5.0,5.0,2.0,3.0,3.0,3.0,3.0,3.0,3.0,3.0,3.0,3.0,3.0,3.0,3.0,1.0,3.0,1.0,,,,,,,,,,2.0,4.0,2.0,1.0,4.0,2.0,4.0,,10.0,10.0,10.0,7.0,10.0,10.0,8.0,8.0,10.0,10.0,4.0,4.0,3.0,1.0,1.0,1.0,2.0,4.0,4.0
716070786,1.0,1.0,2.0,2.0,1.0,1.0,1.0,2.0,1.0,2.0,2.0,1.0,2.0,1.0,1.0,2.0,2.0,1.0,2.0,2.0,2.0,1.0,2.0,2.0,2.0,2.0,1.0,4.0,2.0,4.0,3.0,2.0,4.0,3.0,2.0,4.0,3.0,4.0,2.0,2.0,3.0,1.0,1.0,2.0,1.0,2.0,10.0,8.0,7.0,4.0,4.0,4.0,4.0,4.0,1.0,2.0,2.0,2.0,2.0,3.0,2.0,2.0,3.0,3.0,3.0,3.0,3.0,3.0,3.0,2.0,3.0,2.0,2.0,2.0,2.0,3.0,3.0,3.0,3.0,2.0,1.0,0.0,0.0,1.0,1.0,0.0,1.0,0.0,0.0,1.0,1.0,10.0,1.0,9.0,1.0,1.0,1.0,5.0,2.0,2.0,2.0,2.0,2.0,2.0,4.0,5.0,4.0,0.0,2.0,1.0,2.0,0.0,2.0,0.0,0.0,1.0,1.0,1.0,1.0,3.0,4.0,4.0,2.0,3.0,2.0,2.0,1.0,1.0,1.0,2.0,2.0,1.0,1.0,2.0,1.0,1.0,1.0,10.0,10.0,1.0,1.0,1.0,5.0,10.0,1.0,1.0,1.0,1.0,2.0,3.0,3.0,2.0,1.0,2.0,2.0,3.0,9.0,9.0,10.0,1.0,2.0,1.0,6.0,8.0,8.0,8.0,1.0,9.0,1.0,9.0,9.0,2.0,7.0,2.0,8.0,4.0,4.0,4.0,,,4.0,1.0,2.0,1.0,2.0,1.0,1.0,1.0,2.0,3.0,3.0,3.0,3.0,1.0,3.0,1.0,2.0,2.0,3.0,3.0,1.0,1.0,1.0,4.0,4.0,4.0,1.0,1.0,4.0,4.0,1.0,1.0,1.0,1.0,3.0,1.0,4.0,1.0,3.0,10.0,10.0,10.0,1.0,5.0,5.0,5.0,7.0,8.0,9.0,10.0,10.0,9.0,1.0,1.0,1.0,1.0,1.0,1.0,1.0
124073548,1.0,1.0,1.0,2.0,3.0,2.0,2.0,2.0,1.0,1.0,2.0,1.0,2.0,1.0,2.0,1.0,2.0,1.0,2.0,2.0,2.0,2.0,2.0,1.0,2.0,2.0,2.0,4.0,4.0,4.0,4.0,2.0,5.0,4.0,3.0,2.0,5.0,3.0,3.0,3.0,5.0,2.0,2.0,2.0,1.0,1.0,10.0,9.0,8.0,4.0,4.0,4.0,4.0,4.0,2.0,2.0,2.0,1.0,2.0,2.0,1.0,2.0,2.0,2.0,2.0,3.0,3.0,2.0,2.0,2.0,3.0,2.0,2.0,2.0,2.0,2.0,1.0,2.0,2.0,1.0,1.0,0.0,2.0,0.0,0.0,0.0,1.0,2.0,0.0,0.0,0.0,8.0,5.0,6.0,5.0,3.0,1.0,8.0,2.0,2.0,2.0,2.0,2.0,2.0,3.0,7.0,4.0,2.0,2.0,1.0,2.0,1.0,2.0,0.0,1.0,2.0,2.0,2.0,4.0,4.0,4.0,4.0,4.0,4.0,2.0,2.0,2.0,4.0,4.0,2.0,2.0,4.0,3.0,4.0,2.0,2.0,2.0,10.0,10.0,1.0,1.0,3.0,10.0,10.0,1.0,1.0,2.0,1.0,4.0,4.0,5.0,7.0,1.0,2.0,2.0,1.0,1.0,1.0,1.0,1.0,1.0,10.0,5.0,10.0,10.0,10.0,5.0,10.0,1.0,1.0,1.0,1.0,5.0,1.0,1.0,1.0,4.0,3.0,1.0,2.0,5.0,1.0,3.0,2.0,4.0,1.0,5.0,2.0,1.0,2.0,3.0,3.0,2.0,1.0,1.0,1.0,1.0,1.0,2.0,3.0,1.0,1.0,1.0,4.0,4.0,3.0,1.0,1.0,3.0,4.0,1.0,2.0,1.0,3.0,4.0,4.0,4.0,1.0,4.0,7.0,7.0,1.0,10.0,10.0,1.0,10.0,1.0,5.0,10.0,10.0,10.0,7.0,2.0,1.0,1.0,1.0,1.0,1.0,2.0
826071947,1.0,2.0,2.0,3.0,2.0,4.0,1.0,1.0,2.0,2.0,2.0,1.0,2.0,1.0,2.0,2.0,2.0,1.0,2.0,2.0,2.0,2.0,2.0,1.0,2.0,2.0,2.0,3.0,3.0,4.0,4.0,2.0,4.0,2.0,4.0,2.0,4.0,3.0,3.0,2.0,4.0,2.0,1.0,1.0,2.0,1.0,10.0,9.0,10.0,4.0,4.0,4.0,4.0,4.0,1.0,1.0,1.0,1.0,1.0,2.0,1.0,1.0,3.0,1.0,2.0,2.0,2.0,2.0,2.0,2.0,3.0,2.0,2.0,2.0,2.0,2.0,2.0,1.0,2.0,1.0,0.0,0.0,0.0,0.0,0.0,1.0,0.0,0.0,0.0,0.0,0.0,8.0,4.0,8.0,2.0,3.0,2.0,3.0,2.0,2.0,2.0,1.0,1.0,1.0,,4.0,3.0,2.0,2.0,1.0,2.0,0.0,2.0,0.0,0.0,3.0,1.0,4.0,4.0,4.0,3.0,4.0,4.0,3.0,,,,,3.0,,,3.0,2.0,4.0,1.0,1.0,,8.0,5.0,3.0,8.0,3.0,8.0,2.0,2.0,2.0,2.0,2.0,4.0,4.0,7.0,8.0,3.0,,,3.0,1.0,1.0,1.0,1.0,1.0,10.0,4.0,8.0,8.0,9.0,3.0,8.0,,1.0,1.0,1.0,8.0,3.0,3.0,1.0,3.0,2.0,2.0,2.0,4.0,1.0,1.0,4.0,4.0,1.0,5.0,4.0,1.0,1.0,2.0,3.0,1.0,1.0,1.0,1.0,1.0,1.0,2.0,3.0,1.0,1.0,1.0,4.0,3.0,4.0,2.0,1.0,4.0,4.0,1.0,1.0,2.0,2.0,4.0,2.0,4.0,1.0,4.0,7.0,3.0,1.0,9.0,9.0,3.0,9.0,2.0,8.0,9.0,10.0,8.0,8.0,2.0,2.0,3.0,3.0,2.0,2.0,3.0
586070372,2.0,4.0,1.0,4.0,1.0,1.0,2.0,2.0,1.0,2.0,2.0,2.0,2.0,2.0,1.0,1.0,2.0,2.0,2.0,2.0,2.0,1.0,2.0,2.0,2.0,2.0,2.0,2.0,3.0,2.0,3.0,2.0,2.0,2.0,2.0,2.0,1.0,3.0,2.0,4.0,3.0,3.0,3.0,3.0,2.0,2.0,3.0,5.0,3.0,3.0,3.0,1.0,2.0,3.0,1.0,2.0,1.0,1.0,2.0,4.0,4.0,4.0,1.0,1.0,1.0,1.0,1.0,2.0,4.0,3.0,2.0,2.0,1.0,1.0,1.0,4.0,2.0,1.0,1.0,1.0,1.0,0.0,1.0,1.0,1.0,0.0,0.0,1.0,1.0,,0.0,5.0,3.0,4.0,5.0,3.0,,4.0,2.0,3.0,3.0,3.0,3.0,2.0,4.0,3.0,4.0,1.0,1.0,0.0,,1.0,0.0,1.0,0.0,3.0,3.0,2.0,3.0,3.0,2.0,3.0,2.0,2.0,2.0,2.0,2.0,3.0,3.0,1.0,,2.0,3.0,2.0,2.0,2.0,1.0,3.0,3.0,3.0,6.0,5.0,5.0,6.0,1.0,,,,1.0,4.0,2.0,3.0,3.0,2.0,2.0,3.0,5.0,3.0,3.0,2.0,2.0,3.0,3.0,3.0,1.0,3.0,3.0,2.0,3.0,4.0,3.0,4.0,4.0,5.0,4.0,1.0,3.0,3.0,3.0,3.0,1.0,3.0,2.0,3.0,3.0,3.0,3.0,4.0,2.0,3.0,2.0,2.0,1.0,3.0,3.0,3.0,2.0,2.0,3.0,,2.0,,3.0,4.0,4.0,1.0,3.0,3.0,3.0,2.0,3.0,2.0,1.0,2.0,2.0,2.0,3.0,2.0,2.0,,8.0,7.0,5.0,5.0,7.0,7.0,6.0,6.0,6.0,8.0,9.0,4.0,2.0,1.0,3.0,4.0,3.0,2.0,3.0
360072485,1.0,1.0,1.0,3.0,1.0,1.0,2.0,1.0,1.0,1.0,2.0,2.0,2.0,1.0,1.0,2.0,2.0,1.0,2.0,2.0,2.0,1.0,2.0,1.0,2.0,2.0,1.0,3.0,3.0,3.0,3.0,2.0,4.0,2.0,4.0,4.0,2.0,2.0,2.0,2.0,2.0,1.0,1.0,1.0,1.0,2.0,10.0,10.0,9.0,4.0,4.0,4.0,4.0,4.0,2.0,2.0,1.0,1.0,2.0,2.0,1.0,3.0,1.0,1.0,3.0,1.0,1.0,1.0,1.0,1.0,,1.0,1.0,1.0,1.0,1.0,1.0,1.0,1.0,1.0,2.0,0.0,0.0,0.0,0.0,0.0,0.0,0.0,0.0,0.0,,8.0,3.0,4.0,4.0,4.0,1.0,10.0,3.0,3.0,3.0,2.0,2.0,1.0,2.0,9.0,1.0,0.0,0.0,0.0,0.0,0.0,0.0,0.0,0.0,3.0,1.0,4.0,4.0,4.0,4.0,4.0,4.0,4.0,1.0,2.0,2.0,4.0,1.0,2.0,2.0,3.0,2.0,4.0,2.0,2.0,1.0,9.0,8.0,4.0,4.0,4.0,4.0,10.0,1.0,1.0,2.0,1.0,1.0,3.0,1.0,1.0,1.0,,,9.0,1.0,1.0,1.0,1.0,1.0,1.0,1.0,1.0,1.0,1.0,1.0,1.0,1.0,1.0,1.0,1.0,1.0,1.0,1.0,1.0,3.0,3.0,4.0,2.0,4.0,1.0,5.0,2.0,2.0,3.0,5.0,1.0,3.0,3.0,3.0,3.0,3.0,3.0,3.0,1.0,1.0,3.0,3.0,3.0,1.0,1.0,1.0,,3.0,4.0,1.0,1.0,4.0,4.0,1.0,1.0,1.0,2.0,3.0,3.0,3.0,2.0,3.0,,8.0,1.0,9.0,1.0,1.0,10.0,1.0,9.0,9.0,10.0,8.0,9.0,2.0,1.0,1.0,1.0,1.0,3.0,2.0
231070477,1.0,2.0,3.0,3.0,1.0,2.0,1.0,2.0,1.0,2.0,2.0,1.0,2.0,2.0,1.0,2.0,1.0,1.0,2.0,1.0,2.0,2.0,2.0,1.0,1.0,2.0,2.0,3.0,3.0,3.0,2.0,3.0,2.0,4.0,4.0,4.0,2.0,2.0,2.0,2.0,2.0,3.0,1.0,1.0,2.0,2.0,10.0,1.0,1.0,3.0,3.0,4.0,3.0,3.0,1.0,2.0,1.0,2.0,2.0,2.0,4.0,4.0,1.0,1.0,1.0,2.0,,3.0,3.0,1.0,4.0,4.0,4.0,1.0,1.0,2.0,1.0,2.0,2.0,2.0,2.0,1.0,1.0,1.0,0.0,1.0,1.0,1.0,0.0,1.0,0.0,1.0,1.0,1.0,1.0,1.0,1.0,7.0,2.0,2.0,2.0,2.0,2.0,2.0,4.0,10.0,1.0,0.0,0.0,0.0,0.0,0.0,0.0,0.0,0.0,1.0,1.0,3.0,4.0,4.0,4.0,4.0,4.0,4.0,1.0,1.0,2.0,4.0,1.0,2.0,2.0,4.0,4.0,4.0,1.0,1.0,1.0,10.0,10.0,10.0,10.0,1.0,10.0,10.0,1.0,1.0,1.0,1.0,2.0,3.0,2.0,1.0,1.0,1.0,2.0,10.0,10.0,10.0,1.0,1.0,1.0,10.0,1.0,1.0,1.0,1.0,1.0,1.0,1.0,1.0,1.0,1.0,1.0,1.0,1.0,2.0,2.0,2.0,4.0,1.0,2.0,1.0,1.0,5.0,,,,1.0,1.0,3.0,1.0,3.0,3.0,1.0,3.0,1.0,1.0,3.0,3.0,3.0,2.0,3.0,1.0,4.0,3.0,4.0,1.0,1.0,4.0,4.0,1.0,1.0,1.0,1.0,1.0,1.0,1.0,1.0,1.0,1.0,10.0,10.0,10.0,10.0,10.0,10.0,10.0,10.0,10.0,10.0,10.0,10.0,2.0,1.0,1.0,2.0,2.0,4.0,
764070924,1.0,3.0,1.0,1.0,1.0,2.0,2.0,2.0,2.0,1.0,2.0,2.0,2.0,2.0,2.0,2.0,1.0,1.0,2.0,2.0,2.0,2.0,2.0,2.0,2.0,2.0,1.0,4.0,4.0,4.0,4.0,,5.0,1.0,3.0,1.0,2.0,1.0,1.0,3.0,5.0,3.0,1.0,3.0,1.0,1.0,8.0,9.0,5.0,4.0,4.0,4.0,4.0,4.0,1.0,2.0,1.0,1.0,2.0,4.0,2.0,2.0,1.0,1.0,1.0,1.0,,1.0,1.0,2.0,2.0,2.0,1.0,1.0,2.0,2.0,2.0,,2.0,,0.0,0.0,0.0,0.0,0.0,0.0,0.0,0.0,0.0,0.0,0.0,9.0,2.0,7.0,3.0,1.0,1.0,,,,,,,1.0,5.0,,4.0,0.0,0.0,0.0,0.0,0.0,2.0,0.0,0.0,3.0,1.0,4.0,4.0,4.0,4.0,4.0,4.0,4.0,1.0,1.0,2.0,4.0,4.0,2.0,2.0,4.0,4.0,4.0,2.0,2.0,2.0,9.0,10.0,5.0,5.0,1.0,8.0,1.0,2.0,1.0,1.0,1.0,,,7.0,2.0,3.0,2.0,2.0,4.0,1.0,1.0,1.0,1.0,1.0,9.0,1.0,1.0,5.0,7.0,1.0,1.0,1.0,1.0,1.0,1.0,1.0,1.0,5.0,2.0,4.0,4.0,4.0,3.0,5.0,1.0,5.0,5.0,5.0,5.0,5.0,5.0,3.0,3.0,3.0,3.0,3.0,3.0,3.0,3.0,3.0,3.0,3.0,3.0,1.0,1.0,1.0,,,4.0,,1.0,,4.0,1.0,1.0,1.0,,4.0,4.0,4.0,1.0,4.0,5.0,9.0,1.0,10.0,10.0,1.0,9.0,8.0,1.0,10.0,9.0,1.0,5.0,1.0,1.0,1.0,1.0,1.0,4.0,4.0
702071445,1.0,3.0,3.0,2.0,1.0,3.0,2.0,1.0,1.0,1.0,2.0,2.0,2.0,1.0,2.0,2.0,1.0,1.0,2.0,2.0,2.0,1.0,1.0,1.0,2.0,2.0,3.0,3.0,4.0,4.0,3.0,2.0,5.0,3.0,4.0,5.0,2.0,1.0,2.0,2.0,4.0,2.0,1.0,,2.0,3.0,5.0,6.0,5.0,4.0,4.0,4.0,4.0,4.0,3.0,2.0,2.0,3.0,2.0,3.0,2.0,3.0,,2.0,2.0,2.0,3.0,1.0,,2.0,3.0,2.0,4.0,2.0,2.0,3.0,2.0,2.0,2.0,3.0,0.0,0.0,0.0,0.0,0.0,0.0,0.0,0.0,0.0,0.0,0.0,7.0,4.0,5.0,5.0,3.0,,5.0,2.0,3.0,,1.0,2.0,2.0,5.0,5.0,3.0,2.0,1.0,2.0,1.0,2.0,2.0,2.0,2.0,3.0,3.0,4.0,3.0,4.0,3.0,4.0,4.0,4.0,1.0,2.0,,,,2.0,2.0,3.0,3.0,3.0,2.0,2.0,1.0,10.0,8.0,3.0,3.0,3.0,2.0,1.0,2.0,2.0,2.0,2.0,3.0,3.0,6.0,2.0,1.0,2.0,2.0,8.0,3.0,2.0,2.0,3.0,2.0,2.0,2.0,2.0,5.0,5.0,2.0,2.0,2.0,3.0,2.0,2.0,2.0,2.0,8.0,1.0,,2.0,2.0,2.0,4.0,1.0,4.0,4.0,4.0,1.0,1.0,4.0,1.0,3.0,3.0,3.0,3.0,1.0,2.0,2.0,1.0,1.0,3.0,3.0,,1.0,1.0,2.0,1.0,,2.0,2.0,4.0,4.0,1.0,2.0,1.0,2.0,3.0,2.0,4.0,2.0,4.0,5.0,3.0,1.0,10.0,1.0,3.0,5.0,5.0,1.0,8.0,5.0,7.0,4.0,2.0,2.0,,,2.0,2.0,2.0
392070541,1.0,1.0,2.0,2.0,1.0,4.0,2.0,1.0,2.0,1.0,1.0,1.0,2.0,1.0,2.0,2.0,2.0,1.0,2.0,2.0,2.0,2.0,1.0,2.0,2.0,2.0,3.0,3.0,3.0,3.0,3.0,3.0,3.0,4.0,4.0,2.0,3.0,3.0,3.0,3.0,3.0,1.0,1.0,2.0,2.0,3.0,8.0,5.0,5.0,4.0,4.0,4.0,4.0,4.0,2.0,2.0,1.0,3.0,2.0,,,,3.0,2.0,3.0,3.0,3.0,3.0,3.0,3.0,3.0,3.0,3.0,3.0,3.0,3.0,3.0,3.0,3.0,3.0,0.0,1.0,0.0,2.0,0.0,0.0,0.0,0.0,0.0,0.0,0.0,8.0,3.0,8.0,4.0,8.0,2.0,7.0,2.0,3.0,2.0,2.0,3.0,2.0,3.0,7.0,4.0,1.0,2.0,1.0,2.0,1.0,1.0,1.0,1.0,1.0,2.0,2.0,2.0,3.0,3.0,4.0,3.0,3.0,2.0,2.0,,3.0,2.0,2.0,2.0,2.0,2.0,2.0,1.0,1.0,2.0,8.0,8.0,3.0,3.0,3.0,8.0,2.0,2.0,1.0,1.0,1.0,3.0,3.0,3.0,8.0,3.0,,,,2.0,5.0,1.0,3.0,4.0,9.0,8.0,5.0,9.0,10.0,5.0,8.0,2.0,5.0,5.0,2.0,7.0,7.0,8.0,3.0,3.0,3.0,2.0,2.0,2.0,1.0,2.0,1.0,2.0,1.0,1.0,1.0,1.0,2.0,2.0,2.0,2.0,2.0,1.0,2.0,1.0,2.0,1.0,2.0,2.0,2.0,2.0,2.0,2.0,2.0,3.0,3.0,2.0,3.0,2.0,2.0,3.0,4.0,2.0,3.0,3.0,3.0,3.0,3.0,3.0,3.0,8.0,5.0,3.0,8.0,3.0,5.0,8.0,3.0,7.0,3.0,3.0,3.0,3.0,3.0,3.0,3.0,3.0
862071058,1.0,2.0,1.0,3.0,1.0,1.0,1.0,2.0,2.0,1.0,2.0,1.0,2.0,2.0,1.0,2.0,1.0,1.0,2.0,2.0,1.0,1.0,2.0,1.0,2.0,1.0,1.0,1.0,3.0,4.0,4.0,2.0,1.0,1.0,1.0,5.0,3.0,1.0,1.0,1.0,2.0,3.0,1.0,1.0,1.0,1.0,10.0,8.0,8.0,1.0,3.0,2.0,2.0,4.0,2.0,2.0,1.0,3.0,3.0,4.0,4.0,4.0,1.0,3.0,3.0,3.0,4.0,4.0,4.0,4.0,4.0,4.0,4.0,4.0,4.0,4.0,4.0,4.0,4.0,4.0,0.0,0.0,0.0,0.0,0.0,0.0,0.0,0.0,0.0,0.0,0.0,10.0,5.0,10.0,4.0,10.0,2.0,10.0,4.0,4.0,4.0,4.0,3.0,2.0,5.0,7.0,2.0,0.0,2.0,2.0,1.0,2.0,0.0,2.0,2.0,3.0,2.0,3.0,3.0,4.0,4.0,4.0,4.0,4.0,1.0,1.0,2.0,1.0,1.0,2.0,2.0,2.0,1.0,1.0,1.0,2.0,2.0,,,,,,,10.0,1.0,1.0,1.0,1.0,3.0,4.0,2.0,2.0,1.0,2.0,2.0,8.0,1.0,1.0,1.0,1.0,1.0,1.0,1.0,1.0,1.0,1.0,1.0,3.0,1.0,1.0,1.0,1.0,3.0,1.0,1.0,2.0,4.0,4.0,4.0,2.0,5.0,3.0,5.0,2.0,2.0,2.0,2.0,2.0,3.0,3.0,3.0,3.0,3.0,3.0,1.0,3.0,3.0,3.0,3.0,3.0,2.0,2.0,3.0,1.0,2.0,1.0,2.0,3.0,1.0,2.0,2.0,1.0,1.0,5.0,1.0,1.0,4.0,1.0,2.0,10.0,3.0,6.0,7.0,3.0,5.0,6.0,3.0,6.0,7.0,8.0,3.0,4.0,3.0,1.0,1.0,1.0,1.0,1.0,3.0
764070717,1.0,1.0,1.0,2.0,2.0,2.0,1.0,1.0,1.0,1.0,2.0,2.0,2.0,2.0,1.0,2.0,2.0,1.0,1.0,1.0,1.0,1.0,1.0,1.0,1.0,2.0,3.0,3.0,3.0,2.0,2.0,3.0,3.0,3.0,3.0,1.0,2.0,2.0,3.0,3.0,3.0,2.0,2.0,2.0,2.0,2.0,6.0,7.0,8.0,2.0,1.0,2.0,2.0,2.0,1.0,1.0,1.0,1.0,1.0,2.0,2.0,2.0,2.0,2.0,3.0,3.0,3.0,3.0,3.0,3.0,3.0,1.0,2.0,2.0,2.0,2.0,1.0,2.0,2.0,2.0,1.0,1.0,2.0,0.0,2.0,0.0,0.0,1.0,1.0,2.0,2.0,7.0,8.0,7.0,8.0,8.0,2.0,6.0,1.0,2.0,2.0,2.0,2.0,2.0,4.0,8.0,2.0,1.0,1.0,0.0,0.0,,1.0,2.0,2.0,1.0,1.0,2.0,2.0,2.0,1.0,1.0,1.0,2.0,2.0,2.0,2.0,1.0,1.0,1.0,1.0,2.0,2.0,2.0,1.0,1.0,1.0,6.0,7.0,7.0,8.0,8.0,8.0,9.0,2.0,2.0,1.0,1.0,2.0,2.0,6.0,5.0,1.0,1.0,2.0,7.0,1.0,1.0,1.0,1.0,1.0,1.0,1.0,3.0,3.0,4.0,4.0,4.0,4.0,1.0,1.0,1.0,3.0,3.0,8.0,2.0,2.0,1.0,2.0,2.0,4.0,1.0,4.0,1.0,2.0,1.0,1.0,1.0,2.0,2.0,2.0,1.0,1.0,2.0,2.0,2.0,2.0,2.0,1.0,2.0,1.0,1.0,2.0,2.0,1.0,1.0,1.0,2.0,2.0,2.0,2.0,3.0,1.0,,2.0,2.0,1.0,3.0,2.0,7.0,6.0,7.0,8.0,8.0,7.0,9.0,9.0,9.0,8.0,8.0,9.0,7.0,2.0,3.0,1.0,1.0,4.0,4.0,4.0
364071339,1.0,1.0,1.0,1.0,2.0,3.0,1.0,2.0,1.0,1.0,2.0,2.0,2.0,1.0,2.0,1.0,2.0,1.0,2.0,1.0,1.0,,2.0,2.0,2.0,2.0,2.0,3.0,4.0,4.0,4.0,3.0,5.0,2.0,4.0,,4.0,4.0,2.0,2.0,2.0,3.0,1.0,1.0,2.0,1.0,5.0,8.0,8.0,4.0,3.0,2.0,3.0,4.0,1.0,2.0,2.0,3.0,3.0,3.0,3.0,3.0,4.0,2.0,4.0,4.0,2.0,3.0,4.0,3.0,3.0,4.0,2.0,2.0,2.0,4.0,4.0,2.0,2.0,2.0,0.0,1.0,0.0,0.0,2.0,0.0,0.0,0.0,0.0,0.0,0.0,9.0,10.0,5.0,5.0,5.0,1.0,9.0,3.0,3.0,3.0,3.0,3.0,3.0,2.0,4.0,3.0,,2.0,0.0,2.0,2.0,2.0,1.0,2.0,2.0,3.0,3.0,4.0,3.0,4.0,3.0,3.0,3.0,1.0,1.0,2.0,4.0,3.0,2.0,2.0,3.0,2.0,4.0,2.0,1.0,2.0,8.0,8.0,6.0,5.0,7.0,8.0,2.0,1.0,1.0,1.0,2.0,4.0,3.0,7.0,8.0,2.0,2.0,2.0,4.0,8.0,10.0,6.0,8.0,2.0,2.0,,6.0,7.0,8.0,8.0,10.0,1.0,1.0,10.0,5.0,,1.0,1.0,2.0,4.0,2.0,2.0,2.0,3.0,1.0,5.0,1.0,4.0,1.0,1.0,2.0,3.0,1.0,2.0,3.0,1.0,3.0,2.0,2.0,2.0,2.0,2.0,2.0,2.0,2.0,,1.0,1.0,2.0,4.0,4.0,1.0,2.0,4.0,1.0,1.0,4.0,3.0,1.0,3.0,1.0,4.0,,7.0,1.0,5.0,10.0,1.0,7.0,6.0,5.0,8.0,10.0,5.0,5.0,3.0,1.0,1.0,1.0,1.0,4.0,3.0
704070122,1.0,2.0,3.0,3.0,1.0,3.0,1.0,2.0,1.0,1.0,1.0,2.0,2.0,2.0,2.0,1.0,2.0,1.0,2.0,2.0,2.0,2.0,2.0,1.0,2.0,2.0,1.0,1.0,3.0,3.0,3.0,3.0,1.0,1.0,4.0,1.0,4.0,1.0,1.0,4.0,1.0,3.0,1.0,1.0,1.0,1.0,8.0,7.0,5.0,4.0,2.0,4.0,4.0,4.0,1.0,2.0,1.0,2.0,2.0,3.0,3.0,3.0,1.0,2.0,2.0,1.0,2.0,2.0,,2.0,2.0,2.0,2.0,2.0,2.0,2.0,2.0,2.0,2.0,2.0,2.0,2.0,2.0,2.0,2.0,2.0,0.0,2.0,2.0,2.0,2.0,10.0,1.0,10.0,1.0,1.0,1.0,10.0,2.0,2.0,2.0,2.0,,3.0,5.0,9.0,4.0,2.0,2.0,2.0,2.0,0.0,2.0,0.0,2.0,3.0,2.0,2.0,2.0,3.0,4.0,4.0,2.0,2.0,1.0,1.0,2.0,2.0,1.0,2.0,2.0,1.0,1.0,1.0,1.0,1.0,1.0,10.0,10.0,5.0,5.0,5.0,10.0,5.0,1.0,2.0,2.0,2.0,3.0,2.0,4.0,5.0,2.0,2.0,2.0,10.0,3.0,3.0,2.0,3.0,3.0,2.0,3.0,2.0,2.0,5.0,5.0,5.0,2.0,4.0,4.0,3.0,3.0,3.0,4.0,3.0,4.0,4.0,3.0,2.0,2.0,2.0,5.0,1.0,5.0,1.0,1.0,1.0,3.0,3.0,3.0,3.0,3.0,2.0,3.0,2.0,2.0,3.0,,,2.0,2.0,1.0,2.0,2.0,3.0,2.0,2.0,3.0,3.0,2.0,3.0,2.0,3.0,1.0,2.0,3.0,3.0,2.0,,5.0,6.0,10.0,10.0,9.0,9.0,10.0,9.0,10.0,10.0,5.0,5.0,3.0,2.0,2.0,3.0,3.0,3.0,3.0
300070542,1.0,1.0,1.0,3.0,1.0,1.0,2.0,2.0,1.0,1.0,2.0,1.0,2.0,1.0,2.0,2.0,2.0,2.0,2.0,2.0,2.0,2.0,2.0,2.0,2.0,2.0,1.0,1.0,1.0,3.0,1.0,1.0,1.0,1.0,3.0,4.0,4.0,2.0,3.0,3.0,3.0,3.0,3.0,3.0,3.0,1.0,3.0,5.0,4.0,2.0,2.0,2.0,2.0,4.0,3.0,2.0,1.0,1.0,1.0,4.0,3.0,3.0,1.0,1.0,3.0,2.0,2.0,3.0,3.0,3.0,3.0,2.0,2.0,2.0,2.0,2.0,2.0,2.0,2.0,2.0,0.0,0.0,0.0,0.0,0.0,0.0,0.0,0.0,0.0,0.0,0.0,6.0,1.0,10.0,1.0,10.0,1.0,6.0,2.0,2.0,2.0,2.0,2.0,3.0,4.0,10.0,2.0,2.0,2.0,1.0,0.0,1.0,2.0,2.0,2.0,3.0,3.0,4.0,4.0,4.0,4.0,4.0,4.0,4.0,1.0,1.0,2.0,2.0,2.0,1.0,1.0,3.0,2.0,3.0,2.0,1.0,1.0,8.0,10.0,10.0,5.0,4.0,10.0,10.0,1.0,1.0,2.0,2.0,3.0,3.0,4.0,3.0,1.0,2.0,2.0,7.0,1.0,1.0,1.0,1.0,1.0,8.0,5.0,5.0,5.0,10.0,1.0,5.0,1.0,1.0,1.0,1.0,1.0,1.0,1.0,3.0,3.0,3.0,2.0,1.0,5.0,1.0,3.0,1.0,5.0,1.0,1.0,2.0,1.0,2.0,2.0,1.0,1.0,2.0,2.0,3.0,1.0,2.0,2.0,2.0,1.0,1.0,1.0,3.0,3.0,2.0,3.0,1.0,2.0,3.0,1.0,1.0,1.0,,3.0,2.0,4.0,1.0,4.0,6.0,4.0,4.0,8.0,8.0,1.0,7.0,5.0,3.0,9.0,7.0,4.0,6.0,2.0,2.0,1.0,1.0,1.0,1.0,1.0
484071358,1.0,1.0,2.0,4.0,3.0,1.0,1.0,2.0,1.0,1.0,2.0,1.0,2.0,2.0,1.0,2.0,2.0,1.0,2.0,1.0,2.0,2.0,2.0,1.0,2.0,2.0,1.0,2.0,3.0,2.0,3.0,3.0,5.0,4.0,2.0,3.0,4.0,2.0,4.0,2.0,4.0,1.0,1.0,1.0,1.0,2.0,8.0,8.0,7.0,3.0,3.0,3.0,3.0,3.0,2.0,2.0,1.0,2.0,2.0,3.0,3.0,3.0,3.0,2.0,3.0,3.0,3.0,4.0,4.0,4.0,4.0,4.0,4.0,2.0,4.0,3.0,3.0,3.0,3.0,2.0,1.0,0.0,0.0,0.0,0.0,0.0,0.0,0.0,0.0,0.0,0.0,2.0,2.0,1.0,2.0,1.0,2.0,10.0,3.0,3.0,3.0,4.0,3.0,3.0,3.0,3.0,3.0,0.0,0.0,2.0,2.0,2.0,2.0,2.0,2.0,2.0,3.0,1.0,1.0,2.0,2.0,1.0,1.0,2.0,1.0,1.0,2.0,1.0,1.0,1.0,1.0,1.0,1.0,1.0,1.0,2.0,1.0,8.0,7.0,8.0,8.0,5.0,6.0,9.0,1.0,1.0,2.0,1.0,3.0,3.0,2.0,3.0,1.0,2.0,2.0,2.0,8.0,8.0,5.0,7.0,8.0,10.0,1.0,1.0,8.0,7.0,6.0,2.0,1.0,1.0,1.0,1.0,1.0,1.0,1.0,1.0,1.0,4.0,3.0,2.0,2.0,1.0,1.0,1.0,1.0,1.0,1.0,1.0,2.0,1.0,2.0,2.0,2.0,2.0,2.0,2.0,2.0,2.0,2.0,2.0,2.0,1.0,3.0,2.0,2.0,1.0,4.0,4.0,2.0,2.0,2.0,3.0,1.0,4.0,2.0,2.0,4.0,3.0,2.0,8.0,8.0,1.0,9.0,8.0,9.0,8.0,9.0,1.0,8.0,9.0,2.0,1.0,3.0,2.0,1.0,2.0,2.0,3.0,4.0
643071168,1.0,2.0,3.0,3.0,1.0,2.0,1.0,2.0,1.0,1.0,2.0,1.0,2.0,1.0,2.0,2.0,2.0,1.0,2.0,1.0,2.0,1.0,2.0,1.0,2.0,2.0,4.0,4.0,1.0,2.0,2.0,3.0,5.0,1.0,3.0,3.0,5.0,1.0,1.0,3.0,3.0,1.0,1.0,1.0,2.0,1.0,8.0,7.0,6.0,4.0,4.0,4.0,4.0,4.0,2.0,1.0,1.0,1.0,1.0,1.0,1.0,1.0,1.0,1.0,2.0,2.0,,1.0,1.0,1.0,,,3.0,2.0,1.0,2.0,3.0,,4.0,4.0,0.0,0.0,0.0,0.0,0.0,0.0,0.0,0.0,0.0,0.0,0.0,10.0,7.0,8.0,,4.0,1.0,,1.0,1.0,1.0,1.0,1.0,1.0,5.0,10.0,4.0,2.0,2.0,2.0,1.0,1.0,2.0,2.0,0.0,3.0,1.0,3.0,2.0,4.0,4.0,4.0,3.0,4.0,1.0,1.0,2.0,2.0,2.0,2.0,2.0,1.0,2.0,4.0,2.0,2.0,1.0,10.0,10.0,4.0,3.0,1.0,7.0,9.0,1.0,1.0,,,4.0,3.0,3.0,5.0,1.0,2.0,2.0,9.0,4.0,7.0,2.0,6.0,2.0,,,7.0,9.0,10.0,,9.0,1.0,1.0,1.0,2.0,8.0,1.0,,1.0,4.0,4.0,2.0,2.0,5.0,5.0,4.0,5.0,4.0,4.0,5.0,5.0,,3.0,3.0,3.0,2.0,3.0,3.0,3.0,2.0,2.0,3.0,3.0,1.0,1.0,1.0,4.0,4.0,4.0,2.0,3.0,4.0,4.0,1.0,1.0,1.0,,1.0,2.0,4.0,2.0,4.0,,10.0,1.0,10.0,7.0,1.0,9.0,8.0,9.0,10.0,9.0,8.0,8.0,2.0,2.0,2.0,1.0,1.0,4.0,3.0
792071839,1.0,1.0,2.0,2.0,1.0,1.0,1.0,2.0,2.0,1.0,2.0,2.0,1.0,2.0,1.0,2.0,1.0,1.0,,1.0,,1.0,1.0,1.0,1.0,2.0,2.0,3.0,3.0,4.0,4.0,2.0,5.0,2.0,2.0,5.0,3.0,1.0,2.0,1.0,2.0,3.0,1.0,1.0,2.0,2.0,7.0,9.0,7.0,4.0,3.0,4.0,2.0,4.0,1.0,2.0,1.0,2.0,3.0,4.0,3.0,4.0,2.0,1.0,4.0,3.0,3.0,1.0,1.0,1.0,3.0,1.0,3.0,2.0,2.0,3.0,4.0,2.0,2.0,3.0,0.0,0.0,1.0,0.0,0.0,0.0,0.0,0.0,0.0,0.0,0.0,6.0,3.0,1.0,1.0,2.0,2.0,6.0,2.0,3.0,2.0,2.0,3.0,1.0,2.0,7.0,1.0,0.0,1.0,2.0,1.0,2.0,2.0,2.0,2.0,2.0,2.0,4.0,4.0,4.0,4.0,4.0,3.0,4.0,2.0,2.0,2.0,3.0,,2.0,2.0,2.0,3.0,1.0,2.0,1.0,1.0,9.0,10.0,1.0,8.0,7.0,6.0,10.0,1.0,1.0,1.0,1.0,1.0,1.0,7.0,3.0,1.0,1.0,1.0,3.0,1.0,1.0,1.0,1.0,1.0,1.0,1.0,1.0,8.0,1.0,1.0,1.0,1.0,1.0,1.0,,1.0,,5.0,2.0,2.0,2.0,2.0,2.0,5.0,1.0,5.0,1.0,5.0,1.0,1.0,2.0,2.0,3.0,2.0,,1.0,2.0,2.0,,2.0,2.0,2.0,2.0,1.0,1.0,1.0,3.0,4.0,2.0,2.0,2.0,3.0,4.0,2.0,1.0,1.0,,2.0,2.0,,1.0,3.0,7.0,8.0,7.0,8.0,7.0,,9.0,8.0,10.0,9.0,10.0,8.0,8.0,2.0,1.0,2.0,1.0,1.0,3.0,3.0
36070417,1.0,2.0,3.0,3.0,1.0,4.0,1.0,2.0,1.0,2.0,1.0,1.0,2.0,1.0,2.0,2.0,2.0,1.0,2.0,2.0,2.0,2.0,2.0,2.0,2.0,1.0,1.0,4.0,4.0,4.0,4.0,2.0,4.0,1.0,4.0,2.0,4.0,3.0,4.0,2.0,2.0,2.0,3.0,3.0,1.0,2.0,10.0,8.0,7.0,4.0,4.0,4.0,4.0,4.0,2.0,1.0,2.0,3.0,2.0,2.0,2.0,2.0,4.0,3.0,4.0,4.0,3.0,2.0,3.0,4.0,4.0,4.0,3.0,3.0,2.0,3.0,3.0,3.0,2.0,3.0,1.0,0.0,0.0,0.0,0.0,2.0,0.0,2.0,0.0,0.0,0.0,10.0,2.0,8.0,1.0,1.0,1.0,10.0,3.0,3.0,2.0,2.0,3.0,2.0,2.0,1.0,2.0,0.0,2.0,2.0,1.0,2.0,2.0,2.0,2.0,3.0,2.0,4.0,4.0,4.0,4.0,4.0,4.0,4.0,2.0,1.0,2.0,4.0,4.0,2.0,2.0,4.0,4.0,4.0,1.0,1.0,2.0,3.0,4.0,5.0,2.0,2.0,8.0,6.0,1.0,1.0,2.0,2.0,4.0,4.0,7.0,8.0,2.0,2.0,2.0,10.0,1.0,1.0,1.0,2.0,1.0,10.0,7.0,7.0,10.0,10.0,1.0,10.0,1.0,1.0,1.0,1.0,5.0,1.0,1.0,1.0,3.0,3.0,4.0,1.0,5.0,5.0,5.0,1.0,1.0,1.0,,2.0,1.0,1.0,1.0,1.0,1.0,2.0,1.0,1.0,,1.0,,,1.0,1.0,1.0,4.0,1.0,4.0,3.0,2.0,4.0,4.0,4.0,1.0,1.0,5.0,,,4.0,,,3.0,10.0,1.0,10.0,7.0,7.0,10.0,7.0,1.0,10.0,10.0,3.0,1.0,4.0,1.0,1.0,4.0,1.0,3.0,1.0
792070024,1.0,1.0,1.0,3.0,1.0,1.0,2.0,2.0,1.0,1.0,2.0,1.0,2.0,1.0,1.0,2.0,2.0,1.0,2.0,1.0,2.0,1.0,2.0,1.0,1.0,1.0,1.0,2.0,3.0,3.0,3.0,2.0,2.0,2.0,2.0,4.0,4.0,1.0,2.0,3.0,4.0,1.0,1.0,3.0,2.0,3.0,8.0,8.0,5.0,3.0,4.0,4.0,4.0,4.0,2.0,2.0,1.0,2.0,2.0,4.0,3.0,3.0,2.0,2.0,2.0,2.0,,2.0,2.0,2.0,3.0,,3.0,2.0,,,2.0,,,2.0,0.0,0.0,0.0,0.0,0.0,0.0,0.0,0.0,0.0,0.0,0.0,8.0,,9.0,7.0,10.0,2.0,10.0,4.0,4.0,4.0,3.0,3.0,1.0,2.0,8.0,2.0,2.0,2.0,2.0,1.0,2.0,2.0,2.0,2.0,4.0,3.0,4.0,4.0,4.0,,,4.0,4.0,,,,,,2.0,2.0,1.0,1.0,1.0,2.0,2.0,2.0,,,,8.0,,3.0,10.0,1.0,,1.0,1.0,2.0,1.0,6.0,1.0,1.0,1.0,,9.0,8.0,2.0,1.0,1.0,1.0,1.0,1.0,1.0,,1.0,1.0,1.0,1.0,1.0,1.0,,1.0,,,,,,4.0,3.0,5.0,1.0,5.0,1.0,5.0,5.0,5.0,5.0,,3.0,,3.0,2.0,2.0,3.0,3.0,,3.0,,3.0,1.0,1.0,,,2.0,,,,2.0,,,2.0,1.0,,2.0,2.0,,2.0,3.0,4.0,2.0,2.0,4.0,2.0,,,,2.0,2.0,,6.0,6.0,3.0,2.0,2.0,2.0,1.0,4.0,
792071111,2.0,1.0,1.0,2.0,1.0,2.0,1.0,2.0,1.0,2.0,2.0,1.0,2.0,2.0,1.0,2.0,2.0,1.0,2.0,1.0,2.0,2.0,2.0,2.0,2.0,2.0,2.0,1.0,2.0,2.0,2.0,1.0,2.0,1.0,2.0,4.0,4.0,2.0,2.0,3.0,1.0,1.0,2.0,1.0,2.0,2.0,8.0,8.0,8.0,2.0,1.0,4.0,2.0,2.0,3.0,2.0,1.0,2.0,3.0,3.0,3.0,4.0,3.0,1.0,2.0,2.0,2.0,1.0,2.0,2.0,2.0,1.0,1.0,2.0,1.0,2.0,4.0,4.0,3.0,4.0,0.0,0.0,0.0,0.0,0.0,0.0,0.0,0.0,0.0,0.0,0.0,1.0,9.0,6.0,4.0,7.0,1.0,8.0,3.0,2.0,3.0,2.0,2.0,3.0,2.0,7.0,2.0,2.0,1.0,2.0,2.0,2.0,2.0,1.0,2.0,3.0,2.0,3.0,2.0,3.0,4.0,3.0,3.0,3.0,2.0,1.0,,3.0,3.0,2.0,2.0,2.0,1.0,2.0,1.0,1.0,1.0,7.0,3.0,4.0,3.0,2.0,8.0,10.0,1.0,1.0,1.0,1.0,2.0,2.0,2.0,3.0,2.0,2.0,2.0,8.0,3.0,6.0,3.0,5.0,5.0,8.0,8.0,9.0,8.0,8.0,9.0,9.0,8.0,9.0,7.0,,8.0,,8.0,2.0,1.0,2.0,1.0,2.0,1.0,2.0,2.0,2.0,1.0,2.0,2.0,1.0,1.0,1.0,2.0,2.0,1.0,2.0,2.0,2.0,1.0,2.0,2.0,2.0,2.0,1.0,2.0,2.0,1.0,2.0,2.0,2.0,1.0,2.0,2.0,1.0,2.0,,3.0,1.0,,1.0,2.0,8.0,8.0,8.0,8.0,5.0,,8.0,8.0,8.0,7.0,7.0,8.0,8.0,3.0,2.0,2.0,1.0,1.0,2.0,1.0
554070134,1.0,1.0,1.0,3.0,2.0,4.0,1.0,2.0,1.0,2.0,2.0,1.0,1.0,1.0,2.0,2.0,2.0,1.0,2.0,2.0,2.0,2.0,2.0,2.0,2.0,2.0,2.0,3.0,4.0,4.0,4.0,2.0,5.0,2.0,5.0,2.0,5.0,5.0,5.0,4.0,4.0,1.0,1.0,2.0,2.0,2.0,10.0,8.0,10.0,4.0,4.0,4.0,4.0,4.0,1.0,2.0,1.0,2.0,1.0,4.0,2.0,3.0,3.0,2.0,4.0,4.0,3.0,2.0,2.0,4.0,4.0,3.0,3.0,2.0,1.0,2.0,3.0,3.0,,3.0,0.0,2.0,0.0,0.0,0.0,0.0,0.0,0.0,0.0,0.0,0.0,6.0,1.0,8.0,1.0,3.0,2.0,9.0,2.0,1.0,2.0,1.0,2.0,1.0,4.0,2.0,2.0,1.0,2.0,1.0,1.0,0.0,2.0,1.0,1.0,3.0,,3.0,3.0,4.0,,,4.0,,1.0,2.0,2.0,4.0,1.0,2.0,2.0,1.0,3.0,4.0,1.0,2.0,2.0,10.0,7.0,3.0,3.0,5.0,10.0,1.0,2.0,2.0,2.0,2.0,4.0,4.0,7.0,8.0,3.0,2.0,,4.0,1.0,1.0,1.0,1.0,1.0,10.0,10.0,10.0,10.0,10.0,4.0,10.0,1.0,1.0,1.0,1.0,8.0,1.0,8.0,2.0,1.0,2.0,2.0,2.0,2.0,1.0,1.0,5.0,5.0,1.0,5.0,2.0,1.0,2.0,2.0,2.0,1.0,1.0,2.0,1.0,1.0,2.0,2.0,2.0,1.0,1.0,1.0,4.0,3.0,4.0,3.0,1.0,4.0,4.0,1.0,1.0,1.0,4.0,4.0,4.0,4.0,1.0,4.0,6.0,1.0,1.0,10.0,1.0,1.0,10.0,1.0,1.0,10.0,10.0,8.0,3.0,1.0,2.0,4.0,4.0,2.0,4.0,4.0
528071635,2.0,2.0,1.0,4.0,2.0,4.0,1.0,1.0,2.0,2.0,1.0,2.0,1.0,2.0,2.0,1.0,2.0,1.0,2.0,2.0,2.0,2.0,2.0,1.0,2.0,2.0,2.0,4.0,4.0,4.0,4.0,4.0,5.0,2.0,5.0,2.0,5.0,3.0,2.0,2.0,3.0,,,,2.0,1.0,,,,,,,,,1.0,2.0,1.0,,2.0,,,,,,,,,,,,,,,,,,,,,,,,,,,,,,,,,,,,,,,,,,,,,,,,,,,,,,,,,,,,,,,,,,,,,,,,,,,,,,,,,,,,,,,,,,,,,,,,,,,,,,,,,,,,,,,,,,,,,,,,,,,,,,,,,,,,,,,,,,,,,,,,,,,,,,,,,,,,,,,,,,,,,,,,,,,,,,,,,,,,
422070796,2.0,2.0,2.0,4.0,2.0,1.0,1.0,2.0,2.0,2.0,2.0,1.0,2.0,2.0,1.0,1.0,1.0,1.0,2.0,1.0,1.0,2.0,2.0,1.0,1.0,2.0,1.0,2.0,3.0,4.0,4.0,3.0,3.0,1.0,2.0,,3.0,3.0,2.0,1.0,3.0,2.0,1.0,1.0,2.0,3.0,7.0,6.0,7.0,4.0,4.0,4.0,4.0,4.0,3.0,2.0,2.0,4.0,4.0,4.0,4.0,4.0,3.0,1.0,3.0,3.0,3.0,1.0,3.0,3.0,4.0,3.0,3.0,3.0,3.0,3.0,2.0,3.0,3.0,3.0,1.0,0.0,0.0,0.0,0.0,0.0,0.0,0.0,0.0,0.0,0.0,10.0,10.0,5.0,5.0,5.0,1.0,8.0,3.0,3.0,3.0,3.0,3.0,2.0,1.0,7.0,3.0,1.0,1.0,1.0,0.0,1.0,0.0,2.0,2.0,3.0,1.0,4.0,4.0,4.0,4.0,4.0,4.0,4.0,2.0,2.0,2.0,4.0,4.0,2.0,2.0,4.0,4.0,4.0,1.0,2.0,2.0,7.0,3.0,7.0,5.0,6.0,8.0,10.0,1.0,2.0,2.0,1.0,1.0,3.0,1.0,1.0,1.0,2.0,2.0,4.0,5.0,,1.0,1.0,5.0,1.0,,1.0,2.0,1.0,1.0,6.0,1.0,3.0,1.0,1.0,1.0,1.0,,2.0,2.0,2.0,2.0,2.0,5.0,2.0,5.0,5.0,5.0,5.0,5.0,5.0,3.0,3.0,3.0,3.0,3.0,3.0,3.0,3.0,3.0,3.0,3.0,3.0,3.0,3.0,2.0,2.0,,4.0,2.0,2.0,1.0,4.0,2.0,2.0,1.0,5.0,3.0,2.0,3.0,2.0,4.0,,7.0,1.0,9.0,8.0,8.0,7.0,3.0,2.0,9.0,8.0,,4.0,4.0,1.0,1.0,1.0,1.0,2.0,3.0
630070305,1.0,1.0,1.0,4.0,1.0,4.0,1.0,2.0,2.0,1.0,2.0,1.0,2.0,1.0,2.0,2.0,1.0,2.0,2.0,2.0,2.0,2.0,2.0,2.0,2.0,2.0,1.0,1.0,1.0,1.0,4.0,1.0,5.0,1.0,1.0,3.0,1.0,1.0,1.0,1.0,1.0,3.0,1.0,1.0,1.0,2.0,10.0,10.0,10.0,4.0,4.0,4.0,1.0,4.0,1.0,2.0,1.0,1.0,1.0,4.0,,1.0,4.0,1.0,1.0,1.0,4.0,1.0,3.0,4.0,4.0,4.0,4.0,1.0,4.0,3.0,1.0,1.0,1.0,1.0,0.0,0.0,1.0,0.0,0.0,2.0,0.0,2.0,2.0,2.0,0.0,5.0,5.0,1.0,1.0,1.0,1.0,10.0,2.0,1.0,1.0,1.0,1.0,1.0,1.0,10.0,3.0,0.0,0.0,2.0,2.0,2.0,0.0,2.0,2.0,,1.0,4.0,3.0,1.0,1.0,1.0,1.0,,1.0,2.0,2.0,2.0,1.0,2.0,2.0,1.0,1.0,1.0,2.0,2.0,1.0,10.0,10.0,10.0,1.0,10.0,10.0,1.0,2.0,2.0,2.0,2.0,4.0,4.0,7.0,8.0,2.0,2.0,2.0,8.0,1.0,1.0,1.0,1.0,1.0,1.0,1.0,1.0,5.0,10.0,1.0,1.0,1.0,1.0,1.0,1.0,1.0,1.0,1.0,4.0,4.0,4.0,4.0,3.0,1.0,1.0,5.0,5.0,5.0,5.0,5.0,4.0,3.0,2.0,2.0,2.0,3.0,3.0,3.0,1.0,,,,,1.0,1.0,2.0,4.0,4.0,4.0,4.0,3.0,4.0,4.0,1.0,1.0,1.0,,1.0,1.0,4.0,1.0,4.0,,10.0,1.0,10.0,10.0,10.0,10.0,10.0,10.0,10.0,10.0,10.0,10.0,1.0,1.0,1.0,1.0,1.0,1.0,1.0
762070147,1.0,2.0,2.0,4.0,2.0,3.0,2.0,1.0,2.0,1.0,1.0,2.0,2.0,1.0,2.0,2.0,2.0,1.0,2.0,1.0,1.0,,2.0,2.0,2.0,2.0,1.0,4.0,4.0,3.0,4.0,4.0,5.0,4.0,3.0,,2.0,1.0,1.0,2.0,1.0,3.0,1.0,1.0,2.0,1.0,8.0,7.0,7.0,4.0,4.0,3.0,4.0,4.0,1.0,2.0,1.0,3.0,3.0,4.0,4.0,4.0,4.0,2.0,3.0,3.0,1.0,2.0,2.0,1.0,,2.0,1.0,3.0,2.0,1.0,2.0,2.0,1.0,2.0,1.0,2.0,2.0,1.0,1.0,0.0,0.0,1.0,1.0,0.0,1.0,8.0,8.0,4.0,4.0,6.0,1.0,7.0,,,,,,2.0,3.0,,2.0,1.0,0.0,2.0,1.0,1.0,0.0,2.0,1.0,4.0,1.0,4.0,2.0,3.0,4.0,4.0,3.0,4.0,1.0,1.0,2.0,2.0,3.0,2.0,2.0,4.0,4.0,3.0,1.0,1.0,1.0,7.0,8.0,2.0,2.0,2.0,8.0,8.0,1.0,2.0,2.0,2.0,4.0,4.0,7.0,8.0,2.0,2.0,2.0,3.0,3.0,2.0,2.0,2.0,3.0,,3.0,2.0,2.0,3.0,2.0,2.0,3.0,3.0,2.0,2.0,3.0,3.0,3.0,3.0,4.0,4.0,3.0,2.0,3.0,1.0,5.0,2.0,2.0,1.0,2.0,2.0,2.0,3.0,3.0,3.0,2.0,1.0,3.0,3.0,3.0,2.0,3.0,3.0,1.0,1.0,1.0,1.0,2.0,4.0,1.0,1.0,4.0,3.0,1.0,1.0,2.0,1.0,3.0,3.0,4.0,2.0,4.0,3.0,3.0,3.0,10.0,7.0,2.0,8.0,4.0,10.0,10.0,10.0,10.0,10.0,2.0,2.0,2.0,1.0,1.0,2.0,2.0
586070428,1.0,1.0,4.0,4.0,1.0,1.0,1.0,2.0,2.0,1.0,2.0,1.0,2.0,1.0,1.0,2.0,2.0,2.0,2.0,1.0,2.0,1.0,2.0,2.0,1.0,2.0,1.0,4.0,1.0,3.0,1.0,3.0,4.0,1.0,1.0,,1.0,1.0,1.0,1.0,1.0,3.0,1.0,3.0,2.0,3.0,5.0,5.0,10.0,4.0,4.0,4.0,4.0,4.0,3.0,2.0,1.0,1.0,1.0,4.0,2.0,4.0,1.0,1.0,4.0,4.0,2.0,1.0,4.0,2.0,2.0,2.0,1.0,1.0,1.0,4.0,2.0,2.0,1.0,2.0,0.0,2.0,2.0,0.0,0.0,0.0,0.0,0.0,0.0,2.0,0.0,10.0,10.0,10.0,1.0,1.0,2.0,10.0,4.0,2.0,3.0,2.0,2.0,1.0,4.0,10.0,1.0,1.0,2.0,2.0,2.0,2.0,1.0,2.0,2.0,4.0,1.0,4.0,2.0,2.0,4.0,4.0,2.0,4.0,1.0,1.0,2.0,4.0,4.0,2.0,2.0,1.0,1.0,4.0,1.0,2.0,1.0,10.0,10.0,1.0,1.0,10.0,10.0,10.0,1.0,1.0,1.0,1.0,1.0,1.0,2.0,3.0,1.0,2.0,1.0,10.0,10.0,1.0,1.0,1.0,1.0,1.0,1.0,1.0,1.0,1.0,1.0,1.0,1.0,1.0,1.0,1.0,1.0,1.0,1.0,1.0,1.0,4.0,4.0,3.0,5.0,1.0,5.0,5.0,5.0,1.0,1.0,5.0,3.0,3.0,3.0,3.0,1.0,1.0,3.0,3.0,3.0,,,3.0,1.0,1.0,2.0,4.0,1.0,2.0,2.0,2.0,,4.0,1.0,1.0,1.0,3.0,1.0,4.0,2.0,2.0,2.0,,10.0,10.0,10.0,10.0,1.0,10.0,10.0,10.0,10.0,10.0,5.0,10.0,2.0,1.0,1.0,1.0,1.0,1.0,4.0
124075712,1.0,1.0,1.0,2.0,1.0,1.0,1.0,2.0,1.0,1.0,2.0,1.0,2.0,2.0,1.0,2.0,2.0,2.0,2.0,2.0,2.0,1.0,2.0,2.0,2.0,2.0,1.0,4.0,2.0,4.0,2.0,2.0,4.0,2.0,1.0,5.0,1.0,1.0,2.0,1.0,1.0,3.0,1.0,1.0,1.0,1.0,9.0,8.0,9.0,4.0,4.0,4.0,4.0,4.0,1.0,2.0,2.0,2.0,2.0,4.0,2.0,2.0,1.0,1.0,1.0,1.0,1.0,1.0,1.0,1.0,1.0,1.0,1.0,1.0,1.0,1.0,1.0,1.0,1.0,1.0,2.0,2.0,2.0,2.0,1.0,2.0,2.0,2.0,2.0,2.0,0.0,6.0,5.0,10.0,1.0,1.0,1.0,7.0,2.0,2.0,2.0,2.0,1.0,3.0,4.0,9.0,5.0,2.0,2.0,0.0,1.0,2.0,2.0,2.0,2.0,3.0,1.0,3.0,3.0,3.0,3.0,3.0,3.0,4.0,1.0,1.0,1.0,1.0,1.0,2.0,2.0,1.0,1.0,1.0,2.0,2.0,1.0,10.0,10.0,6.0,7.0,1.0,10.0,10.0,1.0,1.0,1.0,1.0,1.0,3.0,2.0,1.0,1.0,2.0,2.0,2.0,2.0,3.0,3.0,8.0,2.0,5.0,6.0,2.0,8.0,7.0,4.0,6.0,3.0,7.0,6.0,2.0,5.0,3.0,6.0,2.0,3.0,2.0,1.0,2.0,1.0,1.0,1.0,1.0,2.0,1.0,1.0,2.0,2.0,3.0,1.0,3.0,1.0,1.0,2.0,1.0,1.0,2.0,2.0,1.0,1.0,1.0,1.0,4.0,4.0,4.0,1.0,1.0,3.0,4.0,1.0,1.0,1.0,1.0,4.0,3.0,2.0,2.0,3.0,8.0,4.0,5.0,10.0,7.0,9.0,10.0,6.0,10.0,9.0,8.0,8.0,8.0,1.0,1.0,1.0,1.0,1.0,1.0,1.0
76070295,1.0,2.0,1.0,3.0,1.0,3.0,1.0,1.0,2.0,1.0,1.0,2.0,2.0,2.0,2.0,2.0,2.0,2.0,2.0,2.0,2.0,2.0,2.0,2.0,2.0,2.0,2.0,2.0,3.0,4.0,4.0,3.0,4.0,4.0,4.0,2.0,4.0,3.0,3.0,4.0,4.0,1.0,1.0,1.0,1.0,1.0,5.0,1.0,7.0,4.0,4.0,4.0,2.0,4.0,2.0,2.0,1.0,,2.0,3.0,,2.0,4.0,2.0,3.0,2.0,4.0,2.0,2.0,2.0,2.0,2.0,2.0,2.0,2.0,2.0,2.0,2.0,2.0,2.0,0.0,0.0,0.0,0.0,0.0,0.0,0.0,0.0,0.0,0.0,0.0,1.0,10.0,1.0,1.0,1.0,1.0,10.0,3.0,2.0,2.0,2.0,2.0,3.0,5.0,5.0,3.0,2.0,2.0,0.0,1.0,0.0,2.0,0.0,1.0,1.0,2.0,,3.0,3.0,3.0,,3.0,,2.0,2.0,2.0,2.0,,2.0,2.0,4.0,3.0,4.0,1.0,2.0,1.0,10.0,10.0,10.0,10.0,1.0,10.0,1.0,2.0,,2.0,2.0,4.0,,7.0,8.0,3.0,1.0,2.0,5.0,1.0,1.0,1.0,1.0,1.0,10.0,10.0,10.0,10.0,10.0,10.0,10.0,1.0,1.0,1.0,1.0,10.0,1.0,10.0,4.0,4.0,4.0,4.0,3.0,5.0,5.0,5.0,1.0,3.0,1.0,1.0,1.0,2.0,,2.0,2.0,2.0,,3.0,3.0,2.0,2.0,3.0,3.0,2.0,2.0,,,,2.0,3.0,2.0,2.0,,2.0,1.0,1.0,4.0,2.0,1.0,2.0,2.0,4.0,,1.0,1.0,10.0,10.0,10.0,10.0,1.0,1.0,10.0,10.0,5.0,5.0,2.0,,2.0,2.0,2.0,2.0,2.0
156071778,1.0,1.0,2.0,2.0,2.0,2.0,1.0,2.0,1.0,1.0,2.0,1.0,1.0,2.0,2.0,2.0,2.0,1.0,2.0,2.0,2.0,2.0,2.0,1.0,2.0,2.0,2.0,2.0,3.0,3.0,3.0,2.0,4.0,2.0,4.0,3.0,2.0,2.0,4.0,4.0,2.0,3.0,1.0,1.0,2.0,2.0,7.0,8.0,8.0,4.0,4.0,4.0,4.0,4.0,1.0,1.0,1.0,2.0,2.0,3.0,3.0,3.0,2.0,1.0,3.0,3.0,2.0,2.0,2.0,2.0,2.0,2.0,2.0,3.0,3.0,3.0,2.0,2.0,2.0,2.0,0.0,0.0,0.0,0.0,1.0,0.0,0.0,0.0,1.0,0.0,0.0,4.0,3.0,8.0,5.0,2.0,1.0,5.0,1.0,2.0,2.0,1.0,2.0,2.0,4.0,5.0,3.0,1.0,2.0,0.0,,0.0,1.0,2.0,2.0,,1.0,,,,,,,,,,,3.0,3.0,2.0,2.0,3.0,3.0,,2.0,2.0,1.0,7.0,8.0,4.0,3.0,3.0,8.0,4.0,1.0,1.0,1.0,1.0,3.0,3.0,7.0,8.0,2.0,1.0,2.0,3.0,4.0,2.0,1.0,2.0,2.0,1.0,1.0,1.0,4.0,4.0,1.0,3.0,3.0,4.0,4.0,4.0,2.0,2.0,2.0,2.0,2.0,3.0,2.0,2.0,4.0,2.0,4.0,1.0,3.0,,,,2.0,2.0,2.0,3.0,1.0,2.0,3.0,1.0,1.0,2.0,3.0,2.0,3.0,,,,,,,,,,,,,,2.0,3.0,2.0,2.0,3.0,,8.0,3.0,9.0,8.0,6.0,8.0,5.0,2.0,8.0,7.0,8.0,8.0,2.0,2.0,2.0,2.0,2.0,3.0,3.0
392070122,1.0,1.0,1.0,,3.0,4.0,1.0,1.0,1.0,2.0,1.0,1.0,2.0,2.0,2.0,2.0,2.0,1.0,2.0,1.0,2.0,2.0,2.0,1.0,2.0,2.0,,3.0,3.0,3.0,3.0,1.0,4.0,3.0,5.0,2.0,3.0,,2.0,2.0,4.0,3.0,1.0,3.0,1.0,1.0,7.0,7.0,9.0,4.0,4.0,4.0,4.0,4.0,,2.0,1.0,3.0,2.0,3.0,3.0,3.0,4.0,1.0,1.0,1.0,2.0,1.0,1.0,1.0,1.0,1.0,1.0,1.0,2.0,2.0,1.0,1.0,2.0,,0.0,0.0,0.0,0.0,0.0,0.0,0.0,0.0,0.0,0.0,0.0,5.0,5.0,4.0,6.0,4.0,1.0,5.0,,,,,,2.0,4.0,6.0,3.0,2.0,2.0,0.0,2.0,0.0,2.0,1.0,1.0,2.0,1.0,4.0,4.0,4.0,4.0,4.0,4.0,4.0,1.0,1.0,,3.0,3.0,2.0,2.0,3.0,3.0,4.0,2.0,2.0,,,,,,,,2.0,2.0,2.0,2.0,2.0,3.0,3.0,6.0,7.0,2.0,2.0,2.0,5.0,7.0,1.0,1.0,1.0,1.0,10.0,1.0,7.0,10.0,4.0,1.0,5.0,1.0,1.0,1.0,1.0,1.0,1.0,3.0,3.0,3.0,3.0,3.0,3.0,4.0,1.0,5.0,1.0,5.0,2.0,4.0,2.0,3.0,3.0,3.0,3.0,,,,,3.0,3.0,3.0,3.0,3.0,3.0,,,,3.0,2.0,2.0,,4.0,1.0,1.0,2.0,2.0,4.0,2.0,4.0,2.0,4.0,6.0,6.0,6.0,7.0,7.0,4.0,7.0,7.0,5.0,8.0,8.0,7.0,7.0,2.0,1.0,1.0,2.0,2.0,3.0,4.0
702071411,1.0,2.0,2.0,2.0,2.0,2.0,1.0,2.0,1.0,1.0,2.0,2.0,2.0,2.0,2.0,2.0,2.0,2.0,2.0,2.0,2.0,2.0,2.0,2.0,2.0,1.0,2.0,3.0,2.0,2.0,2.0,3.0,3.0,2.0,3.0,3.0,3.0,2.0,2.0,2.0,2.0,2.0,1.0,1.0,1.0,2.0,5.0,4.0,3.0,4.0,4.0,4.0,3.0,4.0,1.0,2.0,1.0,2.0,2.0,4.0,2.0,2.0,2.0,2.0,2.0,2.0,2.0,2.0,2.0,2.0,2.0,2.0,2.0,2.0,2.0,2.0,2.0,3.0,3.0,3.0,0.0,0.0,0.0,0.0,0.0,0.0,0.0,0.0,0.0,0.0,0.0,10.0,5.0,2.0,5.0,10.0,2.0,5.0,2.0,2.0,,2.0,2.0,1.0,3.0,5.0,2.0,1.0,1.0,1.0,0.0,1.0,1.0,1.0,1.0,2.0,2.0,4.0,4.0,4.0,4.0,4.0,4.0,4.0,1.0,2.0,,1.0,3.0,2.0,2.0,2.0,2.0,2.0,2.0,2.0,1.0,5.0,5.0,5.0,5.0,5.0,5.0,5.0,1.0,2.0,2.0,2.0,3.0,3.0,6.0,5.0,1.0,2.0,2.0,5.0,5.0,1.0,1.0,1.0,1.0,1.0,1.0,1.0,1.0,1.0,1.0,1.0,1.0,5.0,1.0,1.0,1.0,1.0,5.0,3.0,3.0,3.0,3.0,2.0,2.0,4.0,4.0,1.0,4.0,4.0,4.0,4.0,3.0,3.0,3.0,3.0,3.0,2.0,3.0,3.0,3.0,3.0,3.0,3.0,,1.0,2.0,3.0,2.0,3.0,2.0,2.0,,4.0,2.0,2.0,2.0,3.0,2.0,2.0,4.0,4.0,4.0,8.0,10.0,1.0,10.0,8.0,1.0,7.0,2.0,2.0,6.0,5.0,5.0,4.0,3.0,2.0,,,2.0,3.0,3.0
702071457,1.0,3.0,3.0,3.0,3.0,1.0,1.0,2.0,1.0,2.0,2.0,1.0,2.0,2.0,1.0,2.0,2.0,1.0,2.0,1.0,2.0,1.0,2.0,1.0,2.0,2.0,1.0,3.0,2.0,3.0,3.0,2.0,1.0,1.0,3.0,4.0,2.0,1.0,1.0,1.0,2.0,3.0,1.0,2.0,2.0,1.0,4.0,7.0,7.0,3.0,4.0,4.0,4.0,4.0,1.0,1.0,1.0,1.0,3.0,3.0,3.0,2.0,3.0,,3.0,3.0,,,,,,,,,,,3.0,,,,1.0,0.0,0.0,0.0,0.0,0.0,0.0,0.0,0.0,0.0,0.0,5.0,5.0,5.0,5.0,5.0,,5.0,1.0,1.0,,1.0,1.0,1.0,3.0,5.0,2.0,1.0,1.0,1.0,1.0,1.0,1.0,1.0,1.0,2.0,2.0,4.0,4.0,4.0,4.0,4.0,4.0,4.0,1.0,2.0,,3.0,,2.0,2.0,4.0,4.0,4.0,2.0,2.0,1.0,5.0,5.0,5.0,5.0,5.0,5.0,10.0,1.0,1.0,1.0,1.0,2.0,3.0,4.0,1.0,1.0,2.0,2.0,5.0,1.0,1.0,1.0,1.0,1.0,1.0,1.0,1.0,1.0,1.0,1.0,1.0,1.0,1.0,1.0,1.0,1.0,1.0,1.0,2.0,,,3.0,3.0,2.0,2.0,2.0,5.0,5.0,5.0,5.0,5.0,3.0,3.0,3.0,3.0,2.0,3.0,3.0,3.0,3.0,3.0,3.0,3.0,,1.0,,,,,,,,,2.0,2.0,3.0,4.0,4.0,,,2.0,,5.0,6.0,6.0,6.0,5.0,5.0,5.0,,,5.0,5.0,5.0,5.0,2.0,3.0,,,2.0,3.0,3.0
702071089,1.0,2.0,2.0,3.0,1.0,2.0,2.0,1.0,1.0,2.0,2.0,1.0,2.0,2.0,2.0,1.0,1.0,2.0,2.0,2.0,2.0,2.0,2.0,2.0,2.0,2.0,2.0,3.0,2.0,2.0,2.0,2.0,3.0,2.0,4.0,4.0,2.0,2.0,4.0,3.0,3.0,2.0,1.0,2.0,2.0,2.0,6.0,7.0,7.0,4.0,4.0,4.0,4.0,4.0,1.0,2.0,2.0,2.0,2.0,3.0,2.0,2.0,3.0,2.0,3.0,2.0,3.0,2.0,2.0,2.0,2.0,2.0,2.0,1.0,2.0,3.0,3.0,2.0,3.0,3.0,0.0,0.0,0.0,0.0,0.0,0.0,0.0,0.0,0.0,0.0,0.0,10.0,1.0,1.0,5.0,1.0,2.0,5.0,2.0,2.0,,2.0,2.0,1.0,4.0,3.0,3.0,2.0,2.0,2.0,2.0,2.0,2.0,2.0,2.0,3.0,2.0,4.0,4.0,3.0,2.0,4.0,2.0,2.0,2.0,2.0,,3.0,,2.0,2.0,3.0,3.0,3.0,1.0,2.0,1.0,4.0,4.0,4.0,6.0,6.0,5.0,5.0,1.0,2.0,2.0,2.0,3.0,3.0,5.0,5.0,1.0,2.0,2.0,5.0,3.0,3.0,3.0,1.0,7.0,4.0,4.0,4.0,5.0,10.0,7.0,7.0,1.0,1.0,3.0,1.0,8.0,1.0,2.0,1.0,4.0,4.0,2.0,2.0,5.0,1.0,5.0,1.0,2.0,2.0,2.0,1.0,3.0,3.0,3.0,3.0,3.0,3.0,3.0,3.0,3.0,3.0,3.0,3.0,,1.0,3.0,3.0,1.0,2.0,2.0,2.0,3.0,4.0,1.0,1.0,2.0,5.0,2.0,2.0,2.0,2.0,2.0,3.0,7.0,7.0,4.0,5.0,3.0,3.0,4.0,5.0,5.0,7.0,7.0,5.0,3.0,2.0,,,2.0,3.0,3.0
360070972,1.0,1.0,1.0,3.0,1.0,1.0,1.0,1.0,2.0,1.0,2.0,1.0,2.0,1.0,2.0,2.0,2.0,1.0,2.0,2.0,2.0,1.0,2.0,1.0,1.0,2.0,2.0,3.0,3.0,3.0,2.0,2.0,2.0,2.0,4.0,4.0,4.0,4.0,4.0,5.0,2.0,3.0,1.0,2.0,2.0,2.0,7.0,8.0,8.0,4.0,4.0,4.0,2.0,4.0,,2.0,1.0,2.0,2.0,4.0,2.0,3.0,1.0,2.0,3.0,3.0,2.0,3.0,2.0,2.0,3.0,3.0,2.0,2.0,3.0,3.0,2.0,3.0,2.0,2.0,1.0,0.0,0.0,0.0,0.0,0.0,0.0,0.0,0.0,0.0,,9.0,9.0,2.0,1.0,1.0,,10.0,4.0,3.0,3.0,3.0,2.0,2.0,5.0,10.0,3.0,2.0,2.0,2.0,2.0,2.0,2.0,2.0,2.0,4.0,2.0,4.0,3.0,4.0,4.0,4.0,3.0,4.0,2.0,2.0,2.0,2.0,2.0,2.0,2.0,1.0,1.0,1.0,2.0,2.0,1.0,10.0,10.0,2.0,10.0,2.0,10.0,10.0,1.0,1.0,1.0,1.0,4.0,1.0,2.0,1.0,1.0,2.0,2.0,2.0,1.0,2.0,1.0,2.0,1.0,1.0,1.0,1.0,1.0,1.0,1.0,1.0,1.0,1.0,1.0,2.0,1.0,1.0,1.0,2.0,2.0,4.0,4.0,3.0,5.0,1.0,1.0,5.0,5.0,5.0,5.0,1.0,1.0,3.0,3.0,,1.0,1.0,,1.0,,,,,1.0,1.0,2.0,4.0,3.0,3.0,3.0,3.0,2.0,4.0,1.0,2.0,1.0,,4.0,1.0,4.0,1.0,2.0,,10.0,10.0,9.0,9.0,2.0,8.0,9.0,10.0,9.0,10.0,8.0,7.0,,1.0,3.0,3.0,3.0,4.0,4.0
170071308,1.0,2.0,2.0,2.0,2.0,1.0,1.0,2.0,2.0,1.0,2.0,1.0,2.0,2.0,1.0,1.0,2.0,1.0,2.0,2.0,2.0,2.0,2.0,2.0,2.0,2.0,1.0,1.0,3.0,4.0,4.0,3.0,4.0,4.0,4.0,4.0,4.0,2.0,2.0,2.0,2.0,3.0,1.0,1.0,2.0,2.0,9.0,9.0,7.0,4.0,3.0,3.0,2.0,4.0,2.0,2.0,2.0,3.0,2.0,3.0,2.0,3.0,2.0,2.0,3.0,3.0,3.0,2.0,2.0,2.0,3.0,3.0,3.0,2.0,3.0,2.0,2.0,2.0,2.0,1.0,2.0,2.0,2.0,0.0,1.0,1.0,1.0,2.0,1.0,1.0,1.0,7.0,8.0,8.0,5.0,2.0,1.0,8.0,3.0,3.0,2.0,2.0,3.0,2.0,2.0,7.0,2.0,0.0,0.0,2.0,0.0,0.0,0.0,2.0,0.0,3.0,1.0,4.0,3.0,4.0,4.0,3.0,3.0,3.0,1.0,1.0,2.0,3.0,,2.0,2.0,1.0,2.0,2.0,1.0,2.0,1.0,7.0,8.0,8.0,3.0,1.0,8.0,10.0,1.0,1.0,1.0,1.0,3.0,3.0,2.0,2.0,1.0,2.0,1.0,7.0,7.0,2.0,2.0,5.0,5.0,6.0,6.0,1.0,7.0,7.0,2.0,5.0,2.0,2.0,2.0,5.0,6.0,4.0,5.0,4.0,4.0,4.0,2.0,2.0,3.0,1.0,1.0,4.0,2.0,1.0,1.0,1.0,2.0,1.0,2.0,1.0,1.0,1.0,2.0,2.0,2.0,2.0,1.0,2.0,1.0,1.0,2.0,3.0,3.0,1.0,2.0,2.0,1.0,3.0,1.0,2.0,1.0,1.0,1.0,2.0,2.0,2.0,3.0,9.0,3.0,2.0,3.0,5.0,5.0,6.0,6.0,3.0,3.0,8.0,5.0,3.0,3.0,1.0,2.0,2.0,2.0,3.0,3.0
124072218,2.0,2.0,2.0,3.0,2.0,4.0,1.0,2.0,1.0,2.0,2.0,1.0,2.0,2.0,2.0,1.0,1.0,1.0,2.0,2.0,2.0,2.0,2.0,1.0,2.0,2.0,3.0,3.0,3.0,3.0,3.0,3.0,4.0,3.0,3.0,1.0,5.0,3.0,4.0,2.0,3.0,3.0,1.0,2.0,2.0,2.0,9.0,9.0,7.0,4.0,4.0,4.0,4.0,4.0,3.0,1.0,2.0,2.0,2.0,3.0,2.0,2.0,3.0,2.0,2.0,3.0,3.0,2.0,2.0,2.0,3.0,2.0,2.0,2.0,2.0,3.0,2.0,2.0,3.0,2.0,0.0,2.0,0.0,0.0,0.0,0.0,0.0,0.0,0.0,0.0,0.0,7.0,5.0,9.0,5.0,1.0,2.0,7.0,2.0,2.0,2.0,2.0,2.0,2.0,3.0,7.0,3.0,1.0,1.0,1.0,1.0,1.0,1.0,1.0,1.0,3.0,2.0,3.0,2.0,4.0,2.0,2.0,3.0,3.0,2.0,2.0,2.0,3.0,4.0,2.0,2.0,3.0,3.0,3.0,2.0,2.0,1.0,9.0,9.0,1.0,6.0,1.0,10.0,1.0,2.0,2.0,2.0,2.0,4.0,4.0,7.0,8.0,3.0,2.0,2.0,6.0,1.0,1.0,1.0,1.0,1.0,10.0,10.0,10.0,10.0,10.0,1.0,5.0,1.0,1.0,1.0,1.0,10.0,1.0,7.0,2.0,4.0,4.0,2.0,3.0,5.0,5.0,1.0,1.0,1.0,1.0,1.0,1.0,3.0,3.0,3.0,3.0,3.0,2.0,3.0,2.0,3.0,3.0,3.0,3.0,1.0,1.0,1.0,3.0,4.0,3.0,1.0,1.0,3.0,4.0,1.0,1.0,1.0,1.0,4.0,4.0,4.0,1.0,4.0,5.0,10.0,1.0,10.0,6.0,1.0,10.0,3.0,7.0,10.0,10.0,8.0,8.0,1.0,1.0,2.0,2.0,1.0,2.0,3.0
104070486,1.0,2.0,2.0,2.0,1.0,1.0,1.0,2.0,2.0,1.0,2.0,2.0,2.0,1.0,1.0,2.0,1.0,1.0,1.0,1.0,1.0,1.0,2.0,1.0,1.0,2.0,1.0,4.0,3.0,4.0,2.0,1.0,1.0,1.0,5.0,5.0,1.0,1.0,1.0,1.0,1.0,3.0,1.0,1.0,2.0,4.0,2.0,8.0,8.0,4.0,4.0,4.0,4.0,4.0,2.0,2.0,1.0,1.0,1.0,3.0,3.0,3.0,3.0,4.0,3.0,1.0,1.0,3.0,2.0,1.0,3.0,1.0,3.0,1.0,3.0,4.0,1.0,1.0,1.0,1.0,2.0,0.0,0.0,0.0,0.0,0.0,0.0,2.0,0.0,2.0,0.0,4.0,4.0,4.0,5.0,5.0,2.0,5.0,1.0,3.0,2.0,2.0,1.0,3.0,1.0,7.0,1.0,0.0,2.0,2.0,2.0,0.0,2.0,0.0,0.0,3.0,1.0,4.0,1.0,3.0,4.0,4.0,4.0,4.0,1.0,1.0,2.0,1.0,1.0,2.0,2.0,1.0,1.0,1.0,2.0,2.0,1.0,9.0,9.0,5.0,7.0,5.0,7.0,10.0,1.0,2.0,1.0,1.0,1.0,1.0,1.0,2.0,1.0,1.0,2.0,5.0,4.0,9.0,5.0,5.0,5.0,5.0,5.0,5.0,10.0,4.0,5.0,5.0,5.0,3.0,4.0,5.0,5.0,5.0,4.0,1.0,1.0,4.0,1.0,2.0,5.0,2.0,5.0,1.0,5.0,5.0,5.0,1.0,3.0,3.0,3.0,3.0,1.0,3.0,,1.0,3.0,,,,1.0,3.0,3.0,4.0,4.0,4.0,3.0,1.0,4.0,4.0,1.0,2.0,1.0,2.0,1.0,1.0,4.0,1.0,4.0,,3.0,2.0,8.0,3.0,8.0,5.0,5.0,4.0,3.0,10.0,5.0,5.0,3.0,1.0,1.0,2.0,3.0,4.0,4.0
156072917,1.0,1.0,1.0,2.0,1.0,1.0,1.0,1.0,1.0,1.0,2.0,1.0,2.0,2.0,2.0,2.0,2.0,1.0,2.0,1.0,2.0,1.0,2.0,2.0,2.0,2.0,2.0,1.0,2.0,3.0,3.0,2.0,2.0,2.0,3.0,4.0,2.0,1.0,2.0,2.0,2.0,3.0,1.0,1.0,3.0,3.0,7.0,5.0,5.0,4.0,4.0,4.0,4.0,4.0,2.0,1.0,1.0,2.0,2.0,3.0,3.0,3.0,2.0,2.0,2.0,2.0,2.0,2.0,2.0,2.0,2.0,2.0,2.0,2.0,2.0,2.0,2.0,2.0,2.0,2.0,0.0,0.0,0.0,0.0,0.0,0.0,0.0,0.0,0.0,0.0,0.0,8.0,8.0,6.0,4.0,4.0,2.0,9.0,3.0,4.0,3.0,3.0,2.0,4.0,4.0,10.0,3.0,2.0,2.0,2.0,,2.0,2.0,2.0,2.0,,1.0,,,,,,,,,,,2.0,2.0,2.0,2.0,2.0,2.0,,1.0,2.0,1.0,7.0,10.0,4.0,4.0,4.0,8.0,5.0,2.0,2.0,2.0,2.0,3.0,2.0,6.0,8.0,1.0,1.0,2.0,5.0,4.0,3.0,3.0,3.0,3.0,3.0,3.0,3.0,3.0,3.0,3.0,3.0,3.0,5.0,3.0,3.0,3.0,3.0,5.0,2.0,3.0,3.0,2.0,3.0,4.0,5.0,5.0,1.0,5.0,5.0,1.0,2.0,2.0,2.0,2.0,2.0,2.0,2.0,3.0,2.0,3.0,3.0,3.0,3.0,2.0,,,,,,,,,,,,,,4.0,4.0,3.0,2.0,3.0,,5.0,2.0,1.0,10.0,10.0,10.0,10.0,10.0,10.0,9.0,5.0,5.0,2.0,2.0,2.0,2.0,2.0,2.0,2.0
558070744,1.0,2.0,2.0,3.0,1.0,1.0,1.0,2.0,2.0,2.0,2.0,1.0,2.0,2.0,1.0,1.0,1.0,1.0,2.0,2.0,2.0,2.0,2.0,2.0,2.0,2.0,2.0,3.0,3.0,3.0,3.0,3.0,4.0,4.0,4.0,3.0,4.0,4.0,4.0,4.0,2.0,1.0,1.0,1.0,2.0,1.0,8.0,10.0,7.0,2.0,3.0,2.0,2.0,4.0,2.0,2.0,1.0,3.0,1.0,2.0,2.0,2.0,1.0,2.0,3.0,3.0,3.0,3.0,2.0,2.0,2.0,2.0,3.0,2.0,2.0,3.0,3.0,3.0,2.0,2.0,1.0,2.0,1.0,0.0,2.0,0.0,0.0,0.0,0.0,0.0,0.0,8.0,1.0,8.0,5.0,8.0,1.0,6.0,2.0,2.0,2.0,1.0,1.0,1.0,4.0,2.0,3.0,2.0,0.0,0.0,0.0,0.0,0.0,0.0,0.0,2.0,2.0,3.0,2.0,4.0,4.0,4.0,4.0,4.0,1.0,2.0,2.0,1.0,1.0,2.0,2.0,2.0,1.0,1.0,2.0,2.0,1.0,8.0,4.0,8.0,10.0,9.0,7.0,10.0,1.0,2.0,2.0,2.0,2.0,2.0,2.0,1.0,1.0,2.0,2.0,9.0,1.0,1.0,1.0,1.0,1.0,6.0,6.0,1.0,5.0,5.0,1.0,1.0,1.0,5.0,1.0,1.0,1.0,1.0,1.0,1.0,4.0,2.0,3.0,1.0,5.0,1.0,1.0,2.0,2.0,1.0,1.0,1.0,2.0,3.0,3.0,3.0,2.0,2.0,3.0,2.0,1.0,3.0,3.0,3.0,1.0,1.0,1.0,4.0,4.0,4.0,4.0,3.0,4.0,4.0,1.0,3.0,1.0,1.0,1.0,2.0,3.0,1.0,2.0,9.0,7.0,4.0,9.0,2.0,1.0,9.0,2.0,1.0,7.0,9.0,9.0,9.0,1.0,1.0,2.0,2.0,2.0,3.0,3.0
586070868,1.0,2.0,1.0,4.0,2.0,1.0,1.0,2.0,2.0,2.0,2.0,2.0,2.0,2.0,2.0,2.0,1.0,1.0,2.0,2.0,2.0,1.0,2.0,1.0,1.0,2.0,1.0,2.0,4.0,3.0,3.0,3.0,3.0,2.0,3.0,4.0,2.0,3.0,2.0,2.0,3.0,1.0,2.0,3.0,2.0,1.0,7.0,5.0,6.0,4.0,4.0,4.0,4.0,4.0,1.0,1.0,1.0,1.0,2.0,2.0,2.0,4.0,1.0,2.0,4.0,4.0,2.0,2.0,2.0,4.0,4.0,2.0,2.0,1.0,3.0,2.0,2.0,2.0,2.0,2.0,0.0,0.0,0.0,0.0,0.0,0.0,0.0,0.0,0.0,0.0,0.0,8.0,5.0,7.0,6.0,4.0,2.0,5.0,2.0,3.0,2.0,3.0,2.0,2.0,2.0,5.0,4.0,1.0,1.0,0.0,0.0,0.0,0.0,0.0,0.0,1.0,1.0,4.0,4.0,4.0,4.0,,4.0,4.0,2.0,2.0,2.0,2.0,2.0,2.0,2.0,2.0,3.0,3.0,1.0,2.0,1.0,6.0,5.0,5.0,6.0,6.0,5.0,10.0,1.0,1.0,1.0,1.0,2.0,3.0,2.0,3.0,1.0,1.0,1.0,6.0,4.0,6.0,6.0,6.0,6.0,6.0,3.0,4.0,5.0,4.0,6.0,5.0,4.0,4.0,5.0,5.0,6.0,3.0,6.0,3.0,4.0,,2.0,1.0,5.0,1.0,4.0,2.0,5.0,5.0,5.0,4.0,,2.0,,3.0,3.0,3.0,3.0,,3.0,3.0,2.0,3.0,2.0,3.0,2.0,2.0,2.0,3.0,3.0,3.0,3.0,3.0,3.0,3.0,2.0,2.0,2.0,2.0,2.0,2.0,2.0,,7.0,6.0,4.0,6.0,5.0,5.0,5.0,5.0,4.0,5.0,5.0,5.0,2.0,1.0,2.0,2.0,3.0,2.0,2.0
484070444,1.0,3.0,3.0,4.0,1.0,4.0,1.0,2.0,2.0,1.0,2.0,2.0,1.0,2.0,1.0,2.0,1.0,2.0,2.0,1.0,2.0,1.0,1.0,2.0,2.0,2.0,2.0,2.0,3.0,4.0,3.0,2.0,4.0,3.0,4.0,2.0,2.0,3.0,3.0,3.0,2.0,2.0,2.0,2.0,1.0,2.0,5.0,4.0,7.0,4.0,4.0,4.0,4.0,4.0,2.0,2.0,2.0,3.0,3.0,4.0,4.0,4.0,2.0,2.0,2.0,3.0,3.0,4.0,3.0,3.0,4.0,3.0,3.0,2.0,4.0,3.0,3.0,2.0,2.0,2.0,1.0,1.0,1.0,1.0,0.0,0.0,0.0,1.0,1.0,0.0,0.0,5.0,3.0,6.0,8.0,9.0,2.0,5.0,4.0,3.0,3.0,4.0,3.0,1.0,3.0,4.0,3.0,1.0,1.0,1.0,1.0,2.0,2.0,0.0,0.0,2.0,2.0,1.0,1.0,1.0,4.0,1.0,1.0,1.0,1.0,1.0,1.0,1.0,3.0,2.0,2.0,2.0,2.0,2.0,2.0,1.0,1.0,4.0,3.0,5.0,2.0,3.0,4.0,9.0,1.0,2.0,2.0,2.0,2.0,2.0,6.0,6.0,2.0,1.0,2.0,3.0,3.0,3.0,4.0,4.0,5.0,5.0,6.0,6.0,2.0,2.0,2.0,1.0,1.0,1.0,1.0,1.0,1.0,2.0,2.0,2.0,2.0,2.0,3.0,2.0,1.0,4.0,4.0,4.0,3.0,3.0,3.0,3.0,3.0,3.0,3.0,3.0,3.0,3.0,3.0,3.0,3.0,3.0,3.0,3.0,1.0,1.0,4.0,3.0,3.0,3.0,4.0,4.0,3.0,3.0,4.0,2.0,3.0,2.0,2.0,2.0,3.0,3.0,4.0,5.0,4.0,3.0,2.0,2.0,1.0,4.0,3.0,3.0,1.0,5.0,7.0,9.0,3.0,1.0,1.0,3.0,3.0,4.0,4.0
484070050,1.0,2.0,1.0,3.0,1.0,1.0,2.0,1.0,2.0,1.0,2.0,1.0,2.0,1.0,2.0,1.0,2.0,1.0,2.0,2.0,2.0,2.0,2.0,1.0,2.0,2.0,1.0,3.0,3.0,3.0,3.0,2.0,4.0,4.0,3.0,2.0,4.0,1.0,1.0,1.0,4.0,1.0,1.0,1.0,1.0,2.0,10.0,10.0,8.0,4.0,3.0,4.0,4.0,3.0,1.0,2.0,1.0,2.0,4.0,4.0,4.0,4.0,3.0,2.0,2.0,4.0,4.0,3.0,2.0,2.0,4.0,4.0,4.0,1.0,2.0,2.0,4.0,3.0,2.0,2.0,1.0,0.0,0.0,0.0,0.0,0.0,0.0,0.0,0.0,0.0,0.0,8.0,5.0,9.0,1.0,1.0,1.0,10.0,3.0,3.0,3.0,3.0,3.0,3.0,3.0,1.0,4.0,1.0,2.0,0.0,2.0,1.0,2.0,0.0,1.0,3.0,2.0,2.0,2.0,3.0,4.0,4.0,4.0,4.0,1.0,1.0,2.0,1.0,1.0,2.0,2.0,1.0,2.0,2.0,1.0,1.0,1.0,6.0,5.0,10.0,1.0,1.0,10.0,10.0,1.0,1.0,1.0,1.0,3.0,4.0,3.0,2.0,1.0,2.0,2.0,10.0,1.0,1.0,1.0,1.0,1.0,7.0,6.0,1.0,10.0,7.0,1.0,7.0,1.0,1.0,1.0,1.0,7.0,1.0,1.0,1.0,4.0,2.0,1.0,1.0,5.0,3.0,1.0,1.0,5.0,1.0,1.0,1.0,2.0,3.0,2.0,3.0,3.0,2.0,3.0,1.0,1.0,2.0,3.0,3.0,1.0,1.0,1.0,4.0,3.0,2.0,2.0,3.0,3.0,3.0,2.0,3.0,1.0,1.0,1.0,1.0,4.0,1.0,4.0,10.0,1.0,1.0,10.0,1.0,1.0,10.0,3.0,8.0,10.0,10.0,10.0,3.0,3.0,1.0,1.0,2.0,1.0,3.0,2.0
484070947,1.0,2.0,1.0,3.0,1.0,3.0,1.0,1.0,2.0,1.0,2.0,2.0,1.0,2.0,2.0,2.0,1.0,1.0,2.0,2.0,2.0,2.0,2.0,1.0,1.0,2.0,1.0,1.0,3.0,3.0,3.0,3.0,3.0,4.0,4.0,2.0,4.0,2.0,2.0,3.0,2.0,2.0,2.0,2.0,1.0,2.0,9.0,9.0,7.0,4.0,4.0,4.0,3.0,4.0,1.0,2.0,2.0,3.0,3.0,4.0,3.0,4.0,2.0,2.0,2.0,2.0,3.0,3.0,3.0,3.0,2.0,3.0,2.0,3.0,2.0,2.0,3.0,3.0,1.0,1.0,0.0,0.0,0.0,0.0,0.0,0.0,0.0,0.0,0.0,0.0,0.0,7.0,8.0,8.0,2.0,3.0,2.0,7.0,2.0,2.0,2.0,1.0,2.0,2.0,2.0,3.0,3.0,2.0,2.0,1.0,0.0,0.0,0.0,0.0,2.0,2.0,3.0,3.0,4.0,3.0,4.0,4.0,3.0,4.0,2.0,2.0,2.0,1.0,1.0,1.0,2.0,1.0,1.0,1.0,2.0,1.0,1.0,8.0,9.0,8.0,9.0,2.0,7.0,8.0,1.0,1.0,2.0,1.0,2.0,4.0,4.0,4.0,1.0,2.0,1.0,4.0,3.0,1.0,1.0,1.0,1.0,10.0,10.0,9.0,8.0,9.0,1.0,10.0,1.0,8.0,1.0,1.0,10.0,1.0,10.0,1.0,1.0,2.0,2.0,3.0,3.0,2.0,3.0,2.0,4.0,3.0,2.0,4.0,2.0,2.0,2.0,2.0,3.0,2.0,3.0,2.0,1.0,2.0,1.0,3.0,1.0,1.0,2.0,1.0,2.0,3.0,4.0,4.0,4.0,4.0,4.0,4.0,1.0,3.0,2.0,2.0,2.0,2.0,2.0,8.0,3.0,3.0,9.0,9.0,3.0,8.0,3.0,8.0,3.0,8.0,8.0,6.0,1.0,1.0,1.0,1.0,1.0,2.0,4.0
156071540,1.0,1.0,2.0,2.0,2.0,3.0,1.0,1.0,1.0,1.0,2.0,2.0,2.0,1.0,2.0,2.0,2.0,1.0,2.0,1.0,2.0,1.0,2.0,1.0,2.0,2.0,2.0,2.0,2.0,3.0,3.0,2.0,2.0,1.0,4.0,5.0,2.0,1.0,3.0,2.0,1.0,1.0,1.0,1.0,2.0,2.0,6.0,9.0,8.0,4.0,4.0,4.0,4.0,4.0,1.0,1.0,1.0,2.0,2.0,4.0,4.0,4.0,2.0,1.0,2.0,2.0,3.0,2.0,2.0,1.0,2.0,2.0,2.0,2.0,3.0,3.0,2.0,2.0,2.0,2.0,1.0,0.0,0.0,0.0,0.0,0.0,0.0,0.0,0.0,0.0,0.0,2.0,6.0,1.0,1.0,1.0,2.0,6.0,2.0,2.0,3.0,2.0,2.0,3.0,4.0,5.0,3.0,1.0,2.0,1.0,,1.0,2.0,1.0,1.0,,2.0,,,,,,,,,,,2.0,2.0,2.0,2.0,2.0,2.0,,2.0,2.0,1.0,10.0,10.0,3.0,4.0,3.0,10.0,7.0,1.0,2.0,2.0,2.0,3.0,3.0,6.0,8.0,1.0,2.0,2.0,5.0,1.0,1.0,1.0,1.0,1.0,1.0,1.0,1.0,2.0,2.0,1.0,6.0,1.0,2.0,1.0,1.0,1.0,1.0,1.0,1.0,2.0,3.0,3.0,3.0,5.0,2.0,5.0,1.0,1.0,3.0,1.0,3.0,2.0,2.0,2.0,3.0,1.0,3.0,3.0,2.0,1.0,2.0,3.0,3.0,3.0,,,,,,,,,,,,,,2.0,2.0,3.0,1.0,4.0,,6.0,1.0,10.0,10.0,7.0,10.0,9.0,3.0,10.0,9.0,8.0,6.0,2.0,2.0,2.0,2.0,2.0,2.0,2.0
400070516,1.0,1.0,2.0,2.0,1.0,1.0,1.0,2.0,1.0,1.0,2.0,2.0,2.0,2.0,1.0,1.0,2.0,1.0,2.0,1.0,2.0,1.0,2.0,1.0,1.0,2.0,1.0,2.0,3.0,3.0,3.0,2.0,4.0,2.0,3.0,,1.0,1.0,1.0,1.0,2.0,3.0,3.0,1.0,2.0,2.0,10.0,9.0,6.0,4.0,1.0,2.0,4.0,4.0,3.0,2.0,1.0,2.0,2.0,3.0,3.0,2.0,2.0,1.0,3.0,3.0,,1.0,1.0,4.0,,3.0,3.0,3.0,3.0,,,,,,0.0,0.0,0.0,0.0,0.0,0.0,0.0,0.0,0.0,0.0,0.0,10.0,6.0,6.0,4.0,2.0,2.0,9.0,,,,,,3.0,3.0,8.0,2.0,,1.0,2.0,1.0,2.0,1.0,2.0,2.0,3.0,1.0,4.0,3.0,4.0,4.0,4.0,3.0,4.0,2.0,2.0,2.0,,,2.0,2.0,2.0,2.0,2.0,2.0,2.0,1.0,6.0,7.0,4.0,6.0,5.0,3.0,10.0,1.0,1.0,1.0,1.0,1.0,1.0,1.0,1.0,1.0,2.0,2.0,3.0,5.0,,2.0,2.0,1.0,1.0,,1.0,2.0,1.0,1.0,4.0,2.0,2.0,1.0,1.0,,1.0,7.0,2.0,2.0,2.0,3.0,2.0,5.0,1.0,4.0,5.0,5.0,5.0,5.0,4.0,,,,,,,,,,,,,1.0,1.0,2.0,,,2.0,2.0,3.0,2.0,,,1.0,2.0,,,,,2.0,2.0,,8.0,6.0,10.0,6.0,,,8.0,6.0,9.0,8.0,6.0,4.0,3.0,1.0,1.0,1.0,1.0,1.0,1.0
360071467,1.0,1.0,1.0,4.0,1.0,1.0,1.0,1.0,1.0,1.0,2.0,1.0,2.0,2.0,2.0,2.0,2.0,1.0,2.0,2.0,2.0,1.0,2.0,1.0,1.0,2.0,1.0,3.0,2.0,2.0,2.0,3.0,4.0,1.0,4.0,4.0,2.0,2.0,2.0,2.0,2.0,3.0,1.0,2.0,1.0,2.0,8.0,7.0,8.0,4.0,4.0,3.0,4.0,4.0,1.0,2.0,1.0,1.0,1.0,3.0,3.0,3.0,1.0,1.0,2.0,3.0,2.0,2.0,2.0,2.0,3.0,1.0,1.0,2.0,3.0,3.0,2.0,2.0,2.0,2.0,1.0,0.0,0.0,0.0,0.0,0.0,0.0,0.0,0.0,0.0,2.0,8.0,7.0,8.0,5.0,7.0,2.0,9.0,3.0,3.0,2.0,3.0,2.0,1.0,4.0,7.0,4.0,0.0,2.0,0.0,0.0,2.0,2.0,2.0,2.0,3.0,1.0,4.0,3.0,4.0,4.0,4.0,3.0,4.0,1.0,1.0,2.0,1.0,1.0,2.0,2.0,1.0,1.0,1.0,2.0,2.0,1.0,7.0,8.0,2.0,2.0,2.0,8.0,10.0,1.0,2.0,2.0,2.0,2.0,3.0,4.0,1.0,1.0,1.0,2.0,2.0,1.0,1.0,1.0,1.0,1.0,1.0,1.0,1.0,2.0,1.0,1.0,2.0,1.0,1.0,1.0,1.0,1.0,1.0,1.0,3.0,3.0,3.0,3.0,2.0,1.0,2.0,1.0,1.0,,4.0,5.0,1.0,3.0,3.0,3.0,3.0,1.0,3.0,3.0,3.0,3.0,3.0,3.0,3.0,1.0,1.0,1.0,1.0,1.0,4.0,4.0,1.0,4.0,4.0,1.0,1.0,1.0,2.0,1.0,1.0,1.0,1.0,2.0,4.0,8.0,7.0,8.0,1.0,2.0,9.0,2.0,9.0,8.0,9.0,10.0,8.0,1.0,1.0,1.0,2.0,3.0,3.0,3.0
764070518,1.0,1.0,2.0,1.0,1.0,1.0,1.0,1.0,2.0,1.0,1.0,2.0,1.0,2.0,2.0,2.0,2.0,1.0,2.0,1.0,1.0,1.0,2.0,1.0,1.0,1.0,2.0,2.0,2.0,1.0,1.0,2.0,2.0,2.0,1.0,4.0,3.0,3.0,2.0,2.0,2.0,2.0,2.0,1.0,2.0,2.0,6.0,5.0,6.0,3.0,3.0,2.0,3.0,3.0,1.0,1.0,1.0,1.0,2.0,1.0,1.0,1.0,3.0,2.0,2.0,2.0,3.0,2.0,2.0,3.0,2.0,2.0,3.0,3.0,3.0,2.0,3.0,2.0,3.0,3.0,1.0,1.0,1.0,2.0,1.0,1.0,2.0,1.0,1.0,1.0,1.0,5.0,5.0,6.0,6.0,5.0,1.0,3.0,2.0,2.0,3.0,2.0,2.0,2.0,2.0,6.0,3.0,2.0,1.0,1.0,2.0,1.0,0.0,1.0,1.0,2.0,2.0,3.0,2.0,3.0,2.0,3.0,2.0,3.0,2.0,2.0,2.0,2.0,3.0,2.0,2.0,2.0,3.0,4.0,1.0,2.0,2.0,5.0,3.0,4.0,5.0,3.0,6.0,6.0,2.0,2.0,2.0,2.0,3.0,3.0,6.0,3.0,1.0,2.0,2.0,5.0,4.0,5.0,3.0,4.0,2.0,3.0,1.0,2.0,1.0,3.0,4.0,5.0,3.0,4.0,3.0,3.0,4.0,4.0,4.0,2.0,2.0,2.0,2.0,1.0,2.0,1.0,2.0,1.0,2.0,1.0,1.0,1.0,3.0,3.0,3.0,3.0,3.0,3.0,3.0,3.0,2.0,3.0,2.0,3.0,3.0,3.0,3.0,4.0,3.0,4.0,4.0,3.0,4.0,3.0,4.0,4.0,1.0,,2.0,2.0,3.0,2.0,3.0,5.0,4.0,5.0,6.0,3.0,4.0,5.0,6.0,5.0,5.0,6.0,9.0,5.0,1.0,2.0,2.0,3.0,3.0,4.0,4.0
804070073,1.0,2.0,2.0,3.0,1.0,2.0,2.0,1.0,2.0,2.0,2.0,2.0,2.0,2.0,2.0,2.0,1.0,1.0,2.0,2.0,2.0,1.0,2.0,1.0,2.0,2.0,1.0,3.0,3.0,3.0,3.0,2.0,4.0,2.0,4.0,4.0,2.0,3.0,2.0,3.0,3.0,2.0,2.0,3.0,1.0,2.0,4.0,5.0,5.0,4.0,4.0,4.0,4.0,4.0,3.0,1.0,1.0,2.0,2.0,3.0,2.0,1.0,1.0,1.0,3.0,3.0,2.0,2.0,2.0,2.0,2.0,2.0,3.0,4.0,3.0,2.0,2.0,1.0,3.0,3.0,0.0,0.0,0.0,0.0,0.0,0.0,0.0,0.0,0.0,0.0,0.0,6.0,6.0,6.0,6.0,5.0,1.0,10.0,2.0,2.0,2.0,2.0,1.0,2.0,2.0,4.0,3.0,2.0,2.0,0.0,0.0,0.0,2.0,2.0,0.0,2.0,3.0,4.0,4.0,4.0,4.0,4.0,4.0,4.0,1.0,1.0,1.0,1.0,1.0,1.0,2.0,2.0,2.0,3.0,1.0,2.0,2.0,10.0,10.0,5.0,5.0,1.0,10.0,7.0,1.0,1.0,1.0,1.0,3.0,3.0,4.0,3.0,1.0,2.0,2.0,6.0,1.0,1.0,1.0,1.0,1.0,1.0,1.0,4.0,1.0,6.0,1.0,7.0,1.0,1.0,1.0,1.0,1.0,1.0,1.0,4.0,4.0,4.0,3.0,2.0,5.0,1.0,1.0,5.0,5.0,5.0,5.0,5.0,2.0,3.0,3.0,3.0,2.0,2.0,3.0,3.0,3.0,2.0,3.0,3.0,1.0,2.0,1.0,2.0,2.0,3.0,2.0,2.0,3.0,2.0,1.0,2.0,2.0,2.0,1.0,4.0,3.0,1.0,,,10.0,3.0,10.0,10.0,4.0,10.0,6.0,10.0,10.0,10.0,10.0,10.0,1.0,1.0,1.0,1.0,2.0,2.0,2.0
156071028,1.0,1.0,1.0,2.0,1.0,3.0,1.0,1.0,2.0,1.0,1.0,2.0,2.0,2.0,2.0,1.0,2.0,1.0,2.0,1.0,2.0,1.0,2.0,1.0,1.0,2.0,3.0,2.0,2.0,3.0,2.0,2.0,4.0,2.0,2.0,3.0,2.0,1.0,2.0,2.0,2.0,1.0,1.0,2.0,3.0,3.0,5.0,8.0,8.0,4.0,3.0,4.0,3.0,3.0,1.0,1.0,1.0,3.0,2.0,4.0,3.0,3.0,3.0,1.0,2.0,2.0,3.0,2.0,2.0,1.0,2.0,2.0,2.0,2.0,3.0,2.0,2.0,2.0,2.0,3.0,0.0,0.0,0.0,1.0,1.0,0.0,0.0,0.0,0.0,0.0,0.0,7.0,3.0,2.0,2.0,2.0,1.0,7.0,2.0,2.0,2.0,2.0,2.0,3.0,4.0,8.0,4.0,1.0,2.0,0.0,,0.0,1.0,2.0,0.0,,2.0,,,,,,,,,,,3.0,2.0,2.0,2.0,4.0,3.0,,2.0,2.0,1.0,,,,,,,3.0,2.0,2.0,2.0,2.0,4.0,3.0,7.0,8.0,3.0,2.0,2.0,,4.0,1.0,1.0,1.0,1.0,1.0,1.0,1.0,1.0,1.0,1.0,1.0,1.0,1.0,1.0,1.0,1.0,1.0,1.0,3.0,3.0,3.0,2.0,2.0,5.0,1.0,3.0,1.0,1.0,1.0,1.0,1.0,2.0,2.0,2.0,2.0,2.0,1.0,2.0,2.0,2.0,2.0,2.0,2.0,3.0,,,,,,,,,,,,,,3.0,1.0,1.0,3.0,3.0,,8.0,6.0,5.0,5.0,5.0,5.0,5.0,7.0,5.0,7.0,3.0,5.0,3.0,3.0,3.0,3.0,3.0,3.0,3.0
826070623,1.0,1.0,1.0,2.0,2.0,3.0,1.0,2.0,2.0,1.0,2.0,1.0,2.0,2.0,2.0,1.0,1.0,1.0,2.0,2.0,2.0,2.0,2.0,2.0,2.0,2.0,1.0,3.0,3.0,3.0,3.0,2.0,4.0,2.0,2.0,3.0,4.0,3.0,4.0,2.0,3.0,3.0,2.0,1.0,1.0,1.0,9.0,10.0,9.0,4.0,4.0,4.0,4.0,4.0,2.0,1.0,1.0,1.0,1.0,1.0,1.0,1.0,2.0,1.0,2.0,2.0,3.0,2.0,2.0,2.0,2.0,2.0,2.0,3.0,2.0,2.0,2.0,2.0,2.0,3.0,0.0,0.0,0.0,0.0,0.0,0.0,0.0,0.0,0.0,0.0,0.0,8.0,3.0,6.0,2.0,3.0,,6.0,2.0,2.0,2.0,2.0,2.0,1.0,,6.0,3.0,2.0,2.0,0.0,2.0,1.0,1.0,1.0,2.0,2.0,2.0,3.0,3.0,3.0,3.0,4.0,4.0,4.0,,,,,,,,1.0,2.0,3.0,1.0,1.0,,8.0,9.0,7.0,,5.0,8.0,3.0,,2.0,2.0,2.0,4.0,3.0,7.0,8.0,2.0,,,,1.0,1.0,1.0,1.0,1.0,5.0,5.0,7.0,9.0,9.0,4.0,4.0,,1.0,1.0,1.0,5.0,1.0,9.0,2.0,3.0,2.0,2.0,2.0,2.0,1.0,1.0,1.0,1.0,1.0,2.0,2.0,2.0,2.0,3.0,3.0,2.0,2.0,2.0,2.0,2.0,2.0,3.0,3.0,1.0,1.0,1.0,3.0,1.0,3.0,2.0,2.0,3.0,3.0,2.0,2.0,2.0,3.0,2.0,1.0,2.0,1.0,,8.0,6.0,3.0,,8.0,8.0,,1.0,4.0,8.0,8.0,8.0,8.0,2.0,1.0,1.0,2.0,2.0,3.0,3.0
36071172,1.0,1.0,1.0,3.0,2.0,4.0,1.0,2.0,1.0,2.0,2.0,1.0,1.0,2.0,2.0,2.0,1.0,1.0,2.0,2.0,2.0,2.0,2.0,1.0,2.0,2.0,1.0,1.0,3.0,3.0,3.0,2.0,5.0,1.0,3.0,3.0,4.0,3.0,1.0,2.0,4.0,2.0,1.0,1.0,2.0,2.0,5.0,6.0,7.0,4.0,4.0,4.0,3.0,4.0,2.0,2.0,1.0,2.0,2.0,2.0,2.0,3.0,2.0,1.0,2.0,2.0,3.0,2.0,1.0,3.0,3.0,3.0,2.0,1.0,2.0,2.0,3.0,2.0,2.0,3.0,0.0,1.0,0.0,0.0,0.0,0.0,0.0,0.0,0.0,0.0,0.0,5.0,6.0,7.0,7.0,7.0,2.0,10.0,2.0,2.0,2.0,2.0,2.0,3.0,3.0,7.0,3.0,2.0,1.0,2.0,1.0,2.0,2.0,2.0,2.0,3.0,2.0,4.0,4.0,4.0,4.0,4.0,4.0,4.0,1.0,2.0,2.0,1.0,1.0,2.0,2.0,2.0,1.0,2.0,1.0,2.0,2.0,10.0,5.0,8.0,5.0,3.0,10.0,2.0,2.0,2.0,1.0,1.0,3.0,3.0,7.0,8.0,2.0,2.0,1.0,3.0,1.0,4.0,1.0,1.0,1.0,5.0,5.0,5.0,7.0,10.0,1.0,1.0,1.0,1.0,1.0,1.0,1.0,1.0,1.0,2.0,4.0,4.0,3.0,2.0,1.0,1.0,1.0,5.0,4.0,4.0,,2.0,1.0,2.0,3.0,3.0,3.0,1.0,3.0,2.0,3.0,3.0,3.0,3.0,1.0,1.0,1.0,2.0,4.0,3.0,1.0,1.0,2.0,3.0,1.0,1.0,1.0,1.0,2.0,3.0,4.0,3.0,4.0,4.0,7.0,1.0,10.0,10.0,8.0,2.0,5.0,1.0,10.0,10.0,3.0,5.0,2.0,1.0,1.0,1.0,1.0,3.0,3.0
170075768,1.0,2.0,1.0,4.0,1.0,1.0,1.0,1.0,2.0,1.0,2.0,1.0,1.0,2.0,2.0,2.0,2.0,1.0,2.0,1.0,2.0,1.0,2.0,1.0,2.0,2.0,1.0,2.0,3.0,2.0,2.0,2.0,4.0,1.0,3.0,4.0,2.0,2.0,2.0,2.0,2.0,3.0,2.0,2.0,2.0,3.0,10.0,7.0,4.0,1.0,4.0,1.0,3.0,1.0,1.0,2.0,1.0,2.0,2.0,4.0,4.0,2.0,1.0,4.0,4.0,4.0,4.0,4.0,4.0,4.0,4.0,4.0,4.0,3.0,4.0,1.0,4.0,4.0,1.0,4.0,1.0,0.0,0.0,0.0,0.0,0.0,0.0,0.0,0.0,0.0,0.0,8.0,5.0,8.0,5.0,9.0,1.0,10.0,4.0,3.0,3.0,4.0,2.0,2.0,2.0,6.0,3.0,0.0,0.0,2.0,1.0,2.0,2.0,2.0,2.0,2.0,1.0,4.0,4.0,3.0,4.0,2.0,3.0,4.0,1.0,1.0,2.0,1.0,1.0,2.0,2.0,1.0,1.0,1.0,2.0,2.0,1.0,6.0,3.0,3.0,6.0,7.0,5.0,10.0,1.0,1.0,1.0,1.0,2.0,2.0,2.0,1.0,1.0,2.0,1.0,9.0,8.0,8.0,1.0,9.0,1.0,1.0,1.0,1.0,9.0,9.0,1.0,1.0,1.0,1.0,1.0,1.0,1.0,1.0,1.0,4.0,4.0,3.0,4.0,2.0,5.0,1.0,1.0,3.0,2.0,2.0,5.0,4.0,3.0,2.0,2.0,2.0,2.0,3.0,2.0,1.0,2.0,3.0,2.0,2.0,1.0,1.0,4.0,2.0,2.0,2.0,2.0,2.0,1.0,1.0,2.0,1.0,4.0,4.0,1.0,1.0,1.0,1.0,1.0,6.0,5.0,7.0,5.0,6.0,5.0,5.0,2.0,9.0,5.0,5.0,5.0,3.0,2.0,1.0,4.0,4.0,1.0,4.0,4.0
344070517,1.0,1.0,1.0,2.0,1.0,4.0,1.0,1.0,1.0,1.0,2.0,1.0,2.0,2.0,2.0,2.0,2.0,1.0,2.0,1.0,2.0,2.0,2.0,1.0,2.0,2.0,2.0,3.0,3.0,3.0,3.0,1.0,2.0,2.0,4.0,2.0,3.0,2.0,2.0,2.0,2.0,3.0,1.0,2.0,2.0,2.0,8.0,7.0,7.0,4.0,4.0,4.0,4.0,4.0,1.0,1.0,1.0,2.0,2.0,2.0,3.0,3.0,3.0,2.0,2.0,2.0,3.0,2.0,2.0,2.0,3.0,3.0,2.0,2.0,3.0,3.0,2.0,2.0,3.0,2.0,0.0,0.0,0.0,0.0,0.0,0.0,0.0,0.0,0.0,0.0,0.0,5.0,9.0,5.0,3.0,1.0,1.0,2.0,3.0,3.0,3.0,2.0,2.0,1.0,4.0,9.0,3.0,2.0,2.0,2.0,0.0,1.0,1.0,0.0,1.0,3.0,2.0,3.0,3.0,3.0,3.0,4.0,4.0,4.0,2.0,2.0,2.0,3.0,3.0,2.0,2.0,3.0,3.0,3.0,2.0,2.0,2.0,8.0,8.0,3.0,3.0,5.0,8.0,5.0,1.0,1.0,2.0,2.0,3.0,3.0,7.0,8.0,1.0,2.0,,1.0,3.0,4.0,4.0,3.0,4.0,5.0,5.0,5.0,5.0,5.0,3.0,3.0,1.0,2.0,2.0,4.0,2.0,1.0,2.0,2.0,3.0,4.0,3.0,3.0,1.0,1.0,2.0,5.0,5.0,5.0,5.0,5.0,3.0,3.0,3.0,3.0,2.0,3.0,3.0,3.0,,,,,3.0,3.0,2.0,3.0,3.0,2.0,2.0,2.0,2.0,3.0,2.0,1.0,2.0,4.0,3.0,,3.0,2.0,3.0,,5.0,5.0,8.0,5.0,5.0,5.0,7.0,5.0,8.0,8.0,8.0,5.0,2.0,2.0,3.0,,2.0,3.0,3.0
417071033,1.0,1.0,1.0,1.0,1.0,3.0,1.0,2.0,1.0,1.0,2.0,1.0,1.0,2.0,2.0,2.0,2.0,1.0,2.0,1.0,2.0,1.0,2.0,1.0,2.0,2.0,1.0,4.0,1.0,4.0,1.0,4.0,5.0,5.0,5.0,5.0,5.0,1.0,1.0,1.0,5.0,2.0,2.0,2.0,2.0,2.0,7.0,8.0,7.0,4.0,4.0,4.0,4.0,4.0,1.0,2.0,1.0,1.0,3.0,4.0,1.0,1.0,3.0,3.0,4.0,4.0,3.0,3.0,3.0,4.0,4.0,4.0,3.0,3.0,4.0,4.0,2.0,2.0,2.0,2.0,0.0,0.0,0.0,0.0,0.0,0.0,0.0,0.0,0.0,0.0,0.0,10.0,10.0,1.0,4.0,1.0,2.0,10.0,3.0,3.0,3.0,3.0,3.0,3.0,4.0,10.0,1.0,2.0,2.0,0.0,2.0,2.0,2.0,0.0,2.0,3.0,3.0,4.0,1.0,1.0,4.0,4.0,2.0,4.0,1.0,1.0,2.0,3.0,2.0,2.0,2.0,1.0,1.0,1.0,2.0,2.0,1.0,10.0,10.0,1.0,1.0,1.0,10.0,5.0,1.0,,,,4.0,4.0,7.0,8.0,2.0,2.0,2.0,10.0,1.0,5.0,1.0,1.0,1.0,1.0,1.0,5.0,5.0,1.0,1.0,1.0,1.0,1.0,1.0,1.0,1.0,1.0,1.0,1.0,4.0,4.0,1.0,2.0,5.0,1.0,5.0,1.0,2.0,1.0,1.0,2.0,2.0,3.0,1.0,3.0,2.0,3.0,3.0,1.0,1.0,2.0,2.0,2.0,2.0,2.0,3.0,2.0,1.0,1.0,1.0,4.0,1.0,4.0,4.0,1.0,1.0,2.0,1.0,2.0,4.0,1.0,4.0,,1.0,1.0,10.0,5.0,1.0,10.0,10.0,5.0,10.0,10.0,5.0,5.0,1.0,2.0,1.0,1.0,1.0,1.0,1.0
826072456,1.0,2.0,1.0,3.0,,1.0,1.0,2.0,2.0,2.0,1.0,1.0,2.0,2.0,2.0,1.0,2.0,2.0,2.0,2.0,2.0,2.0,2.0,2.0,2.0,2.0,2.0,4.0,4.0,4.0,3.0,3.0,5.0,3.0,4.0,2.0,3.0,3.0,4.0,3.0,4.0,2.0,2.0,1.0,1.0,2.0,9.0,9.0,7.0,4.0,3.0,4.0,4.0,4.0,2.0,2.0,1.0,2.0,2.0,2.0,2.0,2.0,1.0,1.0,3.0,2.0,,1.0,2.0,4.0,3.0,3.0,2.0,2.0,3.0,2.0,2.0,2.0,2.0,1.0,1.0,0.0,0.0,0.0,0.0,0.0,0.0,0.0,0.0,0.0,0.0,5.0,7.0,4.0,5.0,7.0,1.0,8.0,2.0,2.0,2.0,2.0,2.0,2.0,,5.0,4.0,2.0,2.0,1.0,,1.0,,1.0,1.0,3.0,2.0,3.0,3.0,4.0,4.0,4.0,4.0,4.0,,,,2.0,,,,3.0,2.0,4.0,1.0,1.0,,8.0,7.0,5.0,4.0,4.0,8.0,10.0,1.0,1.0,1.0,1.0,2.0,4.0,6.0,1.0,1.0,,,8.0,1.0,1.0,1.0,1.0,1.0,9.0,9.0,9.0,9.0,9.0,3.0,1.0,,1.0,1.0,1.0,2.0,1.0,1.0,2.0,3.0,3.0,3.0,2.0,5.0,2.0,1.0,1.0,2.0,2.0,5.0,1.0,1.0,2.0,2.0,3.0,2.0,3.0,3.0,2.0,3.0,2.0,3.0,3.0,1.0,1.0,1.0,4.0,3.0,4.0,2.0,2.0,3.0,4.0,1.0,3.0,1.0,4.0,2.0,2.0,3.0,2.0,3.0,3.0,8.0,3.0,8.0,9.0,9.0,5.0,8.0,5.0,10.0,10.0,3.0,8.0,2.0,1.0,1.0,1.0,2.0,3.0,1.0
586071168,1.0,1.0,2.0,3.0,1.0,1.0,1.0,1.0,2.0,2.0,2.0,2.0,2.0,1.0,1.0,2.0,2.0,1.0,2.0,2.0,2.0,2.0,2.0,1.0,2.0,2.0,1.0,1.0,1.0,1.0,1.0,2.0,1.0,1.0,1.0,5.0,1.0,1.0,1.0,1.0,1.0,3.0,1.0,1.0,3.0,3.0,5.0,6.0,7.0,3.0,4.0,3.0,2.0,2.0,1.0,2.0,1.0,2.0,3.0,4.0,3.0,4.0,1.0,1.0,4.0,4.0,4.0,3.0,2.0,4.0,4.0,4.0,4.0,1.0,3.0,3.0,2.0,3.0,3.0,2.0,0.0,0.0,0.0,0.0,0.0,1.0,1.0,2.0,1.0,2.0,0.0,4.0,5.0,3.0,3.0,4.0,2.0,10.0,4.0,4.0,4.0,3.0,4.0,3.0,2.0,6.0,2.0,1.0,2.0,2.0,2.0,2.0,0.0,2.0,2.0,4.0,3.0,4.0,3.0,2.0,4.0,2.0,3.0,3.0,1.0,1.0,2.0,2.0,1.0,2.0,2.0,1.0,1.0,1.0,2.0,2.0,1.0,2.0,7.0,1.0,5.0,3.0,5.0,10.0,1.0,1.0,1.0,1.0,1.0,2.0,4.0,5.0,1.0,1.0,1.0,5.0,1.0,1.0,1.0,1.0,1.0,1.0,1.0,1.0,6.0,1.0,1.0,1.0,1.0,6.0,1.0,1.0,1.0,1.0,9.0,1.0,1.0,3.0,3.0,2.0,4.0,1.0,5.0,5.0,3.0,2.0,3.0,1.0,2.0,3.0,2.0,3.0,2.0,1.0,3.0,3.0,3.0,2.0,3.0,3.0,1.0,1.0,,2.0,1.0,2.0,1.0,4.0,2.0,3.0,1.0,1.0,4.0,5.0,4.0,3.0,4.0,1.0,3.0,,8.0,3.0,8.0,8.0,5.0,5.0,6.0,8.0,5.0,7.0,4.0,1.0,3.0,1.0,1.0,1.0,1.0,2.0,3.0
422070706,1.0,2.0,1.0,2.0,1.0,2.0,1.0,1.0,2.0,1.0,1.0,2.0,2.0,1.0,2.0,2.0,2.0,2.0,2.0,2.0,2.0,2.0,2.0,2.0,2.0,2.0,1.0,3.0,4.0,4.0,4.0,2.0,2.0,1.0,3.0,,4.0,3.0,1.0,1.0,2.0,1.0,1.0,3.0,1.0,1.0,5.0,7.0,5.0,4.0,4.0,4.0,3.0,4.0,3.0,2.0,1.0,3.0,3.0,3.0,3.0,3.0,4.0,1.0,3.0,4.0,4.0,2.0,4.0,4.0,4.0,4.0,4.0,4.0,4.0,4.0,3.0,4.0,2.0,3.0,0.0,0.0,0.0,0.0,0.0,0.0,0.0,0.0,0.0,0.0,0.0,8.0,5.0,5.0,6.0,7.0,2.0,7.0,3.0,4.0,4.0,3.0,4.0,1.0,4.0,8.0,1.0,1.0,1.0,2.0,2.0,2.0,2.0,2.0,2.0,3.0,2.0,2.0,2.0,2.0,2.0,2.0,2.0,2.0,2.0,1.0,1.0,1.0,1.0,2.0,2.0,2.0,2.0,2.0,2.0,1.0,1.0,9.0,9.0,9.0,8.0,9.0,7.0,8.0,1.0,2.0,1.0,1.0,1.0,1.0,1.0,1.0,1.0,1.0,1.0,8.0,8.0,,8.0,8.0,7.0,1.0,,1.0,5.0,1.0,1.0,1.0,1.0,1.0,1.0,1.0,1.0,1.0,,1.0,1.0,1.0,4.0,3.0,4.0,4.0,4.0,4.0,4.0,4.0,4.0,4.0,3.0,3.0,3.0,1.0,1.0,2.0,3.0,2.0,3.0,3.0,3.0,3.0,3.0,3.0,3.0,3.0,,3.0,3.0,3.0,1.0,3.0,2.0,2.0,2.0,2.0,2.0,2.0,3.0,4.0,4.0,,8.0,8.0,7.0,8.0,4.0,4.0,4.0,4.0,4.0,8.0,5.0,5.0,4.0,1.0,1.0,1.0,1.0,2.0,3.0
360071787,1.0,2.0,1.0,3.0,1.0,1.0,1.0,1.0,1.0,2.0,2.0,2.0,2.0,1.0,1.0,2.0,2.0,1.0,2.0,1.0,2.0,1.0,2.0,1.0,1.0,2.0,1.0,3.0,3.0,1.0,2.0,1.0,1.0,1.0,4.0,4.0,1.0,1.0,4.0,1.0,1.0,1.0,1.0,1.0,1.0,2.0,10.0,10.0,10.0,4.0,4.0,1.0,4.0,4.0,3.0,2.0,1.0,2.0,2.0,3.0,3.0,3.0,1.0,1.0,3.0,3.0,,3.0,3.0,3.0,,,,1.0,3.0,1.0,1.0,,2.0,2.0,2.0,0.0,0.0,0.0,0.0,0.0,0.0,0.0,0.0,0.0,2.0,10.0,10.0,10.0,1.0,10.0,1.0,10.0,3.0,1.0,1.0,1.0,,1.0,4.0,10.0,,0.0,,,,,,,,,1.0,4.0,4.0,4.0,4.0,4.0,4.0,,1.0,1.0,2.0,1.0,1.0,2.0,2.0,1.0,1.0,1.0,2.0,2.0,1.0,10.0,10.0,10.0,10.0,10.0,10.0,10.0,1.0,1.0,1.0,1.0,1.0,1.0,1.0,1.0,1.0,1.0,1.0,10.0,1.0,1.0,1.0,1.0,1.0,1.0,1.0,1.0,1.0,1.0,1.0,1.0,1.0,1.0,1.0,1.0,1.0,1.0,1.0,1.0,,4.0,3.0,3.0,5.0,1.0,1.0,1.0,,,,5.0,3.0,,,3.0,3.0,3.0,3.0,3.0,,,,,1.0,1.0,1.0,,,4.0,,,,4.0,,,1.0,,,,,1.0,,,10.0,,10.0,10.0,,,1.0,,1.0,,10.0,,,1.0,3.0,4.0,2.0,,3.0
300070127,1.0,1.0,2.0,4.0,3.0,3.0,1.0,1.0,1.0,1.0,2.0,2.0,2.0,2.0,2.0,1.0,2.0,1.0,2.0,2.0,2.0,2.0,2.0,1.0,2.0,2.0,1.0,4.0,3.0,4.0,4.0,2.0,5.0,5.0,5.0,2.0,5.0,5.0,4.0,2.0,3.0,1.0,1.0,2.0,2.0,2.0,7.0,7.0,4.0,4.0,4.0,4.0,2.0,4.0,3.0,1.0,1.0,2.0,2.0,2.0,2.0,2.0,4.0,4.0,4.0,4.0,4.0,4.0,3.0,4.0,4.0,4.0,3.0,2.0,3.0,2.0,3.0,2.0,3.0,2.0,0.0,0.0,1.0,0.0,0.0,2.0,0.0,2.0,2.0,0.0,0.0,2.0,,1.0,4.0,2.0,1.0,9.0,3.0,2.0,3.0,3.0,3.0,3.0,4.0,8.0,3.0,1.0,2.0,0.0,2.0,0.0,2.0,0.0,0.0,1.0,3.0,3.0,4.0,4.0,3.0,4.0,4.0,4.0,1.0,2.0,2.0,1.0,,2.0,2.0,3.0,4.0,4.0,1.0,1.0,1.0,9.0,9.0,1.0,1.0,1.0,10.0,4.0,1.0,1.0,2.0,2.0,4.0,4.0,6.0,2.0,1.0,2.0,2.0,10.0,1.0,7.0,1.0,1.0,1.0,10.0,5.0,1.0,7.0,10.0,1.0,1.0,1.0,1.0,1.0,1.0,7.0,1.0,3.0,4.0,4.0,4.0,4.0,2.0,2.0,5.0,1.0,1.0,4.0,1.0,1.0,1.0,2.0,1.0,1.0,2.0,1.0,3.0,3.0,3.0,1.0,1.0,3.0,3.0,1.0,1.0,2.0,3.0,1.0,2.0,3.0,3.0,4.0,4.0,4.0,1.0,1.0,,4.0,4.0,4.0,1.0,4.0,3.0,6.0,1.0,10.0,10.0,1.0,10.0,9.0,7.0,10.0,10.0,6.0,4.0,3.0,2.0,1.0,1.0,2.0,3.0,4.0
642070037,1.0,3.0,2.0,4.0,1.0,2.0,1.0,1.0,1.0,1.0,2.0,1.0,2.0,2.0,2.0,2.0,2.0,1.0,2.0,2.0,2.0,1.0,2.0,1.0,2.0,2.0,1.0,4.0,,4.0,3.0,3.0,2.0,2.0,2.0,5.0,2.0,3.0,2.0,3.0,2.0,3.0,1.0,1.0,1.0,3.0,10.0,7.0,8.0,4.0,4.0,4.0,4.0,4.0,1.0,2.0,1.0,4.0,4.0,4.0,4.0,4.0,3.0,2.0,2.0,2.0,4.0,3.0,3.0,3.0,4.0,4.0,4.0,4.0,4.0,4.0,2.0,,4.0,4.0,0.0,0.0,0.0,0.0,0.0,0.0,0.0,0.0,0.0,0.0,0.0,8.0,7.0,5.0,1.0,3.0,1.0,10.0,3.0,2.0,2.0,2.0,2.0,,4.0,3.0,3.0,0.0,0.0,0.0,0.0,0.0,0.0,0.0,0.0,2.0,2.0,4.0,2.0,3.0,4.0,,4.0,4.0,2.0,2.0,2.0,2.0,2.0,2.0,2.0,1.0,1.0,1.0,1.0,2.0,1.0,8.0,8.0,6.0,6.0,6.0,9.0,9.0,1.0,,,,3.0,3.0,6.0,3.0,2.0,2.0,2.0,2.0,1.0,1.0,1.0,1.0,1.0,1.0,1.0,1.0,1.0,1.0,1.0,1.0,1.0,1.0,1.0,1.0,1.0,1.0,1.0,3.0,3.0,3.0,3.0,3.0,4.0,4.0,4.0,4.0,4.0,4.0,4.0,4.0,3.0,3.0,3.0,3.0,3.0,3.0,3.0,3.0,,,,,,,,,,,,,,,,,3.0,,,,,,,,9.0,9.0,9.0,3.0,3.0,4.0,4.0,4.0,4.0,8.0,9.0,2.0,3.0,2.0,3.0,3.0,2.0,2.0,2.0
68071253,1.0,3.0,2.0,4.0,2.0,2.0,1.0,2.0,1.0,1.0,2.0,1.0,2.0,2.0,1.0,2.0,2.0,1.0,2.0,2.0,2.0,2.0,2.0,2.0,2.0,2.0,1.0,2.0,4.0,3.0,3.0,2.0,3.0,2.0,2.0,2.0,3.0,2.0,2.0,1.0,2.0,1.0,1.0,1.0,2.0,2.0,6.0,9.0,7.0,3.0,3.0,3.0,4.0,4.0,2.0,2.0,4.0,4.0,3.0,4.0,3.0,4.0,3.0,3.0,3.0,3.0,3.0,4.0,3.0,3.0,4.0,4.0,4.0,3.0,3.0,3.0,3.0,3.0,3.0,3.0,1.0,0.0,2.0,0.0,1.0,1.0,0.0,2.0,0.0,2.0,0.0,7.0,7.0,4.0,4.0,7.0,1.0,8.0,3.0,3.0,3.0,3.0,2.0,4.0,2.0,7.0,2.0,1.0,2.0,1.0,2.0,2.0,1.0,2.0,1.0,3.0,3.0,3.0,3.0,4.0,4.0,4.0,2.0,3.0,1.0,2.0,2.0,3.0,3.0,2.0,2.0,3.0,3.0,2.0,2.0,2.0,1.0,5.0,8.0,8.0,6.0,5.0,8.0,10.0,1.0,1.0,1.0,1.0,2.0,2.0,2.0,2.0,1.0,2.0,2.0,8.0,9.0,4.0,1.0,4.0,1.0,2.0,2.0,2.0,5.0,4.0,4.0,5.0,1.0,2.0,1.0,1.0,1.0,2.0,7.0,1.0,2.0,3.0,4.0,2.0,5.0,1.0,1.0,5.0,5.0,5.0,5.0,2.0,2.0,3.0,1.0,1.0,1.0,1.0,1.0,3.0,3.0,3.0,3.0,3.0,1.0,1.0,2.0,1.0,2.0,4.0,2.0,4.0,2.0,2.0,2.0,1.0,3.0,,2.0,2.0,4.0,2.0,2.0,1.0,8.0,5.0,7.0,7.0,1.0,4.0,9.0,8.0,9.0,10.0,8.0,8.0,2.0,1.0,1.0,1.0,2.0,3.0,4.0
360070341,1.0,2.0,2.0,2.0,1.0,1.0,1.0,1.0,1.0,1.0,1.0,2.0,2.0,2.0,2.0,2.0,2.0,1.0,2.0,1.0,2.0,1.0,2.0,1.0,1.0,2.0,1.0,3.0,2.0,2.0,2.0,2.0,1.0,1.0,4.0,4.0,1.0,2.0,1.0,1.0,2.0,2.0,1.0,3.0,2.0,2.0,8.0,8.0,8.0,2.0,4.0,2.0,2.0,4.0,1.0,2.0,2.0,3.0,3.0,3.0,3.0,3.0,2.0,3.0,3.0,3.0,3.0,3.0,3.0,3.0,3.0,3.0,3.0,2.0,3.0,3.0,2.0,3.0,3.0,3.0,1.0,1.0,1.0,0.0,0.0,0.0,0.0,0.0,0.0,0.0,,10.0,5.0,3.0,3.0,5.0,2.0,10.0,4.0,3.0,4.0,4.0,4.0,3.0,2.0,5.0,3.0,0.0,0.0,0.0,0.0,0.0,0.0,0.0,2.0,3.0,2.0,4.0,4.0,4.0,4.0,4.0,4.0,4.0,1.0,1.0,2.0,3.0,2.0,1.0,2.0,3.0,3.0,3.0,1.0,2.0,1.0,7.0,8.0,3.0,2.0,2.0,8.0,10.0,1.0,2.0,2.0,2.0,2.0,1.0,1.0,1.0,1.0,1.0,,8.0,1.0,1.0,1.0,2.0,1.0,1.0,1.0,1.0,3.0,1.0,1.0,1.0,2.0,3.0,1.0,2.0,1.0,1.0,5.0,3.0,2.0,3.0,2.0,1.0,1.0,1.0,5.0,1.0,5.0,1.0,1.0,1.0,2.0,2.0,2.0,2.0,2.0,2.0,2.0,2.0,2.0,2.0,2.0,2.0,2.0,2.0,2.0,3.0,2.0,2.0,2.0,2.0,,4.0,3.0,3.0,2.0,4.0,3.0,2.0,2.0,2.0,2.0,5.0,8.0,8.0,5.0,5.0,7.0,8.0,5.0,7.0,5.0,5.0,5.0,5.0,2.0,2.0,2.0,2.0,2.0,3.0,3.0
504070337,1.0,2.0,3.0,2.0,1.0,1.0,1.0,1.0,2.0,1.0,2.0,1.0,2.0,2.0,2.0,2.0,1.0,1.0,2.0,2.0,2.0,1.0,2.0,1.0,1.0,2.0,1.0,2.0,3.0,4.0,4.0,2.0,5.0,4.0,4.0,,2.0,2.0,2.0,1.0,2.0,3.0,1.0,1.0,2.0,3.0,7.0,6.0,8.0,4.0,4.0,2.0,3.0,4.0,1.0,2.0,2.0,3.0,2.0,4.0,3.0,3.0,3.0,2.0,4.0,3.0,3.0,4.0,4.0,3.0,3.0,3.0,2.0,4.0,3.0,3.0,2.0,3.0,3.0,3.0,0.0,0.0,0.0,0.0,0.0,0.0,0.0,0.0,0.0,0.0,0.0,7.0,10.0,1.0,1.0,10.0,1.0,10.0,1.0,2.0,2.0,3.0,2.0,4.0,5.0,10.0,3.0,1.0,2.0,2.0,2.0,1.0,2.0,1.0,0.0,3.0,1.0,3.0,2.0,4.0,2.0,2.0,2.0,1.0,2.0,2.0,2.0,2.0,1.0,2.0,2.0,1.0,1.0,1.0,2.0,2.0,1.0,10.0,10.0,10.0,8.0,1.0,10.0,10.0,1.0,1.0,1.0,1.0,1.0,1.0,2.0,1.0,1.0,1.0,1.0,8.0,1.0,1.0,1.0,1.0,1.0,1.0,1.0,1.0,10.0,1.0,1.0,1.0,6.0,6.0,1.0,1.0,1.0,1.0,1.0,1.0,3.0,4.0,4.0,3.0,5.0,5.0,5.0,5.0,5.0,5.0,1.0,5.0,3.0,3.0,3.0,3.0,3.0,3.0,3.0,3.0,3.0,3.0,3.0,3.0,3.0,3.0,2.0,3.0,3.0,2.0,2.0,2.0,3.0,3.0,2.0,1.0,4.0,4.0,2.0,1.0,4.0,1.0,2.0,8.0,9.0,5.0,9.0,9.0,1.0,8.0,10.0,7.0,10.0,10.0,1.0,1.0,3.0,1.0,3.0,4.0,4.0,4.0,4.0
68071672,1.0,3.0,1.0,1.0,1.0,1.0,1.0,1.0,1.0,2.0,2.0,1.0,2.0,1.0,2.0,2.0,2.0,1.0,2.0,1.0,2.0,2.0,2.0,1.0,2.0,2.0,1.0,1.0,1.0,3.0,3.0,1.0,4.0,1.0,1.0,,,1.0,1.0,2.0,1.0,3.0,3.0,1.0,3.0,2.0,5.0,5.0,,2.0,1.0,1.0,1.0,4.0,2.0,2.0,1.0,4.0,4.0,4.0,4.0,4.0,4.0,1.0,1.0,1.0,4.0,1.0,,1.0,3.0,3.0,2.0,,2.0,2.0,1.0,3.0,1.0,1.0,2.0,0.0,2.0,2.0,0.0,0.0,,2.0,0.0,2.0,2.0,1.0,10.0,1.0,2.0,1.0,1.0,10.0,2.0,2.0,2.0,2.0,2.0,3.0,3.0,5.0,4.0,0.0,2.0,2.0,2.0,2.0,2.0,2.0,,3.0,3.0,2.0,3.0,3.0,2.0,4.0,2.0,2.0,1.0,1.0,2.0,1.0,1.0,1.0,1.0,1.0,1.0,1.0,1.0,1.0,1.0,6.0,6.0,6.0,5.0,2.0,2.0,10.0,1.0,1.0,2.0,1.0,1.0,3.0,1.0,1.0,2.0,1.0,1.0,4.0,1.0,1.0,1.0,1.0,1.0,1.0,1.0,1.0,5.0,1.0,1.0,1.0,1.0,1.0,1.0,1.0,1.0,1.0,1.0,1.0,1.0,4.0,1.0,2.0,5.0,1.0,5.0,5.0,5.0,5.0,5.0,1.0,3.0,3.0,1.0,3.0,1.0,3.0,2.0,2.0,,,,,1.0,1.0,1.0,,,4.0,,1.0,,4.0,1.0,1.0,1.0,,,1.0,1.0,1.0,4.0,1.0,10.0,8.0,10.0,1.0,,10.0,10.0,6.0,10.0,10.0,10.0,,3.0,2.0,1.0,1.0,2.0,2.0,2.0
840072067,1.0,1.0,1.0,1.0,2.0,1.0,2.0,1.0,1.0,2.0,2.0,2.0,2.0,2.0,1.0,1.0,1.0,1.0,2.0,2.0,2.0,2.0,2.0,1.0,2.0,2.0,2.0,3.0,2.0,3.0,3.0,2.0,4.0,2.0,4.0,3.0,4.0,2.0,3.0,1.0,4.0,3.0,1.0,1.0,2.0,2.0,10.0,8.0,7.0,4.0,4.0,4.0,4.0,4.0,1.0,2.0,1.0,2.0,2.0,3.0,2.0,2.0,3.0,2.0,4.0,3.0,4.0,2.0,2.0,2.0,4.0,3.0,2.0,3.0,2.0,2.0,2.0,2.0,2.0,3.0,0.0,0.0,0.0,0.0,0.0,0.0,0.0,0.0,0.0,0.0,0.0,10.0,1.0,10.0,1.0,1.0,,9.0,3.0,2.0,2.0,2.0,2.0,1.0,4.0,5.0,4.0,1.0,0.0,1.0,1.0,2.0,1.0,1.0,1.0,2.0,3.0,3.0,4.0,4.0,3.0,4.0,4.0,4.0,1.0,2.0,1.0,3.0,4.0,1.0,2.0,2.0,2.0,3.0,1.0,1.0,1.0,10.0,7.0,5.0,5.0,5.0,8.0,10.0,1.0,1.0,1.0,1.0,1.0,3.0,2.0,2.0,1.0,2.0,1.0,5.0,1.0,2.0,1.0,1.0,1.0,1.0,1.0,1.0,5.0,5.0,1.0,1.0,1.0,1.0,5.0,1.0,5.0,1.0,5.0,1.0,2.0,2.0,2.0,1.0,1.0,1.0,4.0,1.0,1.0,1.0,4.0,2.0,1.0,2.0,3.0,3.0,1.0,2.0,,2.0,2.0,,3.0,3.0,2.0,1.0,2.0,4.0,3.0,3.0,4.0,2.0,3.0,3.0,2.0,2.0,1.0,,4.0,4.0,4.0,1.0,4.0,10.0,1.0,1.0,10.0,3.0,1.0,10.0,1.0,5.0,10.0,10.0,8.0,8.0,1.0,1.0,2.0,2.0,1.0,2.0,3.0
344070960,2.0,2.0,2.0,2.0,3.0,3.0,1.0,1.0,2.0,1.0,2.0,2.0,1.0,1.0,2.0,2.0,2.0,1.0,2.0,2.0,2.0,2.0,2.0,1.0,2.0,2.0,2.0,3.0,3.0,3.0,3.0,2.0,4.0,2.0,3.0,3.0,2.0,2.0,3.0,2.0,2.0,2.0,1.0,2.0,3.0,3.0,5.0,5.0,5.0,3.0,4.0,3.0,4.0,3.0,2.0,2.0,1.0,2.0,2.0,2.0,2.0,2.0,3.0,3.0,3.0,2.0,2.0,2.0,2.0,3.0,3.0,3.0,2.0,2.0,2.0,2.0,2.0,2.0,2.0,2.0,0.0,0.0,0.0,0.0,0.0,0.0,0.0,0.0,0.0,0.0,0.0,4.0,7.0,4.0,4.0,5.0,1.0,4.0,3.0,2.0,2.0,2.0,2.0,2.0,4.0,4.0,3.0,2.0,2.0,0.0,0.0,0.0,2.0,2.0,2.0,3.0,3.0,3.0,3.0,3.0,3.0,3.0,3.0,3.0,2.0,2.0,2.0,4.0,2.0,2.0,2.0,3.0,3.0,3.0,2.0,2.0,2.0,7.0,7.0,5.0,5.0,4.0,7.0,4.0,2.0,2.0,2.0,2.0,3.0,,7.0,8.0,3.0,2.0,1.0,7.0,4.0,4.0,4.0,4.0,4.0,4.0,4.0,3.0,4.0,4.0,3.0,4.0,3.0,3.0,3.0,3.0,4.0,3.0,3.0,2.0,2.0,3.0,3.0,2.0,1.0,1.0,2.0,5.0,5.0,5.0,5.0,4.0,3.0,3.0,2.0,3.0,2.0,2.0,3.0,2.0,,,,,1.0,1.0,2.0,2.0,2.0,3.0,2.0,2.0,3.0,3.0,2.0,2.0,2.0,3.0,3.0,2.0,3.0,2.0,3.0,7.0,7.0,4.0,7.0,7.0,4.0,7.0,7.0,4.0,7.0,7.0,4.0,4.0,3.0,2.0,3.0,,3.0,3.0,3.0
434070444,1.0,1.0,1.0,3.0,1.0,1.0,1.0,2.0,1.0,2.0,2.0,1.0,2.0,1.0,2.0,2.0,1.0,1.0,2.0,2.0,1.0,1.0,2.0,2.0,2.0,2.0,1.0,2.0,2.0,4.0,2.0,3.0,1.0,1.0,1.0,4.0,1.0,1.0,1.0,1.0,1.0,3.0,1.0,2.0,3.0,2.0,10.0,5.0,5.0,4.0,4.0,4.0,2.0,4.0,1.0,2.0,1.0,3.0,3.0,3.0,2.0,2.0,1.0,3.0,3.0,3.0,3.0,4.0,4.0,4.0,4.0,4.0,4.0,4.0,4.0,4.0,4.0,4.0,4.0,4.0,2.0,1.0,1.0,1.0,0.0,0.0,0.0,0.0,0.0,0.0,0.0,3.0,2.0,2.0,2.0,2.0,2.0,9.0,4.0,4.0,4.0,4.0,4.0,4.0,,3.0,2.0,2.0,0.0,2.0,2.0,2.0,2.0,2.0,2.0,3.0,2.0,2.0,1.0,1.0,1.0,2.0,1.0,2.0,1.0,1.0,2.0,1.0,1.0,2.0,2.0,1.0,1.0,1.0,2.0,2.0,2.0,10.0,10.0,10.0,10.0,2.0,10.0,10.0,1.0,1.0,1.0,1.0,1.0,1.0,1.0,1.0,1.0,2.0,2.0,4.0,1.0,1.0,1.0,1.0,1.0,1.0,1.0,1.0,1.0,1.0,1.0,1.0,1.0,1.0,1.0,1.0,1.0,1.0,9.0,3.0,3.0,1.0,4.0,2.0,5.0,1.0,1.0,1.0,5.0,4.0,4.0,1.0,2.0,2.0,2.0,3.0,3.0,2.0,2.0,2.0,3.0,2.0,2.0,2.0,1.0,1.0,1.0,1.0,3.0,1.0,3.0,3.0,2.0,3.0,1.0,2.0,1.0,3.0,2.0,3.0,3.0,2.0,3.0,3.0,10.0,1.0,10.0,10.0,8.0,7.0,10.0,3.0,4.0,8.0,3.0,2.0,3.0,1.0,1.0,1.0,1.0,3.0,3.0
156070258,1.0,1.0,2.0,1.0,2.0,4.0,1.0,1.0,2.0,1.0,2.0,1.0,2.0,1.0,2.0,2.0,2.0,1.0,2.0,2.0,2.0,1.0,2.0,1.0,2.0,2.0,1.0,2.0,3.0,3.0,3.0,2.0,4.0,1.0,4.0,4.0,2.0,1.0,2.0,2.0,1.0,3.0,1.0,1.0,1.0,2.0,7.0,9.0,9.0,4.0,3.0,4.0,4.0,4.0,1.0,1.0,1.0,1.0,1.0,3.0,2.0,3.0,3.0,2.0,2.0,2.0,2.0,2.0,2.0,2.0,2.0,2.0,2.0,2.0,2.0,3.0,2.0,3.0,2.0,2.0,0.0,0.0,0.0,0.0,0.0,0.0,0.0,0.0,0.0,0.0,0.0,9.0,8.0,9.0,1.0,9.0,1.0,6.0,3.0,3.0,3.0,3.0,,3.0,5.0,9.0,3.0,2.0,2.0,0.0,,0.0,0.0,2.0,0.0,,2.0,,,,,,,,,,,2.0,2.0,2.0,2.0,2.0,2.0,,2.0,2.0,1.0,9.0,9.0,2.0,2.0,2.0,9.0,1.0,2.0,2.0,1.0,1.0,4.0,4.0,7.0,8.0,2.0,2.0,2.0,1.0,1.0,1.0,1.0,1.0,1.0,1.0,1.0,7.0,7.0,1.0,1.0,7.0,1.0,7.0,1.0,1.0,1.0,1.0,7.0,2.0,3.0,4.0,3.0,2.0,5.0,1.0,5.0,1.0,5.0,5.0,5.0,5.0,1.0,3.0,3.0,3.0,1.0,3.0,3.0,1.0,3.0,3.0,3.0,3.0,3.0,,,,,,,,,,,,,,2.0,2.0,2.0,1.0,3.0,,1.0,1.0,8.0,9.0,1.0,9.0,9.0,1.0,9.0,10.0,3.0,3.0,2.0,2.0,2.0,1.0,1.0,3.0,3.0
360072715,1.0,1.0,1.0,4.0,1.0,1.0,1.0,1.0,1.0,1.0,2.0,1.0,2.0,2.0,2.0,2.0,2.0,1.0,2.0,2.0,2.0,1.0,2.0,2.0,2.0,2.0,2.0,3.0,2.0,2.0,2.0,2.0,2.0,1.0,4.0,4.0,2.0,1.0,4.0,2.0,4.0,3.0,1.0,3.0,1.0,2.0,8.0,9.0,9.0,4.0,4.0,4.0,4.0,4.0,1.0,2.0,1.0,2.0,2.0,4.0,4.0,4.0,,1.0,2.0,2.0,,4.0,,,2.0,2.0,2.0,,2.0,2.0,2.0,4.0,,,0.0,0.0,0.0,0.0,0.0,0.0,0.0,0.0,0.0,0.0,,8.0,4.0,4.0,4.0,4.0,,9.0,3.0,3.0,3.0,3.0,2.0,,4.0,9.0,2.0,0.0,2.0,0.0,0.0,0.0,0.0,0.0,0.0,4.0,2.0,4.0,4.0,4.0,4.0,,3.0,4.0,1.0,2.0,2.0,2.0,1.0,2.0,2.0,3.0,1.0,1.0,2.0,2.0,1.0,10.0,10.0,3.0,3.0,4.0,10.0,10.0,1.0,1.0,1.0,1.0,1.0,2.0,2.0,1.0,1.0,,1.0,4.0,4.0,4.0,5.0,5.0,5.0,5.0,5.0,5.0,9.0,5.0,5.0,5.0,5.0,5.0,5.0,5.0,5.0,,3.0,3.0,3.0,4.0,4.0,3.0,5.0,5.0,5.0,1.0,1.0,5.0,5.0,1.0,3.0,3.0,3.0,3.0,3.0,3.0,3.0,3.0,3.0,3.0,3.0,3.0,3.0,3.0,3.0,4.0,4.0,4.0,4.0,,,,,,1.0,,,,2.0,2.0,2.0,,8.0,9.0,8.0,4.0,10.0,10.0,9.0,9.0,7.0,9.0,8.0,8.0,2.0,1.0,2.0,2.0,1.0,3.0,3.0
276070691,1.0,1.0,1.0,2.0,4.0,4.0,2.0,1.0,1.0,1.0,2.0,1.0,1.0,2.0,2.0,2.0,2.0,1.0,2.0,2.0,2.0,2.0,2.0,1.0,2.0,1.0,2.0,4.0,4.0,4.0,4.0,2.0,5.0,4.0,3.0,4.0,3.0,2.0,1.0,2.0,3.0,3.0,1.0,3.0,1.0,2.0,9.0,9.0,9.0,4.0,4.0,4.0,4.0,4.0,1.0,2.0,1.0,1.0,1.0,3.0,3.0,3.0,3.0,3.0,3.0,3.0,4.0,2.0,1.0,3.0,3.0,2.0,3.0,2.0,3.0,4.0,4.0,2.0,2.0,2.0,0.0,0.0,1.0,0.0,0.0,0.0,0.0,0.0,0.0,0.0,0.0,5.0,8.0,4.0,1.0,4.0,1.0,8.0,3.0,3.0,2.0,2.0,3.0,2.0,4.0,7.0,2.0,2.0,0.0,2.0,2.0,2.0,0.0,0.0,2.0,3.0,2.0,3.0,4.0,4.0,4.0,4.0,4.0,4.0,2.0,2.0,2.0,4.0,4.0,2.0,2.0,4.0,2.0,4.0,1.0,1.0,1.0,7.0,8.0,1.0,3.0,2.0,10.0,1.0,1.0,1.0,2.0,2.0,4.0,4.0,7.0,6.0,2.0,1.0,2.0,1.0,1.0,1.0,1.0,1.0,1.0,10.0,2.0,10.0,10.0,10.0,2.0,9.0,1.0,1.0,1.0,1.0,4.0,1.0,3.0,1.0,2.0,3.0,1.0,1.0,5.0,1.0,1.0,5.0,5.0,1.0,5.0,1.0,1.0,3.0,1.0,3.0,1.0,2.0,1.0,1.0,1.0,1.0,3.0,3.0,1.0,1.0,1.0,3.0,2.0,2.0,4.0,2.0,1.0,4.0,2.0,2.0,1.0,,4.0,3.0,4.0,1.0,4.0,5.0,9.0,1.0,10.0,4.0,8.0,10.0,2.0,1.0,10.0,10.0,8.0,8.0,2.0,1.0,2.0,2.0,1.0,1.0,3.0
392071071,1.0,2.0,2.0,2.0,1.0,3.0,1.0,1.0,2.0,1.0,2.0,2.0,1.0,2.0,2.0,1.0,2.0,1.0,2.0,2.0,2.0,2.0,2.0,2.0,2.0,2.0,3.0,3.0,3.0,3.0,3.0,3.0,3.0,3.0,3.0,,4.0,3.0,,,2.0,3.0,1.0,3.0,2.0,2.0,6.0,5.0,5.0,4.0,3.0,3.0,4.0,4.0,2.0,1.0,1.0,1.0,1.0,3.0,2.0,2.0,4.0,2.0,2.0,2.0,2.0,1.0,2.0,3.0,3.0,2.0,2.0,2.0,2.0,3.0,2.0,2.0,2.0,2.0,0.0,0.0,0.0,0.0,0.0,0.0,0.0,0.0,0.0,0.0,0.0,5.0,5.0,4.0,3.0,3.0,2.0,6.0,2.0,2.0,2.0,2.0,,2.0,3.0,7.0,3.0,2.0,1.0,1.0,1.0,1.0,1.0,2.0,1.0,2.0,2.0,3.0,3.0,3.0,4.0,4.0,4.0,4.0,1.0,1.0,,1.0,2.0,2.0,2.0,1.0,1.0,1.0,1.0,2.0,,6.0,8.0,3.0,4.0,2.0,6.0,4.0,2.0,,,,3.0,3.0,4.0,5.0,2.0,,2.0,4.0,1.0,1.0,1.0,1.0,1.0,9.0,5.0,9.0,9.0,9.0,4.0,5.0,1.0,1.0,1.0,3.0,2.0,2.0,9.0,3.0,3.0,3.0,2.0,3.0,1.0,1.0,1.0,5.0,5.0,4.0,4.0,4.0,1.0,2.0,2.0,2.0,1.0,,,,,,,,1.0,1.0,,,,,,,,,,,1.0,3.0,2.0,3.0,4.0,2.0,4.0,5.0,,1.0,9.0,6.0,1.0,8.0,2.0,3.0,9.0,8.0,7.0,6.0,2.0,2.0,1.0,1.0,1.0,1.0,2.0
300070797,1.0,2.0,3.0,3.0,2.0,1.0,2.0,2.0,1.0,1.0,2.0,1.0,2.0,2.0,1.0,1.0,2.0,1.0,2.0,2.0,1.0,1.0,2.0,1.0,2.0,1.0,2.0,3.0,2.0,3.0,3.0,2.0,3.0,2.0,4.0,5.0,2.0,3.0,3.0,2.0,4.0,1.0,1.0,1.0,2.0,2.0,7.0,7.0,6.0,4.0,4.0,4.0,3.0,4.0,1.0,1.0,1.0,2.0,2.0,3.0,3.0,3.0,2.0,1.0,3.0,3.0,3.0,1.0,2.0,2.0,3.0,2.0,2.0,2.0,2.0,3.0,3.0,2.0,2.0,2.0,1.0,1.0,1.0,1.0,0.0,0.0,0.0,0.0,0.0,0.0,0.0,5.0,6.0,1.0,2.0,4.0,1.0,5.0,2.0,2.0,2.0,2.0,3.0,2.0,4.0,4.0,2.0,0.0,0.0,2.0,2.0,2.0,1.0,2.0,2.0,3.0,2.0,3.0,3.0,3.0,3.0,3.0,3.0,3.0,2.0,2.0,2.0,,4.0,2.0,2.0,3.0,2.0,4.0,1.0,1.0,1.0,8.0,8.0,2.0,,2.0,8.0,10.0,1.0,,,1.0,,3.0,1.0,1.0,1.0,2.0,2.0,10.0,1.0,2.0,1.0,1.0,1.0,1.0,1.0,7.0,7.0,5.0,1.0,5.0,1.0,1.0,1.0,1.0,1.0,1.0,6.0,2.0,2.0,2.0,2.0,2.0,2.0,1.0,1.0,2.0,2.0,2.0,2.0,1.0,2.0,2.0,2.0,3.0,1.0,2.0,2.0,2.0,2.0,2.0,2.0,3.0,1.0,1.0,1.0,3.0,3.0,3.0,4.0,4.0,2.0,3.0,3.0,2.0,1.0,,4.0,4.0,3.0,1.0,3.0,5.0,10.0,9.0,10.0,8.0,7.0,10.0,8.0,8.0,10.0,10.0,6.0,5.0,2.0,1.0,1.0,1.0,1.0,2.0,2.0
704070436,1.0,2.0,2.0,2.0,1.0,3.0,2.0,1.0,1.0,2.0,1.0,2.0,1.0,2.0,2.0,1.0,2.0,1.0,1.0,1.0,2.0,1.0,1.0,1.0,1.0,1.0,2.0,2.0,2.0,3.0,2.0,2.0,2.0,1.0,2.0,4.0,2.0,2.0,2.0,2.0,2.0,3.0,1.0,2.0,2.0,3.0,7.0,7.0,7.0,4.0,4.0,4.0,4.0,4.0,1.0,1.0,1.0,2.0,2.0,3.0,3.0,3.0,2.0,1.0,2.0,2.0,2.0,2.0,2.0,2.0,2.0,2.0,2.0,2.0,2.0,2.0,2.0,2.0,2.0,1.0,0.0,0.0,0.0,2.0,2.0,0.0,2.0,1.0,0.0,0.0,0.0,10.0,1.0,10.0,1.0,1.0,1.0,8.0,2.0,2.0,2.0,2.0,,2.0,2.0,5.0,5.0,2.0,2.0,0.0,2.0,1.0,2.0,0.0,0.0,3.0,2.0,3.0,2.0,4.0,4.0,3.0,3.0,3.0,1.0,1.0,2.0,2.0,1.0,2.0,2.0,3.0,2.0,4.0,1.0,1.0,1.0,7.0,7.0,5.0,4.0,1.0,10.0,7.0,2.0,2.0,2.0,2.0,3.0,2.0,4.0,6.0,1.0,2.0,2.0,7.0,5.0,1.0,1.0,1.0,1.0,10.0,10.0,10.0,6.0,10.0,1.0,10.0,10.0,10.0,10.0,1.0,10.0,1.0,10.0,2.0,3.0,3.0,2.0,2.0,1.0,1.0,4.0,1.0,5.0,1.0,1.0,2.0,2.0,2.0,3.0,2.0,2.0,3.0,3.0,3.0,1.0,2.0,,,1.0,1.0,3.0,4.0,1.0,4.0,1.0,4.0,3.0,4.0,1.0,1.0,3.0,4.0,2.0,2.0,3.0,1.0,2.0,,7.0,7.0,9.0,7.0,4.0,7.0,4.0,4.0,9.0,8.0,5.0,5.0,2.0,2.0,1.0,2.0,1.0,2.0,3.0
792070832,1.0,1.0,1.0,2.0,2.0,1.0,1.0,2.0,1.0,1.0,2.0,1.0,2.0,2.0,1.0,2.0,2.0,1.0,1.0,1.0,1.0,1.0,1.0,1.0,1.0,1.0,3.0,4.0,3.0,3.0,3.0,1.0,2.0,4.0,2.0,5.0,1.0,2.0,4.0,4.0,2.0,1.0,1.0,1.0,1.0,3.0,3.0,5.0,6.0,4.0,2.0,4.0,2.0,3.0,1.0,2.0,1.0,1.0,2.0,3.0,3.0,3.0,2.0,1.0,1.0,1.0,2.0,1.0,2.0,2.0,2.0,3.0,2.0,3.0,2.0,3.0,2.0,2.0,2.0,1.0,0.0,0.0,0.0,0.0,0.0,0.0,0.0,0.0,0.0,0.0,0.0,1.0,7.0,6.0,10.0,8.0,1.0,,,,,,,2.0,3.0,10.0,3.0,2.0,0.0,2.0,2.0,2.0,0.0,0.0,0.0,4.0,3.0,2.0,2.0,4.0,1.0,4.0,3.0,4.0,,1.0,2.0,3.0,2.0,2.0,2.0,1.0,1.0,1.0,1.0,2.0,2.0,6.0,7.0,5.0,5.0,8.0,7.0,9.0,1.0,1.0,1.0,1.0,3.0,1.0,4.0,5.0,1.0,1.0,1.0,6.0,1.0,1.0,1.0,1.0,1.0,1.0,1.0,1.0,1.0,1.0,1.0,1.0,1.0,1.0,1.0,,1.0,,10.0,4.0,4.0,4.0,4.0,3.0,5.0,1.0,5.0,5.0,5.0,4.0,4.0,2.0,3.0,3.0,3.0,3.0,3.0,3.0,3.0,3.0,2.0,3.0,3.0,3.0,,,3.0,2.0,1.0,1.0,1.0,2.0,1.0,2.0,2.0,3.0,1.0,,3.0,3.0,,4.0,4.0,,7.0,8.0,6.0,4.0,,6.0,4.0,5.0,5.0,6.0,1.0,,3.0,1.0,2.0,2.0,2.0,2.0,2.0
344071153,1.0,3.0,3.0,3.0,2.0,3.0,2.0,1.0,2.0,1.0,2.0,1.0,2.0,1.0,2.0,1.0,2.0,1.0,2.0,1.0,2.0,2.0,2.0,1.0,2.0,2.0,3.0,2.0,3.0,3.0,3.0,2.0,4.0,2.0,4.0,2.0,4.0,2.0,4.0,4.0,3.0,1.0,3.0,2.0,2.0,2.0,9.0,9.0,8.0,4.0,4.0,4.0,4.0,4.0,1.0,1.0,1.0,2.0,2.0,2.0,2.0,2.0,3.0,2.0,3.0,3.0,3.0,2.0,2.0,2.0,3.0,3.0,3.0,3.0,3.0,3.0,2.0,2.0,2.0,2.0,0.0,0.0,0.0,0.0,0.0,0.0,0.0,0.0,0.0,0.0,0.0,5.0,5.0,8.0,4.0,4.0,1.0,2.0,2.0,2.0,2.0,2.0,2.0,2.0,4.0,3.0,3.0,0.0,0.0,1.0,2.0,0.0,2.0,0.0,0.0,3.0,1.0,3.0,3.0,3.0,3.0,3.0,3.0,4.0,2.0,1.0,2.0,3.0,3.0,2.0,2.0,3.0,3.0,3.0,2.0,2.0,2.0,7.0,3.0,10.0,10.0,3.0,1.0,5.0,1.0,1.0,2.0,2.0,2.0,4.0,7.0,8.0,3.0,2.0,2.0,1.0,1.0,1.0,1.0,2.0,1.0,6.0,6.0,6.0,7.0,7.0,1.0,7.0,1.0,2.0,1.0,1.0,6.0,1.0,7.0,2.0,2.0,2.0,4.0,3.0,5.0,5.0,4.0,1.0,1.0,1.0,1.0,1.0,2.0,3.0,2.0,3.0,2.0,2.0,3.0,3.0,3.0,3.0,3.0,3.0,3.0,3.0,2.0,4.0,3.0,3.0,3.0,3.0,2.0,3.0,2.0,2.0,2.0,1.0,3.0,4.0,3.0,2.0,3.0,5.0,9.0,1.0,10.0,2.0,1.0,1.0,1.0,1.0,10.0,9.0,8.0,7.0,1.0,1.0,3.0,,1.0,2.0,3.0
462070925,1.0,1.0,,2.0,1.0,1.0,1.0,1.0,1.0,1.0,2.0,2.0,2.0,2.0,1.0,2.0,2.0,1.0,2.0,2.0,2.0,1.0,2.0,1.0,1.0,2.0,1.0,2.0,3.0,3.0,4.0,2.0,2.0,1.0,3.0,5.0,1.0,1.0,1.0,1.0,2.0,3.0,1.0,1.0,2.0,2.0,8.0,3.0,5.0,4.0,4.0,4.0,3.0,4.0,1.0,2.0,2.0,3.0,3.0,4.0,4.0,4.0,4.0,4.0,2.0,2.0,3.0,3.0,2.0,2.0,2.0,2.0,3.0,3.0,2.0,2.0,3.0,1.0,1.0,1.0,0.0,0.0,0.0,0.0,0.0,0.0,0.0,0.0,0.0,0.0,0.0,10.0,5.0,5.0,5.0,8.0,1.0,9.0,3.0,3.0,3.0,3.0,2.0,1.0,1.0,4.0,3.0,1.0,2.0,2.0,2.0,2.0,2.0,1.0,2.0,2.0,2.0,2.0,3.0,3.0,3.0,4.0,3.0,3.0,1.0,1.0,2.0,1.0,2.0,2.0,2.0,,1.0,1.0,1.0,2.0,1.0,8.0,10.0,5.0,3.0,3.0,10.0,10.0,1.0,1.0,1.0,1.0,1.0,1.0,2.0,1.0,1.0,2.0,1.0,5.0,1.0,1.0,1.0,1.0,1.0,1.0,1.0,1.0,1.0,1.0,1.0,1.0,1.0,1.0,1.0,1.0,1.0,1.0,10.0,2.0,2.0,2.0,3.0,2.0,2.0,2.0,5.0,1.0,2.0,1.0,1.0,2.0,2.0,2.0,2.0,2.0,2.0,2.0,3.0,3.0,2.0,2.0,3.0,3.0,1.0,1.0,3.0,3.0,2.0,2.0,2.0,3.0,1.0,2.0,2.0,2.0,1.0,1.0,1.0,1.0,2.0,2.0,2.0,5.0,5.0,5.0,5.0,5.0,5.0,5.0,5.0,5.0,5.0,4.0,,5.0,2.0,2.0,2.0,1.0,1.0,1.0,2.0
716070584,1.0,1.0,2.0,1.0,1.0,1.0,1.0,1.0,2.0,1.0,2.0,2.0,2.0,2.0,1.0,2.0,1.0,1.0,2.0,2.0,2.0,1.0,2.0,2.0,2.0,2.0,2.0,3.0,2.0,1.0,2.0,3.0,2.0,2.0,1.0,2.0,2.0,2.0,1.0,2.0,1.0,3.0,1.0,1.0,2.0,3.0,9.0,10.0,2.0,2.0,2.0,4.0,1.0,4.0,2.0,2.0,1.0,1.0,2.0,3.0,1.0,1.0,1.0,1.0,2.0,2.0,1.0,2.0,3.0,1.0,2.0,2.0,2.0,2.0,1.0,3.0,1.0,2.0,1.0,2.0,0.0,0.0,0.0,0.0,2.0,0.0,0.0,0.0,0.0,0.0,0.0,6.0,10.0,1.0,1.0,1.0,1.0,2.0,2.0,2.0,2.0,3.0,2.0,3.0,4.0,9.0,2.0,0.0,0.0,0.0,0.0,0.0,0.0,0.0,0.0,1.0,2.0,3.0,3.0,4.0,4.0,4.0,4.0,4.0,1.0,1.0,2.0,1.0,1.0,2.0,2.0,1.0,1.0,1.0,1.0,2.0,1.0,10.0,9.0,2.0,7.0,5.0,9.0,10.0,1.0,2.0,2.0,2.0,2.0,3.0,7.0,8.0,2.0,2.0,2.0,2.0,1.0,1.0,1.0,1.0,1.0,1.0,1.0,1.0,1.0,1.0,1.0,2.0,1.0,1.0,1.0,2.0,1.0,1.0,1.0,4.0,4.0,4.0,1.0,2.0,4.0,4.0,3.0,4.0,4.0,4.0,4.0,4.0,3.0,3.0,3.0,3.0,2.0,2.0,1.0,1.0,3.0,3.0,3.0,3.0,1.0,1.0,1.0,4.0,4.0,4.0,1.0,1.0,4.0,3.0,1.0,2.0,1.0,2.0,4.0,2.0,4.0,4.0,4.0,5.0,1.0,9.0,8.0,8.0,8.0,9.0,9.0,8.0,9.0,9.0,8.0,10.0,2.0,1.0,1.0,1.0,1.0,1.0,1.0
344070018,1.0,2.0,1.0,1.0,3.0,2.0,1.0,2.0,1.0,1.0,2.0,1.0,1.0,2.0,2.0,2.0,2.0,1.0,2.0,2.0,2.0,2.0,2.0,1.0,2.0,2.0,4.0,2.0,2.0,2.0,3.0,2.0,2.0,2.0,2.0,2.0,4.0,2.0,2.0,3.0,2.0,2.0,1.0,1.0,2.0,3.0,5.0,5.0,3.0,4.0,4.0,4.0,3.0,4.0,1.0,2.0,1.0,2.0,2.0,3.0,2.0,2.0,2.0,2.0,2.0,2.0,2.0,1.0,1.0,1.0,2.0,2.0,2.0,2.0,3.0,3.0,2.0,2.0,2.0,1.0,2.0,2.0,2.0,2.0,2.0,2.0,2.0,1.0,1.0,1.0,2.0,7.0,5.0,7.0,4.0,3.0,1.0,5.0,2.0,2.0,2.0,2.0,1.0,2.0,2.0,7.0,2.0,0.0,0.0,2.0,2.0,2.0,0.0,0.0,2.0,2.0,2.0,2.0,2.0,4.0,2.0,3.0,2.0,1.0,2.0,1.0,2.0,2.0,1.0,2.0,2.0,3.0,3.0,2.0,1.0,2.0,1.0,8.0,8.0,5.0,5.0,3.0,5.0,5.0,2.0,2.0,2.0,2.0,4.0,1.0,4.0,8.0,1.0,1.0,2.0,5.0,8.0,6.0,2.0,2.0,2.0,2.0,2.0,5.0,5.0,5.0,2.0,6.0,2.0,2.0,2.0,2.0,3.0,2.0,2.0,4.0,3.0,3.0,2.0,2.0,3.0,2.0,2.0,5.0,5.0,5.0,5.0,3.0,3.0,3.0,3.0,3.0,3.0,3.0,3.0,3.0,,,,,3.0,3.0,1.0,2.0,2.0,4.0,1.0,1.0,4.0,4.0,2.0,1.0,2.0,3.0,4.0,4.0,4.0,2.0,4.0,,2.0,6.0,5.0,8.0,2.0,9.0,8.0,8.0,8.0,8.0,5.0,5.0,2.0,1.0,1.0,,1.0,4.0,4.0
156071507,2.0,2.0,2.0,3.0,2.0,3.0,1.0,2.0,1.0,1.0,1.0,1.0,2.0,2.0,2.0,2.0,2.0,1.0,2.0,1.0,2.0,1.0,1.0,1.0,1.0,2.0,2.0,1.0,2.0,3.0,2.0,3.0,2.0,2.0,2.0,4.0,2.0,2.0,2.0,2.0,2.0,3.0,1.0,1.0,2.0,3.0,10.0,6.0,3.0,4.0,4.0,4.0,4.0,4.0,1.0,2.0,1.0,1.0,2.0,3.0,3.0,3.0,3.0,2.0,2.0,3.0,2.0,2.0,2.0,2.0,2.0,2.0,2.0,1.0,3.0,2.0,2.0,2.0,2.0,2.0,0.0,0.0,0.0,0.0,0.0,0.0,0.0,0.0,0.0,0.0,0.0,10.0,10.0,5.0,1.0,1.0,1.0,8.0,3.0,1.0,3.0,2.0,1.0,2.0,2.0,5.0,4.0,0.0,0.0,0.0,,0.0,2.0,2.0,2.0,,2.0,,,,,,,,,,,2.0,2.0,2.0,2.0,1.0,1.0,,2.0,2.0,1.0,10.0,10.0,5.0,5.0,2.0,10.0,1.0,2.0,2.0,2.0,2.0,4.0,1.0,7.0,8.0,3.0,2.0,2.0,5.0,3.0,8.0,1.0,1.0,1.0,1.0,1.0,1.0,1.0,1.0,1.0,1.0,1.0,1.0,1.0,1.0,1.0,1.0,10.0,1.0,1.0,1.0,4.0,2.0,4.0,3.0,5.0,1.0,5.0,5.0,5.0,5.0,2.0,2.0,2.0,3.0,1.0,3.0,3.0,3.0,3.0,3.0,3.0,3.0,3.0,,,,,,,,,,,,,,1.0,3.0,1.0,2.0,3.0,,5.0,8.0,8.0,8.0,8.0,8.0,10.0,6.0,10.0,10.0,10.0,8.0,2.0,2.0,2.0,2.0,2.0,3.0,3.0
484071480,1.0,1.0,1.0,1.0,1.0,2.0,1.0,1.0,2.0,1.0,1.0,1.0,2.0,2.0,2.0,2.0,2.0,1.0,2.0,2.0,2.0,2.0,2.0,1.0,2.0,2.0,1.0,2.0,2.0,2.0,2.0,1.0,4.0,1.0,3.0,3.0,4.0,4.0,2.0,2.0,2.0,1.0,1.0,1.0,1.0,2.0,10.0,10.0,10.0,4.0,4.0,4.0,4.0,4.0,2.0,2.0,1.0,3.0,3.0,4.0,2.0,3.0,4.0,4.0,4.0,4.0,4.0,4.0,4.0,4.0,4.0,4.0,4.0,1.0,4.0,4.0,4.0,4.0,4.0,4.0,0.0,0.0,0.0,0.0,0.0,0.0,0.0,0.0,0.0,0.0,0.0,8.0,8.0,9.0,9.0,9.0,2.0,10.0,4.0,4.0,4.0,4.0,4.0,3.0,4.0,10.0,2.0,2.0,2.0,2.0,2.0,2.0,2.0,2.0,2.0,3.0,2.0,3.0,3.0,3.0,3.0,3.0,3.0,3.0,1.0,1.0,2.0,1.0,1.0,2.0,2.0,1.0,1.0,1.0,1.0,2.0,1.0,10.0,8.0,7.0,8.0,7.0,9.0,10.0,1.0,1.0,1.0,1.0,4.0,4.0,7.0,2.0,1.0,2.0,2.0,9.0,1.0,2.0,4.0,2.0,2.0,4.0,1.0,3.0,4.0,1.0,1.0,1.0,4.0,3.0,4.0,4.0,3.0,1.0,4.0,4.0,4.0,4.0,2.0,2.0,1.0,1.0,1.0,1.0,1.0,1.0,1.0,1.0,3.0,3.0,3.0,3.0,3.0,3.0,3.0,3.0,3.0,3.0,3.0,3.0,1.0,1.0,4.0,4.0,4.0,1.0,4.0,4.0,1.0,1.0,4.0,4.0,2.0,4.0,1.0,1.0,4.0,1.0,4.0,9.0,7.0,5.0,8.0,7.0,8.0,8.0,9.0,8.0,8.0,7.0,9.0,8.0,2.0,1.0,1.0,1.0,1.0,1.0,1.0
764070884,2.0,2.0,2.0,2.0,1.0,1.0,2.0,1.0,1.0,1.0,2.0,2.0,1.0,2.0,1.0,2.0,2.0,1.0,2.0,1.0,2.0,1.0,1.0,1.0,1.0,2.0,3.0,2.0,1.0,2.0,3.0,2.0,3.0,2.0,1.0,2.0,3.0,2.0,1.0,2.0,1.0,2.0,1.0,2.0,2.0,2.0,5.0,5.0,6.0,1.0,1.0,2.0,1.0,2.0,3.0,2.0,1.0,2.0,1.0,2.0,1.0,2.0,2.0,1.0,2.0,1.0,2.0,2.0,1.0,2.0,2.0,1.0,2.0,1.0,2.0,2.0,1.0,2.0,2.0,1.0,1.0,2.0,1.0,2.0,2.0,1.0,2.0,2.0,1.0,2.0,1.0,6.0,7.0,6.0,4.0,6.0,2.0,4.0,2.0,1.0,1.0,2.0,1.0,2.0,2.0,5.0,2.0,2.0,1.0,2.0,1.0,2.0,2.0,2.0,1.0,2.0,2.0,1.0,2.0,3.0,2.0,2.0,2.0,1.0,1.0,1.0,2.0,1.0,1.0,2.0,2.0,2.0,1.0,2.0,2.0,2.0,1.0,4.0,3.0,3.0,2.0,3.0,5.0,7.0,2.0,2.0,2.0,2.0,2.0,1.0,2.0,2.0,2.0,2.0,2.0,5.0,4.0,4.0,3.0,5.0,1.0,1.0,2.0,1.0,2.0,3.0,4.0,3.0,3.0,4.0,2.0,1.0,1.0,1.0,2.0,2.0,1.0,2.0,1.0,3.0,1.0,2.0,1.0,2.0,1.0,3.0,4.0,2.0,2.0,1.0,2.0,1.0,2.0,3.0,1.0,2.0,2.0,2.0,1.0,2.0,3.0,2.0,2.0,1.0,2.0,1.0,2.0,3.0,3.0,3.0,1.0,2.0,2.0,,1.0,2.0,2.0,1.0,2.0,6.0,3.0,3.0,2.0,3.0,3.0,2.0,3.0,2.0,3.0,6.0,5.0,7.0,2.0,2.0,2.0,1.0,2.0,1.0,2.0
124073054,1.0,2.0,2.0,2.0,2.0,1.0,1.0,2.0,2.0,1.0,2.0,2.0,1.0,1.0,1.0,2.0,2.0,1.0,2.0,1.0,2.0,1.0,2.0,1.0,2.0,2.0,2.0,2.0,2.0,4.0,2.0,1.0,5.0,4.0,5.0,5.0,4.0,2.0,4.0,2.0,4.0,2.0,1.0,3.0,2.0,2.0,10.0,8.0,8.0,4.0,4.0,4.0,4.0,4.0,1.0,1.0,1.0,2.0,2.0,3.0,2.0,3.0,1.0,2.0,4.0,3.0,4.0,2.0,3.0,4.0,3.0,4.0,3.0,4.0,2.0,2.0,2.0,4.0,4.0,2.0,2.0,0.0,0.0,0.0,0.0,0.0,0.0,0.0,0.0,0.0,0.0,9.0,3.0,8.0,2.0,4.0,2.0,8.0,2.0,2.0,2.0,2.0,3.0,2.0,3.0,4.0,4.0,2.0,2.0,0.0,2.0,0.0,2.0,0.0,1.0,2.0,1.0,4.0,3.0,4.0,4.0,4.0,4.0,3.0,2.0,2.0,2.0,3.0,3.0,2.0,2.0,4.0,3.0,4.0,1.0,1.0,1.0,9.0,8.0,6.0,5.0,5.0,9.0,10.0,1.0,1.0,1.0,1.0,,3.0,2.0,1.0,1.0,1.0,2.0,3.0,1.0,1.0,1.0,1.0,1.0,1.0,1.0,1.0,1.0,1.0,1.0,1.0,1.0,1.0,1.0,1.0,1.0,1.0,1.0,2.0,4.0,3.0,2.0,2.0,5.0,4.0,4.0,4.0,2.0,2.0,2.0,2.0,1.0,1.0,1.0,3.0,1.0,1.0,1.0,1.0,1.0,1.0,1.0,1.0,1.0,1.0,2.0,3.0,2.0,3.0,3.0,2.0,3.0,4.0,2.0,2.0,1.0,4.0,4.0,3.0,4.0,1.0,3.0,10.0,1.0,6.0,10.0,1.0,1.0,6.0,1.0,8.0,10.0,9.0,4.0,2.0,2.0,3.0,2.0,1.0,2.0,2.0,2.0
586070804,1.0,2.0,3.0,4.0,4.0,1.0,2.0,2.0,2.0,2.0,1.0,1.0,1.0,2.0,2.0,2.0,2.0,2.0,2.0,2.0,2.0,1.0,2.0,1.0,2.0,1.0,1.0,1.0,1.0,1.0,2.0,2.0,2.0,1.0,2.0,1.0,3.0,4.0,3.0,2.0,3.0,3.0,1.0,1.0,1.0,1.0,9.0,,9.0,1.0,4.0,2.0,3.0,2.0,1.0,2.0,1.0,1.0,1.0,4.0,4.0,4.0,1.0,1.0,1.0,2.0,2.0,1.0,1.0,1.0,4.0,4.0,1.0,1.0,1.0,2.0,3.0,3.0,4.0,2.0,2.0,2.0,2.0,0.0,0.0,1.0,0.0,1.0,0.0,0.0,0.0,2.0,10.0,3.0,2.0,10.0,1.0,2.0,3.0,3.0,3.0,3.0,4.0,1.0,4.0,5.0,1.0,2.0,2.0,1.0,1.0,2.0,2.0,2.0,0.0,3.0,2.0,4.0,4.0,4.0,4.0,4.0,4.0,4.0,1.0,1.0,2.0,1.0,1.0,2.0,2.0,1.0,1.0,1.0,2.0,2.0,1.0,10.0,8.0,8.0,9.0,3.0,9.0,10.0,1.0,1.0,1.0,1.0,1.0,1.0,1.0,1.0,1.0,2.0,1.0,2.0,10.0,9.0,2.0,2.0,2.0,9.0,2.0,9.0,7.0,8.0,2.0,3.0,3.0,2.0,4.0,3.0,10.0,3.0,10.0,1.0,1.0,4.0,1.0,3.0,3.0,1.0,5.0,1.0,5.0,1.0,2.0,1.0,3.0,3.0,3.0,3.0,1.0,1.0,1.0,1.0,2.0,3.0,3.0,3.0,1.0,1.0,1.0,1.0,1.0,1.0,4.0,2.0,1.0,1.0,2.0,1.0,1.0,2.0,3.0,1.0,1.0,3.0,1.0,,8.0,8.0,8.0,8.0,8.0,10.0,9.0,8.0,2.0,9.0,5.0,6.0,2.0,1.0,1.0,1.0,1.0,1.0,1.0
788070682,1.0,2.0,2.0,3.0,1.0,1.0,1.0,1.0,1.0,1.0,1.0,1.0,1.0,1.0,1.0,1.0,1.0,2.0,1.0,2.0,1.0,2.0,1.0,2.0,2.0,1.0,1.0,3.0,3.0,3.0,3.0,3.0,4.0,1.0,4.0,,1.0,1.0,3.0,1.0,1.0,2.0,1.0,1.0,2.0,3.0,5.0,3.0,2.0,2.0,2.0,2.0,2.0,2.0,3.0,2.0,2.0,2.0,2.0,2.0,2.0,2.0,3.0,3.0,3.0,3.0,3.0,3.0,3.0,3.0,3.0,3.0,4.0,3.0,3.0,3.0,3.0,,4.0,4.0,0.0,0.0,0.0,0.0,0.0,0.0,0.0,0.0,0.0,0.0,0.0,9.0,9.0,2.0,2.0,1.0,2.0,10.0,4.0,4.0,4.0,4.0,4.0,1.0,4.0,9.0,2.0,0.0,2.0,2.0,2.0,2.0,2.0,2.0,2.0,3.0,1.0,2.0,2.0,2.0,2.0,3.0,2.0,2.0,1.0,1.0,2.0,1.0,1.0,1.0,2.0,1.0,1.0,1.0,1.0,2.0,1.0,10.0,10.0,9.0,9.0,1.0,6.0,1.0,1.0,2.0,1.0,1.0,1.0,1.0,6.0,6.0,2.0,2.0,2.0,4.0,1.0,1.0,1.0,6.0,2.0,2.0,2.0,1.0,2.0,2.0,2.0,2.0,2.0,2.0,3.0,2.0,2.0,2.0,8.0,4.0,4.0,4.0,4.0,3.0,4.0,1.0,1.0,1.0,1.0,1.0,1.0,1.0,3.0,3.0,3.0,3.0,3.0,3.0,3.0,3.0,3.0,3.0,3.0,3.0,3.0,2.0,4.0,3.0,3.0,3.0,3.0,3.0,3.0,3.0,3.0,3.0,1.0,1.0,3.0,3.0,2.0,2.0,3.0,8.0,9.0,3.0,9.0,8.0,4.0,8.0,8.0,5.0,9.0,1.0,3.0,2.0,3.0,1.0,1.0,1.0,1.0,1.0,1.0
688071067,1.0,1.0,1.0,2.0,2.0,2.0,1.0,2.0,1.0,2.0,1.0,2.0,1.0,2.0,2.0,1.0,1.0,1.0,2.0,1.0,1.0,1.0,2.0,1.0,2.0,2.0,3.0,3.0,2.0,3.0,2.0,3.0,2.0,2.0,4.0,4.0,2.0,2.0,4.0,2.0,3.0,2.0,1.0,1.0,3.0,5.0,6.0,4.0,1.0,2.0,4.0,2.0,1.0,4.0,1.0,2.0,1.0,1.0,2.0,3.0,2.0,2.0,2.0,2.0,4.0,2.0,4.0,3.0,2.0,4.0,4.0,4.0,4.0,4.0,2.0,2.0,2.0,3.0,3.0,4.0,0.0,0.0,0.0,0.0,0.0,0.0,0.0,0.0,0.0,0.0,0.0,8.0,4.0,1.0,7.0,4.0,2.0,10.0,3.0,3.0,3.0,3.0,3.0,3.0,5.0,2.0,3.0,0.0,2.0,0.0,2.0,0.0,2.0,1.0,1.0,1.0,2.0,4.0,2.0,4.0,4.0,3.0,3.0,4.0,1.0,1.0,2.0,1.0,2.0,2.0,2.0,1.0,1.0,1.0,1.0,2.0,2.0,7.0,5.0,7.0,4.0,2.0,8.0,3.0,1.0,2.0,2.0,2.0,4.0,4.0,6.0,7.0,2.0,2.0,2.0,6.0,1.0,10.0,1.0,1.0,1.0,1.0,1.0,10.0,10.0,1.0,1.0,1.0,1.0,1.0,1.0,1.0,1.0,1.0,1.0,2.0,4.0,4.0,2.0,2.0,1.0,1.0,1.0,5.0,5.0,5.0,5.0,2.0,3.0,3.0,3.0,3.0,3.0,3.0,3.0,3.0,3.0,3.0,3.0,3.0,1.0,1.0,2.0,4.0,1.0,2.0,4.0,1.0,3.0,4.0,1.0,1.0,2.0,,1.0,2.0,3.0,2.0,3.0,3.0,1.0,1.0,1.0,1.0,1.0,10.0,1.0,1.0,10.0,9.0,1.0,1.0,3.0,2.0,1.0,1.0,1.0,3.0,3.0
566070785,1.0,2.0,1.0,4.0,2.0,1.0,1.0,1.0,1.0,2.0,2.0,2.0,2.0,2.0,1.0,2.0,1.0,1.0,2.0,2.0,2.0,1.0,2.0,1.0,2.0,2.0,2.0,2.0,2.0,4.0,2.0,2.0,2.0,2.0,2.0,5.0,2.0,4.0,2.0,2.0,1.0,1.0,1.0,1.0,1.0,2.0,7.0,5.0,7.0,4.0,4.0,4.0,3.0,4.0,1.0,2.0,2.0,3.0,2.0,4.0,1.0,2.0,2.0,3.0,3.0,1.0,2.0,1.0,2.0,2.0,2.0,3.0,2.0,1.0,2.0,2.0,1.0,1.0,1.0,3.0,2.0,0.0,0.0,0.0,0.0,0.0,0.0,0.0,0.0,2.0,2.0,8.0,3.0,1.0,1.0,1.0,1.0,7.0,2.0,2.0,2.0,2.0,2.0,2.0,1.0,6.0,4.0,1.0,0.0,0.0,2.0,0.0,0.0,0.0,0.0,3.0,2.0,3.0,3.0,3.0,4.0,2.0,3.0,3.0,1.0,1.0,2.0,1.0,2.0,2.0,1.0,1.0,2.0,1.0,1.0,2.0,1.0,6.0,8.0,6.0,7.0,5.0,7.0,10.0,1.0,1.0,1.0,1.0,1.0,3.0,1.0,1.0,1.0,2.0,1.0,1.0,1.0,1.0,1.0,1.0,1.0,1.0,1.0,1.0,1.0,1.0,1.0,1.0,1.0,5.0,1.0,1.0,1.0,1.0,1.0,2.0,1.0,3.0,4.0,3.0,5.0,1.0,4.0,1.0,4.0,1.0,1.0,4.0,3.0,3.0,3.0,3.0,3.0,2.0,2.0,1.0,1.0,3.0,1.0,3.0,2.0,2.0,2.0,3.0,2.0,3.0,2.0,2.0,3.0,3.0,2.0,3.0,2.0,4.0,2.0,2.0,2.0,1.0,1.0,8.0,9.0,8.0,9.0,9.0,10.0,6.0,9.0,7.0,6.0,7.0,7.0,10.0,3.0,2.0,1.0,1.0,1.0,1.0,1.0
496070793,3.0,2.0,2.0,3.0,3.0,3.0,1.0,1.0,2.0,1.0,2.0,1.0,2.0,2.0,2.0,1.0,1.0,2.0,1.0,1.0,2.0,1.0,1.0,2.0,1.0,2.0,3.0,4.0,3.0,1.0,2.0,3.0,4.0,3.0,2.0,1.0,2.0,3.0,2.0,3.0,2.0,1.0,2.0,1.0,3.0,4.0,8.0,9.0,7.0,1.0,2.0,2.0,1.0,1.0,3.0,1.0,3.0,2.0,2.0,1.0,2.0,1.0,2.0,2.0,3.0,3.0,3.0,2.0,1.0,2.0,2.0,3.0,3.0,4.0,4.0,4.0,3.0,4.0,3.0,4.0,0.0,0.0,1.0,1.0,0.0,0.0,0.0,2.0,2.0,1.0,0.0,3.0,8.0,9.0,8.0,9.0,1.0,2.0,4.0,2.0,3.0,2.0,3.0,2.0,4.0,4.0,5.0,1.0,1.0,2.0,2.0,1.0,2.0,1.0,2.0,1.0,4.0,3.0,3.0,4.0,3.0,3.0,4.0,3.0,1.0,2.0,1.0,2.0,3.0,2.0,1.0,2.0,3.0,2.0,2.0,2.0,1.0,8.0,9.0,9.0,8.0,9.0,8.0,9.0,2.0,2.0,2.0,2.0,1.0,1.0,2.0,7.0,1.0,2.0,2.0,6.0,7.0,7.0,6.0,6.0,7.0,6.0,7.0,6.0,5.0,4.0,6.0,7.0,6.0,5.0,5.0,4.0,5.0,5.0,8.0,3.0,2.0,3.0,3.0,2.0,3.0,4.0,3.0,4.0,3.0,4.0,3.0,4.0,2.0,2.0,3.0,2.0,2.0,1.0,2.0,1.0,2.0,1.0,2.0,1.0,3.0,2.0,1.0,2.0,2.0,3.0,3.0,2.0,2.0,1.0,2.0,3.0,3.0,4.0,2.0,3.0,2.0,3.0,2.0,7.0,5.0,6.0,8.0,7.0,6.0,7.0,5.0,7.0,5.0,7.0,8.0,8.0,3.0,1.0,2.0,2.0,1.0,1.0,2.0
68071584,1.0,3.0,2.0,4.0,2.0,3.0,1.0,2.0,2.0,1.0,1.0,1.0,2.0,2.0,2.0,2.0,1.0,1.0,2.0,2.0,2.0,2.0,2.0,1.0,2.0,2.0,1.0,1.0,2.0,2.0,3.0,3.0,4.0,2.0,4.0,3.0,4.0,2.0,2.0,3.0,2.0,1.0,1.0,1.0,2.0,3.0,10.0,9.0,8.0,4.0,4.0,3.0,2.0,4.0,2.0,2.0,1.0,4.0,2.0,4.0,4.0,4.0,3.0,4.0,3.0,4.0,3.0,4.0,4.0,4.0,4.0,3.0,3.0,2.0,2.0,3.0,3.0,3.0,2.0,3.0,0.0,2.0,0.0,0.0,0.0,0.0,2.0,0.0,0.0,0.0,0.0,8.0,2.0,4.0,5.0,4.0,1.0,10.0,4.0,2.0,3.0,2.0,1.0,2.0,4.0,10.0,3.0,0.0,0.0,2.0,2.0,2.0,0.0,0.0,1.0,3.0,3.0,2.0,2.0,4.0,4.0,4.0,3.0,4.0,1.0,2.0,2.0,3.0,4.0,1.0,2.0,3.0,1.0,3.0,1.0,2.0,1.0,9.0,9.0,7.0,5.0,2.0,7.0,8.0,1.0,1.0,,1.0,3.0,3.0,6.0,7.0,2.0,2.0,2.0,2.0,2.0,2.0,1.0,2.0,1.0,1.0,6.0,6.0,6.0,6.0,1.0,1.0,1.0,1.0,1.0,1.0,3.0,1.0,5.0,3.0,4.0,4.0,3.0,2.0,4.0,1.0,1.0,2.0,5.0,1.0,4.0,4.0,3.0,3.0,3.0,3.0,1.0,3.0,3.0,2.0,1.0,3.0,3.0,3.0,1.0,1.0,1.0,4.0,1.0,,1.0,4.0,4.0,4.0,1.0,1.0,1.0,,2.0,2.0,3.0,1.0,4.0,8.0,2.0,4.0,7.0,8.0,3.0,3.0,8.0,2.0,9.0,9.0,4.0,4.0,3.0,1.0,1.0,1.0,1.0,2.0,3.0
586071567,1.0,1.0,4.0,,1.0,1.0,2.0,1.0,1.0,2.0,2.0,2.0,2.0,2.0,1.0,1.0,1.0,2.0,2.0,2.0,2.0,2.0,1.0,2.0,2.0,2.0,1.0,1.0,,2.0,1.0,,1.0,1.0,1.0,1.0,1.0,1.0,3.0,1.0,2.0,,1.0,1.0,2.0,2.0,5.0,5.0,6.0,4.0,4.0,4.0,4.0,4.0,1.0,1.0,1.0,2.0,2.0,2.0,4.0,4.0,1.0,1.0,,1.0,1.0,1.0,1.0,1.0,,,,1.0,,,1.0,,,1.0,,,,,,,,,,,,5.0,5.0,5.0,5.0,5.0,2.0,5.0,1.0,2.0,,,,1.0,1.0,5.0,4.0,,,,,,0.0,2.0,,2.0,1.0,4.0,4.0,4.0,4.0,4.0,4.0,4.0,2.0,1.0,2.0,1.0,1.0,2.0,2.0,1.0,1.0,1.0,2.0,2.0,1.0,5.0,10.0,5.0,5.0,10.0,10.0,10.0,1.0,,2.0,1.0,1.0,1.0,1.0,1.0,1.0,2.0,1.0,5.0,1.0,10.0,1.0,5.0,1.0,1.0,1.0,5.0,1.0,1.0,1.0,1.0,1.0,5.0,1.0,1.0,1.0,1.0,1.0,,,,,3.0,4.0,5.0,5.0,5.0,5.0,5.0,5.0,4.0,,,3.0,3.0,3.0,2.0,3.0,,2.0,,3.0,3.0,3.0,,,4.0,2.0,,,,,,1.0,1.0,4.0,5.0,1.0,,1.0,1.0,,,5.0,10.0,10.0,10.0,10.0,10.0,10.0,10.0,10.0,10.0,5.0,5.0,1.0,1.0,1.0,1.0,1.0,1.0,1.0
804071223,2.0,1.0,1.0,4.0,1.0,4.0,2.0,1.0,1.0,1.0,2.0,1.0,2.0,1.0,2.0,2.0,2.0,1.0,2.0,,2.0,2.0,2.0,1.0,2.0,2.0,2.0,2.0,,4.0,2.0,,3.0,2.0,1.0,5.0,5.0,3.0,1.0,2.0,1.0,3.0,1.0,2.0,2.0,3.0,7.0,6.0,3.0,4.0,4.0,4.0,4.0,4.0,1.0,2.0,1.0,3.0,,4.0,,4.0,2.0,,4.0,4.0,,4.0,4.0,,,,,4.0,4.0,,4.0,4.0,4.0,4.0,0.0,0.0,0.0,0.0,0.0,0.0,0.0,0.0,0.0,0.0,0.0,5.0,5.0,6.0,6.0,6.0,1.0,10.0,,2.0,2.0,3.0,1.0,,5.0,,,1.0,1.0,1.0,1.0,1.0,1.0,1.0,1.0,,,2.0,2.0,,,1.0,2.0,,1.0,1.0,2.0,1.0,1.0,2.0,2.0,1.0,1.0,1.0,2.0,1.0,,8.0,8.0,6.0,8.0,1.0,7.0,10.0,,,,,,,4.0,,2.0,2.0,2.0,,1.0,1.0,1.0,,1.0,,,,,,1.0,1.0,1.0,1.0,1.0,1.0,,1.0,1.0,,,,4.0,3.0,5.0,5.0,5.0,1.0,1.0,1.0,1.0,,,,,,,3.0,,,,,3.0,,,,1.0,,2.0,2.0,3.0,,,,,1.0,,2.0,,,4.0,2.0,,,,1.0,10.0,10.0,1.0,,10.0,1.0,10.0,10.0,,4.0,4.0,1.0,1.0,1.0,1.0,1.0,1.0
764070782,1.0,1.0,3.0,1.0,1.0,1.0,1.0,1.0,2.0,2.0,2.0,2.0,2.0,2.0,1.0,1.0,1.0,1.0,1.0,1.0,2.0,2.0,2.0,2.0,2.0,1.0,,,,,,,,,,1.0,4.0,3.0,1.0,3.0,2.0,1.0,2.0,1.0,3.0,1.0,2.0,5.0,4.0,2.0,1.0,4.0,3.0,2.0,1.0,1.0,1.0,3.0,2.0,1.0,3.0,2.0,1.0,1.0,2.0,2.0,2.0,2.0,1.0,2.0,1.0,2.0,2.0,2.0,2.0,2.0,1.0,2.0,1.0,2.0,2.0,2.0,2.0,2.0,1.0,1.0,1.0,1.0,1.0,1.0,2.0,3.0,5.0,5.0,3.0,7.0,1.0,4.0,1.0,2.0,1.0,2.0,1.0,1.0,1.0,7.0,3.0,2.0,2.0,1.0,2.0,1.0,2.0,1.0,2.0,2.0,1.0,2.0,1.0,1.0,1.0,1.0,2.0,2.0,1.0,1.0,1.0,1.0,1.0,1.0,1.0,1.0,2.0,1.0,1.0,1.0,2.0,1.0,4.0,2.0,1.0,4.0,4.0,7.0,1.0,2.0,1.0,1.0,1.0,3.0,1.0,5.0,2.0,,2.0,4.0,1.0,2.0,3.0,1.0,3.0,2.0,1.0,4.0,3.0,2.0,1.0,3.0,4.0,3.0,2.0,5.0,2.0,3.0,2.0,1.0,2.0,1.0,1.0,1.0,1.0,1.0,1.0,1.0,1.0,1.0,1.0,1.0,1.0,2.0,1.0,1.0,1.0,1.0,1.0,1.0,1.0,1.0,2.0,1.0,1.0,1.0,1.0,1.0,2.0,1.0,2.0,1.0,2.0,1.0,1.0,1.0,1.0,,1.0,1.0,1.0,1.0,1.0,4.0,1.0,2.0,1.0,1.0,1.0,1.0,3.0,1.0,1.0,2.0,5.0,4.0,1.0,2.0,1.0,2.0,1.0,3.0,3.0
344070115,1.0,1.0,2.0,2.0,1.0,1.0,2.0,1.0,2.0,1.0,2.0,1.0,1.0,2.0,2.0,2.0,2.0,1.0,2.0,1.0,2.0,2.0,2.0,1.0,2.0,2.0,3.0,2.0,3.0,3.0,3.0,1.0,2.0,1.0,4.0,2.0,4.0,3.0,4.0,3.0,3.0,2.0,1.0,3.0,1.0,2.0,8.0,8.0,7.0,4.0,4.0,4.0,4.0,4.0,1.0,1.0,1.0,2.0,2.0,3.0,3.0,3.0,1.0,1.0,2.0,3.0,3.0,2.0,1.0,2.0,3.0,3.0,2.0,2.0,4.0,2.0,2.0,4.0,3.0,2.0,1.0,1.0,1.0,0.0,0.0,0.0,0.0,0.0,0.0,0.0,0.0,10.0,5.0,6.0,3.0,4.0,2.0,1.0,2.0,2.0,1.0,1.0,1.0,1.0,4.0,10.0,4.0,2.0,2.0,0.0,1.0,1.0,1.0,0.0,2.0,2.0,1.0,3.0,3.0,4.0,4.0,,3.0,4.0,1.0,1.0,2.0,1.0,1.0,2.0,2.0,1.0,1.0,1.0,1.0,2.0,1.0,10.0,10.0,7.0,5.0,5.0,8.0,10.0,1.0,1.0,2.0,1.0,2.0,2.0,6.0,3.0,2.0,,2.0,5.0,5.0,1.0,1.0,1.0,1.0,1.0,1.0,1.0,1.0,4.0,4.0,10.0,1.0,1.0,1.0,1.0,1.0,1.0,5.0,1.0,2.0,3.0,3.0,2.0,4.0,1.0,1.0,1.0,5.0,1.0,1.0,4.0,1.0,3.0,1.0,3.0,3.0,3.0,3.0,3.0,3.0,3.0,3.0,3.0,2.0,,1.0,2.0,1.0,2.0,1.0,1.0,4.0,4.0,1.0,1.0,1.0,4.0,2.0,3.0,3.0,1.0,3.0,,7.0,1.0,8.0,7.0,1.0,5.0,5.0,5.0,9.0,10.0,6.0,6.0,2.0,1.0,1.0,,1.0,3.0,3.0
642071000,1.0,2.0,1.0,4.0,1.0,2.0,1.0,2.0,1.0,1.0,2.0,2.0,2.0,1.0,1.0,2.0,2.0,1.0,2.0,1.0,2.0,1.0,2.0,1.0,2.0,2.0,1.0,3.0,2.0,4.0,4.0,3.0,4.0,2.0,4.0,2.0,3.0,2.0,2.0,2.0,2.0,3.0,1.0,1.0,2.0,3.0,9.0,10.0,5.0,4.0,4.0,2.0,4.0,4.0,1.0,2.0,1.0,3.0,4.0,4.0,4.0,4.0,1.0,2.0,2.0,2.0,2.0,2.0,2.0,2.0,4.0,3.0,4.0,1.0,2.0,2.0,,1.0,3.0,2.0,0.0,0.0,0.0,2.0,0.0,0.0,0.0,0.0,0.0,0.0,0.0,10.0,1.0,2.0,1.0,1.0,1.0,10.0,3.0,3.0,3.0,3.0,3.0,3.0,3.0,10.0,4.0,0.0,2.0,2.0,1.0,2.0,1.0,2.0,2.0,3.0,2.0,4.0,,4.0,4.0,4.0,4.0,4.0,2.0,2.0,2.0,1.0,1.0,2.0,2.0,1.0,1.0,1.0,1.0,2.0,,9.0,9.0,9.0,2.0,,8.0,10.0,1.0,,,,3.0,3.0,4.0,2.0,1.0,2.0,2.0,,,8.0,1.0,9.0,1.0,6.0,10.0,8.0,9.0,10.0,,10.0,1.0,1.0,1.0,1.0,7.0,1.0,10.0,4.0,4.0,4.0,4.0,3.0,4.0,1.0,1.0,1.0,1.0,1.0,1.0,1.0,1.0,3.0,1.0,1.0,1.0,3.0,3.0,3.0,2.0,1.0,1.0,1.0,1.0,1.0,,,2.0,2.0,2.0,2.0,2.0,3.0,2.0,1.0,1.0,,1.0,1.0,2.0,1.0,4.0,5.0,8.0,1.0,10.0,10.0,10.0,10.0,7.0,10.0,10.0,10.0,8.0,1.0,2.0,1.0,1.0,1.0,1.0,1.0,2.0
400070002,1.0,2.0,1.0,1.0,1.0,1.0,2.0,1.0,1.0,2.0,2.0,1.0,1.0,2.0,1.0,2.0,2.0,1.0,1.0,1.0,2.0,1.0,1.0,1.0,1.0,1.0,1.0,1.0,1.0,4.0,1.0,3.0,3.0,1.0,1.0,,1.0,1.0,1.0,1.0,1.0,1.0,1.0,1.0,2.0,2.0,8.0,7.0,6.0,2.0,2.0,4.0,2.0,4.0,2.0,2.0,1.0,2.0,2.0,3.0,3.0,3.0,3.0,2.0,2.0,1.0,,2.0,2.0,1.0,,2.0,2.0,2.0,,2.0,2.0,,2.0,2.0,0.0,0.0,0.0,0.0,0.0,0.0,0.0,0.0,0.0,0.0,0.0,8.0,7.0,1.0,9.0,1.0,2.0,6.0,2.0,2.0,2.0,3.0,2.0,1.0,5.0,10.0,1.0,0.0,2.0,2.0,2.0,2.0,2.0,2.0,2.0,3.0,2.0,2.0,2.0,4.0,2.0,2.0,2.0,4.0,1.0,1.0,2.0,1.0,1.0,2.0,2.0,1.0,1.0,1.0,1.0,2.0,1.0,9.0,8.0,7.0,9.0,4.0,8.0,10.0,1.0,2.0,1.0,1.0,1.0,1.0,6.0,1.0,1.0,1.0,2.0,1.0,1.0,,1.0,1.0,1.0,1.0,,1.0,7.0,1.0,1.0,1.0,1.0,6.0,1.0,1.0,,1.0,7.0,1.0,2.0,1.0,2.0,2.0,5.0,1.0,5.0,1.0,5.0,1.0,1.0,2.0,3.0,3.0,3.0,3.0,1.0,3.0,2.0,3.0,1.0,3.0,3.0,3.0,3.0,3.0,4.0,2.0,,1.0,2.0,2.0,1.0,4.0,2.0,4.0,2.0,2.0,3.0,3.0,3.0,2.0,2.0,,7.0,7.0,6.0,5.0,7.0,6.0,5.0,7.0,6.0,8.0,6.0,9.0,2.0,2.0,2.0,2.0,1.0,1.0,1.0
276071098,1.0,1.0,1.0,2.0,1.0,3.0,1.0,1.0,1.0,2.0,2.0,1.0,2.0,2.0,2.0,1.0,2.0,1.0,2.0,2.0,2.0,2.0,2.0,1.0,2.0,2.0,1.0,3.0,,4.0,4.0,3.0,4.0,5.0,4.0,2.0,2.0,1.0,3.0,2.0,5.0,2.0,1.0,1.0,2.0,3.0,8.0,8.0,7.0,4.0,4.0,4.0,4.0,4.0,1.0,1.0,1.0,2.0,2.0,3.0,3.0,2.0,3.0,2.0,2.0,2.0,3.0,2.0,2.0,2.0,3.0,3.0,3.0,2.0,3.0,3.0,3.0,,,2.0,2.0,1.0,0.0,0.0,0.0,0.0,0.0,0.0,0.0,0.0,0.0,6.0,5.0,3.0,1.0,4.0,2.0,4.0,2.0,2.0,1.0,2.0,2.0,2.0,4.0,3.0,3.0,2.0,2.0,2.0,2.0,2.0,2.0,0.0,1.0,2.0,2.0,4.0,4.0,4.0,4.0,4.0,4.0,4.0,2.0,2.0,2.0,2.0,2.0,2.0,2.0,1.0,3.0,3.0,1.0,1.0,2.0,7.0,6.0,5.0,5.0,1.0,9.0,3.0,1.0,2.0,2.0,2.0,4.0,4.0,7.0,7.0,2.0,1.0,2.0,4.0,1.0,1.0,1.0,1.0,1.0,10.0,5.0,5.0,5.0,10.0,5.0,7.0,1.0,2.0,3.0,3.0,10.0,2.0,2.0,2.0,4.0,4.0,1.0,2.0,3.0,1.0,2.0,1.0,2.0,2.0,2.0,2.0,1.0,2.0,2.0,2.0,1.0,2.0,1.0,1.0,1.0,1.0,2.0,2.0,1.0,1.0,1.0,,2.0,4.0,2.0,1.0,,4.0,1.0,,2.0,,2.0,2.0,4.0,2.0,2.0,6.0,7.0,1.0,10.0,7.0,2.0,10.0,10.0,5.0,10.0,10.0,9.0,10.0,1.0,2.0,1.0,2.0,1.0,2.0,3.0
410070662,1.0,2.0,2.0,2.0,2.0,3.0,2.0,1.0,1.0,1.0,1.0,2.0,1.0,2.0,2.0,2.0,2.0,1.0,1.0,1.0,1.0,1.0,2.0,1.0,2.0,2.0,1.0,2.0,2.0,3.0,3.0,2.0,2.0,3.0,3.0,2.0,4.0,3.0,3.0,4.0,3.0,2.0,1.0,1.0,2.0,2.0,7.0,6.0,8.0,4.0,4.0,4.0,4.0,4.0,1.0,2.0,1.0,2.0,3.0,3.0,2.0,2.0,3.0,3.0,4.0,4.0,3.0,3.0,3.0,4.0,3.0,2.0,3.0,2.0,3.0,3.0,2.0,3.0,2.0,2.0,0.0,2.0,0.0,0.0,0.0,0.0,0.0,0.0,0.0,0.0,0.0,7.0,8.0,7.0,8.0,7.0,1.0,4.0,3.0,2.0,1.0,1.0,1.0,2.0,2.0,5.0,3.0,1.0,2.0,1.0,0.0,0.0,1.0,1.0,2.0,3.0,2.0,4.0,4.0,4.0,4.0,4.0,4.0,4.0,2.0,2.0,2.0,3.0,3.0,2.0,2.0,4.0,4.0,4.0,1.0,2.0,2.0,7.0,8.0,8.0,8.0,7.0,8.0,8.0,2.0,2.0,2.0,2.0,3.0,2.0,7.0,8.0,3.0,2.0,2.0,3.0,4.0,3.0,4.0,4.0,5.0,4.0,3.0,4.0,7.0,6.0,7.0,5.0,6.0,7.0,6.0,5.0,7.0,6.0,5.0,3.0,2.0,3.0,2.0,2.0,2.0,1.0,1.0,5.0,4.0,2.0,5.0,5.0,2.0,3.0,3.0,2.0,2.0,3.0,3.0,2.0,2.0,3.0,2.0,2.0,1.0,2.0,2.0,1.0,2.0,2.0,2.0,1.0,2.0,2.0,2.0,2.0,2.0,,2.0,3.0,3.0,3.0,2.0,6.0,7.0,6.0,7.0,5.0,6.0,5.0,7.0,5.0,7.0,6.0,5.0,7.0,2.0,2.0,2.0,1.0,2.0,2.0,1.0
566070700,1.0,1.0,1.0,3.0,1.0,1.0,1.0,2.0,1.0,2.0,1.0,1.0,2.0,2.0,1.0,2.0,2.0,1.0,1.0,1.0,2.0,1.0,2.0,1.0,2.0,2.0,1.0,3.0,3.0,3.0,2.0,3.0,3.0,2.0,2.0,4.0,2.0,2.0,1.0,2.0,2.0,2.0,2.0,2.0,1.0,1.0,3.0,5.0,5.0,3.0,3.0,2.0,1.0,3.0,1.0,2.0,2.0,2.0,4.0,3.0,3.0,3.0,1.0,3.0,3.0,4.0,4.0,4.0,4.0,4.0,4.0,4.0,4.0,4.0,4.0,4.0,4.0,4.0,4.0,4.0,0.0,0.0,0.0,0.0,0.0,0.0,0.0,0.0,0.0,0.0,0.0,1.0,1.0,5.0,1.0,1.0,1.0,10.0,3.0,3.0,3.0,3.0,3.0,3.0,2.0,6.0,5.0,1.0,2.0,2.0,2.0,0.0,2.0,2.0,,,1.0,3.0,4.0,4.0,4.0,4.0,4.0,4.0,1.0,1.0,2.0,1.0,1.0,2.0,2.0,1.0,1.0,1.0,2.0,1.0,1.0,4.0,6.0,,10.0,5.0,10.0,5.0,1.0,2.0,2.0,1.0,2.0,3.0,1.0,1.0,,2.0,1.0,5.0,1.0,,5.0,5.0,5.0,5.0,5.0,5.0,1.0,1.0,4.0,4.0,4.0,4.0,4.0,4.0,3.0,4.0,4.0,1.0,2.0,3.0,4.0,3.0,1.0,2.0,1.0,1.0,2.0,1.0,1.0,1.0,,,,2.0,2.0,,,,,,,,,,3.0,3.0,3.0,3.0,3.0,3.0,4.0,3.0,3.0,3.0,2.0,4.0,2.0,2.0,3.0,2.0,2.0,1.0,5.0,5.0,5.0,5.0,5.0,,10.0,,10.0,5.0,5.0,5.0,1.0,1.0,1.0,2.0,1.0,2.0,2.0
404070648,1.0,1.0,1.0,3.0,1.0,1.0,1.0,1.0,1.0,1.0,2.0,1.0,2.0,2.0,2.0,2.0,2.0,1.0,1.0,2.0,2.0,1.0,2.0,1.0,2.0,2.0,2.0,4.0,2.0,4.0,2.0,3.0,4.0,2.0,3.0,5.0,3.0,3.0,3.0,3.0,4.0,2.0,2.0,2.0,1.0,1.0,9.0,7.0,6.0,4.0,4.0,4.0,4.0,4.0,1.0,2.0,1.0,2.0,2.0,4.0,3.0,3.0,1.0,2.0,3.0,3.0,,3.0,3.0,3.0,3.0,3.0,3.0,3.0,3.0,3.0,3.0,3.0,3.0,3.0,2.0,1.0,0.0,0.0,,0.0,0.0,2.0,1.0,2.0,,10.0,5.0,4.0,3.0,1.0,2.0,10.0,4.0,3.0,4.0,3.0,3.0,3.0,2.0,10.0,3.0,1.0,0.0,0.0,0.0,1.0,2.0,2.0,0.0,3.0,2.0,4.0,2.0,4.0,4.0,2.0,3.0,4.0,1.0,2.0,2.0,2.0,2.0,2.0,2.0,2.0,2.0,2.0,1.0,1.0,1.0,4.0,7.0,7.0,5.0,6.0,5.0,10.0,1.0,1.0,1.0,1.0,2.0,2.0,1.0,2.0,1.0,2.0,2.0,7.0,9.0,9.0,9.0,9.0,9.0,9.0,9.0,9.0,6.0,6.0,8.0,3.0,9.0,6.0,9.0,9.0,7.0,9.0,6.0,3.0,4.0,4.0,3.0,2.0,4.0,1.0,2.0,1.0,1.0,1.0,2.0,1.0,2.0,2.0,2.0,2.0,2.0,2.0,2.0,2.0,2.0,2.0,2.0,2.0,2.0,2.0,4.0,3.0,4.0,1.0,2.0,4.0,2.0,2.0,4.0,2.0,1.0,3.0,3.0,4.0,4.0,1.0,3.0,1.0,7.0,4.0,1.0,6.0,6.0,5.0,6.0,5.0,3.0,10.0,4.0,3.0,3.0,2.0,2.0,2.0,3.0,4.0,
156070339,1.0,2.0,1.0,1.0,2.0,3.0,2.0,1.0,2.0,1.0,2.0,1.0,2.0,1.0,2.0,1.0,2.0,1.0,2.0,1.0,1.0,1.0,2.0,1.0,2.0,2.0,3.0,1.0,2.0,3.0,3.0,3.0,2.0,4.0,4.0,4.0,4.0,1.0,1.0,4.0,2.0,3.0,1.0,3.0,2.0,1.0,8.0,7.0,8.0,4.0,4.0,4.0,4.0,4.0,1.0,1.0,1.0,2.0,2.0,4.0,3.0,4.0,3.0,1.0,3.0,3.0,3.0,2.0,2.0,1.0,1.0,1.0,2.0,2.0,2.0,2.0,1.0,2.0,2.0,2.0,0.0,0.0,0.0,0.0,0.0,0.0,0.0,0.0,0.0,0.0,0.0,7.0,7.0,9.0,1.0,7.0,2.0,6.0,2.0,3.0,3.0,3.0,3.0,3.0,5.0,8.0,5.0,2.0,2.0,2.0,,2.0,2.0,2.0,2.0,,2.0,,,,,,,,,,,4.0,1.0,2.0,2.0,2.0,1.0,,1.0,1.0,1.0,8.0,7.0,1.0,1.0,1.0,10.0,3.0,1.0,1.0,1.0,1.0,4.0,4.0,7.0,8.0,1.0,1.0,2.0,1.0,1.0,1.0,1.0,1.0,1.0,1.0,5.0,5.0,7.0,5.0,5.0,1.0,1.0,1.0,1.0,1.0,1.0,1.0,7.0,1.0,2.0,4.0,1.0,2.0,5.0,1.0,5.0,1.0,5.0,5.0,1.0,1.0,2.0,2.0,2.0,3.0,1.0,2.0,2.0,1.0,1.0,3.0,3.0,3.0,3.0,,,,,,,,,,,,,,2.0,1.0,3.0,1.0,4.0,,1.0,1.0,1.0,4.0,1.0,10.0,1.0,4.0,10.0,10.0,7.0,8.0,2.0,2.0,2.0,2.0,1.0,2.0,3.0
417070815,1.0,3.0,2.0,4.0,2.0,2.0,1.0,1.0,1.0,1.0,2.0,1.0,2.0,2.0,2.0,2.0,2.0,1.0,2.0,2.0,2.0,2.0,2.0,2.0,2.0,2.0,1.0,1.0,3.0,1.0,1.0,1.0,1.0,1.0,1.0,1.0,1.0,1.0,1.0,1.0,1.0,1.0,1.0,1.0,1.0,2.0,10.0,10.0,10.0,4.0,4.0,4.0,4.0,4.0,1.0,2.0,1.0,1.0,3.0,3.0,3.0,3.0,1.0,2.0,2.0,2.0,2.0,2.0,2.0,2.0,2.0,2.0,2.0,2.0,2.0,2.0,2.0,2.0,2.0,2.0,0.0,0.0,0.0,0.0,0.0,0.0,0.0,0.0,0.0,0.0,0.0,10.0,10.0,10.0,10.0,1.0,1.0,10.0,4.0,4.0,4.0,4.0,4.0,4.0,1.0,10.0,4.0,2.0,2.0,2.0,2.0,2.0,2.0,2.0,2.0,4.0,1.0,1.0,1.0,1.0,3.0,2.0,2.0,2.0,1.0,1.0,2.0,2.0,1.0,2.0,2.0,1.0,1.0,1.0,2.0,2.0,1.0,10.0,10.0,10.0,10.0,10.0,1.0,5.0,1.0,,,,1.0,2.0,7.0,2.0,2.0,2.0,2.0,10.0,1.0,1.0,1.0,1.0,1.0,1.0,1.0,1.0,1.0,1.0,1.0,1.0,1.0,1.0,1.0,1.0,1.0,1.0,1.0,1.0,1.0,1.0,1.0,3.0,1.0,1.0,5.0,5.0,5.0,5.0,5.0,5.0,3.0,3.0,3.0,3.0,3.0,3.0,3.0,3.0,3.0,3.0,3.0,3.0,1.0,1.0,1.0,3.0,1.0,3.0,1.0,2.0,2.0,2.0,2.0,2.0,1.0,1.0,4.0,4.0,2.0,2.0,4.0,,10.0,10.0,10.0,10.0,10.0,10.0,10.0,10.0,10.0,10.0,10.0,10.0,1.0,1.0,1.0,1.0,1.0,1.0,1.0
68070567,1.0,3.0,2.0,3.0,2.0,2.0,1.0,1.0,2.0,1.0,2.0,1.0,2.0,1.0,2.0,2.0,2.0,1.0,2.0,2.0,2.0,2.0,2.0,2.0,2.0,2.0,2.0,2.0,3.0,3.0,3.0,2.0,2.0,1.0,2.0,2.0,4.0,4.0,1.0,2.0,2.0,3.0,1.0,1.0,1.0,2.0,8.0,9.0,9.0,4.0,4.0,4.0,3.0,4.0,1.0,2.0,1.0,2.0,2.0,4.0,2.0,2.0,3.0,4.0,3.0,3.0,3.0,3.0,4.0,4.0,3.0,3.0,3.0,2.0,3.0,2.0,3.0,1.0,1.0,1.0,0.0,0.0,0.0,0.0,0.0,0.0,0.0,0.0,0.0,0.0,0.0,9.0,1.0,1.0,1.0,1.0,2.0,8.0,3.0,3.0,3.0,3.0,3.0,3.0,2.0,8.0,3.0,2.0,2.0,2.0,0.0,0.0,2.0,0.0,0.0,2.0,3.0,3.0,3.0,4.0,4.0,4.0,3.0,3.0,1.0,2.0,2.0,4.0,4.0,1.0,1.0,4.0,4.0,4.0,1.0,1.0,2.0,7.0,8.0,8.0,7.0,6.0,7.0,10.0,1.0,1.0,1.0,2.0,1.0,3.0,5.0,3.0,1.0,2.0,2.0,1.0,5.0,1.0,1.0,1.0,1.0,8.0,7.0,6.0,8.0,7.0,4.0,1.0,5.0,5.0,5.0,5.0,5.0,5.0,4.0,1.0,4.0,4.0,3.0,2.0,2.0,1.0,3.0,1.0,5.0,5.0,5.0,2.0,2.0,3.0,2.0,2.0,1.0,1.0,2.0,1.0,3.0,3.0,2.0,2.0,1.0,1.0,3.0,1.0,1.0,2.0,3.0,3.0,2.0,2.0,2.0,3.0,2.0,,3.0,2.0,4.0,1.0,3.0,3.0,8.0,7.0,8.0,8.0,5.0,8.0,8.0,8.0,8.0,9.0,6.0,6.0,2.0,1.0,1.0,1.0,1.0,1.0,2.0
124070764,1.0,2.0,2.0,3.0,1.0,2.0,1.0,2.0,1.0,2.0,2.0,1.0,1.0,2.0,2.0,2.0,1.0,1.0,2.0,2.0,1.0,2.0,2.0,1.0,2.0,1.0,1.0,2.0,3.0,3.0,3.0,1.0,4.0,2.0,4.0,3.0,4.0,4.0,2.0,4.0,2.0,3.0,2.0,2.0,2.0,2.0,8.0,8.0,5.0,4.0,3.0,4.0,4.0,4.0,1.0,2.0,1.0,2.0,2.0,3.0,2.0,2.0,2.0,2.0,2.0,2.0,2.0,3.0,3.0,2.0,3.0,2.0,3.0,2.0,3.0,3.0,2.0,3.0,2.0,2.0,1.0,0.0,0.0,0.0,0.0,0.0,0.0,0.0,0.0,0.0,0.0,2.0,3.0,8.0,4.0,3.0,2.0,7.0,3.0,3.0,2.0,3.0,2.0,2.0,4.0,7.0,3.0,0.0,1.0,1.0,2.0,1.0,1.0,0.0,2.0,3.0,2.0,4.0,4.0,3.0,4.0,3.0,4.0,4.0,2.0,2.0,2.0,1.0,4.0,2.0,2.0,4.0,4.0,4.0,1.0,1.0,2.0,5.0,6.0,7.0,5.0,7.0,7.0,9.0,1.0,2.0,1.0,1.0,3.0,3.0,4.0,2.0,1.0,2.0,2.0,3.0,3.0,4.0,2.0,2.0,5.0,4.0,5.0,3.0,5.0,7.0,3.0,5.0,3.0,3.0,2.0,2.0,6.0,4.0,3.0,4.0,4.0,4.0,3.0,3.0,2.0,1.0,4.0,5.0,2.0,2.0,5.0,2.0,2.0,3.0,3.0,3.0,3.0,2.0,3.0,2.0,3.0,3.0,3.0,3.0,1.0,1.0,1.0,3.0,2.0,2.0,3.0,2.0,2.0,3.0,1.0,1.0,1.0,4.0,4.0,3.0,4.0,1.0,3.0,6.0,7.0,3.0,9.0,7.0,3.0,6.0,8.0,6.0,8.0,8.0,8.0,7.0,2.0,1.0,2.0,2.0,1.0,3.0,3.0
124074688,2.0,1.0,2.0,3.0,3.0,3.0,1.0,2.0,1.0,1.0,2.0,1.0,1.0,2.0,2.0,2.0,2.0,1.0,2.0,2.0,2.0,2.0,2.0,1.0,2.0,2.0,3.0,3.0,3.0,3.0,3.0,2.0,4.0,3.0,3.0,3.0,5.0,2.0,3.0,2.0,3.0,1.0,2.0,2.0,2.0,2.0,7.0,9.0,10.0,4.0,4.0,4.0,4.0,4.0,1.0,1.0,1.0,1.0,1.0,2.0,2.0,2.0,3.0,1.0,1.0,3.0,3.0,1.0,1.0,2.0,3.0,2.0,2.0,2.0,1.0,2.0,1.0,3.0,3.0,1.0,0.0,0.0,1.0,0.0,0.0,0.0,1.0,0.0,0.0,0.0,0.0,4.0,4.0,6.0,3.0,4.0,1.0,2.0,2.0,2.0,2.0,2.0,2.0,1.0,3.0,8.0,4.0,2.0,2.0,0.0,2.0,1.0,2.0,0.0,0.0,2.0,2.0,4.0,4.0,4.0,4.0,4.0,4.0,4.0,2.0,2.0,2.0,4.0,4.0,2.0,2.0,4.0,4.0,4.0,2.0,2.0,2.0,7.0,4.0,1.0,1.0,1.0,9.0,1.0,2.0,2.0,2.0,2.0,4.0,4.0,7.0,8.0,3.0,1.0,1.0,9.0,1.0,1.0,1.0,1.0,1.0,9.0,8.0,9.0,7.0,8.0,9.0,6.0,1.0,1.0,1.0,1.0,7.0,2.0,5.0,2.0,3.0,2.0,2.0,2.0,4.0,1.0,1.0,5.0,2.0,1.0,5.0,2.0,1.0,1.0,2.0,2.0,1.0,1.0,1.0,1.0,1.0,2.0,2.0,3.0,1.0,1.0,1.0,4.0,3.0,4.0,1.0,1.0,4.0,4.0,1.0,2.0,1.0,3.0,4.0,3.0,4.0,1.0,4.0,8.0,10.0,1.0,10.0,8.0,2.0,10.0,1.0,6.0,10.0,10.0,9.0,9.0,1.0,1.0,1.0,1.0,1.0,3.0,2.0
504070764,1.0,1.0,2.0,2.0,1.0,1.0,1.0,2.0,1.0,2.0,2.0,1.0,2.0,2.0,1.0,2.0,1.0,1.0,2.0,1.0,2.0,1.0,1.0,1.0,1.0,1.0,1.0,3.0,3.0,3.0,3.0,1.0,4.0,2.0,2.0,,2.0,2.0,2.0,2.0,2.0,3.0,1.0,1.0,2.0,2.0,7.0,7.0,7.0,3.0,4.0,4.0,4.0,4.0,2.0,2.0,2.0,3.0,4.0,4.0,4.0,4.0,2.0,2.0,4.0,3.0,3.0,3.0,3.0,4.0,4.0,4.0,3.0,3.0,2.0,3.0,2.0,3.0,4.0,4.0,1.0,1.0,0.0,1.0,1.0,1.0,0.0,0.0,1.0,1.0,1.0,1.0,10.0,10.0,1.0,1.0,1.0,10.0,3.0,4.0,3.0,3.0,3.0,2.0,4.0,10.0,5.0,2.0,2.0,2.0,2.0,2.0,1.0,2.0,2.0,2.0,2.0,3.0,4.0,4.0,3.0,4.0,3.0,3.0,1.0,1.0,2.0,2.0,2.0,2.0,2.0,2.0,2.0,2.0,2.0,1.0,1.0,10.0,10.0,1.0,1.0,10.0,9.0,10.0,1.0,1.0,1.0,1.0,1.0,1.0,2.0,1.0,1.0,1.0,2.0,10.0,10.0,1.0,3.0,1.0,6.0,1.0,1.0,3.0,1.0,4.0,1.0,3.0,2.0,1.0,3.0,4.0,2.0,2.0,2.0,4.0,4.0,4.0,1.0,1.0,5.0,1.0,5.0,1.0,1.0,1.0,1.0,3.0,2.0,2.0,2.0,2.0,3.0,3.0,3.0,2.0,2.0,3.0,2.0,2.0,1.0,2.0,2.0,2.0,2.0,2.0,2.0,2.0,2.0,2.0,2.0,2.0,1.0,3.0,4.0,4.0,4.0,1.0,1.0,9.0,10.0,10.0,1.0,1.0,10.0,10.0,10.0,1.0,10.0,10.0,7.0,4.0,3.0,1.0,1.0,1.0,1.0,1.0,1.0
704070137,1.0,1.0,2.0,2.0,1.0,2.0,1.0,2.0,1.0,2.0,1.0,2.0,1.0,1.0,2.0,2.0,2.0,1.0,2.0,1.0,2.0,1.0,2.0,1.0,1.0,2.0,1.0,3.0,2.0,3.0,2.0,2.0,2.0,2.0,2.0,2.0,2.0,2.0,2.0,2.0,2.0,2.0,1.0,1.0,2.0,1.0,5.0,8.0,7.0,4.0,3.0,4.0,3.0,4.0,1.0,2.0,1.0,2.0,2.0,3.0,3.0,3.0,2.0,1.0,2.0,2.0,2.0,1.0,1.0,1.0,1.0,1.0,1.0,1.0,2.0,2.0,2.0,2.0,2.0,2.0,1.0,2.0,1.0,1.0,0.0,2.0,0.0,2.0,2.0,2.0,0.0,9.0,8.0,2.0,2.0,2.0,2.0,7.0,2.0,2.0,2.0,2.0,2.0,2.0,3.0,5.0,4.0,2.0,2.0,0.0,1.0,1.0,2.0,0.0,0.0,3.0,2.0,3.0,2.0,3.0,4.0,2.0,2.0,3.0,1.0,1.0,2.0,2.0,1.0,2.0,2.0,1.0,1.0,1.0,1.0,1.0,1.0,7.0,8.0,5.0,5.0,5.0,8.0,5.0,1.0,2.0,2.0,2.0,3.0,3.0,6.0,5.0,2.0,2.0,2.0,5.0,10.0,3.0,3.0,3.0,3.0,6.0,3.0,4.0,6.0,6.0,5.0,4.0,5.0,5.0,4.0,5.0,4.0,4.0,4.0,2.0,2.0,2.0,1.0,2.0,1.0,2.0,3.0,1.0,1.0,1.0,1.0,1.0,2.0,3.0,3.0,3.0,2.0,3.0,2.0,2.0,2.0,2.0,,,2.0,2.0,2.0,4.0,4.0,4.0,2.0,3.0,4.0,4.0,2.0,2.0,1.0,1.0,2.0,2.0,1.0,2.0,,,9.0,7.0,9.0,9.0,9.0,9.0,9.0,9.0,9.0,10.0,7.0,7.0,2.0,2.0,2.0,3.0,2.0,3.0,4.0
20070934,1.0,1.0,1.0,2.0,2.0,3.0,2.0,1.0,1.0,1.0,2.0,1.0,1.0,2.0,2.0,2.0,2.0,1.0,2.0,1.0,2.0,2.0,2.0,1.0,2.0,2.0,2.0,3.0,4.0,4.0,4.0,4.0,5.0,1.0,3.0,2.0,5.0,5.0,4.0,4.0,1.0,1.0,1.0,1.0,1.0,1.0,8.0,8.0,9.0,4.0,4.0,4.0,2.0,4.0,1.0,1.0,1.0,2.0,1.0,3.0,3.0,3.0,3.0,,2.0,2.0,2.0,2.0,1.0,2.0,2.0,1.0,2.0,1.0,1.0,2.0,2.0,1.0,1.0,2.0,0.0,1.0,0.0,0.0,0.0,1.0,1.0,1.0,0.0,2.0,0.0,8.0,3.0,8.0,8.0,4.0,1.0,3.0,2.0,2.0,2.0,1.0,1.0,1.0,4.0,3.0,4.0,0.0,2.0,1.0,1.0,1.0,2.0,0.0,2.0,2.0,1.0,3.0,1.0,4.0,4.0,3.0,3.0,4.0,2.0,2.0,2.0,4.0,1.0,2.0,2.0,1.0,1.0,1.0,1.0,2.0,2.0,7.0,7.0,4.0,3.0,8.0,8.0,6.0,1.0,2.0,2.0,2.0,4.0,4.0,3.0,1.0,1.0,2.0,2.0,8.0,5.0,1.0,1.0,1.0,1.0,10.0,6.0,10.0,10.0,10.0,4.0,10.0,1.0,1.0,1.0,1.0,5.0,1.0,1.0,1.0,4.0,3.0,3.0,2.0,1.0,1.0,2.0,5.0,5.0,2.0,5.0,3.0,2.0,3.0,1.0,2.0,1.0,2.0,3.0,1.0,1.0,1.0,2.0,3.0,1.0,1.0,1.0,4.0,3.0,2.0,1.0,1.0,2.0,4.0,1.0,1.0,1.0,1.0,4.0,1.0,4.0,1.0,4.0,4.0,1.0,1.0,10.0,10.0,1.0,10.0,1.0,1.0,10.0,10.0,8.0,8.0,1.0,1.0,1.0,1.0,1.0,2.0,3.0
586070219,1.0,1.0,2.0,2.0,1.0,1.0,2.0,2.0,2.0,2.0,2.0,2.0,2.0,2.0,1.0,2.0,2.0,2.0,2.0,2.0,2.0,2.0,2.0,1.0,2.0,2.0,1.0,1.0,1.0,1.0,1.0,2.0,4.0,1.0,4.0,1.0,3.0,1.0,1.0,1.0,1.0,2.0,1.0,2.0,1.0,1.0,8.0,5.0,7.0,4.0,4.0,4.0,4.0,4.0,3.0,2.0,2.0,1.0,1.0,4.0,4.0,4.0,1.0,1.0,2.0,4.0,4.0,4.0,2.0,2.0,2.0,2.0,2.0,1.0,1.0,1.0,1.0,1.0,1.0,1.0,0.0,0.0,0.0,0.0,0.0,0.0,0.0,0.0,1.0,0.0,0.0,5.0,5.0,5.0,5.0,4.0,2.0,8.0,2.0,2.0,2.0,2.0,2.0,2.0,1.0,4.0,5.0,2.0,2.0,0.0,0.0,0.0,0.0,0.0,0.0,1.0,1.0,4.0,4.0,4.0,4.0,4.0,4.0,4.0,1.0,1.0,2.0,1.0,1.0,2.0,2.0,4.0,4.0,1.0,1.0,1.0,1.0,10.0,10.0,7.0,6.0,2.0,8.0,8.0,1.0,1.0,1.0,1.0,1.0,1.0,5.0,1.0,1.0,2.0,1.0,5.0,1.0,1.0,1.0,1.0,1.0,1.0,1.0,1.0,1.0,1.0,1.0,1.0,1.0,1.0,1.0,1.0,1.0,1.0,3.0,1.0,1.0,1.0,2.0,2.0,1.0,1.0,5.0,1.0,5.0,1.0,1.0,1.0,3.0,3.0,3.0,3.0,2.0,2.0,3.0,1.0,1.0,3.0,3.0,3.0,1.0,1.0,4.0,4.0,2.0,3.0,4.0,1.0,1.0,4.0,4.0,4.0,1.0,3.0,2.0,2.0,2.0,3.0,1.0,,5.0,5.0,5.0,9.0,9.0,5.0,5.0,5.0,9.0,9.0,10.0,10.0,1.0,1.0,1.0,1.0,1.0,1.0,1.0
688070196,1.0,1.0,1.0,3.0,1.0,3.0,2.0,2.0,2.0,2.0,1.0,1.0,2.0,2.0,2.0,2.0,2.0,1.0,2.0,1.0,1.0,1.0,2.0,1.0,2.0,2.0,1.0,4.0,3.0,3.0,4.0,4.0,4.0,1.0,5.0,4.0,4.0,3.0,4.0,4.0,5.0,1.0,1.0,3.0,1.0,1.0,10.0,9.0,8.0,4.0,4.0,4.0,4.0,4.0,1.0,1.0,1.0,3.0,2.0,3.0,3.0,4.0,4.0,4.0,4.0,4.0,4.0,4.0,4.0,4.0,4.0,4.0,4.0,4.0,4.0,4.0,4.0,4.0,4.0,4.0,0.0,0.0,0.0,0.0,0.0,0.0,0.0,0.0,0.0,0.0,0.0,10.0,10.0,1.0,1.0,10.0,1.0,10.0,3.0,4.0,3.0,3.0,4.0,4.0,3.0,2.0,1.0,2.0,1.0,2.0,2.0,2.0,2.0,2.0,2.0,3.0,3.0,4.0,3.0,4.0,4.0,4.0,4.0,4.0,1.0,2.0,1.0,1.0,2.0,2.0,2.0,2.0,3.0,3.0,1.0,2.0,1.0,10.0,10.0,10.0,1.0,1.0,10.0,1.0,2.0,2.0,2.0,2.0,3.0,2.0,7.0,8.0,2.0,2.0,2.0,10.0,8.0,7.0,1.0,5.0,2.0,4.0,2.0,9.0,10.0,10.0,1.0,1.0,2.0,2.0,1.0,1.0,10.0,2.0,3.0,4.0,4.0,4.0,4.0,3.0,5.0,5.0,5.0,5.0,5.0,5.0,5.0,5.0,2.0,3.0,2.0,3.0,3.0,3.0,3.0,3.0,,,,,1.0,1.0,3.0,3.0,2.0,2.0,4.0,4.0,4.0,4.0,3.0,2.0,1.0,,3.0,2.0,3.0,1.0,4.0,7.0,8.0,1.0,5.0,7.0,1.0,5.0,3.0,1.0,10.0,10.0,6.0,5.0,3.0,3.0,2.0,3.0,3.0,4.0,4.0
434071193,1.0,2.0,3.0,2.0,1.0,1.0,1.0,1.0,1.0,2.0,2.0,1.0,2.0,2.0,1.0,2.0,2.0,1.0,2.0,2.0,2.0,1.0,2.0,1.0,2.0,2.0,1.0,3.0,3.0,3.0,3.0,3.0,4.0,2.0,4.0,4.0,2.0,2.0,2.0,2.0,2.0,3.0,1.0,1.0,2.0,2.0,5.0,6.0,5.0,2.0,2.0,4.0,2.0,3.0,1.0,2.0,1.0,2.0,1.0,3.0,2.0,3.0,1.0,2.0,3.0,3.0,3.0,2.0,2.0,3.0,3.0,3.0,2.0,3.0,3.0,2.0,3.0,3.0,2.0,2.0,2.0,1.0,1.0,1.0,1.0,2.0,0.0,0.0,0.0,0.0,0.0,10.0,5.0,5.0,2.0,2.0,2.0,10.0,3.0,3.0,2.0,1.0,2.0,2.0,1.0,2.0,2.0,0.0,2.0,0.0,0.0,2.0,2.0,2.0,2.0,3.0,2.0,4.0,2.0,2.0,4.0,4.0,3.0,4.0,1.0,1.0,2.0,1.0,1.0,2.0,2.0,1.0,1.0,1.0,2.0,2.0,2.0,10.0,10.0,10.0,2.0,2.0,10.0,10.0,1.0,1.0,1.0,1.0,2.0,3.0,6.0,1.0,1.0,2.0,1.0,3.0,5.0,3.0,1.0,3.0,3.0,1.0,1.0,1.0,1.0,1.0,1.0,1.0,1.0,4.0,4.0,1.0,1.0,1.0,1.0,2.0,3.0,3.0,3.0,3.0,5.0,5.0,5.0,1.0,3.0,1.0,1.0,1.0,3.0,3.0,3.0,3.0,3.0,3.0,3.0,3.0,1.0,3.0,3.0,3.0,2.0,3.0,3.0,1.0,1.0,3.0,3.0,3.0,1.0,2.0,3.0,3.0,2.0,3.0,2.0,3.0,2.0,1.0,3.0,5.0,1.0,3.0,10.0,10.0,7.0,3.0,10.0,7.0,10.0,10.0,5.0,4.0,2.0,1.0,1.0,1.0,1.0,2.0,2.0
231070099,1.0,3.0,2.0,4.0,1.0,1.0,1.0,1.0,1.0,2.0,2.0,2.0,2.0,2.0,1.0,1.0,2.0,1.0,1.0,2.0,2.0,1.0,1.0,2.0,2.0,2.0,1.0,4.0,2.0,,1.0,1.0,4.0,4.0,2.0,4.0,2.0,2.0,1.0,1.0,1.0,3.0,1.0,3.0,2.0,2.0,7.0,5.0,3.0,4.0,3.0,3.0,3.0,4.0,1.0,2.0,2.0,3.0,3.0,4.0,4.0,4.0,1.0,4.0,4.0,4.0,4.0,4.0,4.0,4.0,4.0,4.0,4.0,4.0,4.0,4.0,4.0,4.0,4.0,4.0,2.0,0.0,0.0,0.0,0.0,0.0,0.0,0.0,0.0,0.0,0.0,10.0,5.0,6.0,1.0,5.0,2.0,10.0,3.0,3.0,3.0,3.0,3.0,2.0,3.0,3.0,3.0,0.0,1.0,2.0,2.0,2.0,2.0,2.0,2.0,3.0,4.0,2.0,2.0,2.0,1.0,3.0,2.0,2.0,1.0,1.0,2.0,1.0,3.0,2.0,2.0,1.0,1.0,1.0,2.0,2.0,1.0,8.0,8.0,8.0,7.0,1.0,1.0,10.0,1.0,2.0,1.0,1.0,1.0,1.0,1.0,1.0,1.0,1.0,1.0,5.0,1.0,1.0,1.0,1.0,1.0,1.0,1.0,1.0,5.0,1.0,1.0,1.0,1.0,6.0,1.0,1.0,1.0,1.0,1.0,3.0,3.0,3.0,4.0,2.0,3.0,1.0,1.0,1.0,5.0,5.0,5.0,3.0,3.0,3.0,2.0,3.0,3.0,3.0,3.0,3.0,3.0,3.0,3.0,3.0,2.0,2.0,4.0,2.0,2.0,2.0,4.0,4.0,2.0,2.0,2.0,2.0,1.0,3.0,3.0,3.0,4.0,1.0,4.0,,10.0,2.0,10.0,10.0,3.0,10.0,3.0,3.0,10.0,10.0,1.0,1.0,3.0,1.0,1.0,1.0,1.0,2.0,2.0
840073460,1.0,1.0,1.0,3.0,2.0,2.0,1.0,2.0,1.0,1.0,2.0,1.0,2.0,1.0,2.0,2.0,2.0,1.0,2.0,2.0,2.0,2.0,2.0,2.0,2.0,2.0,3.0,2.0,2.0,4.0,4.0,2.0,4.0,4.0,2.0,4.0,4.0,3.0,4.0,2.0,4.0,2.0,1.0,1.0,2.0,2.0,10.0,8.0,8.0,4.0,4.0,4.0,4.0,4.0,1.0,1.0,1.0,1.0,1.0,2.0,2.0,2.0,2.0,1.0,3.0,2.0,3.0,1.0,2.0,1.0,4.0,3.0,3.0,2.0,2.0,1.0,2.0,3.0,4.0,3.0,0.0,0.0,0.0,0.0,0.0,0.0,0.0,0.0,0.0,0.0,0.0,5.0,1.0,10.0,1.0,3.0,,8.0,3.0,2.0,2.0,2.0,3.0,2.0,4.0,5.0,3.0,2.0,2.0,2.0,1.0,2.0,1.0,1.0,2.0,3.0,2.0,4.0,4.0,4.0,4.0,4.0,4.0,4.0,2.0,2.0,2.0,3.0,4.0,2.0,2.0,2.0,2.0,2.0,1.0,2.0,1.0,8.0,6.0,8.0,1.0,1.0,10.0,10.0,1.0,1.0,1.0,1.0,4.0,4.0,5.0,1.0,1.0,2.0,2.0,10.0,1.0,1.0,1.0,1.0,1.0,1.0,1.0,6.0,6.0,6.0,6.0,8.0,3.0,3.0,1.0,1.0,8.0,2.0,9.0,1.0,4.0,4.0,2.0,1.0,2.0,1.0,1.0,1.0,1.0,1.0,1.0,2.0,1.0,2.0,2.0,2.0,1.0,2.0,,1.0,1.0,1.0,1.0,2.0,2.0,1.0,1.0,2.0,2.0,2.0,3.0,1.0,2.0,3.0,1.0,1.0,1.0,,3.0,3.0,3.0,2.0,3.0,8.0,2.0,1.0,10.0,1.0,9.0,8.0,1.0,8.0,10.0,9.0,4.0,7.0,2.0,1.0,2.0,2.0,1.0,2.0,2.0
417070095,1.0,1.0,1.0,4.0,1.0,1.0,1.0,2.0,1.0,2.0,1.0,2.0,2.0,2.0,1.0,1.0,2.0,2.0,2.0,2.0,2.0,2.0,2.0,2.0,2.0,2.0,1.0,1.0,1.0,1.0,1.0,1.0,1.0,1.0,1.0,5.0,1.0,1.0,1.0,1.0,1.0,,1.0,1.0,1.0,1.0,10.0,10.0,5.0,4.0,4.0,4.0,4.0,4.0,2.0,2.0,1.0,1.0,2.0,4.0,4.0,4.0,1.0,2.0,2.0,4.0,4.0,4.0,4.0,4.0,4.0,4.0,4.0,4.0,4.0,4.0,4.0,4.0,4.0,4.0,0.0,0.0,0.0,0.0,0.0,0.0,0.0,0.0,0.0,0.0,0.0,10.0,10.0,1.0,10.0,10.0,1.0,10.0,4.0,4.0,4.0,4.0,4.0,2.0,2.0,10.0,3.0,2.0,2.0,2.0,2.0,2.0,2.0,2.0,2.0,4.0,1.0,4.0,4.0,4.0,4.0,4.0,4.0,4.0,1.0,1.0,2.0,1.0,1.0,2.0,2.0,1.0,1.0,1.0,2.0,1.0,1.0,10.0,10.0,1.0,10.0,1.0,,10.0,1.0,,,,1.0,1.0,2.0,3.0,1.0,2.0,2.0,10.0,1.0,1.0,1.0,1.0,1.0,1.0,1.0,1.0,1.0,1.0,1.0,1.0,1.0,1.0,1.0,1.0,1.0,1.0,1.0,1.0,1.0,4.0,4.0,2.0,5.0,1.0,5.0,5.0,5.0,5.0,5.0,2.0,3.0,3.0,3.0,3.0,1.0,3.0,3.0,3.0,3.0,3.0,3.0,3.0,1.0,1.0,2.0,2.0,2.0,2.0,2.0,2.0,2.0,2.0,2.0,2.0,1.0,5.0,3.0,3.0,3.0,3.0,3.0,,10.0,5.0,10.0,10.0,10.0,10.0,10.0,10.0,10.0,10.0,1.0,10.0,4.0,1.0,1.0,1.0,1.0,1.0,1.0
702070176,1.0,2.0,1.0,2.0,1.0,2.0,1.0,2.0,2.0,1.0,2.0,1.0,2.0,1.0,2.0,1.0,2.0,1.0,2.0,2.0,2.0,2.0,2.0,1.0,2.0,2.0,1.0,3.0,4.0,4.0,4.0,4.0,5.0,2.0,4.0,2.0,3.0,2.0,2.0,2.0,3.0,2.0,1.0,2.0,2.0,2.0,5.0,7.0,6.0,4.0,4.0,4.0,3.0,4.0,1.0,2.0,1.0,3.0,2.0,3.0,2.0,2.0,3.0,3.0,4.0,4.0,3.0,3.0,2.0,3.0,2.0,2.0,2.0,2.0,2.0,3.0,3.0,2.0,2.0,2.0,0.0,0.0,0.0,0.0,0.0,0.0,0.0,0.0,0.0,0.0,0.0,10.0,8.0,3.0,3.0,10.0,,3.0,2.0,2.0,,2.0,2.0,1.0,4.0,9.0,4.0,1.0,2.0,0.0,1.0,0.0,2.0,1.0,0.0,3.0,2.0,3.0,3.0,3.0,3.0,3.0,3.0,3.0,2.0,2.0,,1.0,1.0,2.0,2.0,1.0,1.0,1.0,1.0,2.0,1.0,10.0,10.0,3.0,4.0,3.0,6.0,5.0,1.0,1.0,1.0,1.0,3.0,3.0,6.0,7.0,2.0,2.0,2.0,3.0,7.0,1.0,1.0,1.0,1.0,7.0,5.0,5.0,5.0,5.0,5.0,5.0,1.0,1.0,1.0,1.0,7.0,1.0,5.0,2.0,4.0,4.0,2.0,3.0,2.0,2.0,2.0,2.0,2.0,2.0,2.0,4.0,2.0,3.0,2.0,3.0,1.0,2.0,3.0,2.0,2.0,2.0,2.0,2.0,,1.0,2.0,3.0,3.0,3.0,3.0,3.0,3.0,3.0,2.0,2.0,2.0,3.0,3.0,2.0,3.0,2.0,3.0,8.0,7.0,3.0,9.0,8.0,3.0,5.0,3.0,3.0,10.0,8.0,8.0,8.0,2.0,1.0,,,2.0,2.0,4.0
360071448,1.0,2.0,3.0,2.0,1.0,1.0,1.0,1.0,2.0,1.0,2.0,2.0,2.0,2.0,1.0,2.0,1.0,1.0,2.0,1.0,2.0,1.0,2.0,1.0,1.0,2.0,1.0,2.0,2.0,3.0,2.0,3.0,2.0,2.0,3.0,4.0,2.0,2.0,2.0,2.0,3.0,1.0,3.0,1.0,1.0,2.0,5.0,8.0,8.0,4.0,4.0,2.0,4.0,4.0,1.0,2.0,1.0,2.0,2.0,4.0,3.0,4.0,1.0,2.0,2.0,3.0,3.0,2.0,1.0,1.0,2.0,3.0,2.0,2.0,1.0,2.0,1.0,1.0,1.0,1.0,1.0,0.0,0.0,0.0,0.0,1.0,0.0,0.0,0.0,0.0,2.0,8.0,10.0,1.0,8.0,1.0,1.0,10.0,3.0,2.0,3.0,2.0,2.0,1.0,2.0,8.0,3.0,0.0,0.0,0.0,0.0,0.0,0.0,0.0,0.0,3.0,2.0,4.0,4.0,4.0,4.0,4.0,4.0,4.0,1.0,1.0,2.0,2.0,1.0,2.0,2.0,3.0,1.0,1.0,2.0,2.0,2.0,1.0,10.0,5.0,5.0,1.0,8.0,10.0,1.0,1.0,1.0,1.0,2.0,1.0,7.0,1.0,1.0,2.0,2.0,10.0,1.0,1.0,1.0,5.0,5.0,10.0,10.0,10.0,10.0,5.0,5.0,10.0,5.0,1.0,5.0,10.0,1.0,5.0,8.0,1.0,4.0,4.0,3.0,3.0,5.0,1.0,1.0,1.0,1.0,1.0,1.0,4.0,3.0,3.0,3.0,3.0,3.0,3.0,3.0,3.0,3.0,3.0,3.0,3.0,1.0,1.0,1.0,1.0,4.0,2.0,4.0,1.0,4.0,4.0,4.0,3.0,1.0,5.0,1.0,2.0,1.0,2.0,2.0,5.0,10.0,10.0,1.0,1.0,1.0,1.0,10.0,10.0,5.0,10.0,8.0,10.0,2.0,1.0,2.0,2.0,3.0,4.0,4.0
196070707,1.0,1.0,2.0,3.0,2.0,3.0,1.0,1.0,1.0,,,,1.0,1.0,,,,1.0,2.0,1.0,2.0,1.0,2.0,1.0,1.0,2.0,1.0,2.0,2.0,4.0,2.0,3.0,2.0,1.0,3.0,4.0,2.0,2.0,2.0,2.0,2.0,2.0,1.0,3.0,2.0,1.0,4.0,6.0,5.0,4.0,4.0,4.0,4.0,4.0,2.0,2.0,1.0,1.0,2.0,3.0,3.0,3.0,3.0,3.0,3.0,3.0,4.0,3.0,3.0,3.0,3.0,2.0,3.0,3.0,3.0,2.0,2.0,2.0,2.0,2.0,0.0,0.0,0.0,0.0,0.0,0.0,0.0,0.0,0.0,0.0,0.0,5.0,5.0,5.0,5.0,3.0,2.0,8.0,3.0,3.0,3.0,3.0,3.0,2.0,2.0,9.0,3.0,2.0,2.0,2.0,2.0,2.0,2.0,2.0,2.0,2.0,2.0,4.0,4.0,4.0,4.0,4.0,4.0,4.0,2.0,2.0,2.0,2.0,2.0,2.0,1.0,2.0,2.0,2.0,2.0,1.0,1.0,6.0,6.0,4.0,4.0,2.0,4.0,,,,,,3.0,,7.0,8.0,2.0,,,1.0,1.0,1.0,1.0,1.0,1.0,1.0,1.0,4.0,8.0,3.0,1.0,4.0,1.0,1.0,1.0,,1.0,,1.0,4.0,4.0,4.0,2.0,2.0,3.0,3.0,3.0,1.0,2.0,1.0,3.0,3.0,2.0,2.0,2.0,2.0,1.0,2.0,2.0,2.0,2.0,2.0,2.0,2.0,2.0,2.0,3.0,3.0,3.0,3.0,2.0,2.0,2.0,3.0,3.0,2.0,1.0,5.0,4.0,4.0,,1.0,4.0,2.0,7.0,7.0,1.0,7.0,,7.0,7.0,7.0,7.0,10.0,3.0,1.0,3.0,1.0,1.0,1.0,1.0,1.0,1.0
458071291,1.0,2.0,2.0,2.0,2.0,1.0,1.0,2.0,2.0,1.0,2.0,1.0,1.0,2.0,1.0,2.0,2.0,1.0,2.0,1.0,1.0,1.0,2.0,1.0,1.0,2.0,2.0,2.0,3.0,3.0,3.0,3.0,3.0,1.0,2.0,5.0,3.0,2.0,2.0,3.0,2.0,1.0,1.0,1.0,4.0,3.0,3.0,3.0,1.0,3.0,3.0,3.0,3.0,4.0,3.0,2.0,2.0,3.0,3.0,3.0,3.0,3.0,2.0,2.0,2.0,2.0,2.0,2.0,2.0,2.0,2.0,2.0,2.0,2.0,2.0,2.0,2.0,2.0,2.0,2.0,0.0,0.0,0.0,0.0,0.0,0.0,0.0,0.0,0.0,0.0,0.0,7.0,7.0,2.0,6.0,6.0,2.0,7.0,2.0,2.0,2.0,2.0,2.0,1.0,2.0,7.0,2.0,1.0,1.0,2.0,1.0,2.0,1.0,2.0,2.0,4.0,3.0,3.0,3.0,4.0,4.0,4.0,4.0,4.0,1.0,1.0,2.0,1.0,1.0,2.0,2.0,2.0,2.0,2.0,2.0,2.0,2.0,8.0,8.0,8.0,6.0,4.0,7.0,10.0,1.0,1.0,1.0,1.0,1.0,1.0,7.0,1.0,1.0,1.0,1.0,5.0,1.0,1.0,1.0,1.0,1.0,1.0,1.0,1.0,1.0,1.0,1.0,1.0,1.0,1.0,1.0,1.0,1.0,1.0,1.0,2.0,3.0,4.0,1.0,2.0,2.0,2.0,2.0,2.0,1.0,1.0,1.0,1.0,3.0,3.0,3.0,3.0,2.0,2.0,2.0,1.0,2.0,3.0,3.0,3.0,1.0,1.0,2.0,3.0,1.0,3.0,2.0,1.0,3.0,3.0,2.0,2.0,1.0,4.0,3.0,3.0,3.0,2.0,3.0,5.0,2.0,3.0,3.0,5.0,9.0,8.0,5.0,4.0,3.0,8.0,7.0,7.0,2.0,1.0,2.0,2.0,2.0,2.0,2.0
218070848,2.0,3.0,1.0,4.0,1.0,1.0,2.0,2.0,2.0,1.0,2.0,1.0,1.0,1.0,2.0,2.0,1.0,1.0,2.0,2.0,2.0,2.0,2.0,2.0,2.0,2.0,2.0,3.0,4.0,3.0,3.0,3.0,2.0,2.0,2.0,2.0,4.0,2.0,2.0,2.0,2.0,3.0,1.0,1.0,1.0,3.0,5.0,6.0,5.0,3.0,3.0,4.0,3.0,4.0,3.0,2.0,1.0,3.0,3.0,4.0,3.0,3.0,1.0,3.0,3.0,4.0,2.0,1.0,1.0,1.0,4.0,3.0,4.0,1.0,3.0,3.0,3.0,1.0,1.0,1.0,2.0,0.0,0.0,0.0,0.0,0.0,0.0,0.0,0.0,0.0,0.0,7.0,4.0,7.0,7.0,9.0,,10.0,2.0,2.0,2.0,2.0,2.0,4.0,4.0,10.0,1.0,2.0,0.0,2.0,0.0,0.0,2.0,0.0,0.0,3.0,2.0,3.0,3.0,3.0,3.0,4.0,4.0,4.0,1.0,2.0,2.0,1.0,2.0,2.0,2.0,4.0,3.0,3.0,2.0,1.0,1.0,4.0,4.0,5.0,5.0,6.0,7.0,10.0,1.0,1.0,2.0,1.0,2.0,2.0,2.0,7.0,1.0,2.0,2.0,7.0,2.0,1.0,1.0,1.0,3.0,7.0,1.0,1.0,5.0,4.0,1.0,1.0,1.0,3.0,1.0,1.0,4.0,1.0,1.0,2.0,3.0,3.0,3.0,3.0,5.0,2.0,4.0,4.0,2.0,3.0,2.0,5.0,1.0,3.0,3.0,3.0,3.0,1.0,3.0,3.0,3.0,3.0,3.0,3.0,1.0,1.0,4.0,4.0,2.0,3.0,2.0,4.0,2.0,4.0,2.0,1.0,3.0,,2.0,2.0,4.0,2.0,4.0,5.0,5.0,3.0,6.0,3.0,1.0,6.0,4.0,7.0,9.0,8.0,7.0,6.0,3.0,1.0,2.0,3.0,2.0,1.0,3.0
504070953,1.0,1.0,2.0,1.0,1.0,1.0,1.0,2.0,2.0,1.0,1.0,1.0,2.0,2.0,2.0,1.0,2.0,1.0,2.0,1.0,2.0,1.0,2.0,1.0,1.0,2.0,1.0,2.0,3.0,4.0,3.0,2.0,4.0,2.0,2.0,,2.0,1.0,2.0,2.0,2.0,3.0,1.0,1.0,2.0,2.0,10.0,8.0,6.0,4.0,4.0,4.0,4.0,4.0,1.0,2.0,1.0,1.0,1.0,1.0,3.0,3.0,3.0,2.0,3.0,3.0,3.0,2.0,3.0,3.0,3.0,3.0,3.0,2.0,3.0,2.0,3.0,1.0,3.0,2.0,0.0,1.0,1.0,0.0,0.0,0.0,0.0,0.0,0.0,0.0,0.0,5.0,6.0,5.0,10.0,5.0,1.0,8.0,2.0,3.0,3.0,2.0,2.0,3.0,4.0,5.0,3.0,0.0,0.0,2.0,2.0,2.0,2.0,2.0,2.0,3.0,2.0,3.0,2.0,4.0,4.0,3.0,4.0,3.0,1.0,1.0,2.0,1.0,1.0,2.0,2.0,1.0,3.0,3.0,1.0,1.0,1.0,6.0,6.0,6.0,6.0,5.0,10.0,10.0,1.0,1.0,1.0,1.0,1.0,1.0,1.0,1.0,1.0,1.0,1.0,6.0,2.0,3.0,3.0,3.0,3.0,5.0,5.0,5.0,3.0,5.0,5.0,5.0,6.0,6.0,5.0,5.0,5.0,1.0,8.0,2.0,2.0,2.0,2.0,2.0,1.0,1.0,1.0,1.0,4.0,1.0,1.0,1.0,1.0,2.0,3.0,3.0,2.0,2.0,3.0,3.0,2.0,1.0,3.0,3.0,2.0,2.0,1.0,4.0,4.0,2.0,2.0,2.0,2.0,4.0,1.0,1.0,2.0,3.0,3.0,2.0,3.0,2.0,4.0,5.0,10.0,5.0,6.0,6.0,2.0,2.0,2.0,8.0,2.0,10.0,4.0,4.0,3.0,1.0,1.0,1.0,1.0,1.0,1.0
124073851,2.0,3.0,2.0,2.0,2.0,4.0,1.0,1.0,2.0,1.0,2.0,2.0,2.0,1.0,2.0,1.0,2.0,1.0,2.0,2.0,2.0,2.0,2.0,1.0,2.0,1.0,2.0,4.0,3.0,4.0,3.0,3.0,5.0,4.0,4.0,2.0,3.0,4.0,4.0,3.0,4.0,1.0,2.0,2.0,2.0,2.0,6.0,8.0,5.0,4.0,3.0,4.0,3.0,4.0,2.0,1.0,2.0,3.0,2.0,2.0,2.0,2.0,2.0,3.0,2.0,3.0,2.0,3.0,2.0,3.0,3.0,3.0,2.0,2.0,3.0,2.0,2.0,2.0,2.0,2.0,1.0,0.0,0.0,0.0,1.0,0.0,0.0,0.0,0.0,0.0,0.0,2.0,4.0,5.0,5.0,6.0,1.0,4.0,3.0,3.0,2.0,2.0,2.0,2.0,2.0,4.0,4.0,1.0,2.0,1.0,2.0,0.0,2.0,1.0,1.0,2.0,2.0,2.0,2.0,3.0,2.0,2.0,2.0,3.0,1.0,1.0,1.0,3.0,3.0,2.0,2.0,3.0,2.0,2.0,1.0,2.0,2.0,6.0,7.0,5.0,5.0,7.0,5.0,2.0,2.0,1.0,2.0,1.0,3.0,,7.0,7.0,2.0,2.0,2.0,4.0,4.0,4.0,3.0,4.0,4.0,6.0,5.0,5.0,5.0,8.0,4.0,5.0,1.0,1.0,4.0,3.0,7.0,3.0,5.0,3.0,3.0,3.0,2.0,2.0,1.0,3.0,4.0,1.0,1.0,1.0,1.0,4.0,1.0,2.0,1.0,2.0,1.0,2.0,2.0,1.0,2.0,2.0,2.0,2.0,1.0,1.0,2.0,4.0,3.0,3.0,2.0,2.0,3.0,3.0,2.0,3.0,2.0,3.0,3.0,3.0,4.0,2.0,4.0,5.0,5.0,2.0,7.0,7.0,3.0,5.0,5.0,6.0,7.0,8.0,6.0,5.0,2.0,3.0,1.0,1.0,3.0,2.0,2.0
158070319,1.0,2.0,2.0,3.0,1.0,1.0,1.0,1.0,2.0,1.0,2.0,2.0,1.0,2.0,1.0,2.0,2.0,1.0,2.0,1.0,2.0,1.0,2.0,1.0,1.0,2.0,2.0,3.0,2.0,3.0,2.0,2.0,2.0,2.0,2.0,4.0,4.0,2.0,2.0,2.0,2.0,1.0,2.0,1.0,3.0,3.0,7.0,5.0,6.0,4.0,4.0,4.0,4.0,4.0,1.0,2.0,1.0,2.0,2.0,3.0,3.0,2.0,3.0,1.0,3.0,3.0,2.0,2.0,4.0,4.0,4.0,4.0,2.0,3.0,4.0,2.0,2.0,2.0,2.0,2.0,1.0,0.0,0.0,1.0,1.0,0.0,0.0,1.0,1.0,0.0,0.0,8.0,5.0,8.0,5.0,5.0,2.0,9.0,4.0,3.0,2.0,4.0,4.0,4.0,1.0,3.0,4.0,2.0,2.0,0.0,0.0,2.0,2.0,0.0,0.0,2.0,2.0,2.0,3.0,4.0,4.0,1.0,2.0,2.0,1.0,1.0,2.0,1.0,3.0,2.0,2.0,1.0,1.0,1.0,2.0,2.0,1.0,4.0,4.0,8.0,2.0,4.0,7.0,5.0,1.0,1.0,1.0,2.0,3.0,3.0,4.0,3.0,2.0,2.0,2.0,4.0,2.0,2.0,1.0,1.0,1.0,1.0,4.0,4.0,8.0,6.0,4.0,9.0,1.0,5.0,1.0,1.0,2.0,1.0,10.0,1.0,1.0,3.0,4.0,3.0,2.0,1.0,3.0,2.0,2.0,1.0,1.0,5.0,3.0,3.0,3.0,3.0,3.0,2.0,3.0,3.0,3.0,3.0,3.0,3.0,2.0,2.0,1.0,4.0,2.0,2.0,4.0,1.0,4.0,4.0,1.0,1.0,1.0,3.0,3.0,3.0,2.0,3.0,4.0,8.0,4.0,2.0,7.0,5.0,2.0,8.0,4.0,3.0,8.0,8.0,5.0,3.0,3.0,2.0,2.0,2.0,2.0,2.0,2.0
764070153,1.0,2.0,2.0,3.0,1.0,2.0,1.0,2.0,1.0,1.0,2.0,1.0,2.0,1.0,2.0,2.0,2.0,1.0,1.0,2.0,1.0,2.0,2.0,1.0,2.0,2.0,1.0,3.0,3.0,3.0,3.0,3.0,4.0,1.0,4.0,3.0,3.0,2.0,2.0,2.0,3.0,2.0,1.0,3.0,2.0,2.0,8.0,8.0,7.0,4.0,4.0,4.0,4.0,4.0,1.0,2.0,1.0,2.0,2.0,4.0,3.0,3.0,2.0,2.0,3.0,3.0,,2.0,1.0,3.0,3.0,3.0,2.0,2.0,2.0,2.0,2.0,,1.0,1.0,2.0,0.0,0.0,0.0,0.0,0.0,0.0,0.0,0.0,0.0,0.0,2.0,9.0,1.0,,2.0,2.0,8.0,2.0,2.0,2.0,2.0,2.0,2.0,4.0,8.0,2.0,2.0,0.0,2.0,2.0,2.0,0.0,0.0,2.0,3.0,2.0,4.0,4.0,4.0,4.0,4.0,4.0,4.0,1.0,1.0,2.0,2.0,2.0,2.0,2.0,2.0,2.0,2.0,1.0,2.0,2.0,9.0,9.0,9.0,7.0,2.0,8.0,5.0,1.0,1.0,1.0,1.0,3.0,3.0,4.0,4.0,3.0,2.0,2.0,4.0,1.0,1.0,1.0,1.0,1.0,7.0,1.0,1.0,10.0,8.0,1.0,1.0,1.0,1.0,1.0,1.0,1.0,1.0,5.0,1.0,4.0,3.0,3.0,2.0,2.0,1.0,5.0,5.0,5.0,5.0,5.0,2.0,3.0,3.0,3.0,3.0,2.0,3.0,3.0,3.0,3.0,3.0,3.0,3.0,1.0,1.0,2.0,4.0,3.0,4.0,2.0,2.0,3.0,3.0,1.0,1.0,1.0,,1.0,3.0,3.0,1.0,3.0,6.0,2.0,2.0,10.0,8.0,6.0,10.0,8.0,6.0,10.0,9.0,7.0,7.0,2.0,1.0,1.0,1.0,2.0,4.0,4.0
50070388,1.0,2.0,3.0,4.0,2.0,1.0,1.0,1.0,1.0,2.0,2.0,1.0,2.0,2.0,1.0,2.0,2.0,1.0,2.0,1.0,2.0,1.0,2.0,1.0,1.0,1.0,1.0,2.0,,4.0,3.0,3.0,1.0,2.0,2.0,4.0,1.0,1.0,1.0,1.0,2.0,3.0,1.0,2.0,2.0,3.0,8.0,2.0,2.0,4.0,4.0,3.0,2.0,3.0,1.0,2.0,1.0,2.0,3.0,2.0,3.0,3.0,1.0,3.0,2.0,2.0,3.0,3.0,3.0,2.0,4.0,3.0,,1.0,3.0,3.0,2.0,4.0,3.0,4.0,0.0,0.0,0.0,0.0,0.0,0.0,0.0,0.0,0.0,0.0,0.0,2.0,4.0,1.0,2.0,1.0,1.0,9.0,3.0,3.0,4.0,,3.0,3.0,4.0,2.0,4.0,1.0,0.0,,0.0,0.0,,,0.0,2.0,1.0,4.0,4.0,4.0,4.0,,4.0,4.0,1.0,2.0,2.0,1.0,1.0,2.0,2.0,3.0,,,1.0,1.0,1.0,9.0,8.0,7.0,8.0,2.0,9.0,10.0,1.0,1.0,1.0,1.0,1.0,1.0,6.0,7.0,1.0,2.0,1.0,3.0,1.0,2.0,2.0,1.0,2.0,1.0,3.0,2.0,1.0,2.0,3.0,1.0,1.0,2.0,2.0,1.0,2.0,1.0,1.0,3.0,3.0,3.0,4.0,3.0,1.0,1.0,3.0,2.0,3.0,,,4.0,3.0,,3.0,,2.0,2.0,3.0,3.0,3.0,3.0,3.0,3.0,1.0,3.0,1.0,3.0,,,4.0,3.0,4.0,3.0,3.0,4.0,1.0,3.0,4.0,4.0,3.0,4.0,4.0,8.0,9.0,9.0,10.0,4.0,4.0,8.0,9.0,8.0,8.0,9.0,9.0,8.0,1.0,1.0,1.0,1.0,1.0,4.0,4.0
792070837,1.0,1.0,1.0,2.0,2.0,2.0,1.0,,,1.0,,1.0,,,,,,1.0,2.0,2.0,2.0,1.0,2.0,1.0,1.0,2.0,1.0,,2.0,3.0,2.0,,2.0,3.0,3.0,4.0,2.0,1.0,2.0,1.0,2.0,3.0,3.0,1.0,2.0,2.0,10.0,9.0,8.0,4.0,4.0,4.0,3.0,4.0,2.0,2.0,1.0,2.0,2.0,3.0,3.0,3.0,2.0,2.0,2.0,2.0,2.0,1.0,1.0,1.0,2.0,2.0,2.0,2.0,2.0,2.0,2.0,2.0,,2.0,1.0,1.0,1.0,1.0,2.0,1.0,1.0,1.0,1.0,1.0,2.0,1.0,1.0,1.0,1.0,1.0,1.0,,3.0,3.0,3.0,3.0,3.0,2.0,,,2.0,2.0,1.0,2.0,2.0,1.0,2.0,2.0,1.0,2.0,2.0,3.0,4.0,1.0,4.0,4.0,3.0,3.0,,2.0,,4.0,,2.0,2.0,4.0,4.0,4.0,2.0,2.0,1.0,10.0,10.0,,,10.0,10.0,10.0,1.0,1.0,1.0,1.0,,1.0,4.0,1.0,,1.0,1.0,,1.0,1.0,1.0,,,1.0,1.0,,,1.0,1.0,1.0,1.0,1.0,1.0,,1.0,,1.0,3.0,3.0,3.0,2.0,2.0,2.0,1.0,4.0,1.0,,1.0,1.0,1.0,2.0,2.0,2.0,2.0,2.0,3.0,3.0,3.0,1.0,2.0,3.0,3.0,1.0,1.0,1.0,,,4.0,,1.0,4.0,3.0,1.0,,2.0,,1.0,2.0,,1.0,,,1.0,,10.0,,,,10.0,10.0,10.0,10.0,10.0,7.0,2.0,1.0,1.0,2.0,1.0,3.0,4.0
76070365,1.0,1.0,2.0,1.0,1.0,1.0,1.0,2.0,1.0,2.0,2.0,2.0,2.0,2.0,1.0,1.0,2.0,1.0,2.0,2.0,2.0,2.0,2.0,2.0,2.0,2.0,1.0,2.0,3.0,3.0,3.0,2.0,3.0,3.0,4.0,4.0,2.0,2.0,2.0,2.0,2.0,2.0,2.0,1.0,1.0,2.0,7.0,10.0,8.0,4.0,4.0,4.0,4.0,4.0,1.0,2.0,1.0,3.0,4.0,4.0,4.0,4.0,3.0,2.0,4.0,3.0,3.0,3.0,3.0,3.0,3.0,3.0,3.0,3.0,3.0,3.0,3.0,3.0,3.0,4.0,0.0,0.0,0.0,0.0,0.0,0.0,0.0,0.0,0.0,0.0,0.0,5.0,5.0,1.0,1.0,1.0,,10.0,4.0,3.0,2.0,2.0,1.0,1.0,4.0,10.0,3.0,0.0,,1.0,1.0,2.0,2.0,0.0,2.0,3.0,2.0,4.0,4.0,4.0,4.0,4.0,4.0,4.0,1.0,1.0,2.0,1.0,2.0,2.0,2.0,3.0,2.0,4.0,1.0,2.0,1.0,10.0,10.0,1.0,1.0,1.0,1.0,10.0,1.0,1.0,1.0,1.0,1.0,2.0,2.0,2.0,1.0,2.0,1.0,1.0,10.0,2.0,1.0,4.0,1.0,1.0,1.0,1.0,4.0,8.0,1.0,1.0,1.0,1.0,1.0,1.0,1.0,1.0,1.0,4.0,4.0,4.0,4.0,3.0,1.0,1.0,1.0,1.0,1.0,1.0,1.0,1.0,3.0,3.0,3.0,3.0,3.0,3.0,,3.0,3.0,3.0,3.0,3.0,,,3.0,4.0,,,,,,4.0,4.0,4.0,1.0,1.0,3.0,3.0,2.0,3.0,3.0,,,,10.0,10.0,10.0,,,,,,,1.0,3.0,3.0,,,,,
417070392,1.0,1.0,1.0,3.0,1.0,2.0,2.0,2.0,1.0,2.0,2.0,1.0,1.0,2.0,2.0,1.0,1.0,1.0,2.0,2.0,1.0,1.0,2.0,1.0,2.0,2.0,1.0,4.0,4.0,2.0,2.0,1.0,1.0,1.0,5.0,,1.0,1.0,1.0,1.0,1.0,3.0,1.0,2.0,1.0,2.0,10.0,10.0,9.0,4.0,4.0,4.0,4.0,4.0,1.0,2.0,1.0,2.0,2.0,2.0,2.0,2.0,2.0,2.0,3.0,2.0,4.0,2.0,4.0,2.0,2.0,3.0,2.0,2.0,2.0,4.0,1.0,2.0,1.0,2.0,0.0,1.0,0.0,0.0,0.0,0.0,1.0,1.0,0.0,0.0,0.0,10.0,1.0,5.0,5.0,5.0,1.0,10.0,3.0,2.0,3.0,4.0,2.0,2.0,2.0,10.0,3.0,0.0,1.0,2.0,0.0,2.0,2.0,2.0,1.0,3.0,2.0,3.0,4.0,4.0,4.0,4.0,4.0,4.0,1.0,1.0,2.0,1.0,1.0,2.0,2.0,1.0,1.0,1.0,2.0,1.0,1.0,10.0,10.0,10.0,5.0,1.0,10.0,10.0,1.0,,,,3.0,1.0,5.0,2.0,1.0,1.0,2.0,5.0,5.0,1.0,1.0,1.0,1.0,1.0,1.0,1.0,1.0,5.0,1.0,1.0,1.0,1.0,1.0,1.0,5.0,1.0,1.0,2.0,4.0,3.0,3.0,2.0,5.0,1.0,1.0,3.0,5.0,3.0,3.0,3.0,3.0,3.0,2.0,3.0,1.0,2.0,3.0,2.0,3.0,3.0,3.0,3.0,1.0,1.0,3.0,3.0,2.0,2.0,4.0,3.0,1.0,4.0,2.0,1.0,1.0,2.0,1.0,1.0,3.0,2.0,4.0,,1.0,1.0,10.0,8.0,1.0,10.0,10.0,10.0,10.0,10.0,5.0,5.0,3.0,1.0,2.0,2.0,2.0,2.0,2.0
364072334,1.0,1.0,4.0,2.0,1.0,4.0,1.0,2.0,2.0,1.0,2.0,1.0,1.0,1.0,2.0,2.0,2.0,1.0,2.0,1.0,2.0,,2.0,1.0,1.0,2.0,2.0,2.0,3.0,1.0,3.0,2.0,1.0,2.0,1.0,,4.0,2.0,4.0,2.0,2.0,3.0,3.0,3.0,2.0,3.0,10.0,8.0,5.0,2.0,4.0,2.0,3.0,4.0,2.0,2.0,2.0,2.0,2.0,3.0,4.0,3.0,3.0,1.0,2.0,2.0,2.0,1.0,1.0,1.0,4.0,1.0,1.0,2.0,3.0,2.0,1.0,1.0,3.0,3.0,0.0,0.0,0.0,0.0,0.0,0.0,0.0,0.0,0.0,0.0,0.0,10.0,8.0,1.0,7.0,5.0,1.0,4.0,2.0,2.0,2.0,2.0,2.0,2.0,4.0,7.0,,0.0,2.0,0.0,0.0,,2.0,0.0,0.0,4.0,2.0,4.0,4.0,3.0,3.0,2.0,2.0,3.0,,2.0,2.0,4.0,4.0,2.0,2.0,4.0,4.0,4.0,2.0,2.0,1.0,8.0,8.0,7.0,7.0,6.0,5.0,10.0,1.0,1.0,1.0,1.0,1.0,2.0,3.0,1.0,1.0,2.0,2.0,8.0,8.0,5.0,2.0,3.0,3.0,1.0,,1.0,4.0,1.0,1.0,3.0,3.0,5.0,5.0,1.0,,1.0,8.0,2.0,1.0,2.0,2.0,2.0,5.0,2.0,2.0,5.0,5.0,5.0,5.0,3.0,3.0,3.0,3.0,3.0,2.0,3.0,3.0,3.0,3.0,3.0,3.0,3.0,2.0,2.0,4.0,3.0,4.0,1.0,4.0,3.0,1.0,2.0,3.0,4.0,1.0,4.0,4.0,2.0,2.0,2.0,1.0,,10.0,10.0,10.0,10.0,5.0,9.0,10.0,5.0,9.0,8.0,5.0,8.0,2.0,1.0,1.0,1.0,1.0,3.0,2.0
124074929,2.0,2.0,2.0,2.0,2.0,2.0,2.0,2.0,2.0,1.0,2.0,2.0,2.0,2.0,2.0,2.0,2.0,1.0,2.0,2.0,2.0,2.0,2.0,1.0,2.0,2.0,3.0,2.0,3.0,3.0,3.0,2.0,3.0,3.0,3.0,2.0,3.0,2.0,2.0,2.0,2.0,3.0,2.0,2.0,2.0,2.0,7.0,8.0,7.0,4.0,4.0,4.0,4.0,4.0,1.0,1.0,1.0,2.0,2.0,3.0,2.0,2.0,2.0,2.0,3.0,2.0,2.0,2.0,2.0,2.0,3.0,2.0,2.0,2.0,2.0,2.0,2.0,2.0,2.0,2.0,1.0,0.0,0.0,0.0,0.0,0.0,0.0,0.0,0.0,0.0,0.0,7.0,6.0,6.0,4.0,4.0,1.0,7.0,2.0,2.0,2.0,2.0,2.0,2.0,4.0,7.0,4.0,2.0,2.0,1.0,1.0,1.0,2.0,1.0,2.0,3.0,2.0,3.0,2.0,3.0,3.0,2.0,3.0,2.0,1.0,1.0,2.0,3.0,3.0,2.0,2.0,2.0,2.0,2.0,2.0,2.0,1.0,6.0,7.0,7.0,6.0,5.0,6.0,7.0,1.0,1.0,1.0,1.0,3.0,3.0,4.0,3.0,1.0,2.0,2.0,7.0,4.0,4.0,4.0,4.0,4.0,8.0,5.0,7.0,7.0,7.0,6.0,8.0,3.0,3.0,3.0,3.0,4.0,4.0,8.0,3.0,3.0,3.0,2.0,2.0,1.0,1.0,2.0,1.0,1.0,1.0,1.0,2.0,2.0,2.0,2.0,2.0,2.0,2.0,3.0,2.0,2.0,2.0,2.0,2.0,1.0,1.0,2.0,2.0,2.0,2.0,2.0,2.0,2.0,3.0,2.0,2.0,2.0,4.0,4.0,3.0,2.0,2.0,2.0,6.0,7.0,5.0,10.0,7.0,4.0,7.0,3.0,8.0,8.0,10.0,8.0,7.0,2.0,2.0,2.0,2.0,2.0,2.0,2.0
528071218,2.0,1.0,1.0,4.0,3.0,4.0,1.0,2.0,2.0,1.0,1.0,1.0,2.0,1.0,2.0,2.0,2.0,1.0,2.0,2.0,2.0,2.0,2.0,1.0,2.0,2.0,2.0,3.0,4.0,4.0,4.0,3.0,5.0,3.0,4.0,4.0,5.0,5.0,4.0,3.0,5.0,1.0,2.0,1.0,2.0,2.0,8.0,6.0,7.0,4.0,4.0,4.0,4.0,4.0,1.0,1.0,1.0,1.0,2.0,2.0,2.0,2.0,4.0,4.0,3.0,3.0,2.0,2.0,2.0,4.0,4.0,3.0,2.0,2.0,4.0,2.0,3.0,2.0,3.0,3.0,0.0,0.0,0.0,0.0,0.0,0.0,0.0,0.0,1.0,0.0,0.0,4.0,5.0,4.0,7.0,6.0,1.0,2.0,1.0,2.0,1.0,1.0,1.0,1.0,4.0,5.0,4.0,2.0,0.0,2.0,0.0,0.0,2.0,0.0,2.0,2.0,1.0,4.0,4.0,4.0,4.0,4.0,4.0,4.0,1.0,2.0,2.0,4.0,4.0,2.0,2.0,4.0,4.0,4.0,1.0,2.0,2.0,10.0,8.0,1.0,1.0,1.0,10.0,1.0,2.0,2.0,2.0,2.0,4.0,3.0,7.0,8.0,3.0,1.0,2.0,4.0,1.0,2.0,1.0,2.0,2.0,9.0,9.0,9.0,7.0,10.0,8.0,8.0,1.0,1.0,1.0,1.0,9.0,1.0,9.0,2.0,3.0,2.0,4.0,3.0,1.0,1.0,1.0,2.0,3.0,2.0,2.0,2.0,2.0,2.0,3.0,2.0,3.0,3.0,3.0,3.0,1.0,2.0,3.0,3.0,3.0,1.0,1.0,4.0,4.0,4.0,1.0,1.0,4.0,4.0,1.0,1.0,1.0,2.0,4.0,3.0,4.0,1.0,4.0,5.0,10.0,1.0,9.0,7.0,3.0,8.0,6.0,2.0,10.0,9.0,8.0,4.0,2.0,2.0,1.0,2.0,1.0,2.0,3.0
231070706,1.0,1.0,1.0,2.0,1.0,1.0,1.0,1.0,1.0,1.0,1.0,2.0,2.0,2.0,2.0,2.0,2.0,1.0,1.0,2.0,1.0,1.0,2.0,2.0,1.0,1.0,1.0,1.0,1.0,4.0,4.0,4.0,5.0,5.0,5.0,5.0,1.0,1.0,1.0,1.0,1.0,3.0,1.0,1.0,1.0,4.0,10.0,1.0,1.0,3.0,4.0,1.0,1.0,4.0,2.0,2.0,1.0,1.0,4.0,4.0,4.0,4.0,1.0,3.0,2.0,2.0,3.0,1.0,1.0,1.0,2.0,1.0,3.0,2.0,1.0,2.0,1.0,1.0,1.0,2.0,2.0,0.0,0.0,0.0,0.0,0.0,0.0,0.0,0.0,2.0,2.0,1.0,10.0,1.0,1.0,1.0,1.0,10.0,2.0,2.0,,2.0,,2.0,1.0,10.0,2.0,0.0,2.0,2.0,0.0,0.0,0.0,2.0,0.0,1.0,1.0,4.0,4.0,4.0,4.0,4.0,4.0,4.0,1.0,1.0,2.0,1.0,1.0,2.0,2.0,1.0,1.0,1.0,1.0,2.0,1.0,10.0,10.0,1.0,10.0,1.0,10.0,10.0,1.0,1.0,2.0,1.0,1.0,4.0,1.0,1.0,1.0,2.0,1.0,1.0,10.0,10.0,10.0,10.0,10.0,10.0,10.0,10.0,10.0,10.0,10.0,10.0,10.0,1.0,10.0,10.0,10.0,10.0,10.0,1.0,1.0,1.0,4.0,3.0,1.0,1.0,1.0,1.0,1.0,1.0,1.0,1.0,1.0,3.0,3.0,3.0,3.0,3.0,3.0,3.0,3.0,3.0,3.0,3.0,2.0,2.0,1.0,3.0,1.0,3.0,1.0,1.0,3.0,3.0,3.0,3.0,1.0,3.0,4.0,4.0,4.0,1.0,3.0,10.0,1.0,1.0,10.0,10.0,10.0,10.0,10.0,10.0,10.0,10.0,10.0,1.0,1.0,1.0,1.0,1.0,1.0,3.0,4.0
300070713,1.0,1.0,2.0,4.0,1.0,2.0,2.0,2.0,1.0,1.0,2.0,2.0,1.0,1.0,2.0,2.0,1.0,1.0,2.0,1.0,2.0,2.0,2.0,1.0,2.0,2.0,3.0,3.0,3.0,4.0,3.0,2.0,3.0,1.0,3.0,5.0,3.0,4.0,5.0,2.0,3.0,2.0,2.0,1.0,3.0,1.0,7.0,4.0,2.0,3.0,4.0,4.0,4.0,4.0,3.0,2.0,1.0,2.0,1.0,4.0,3.0,3.0,3.0,2.0,3.0,3.0,3.0,2.0,2.0,4.0,4.0,4.0,3.0,3.0,3.0,3.0,3.0,3.0,3.0,3.0,0.0,0.0,0.0,0.0,0.0,0.0,0.0,0.0,0.0,0.0,0.0,3.0,3.0,1.0,5.0,4.0,2.0,10.0,3.0,3.0,3.0,3.0,3.0,3.0,4.0,7.0,2.0,0.0,2.0,2.0,2.0,2.0,2.0,2.0,1.0,4.0,4.0,2.0,4.0,4.0,4.0,3.0,4.0,4.0,1.0,2.0,2.0,1.0,,2.0,2.0,1.0,1.0,2.0,1.0,2.0,1.0,10.0,10.0,5.0,6.0,3.0,6.0,10.0,1.0,2.0,2.0,2.0,3.0,3.0,5.0,2.0,1.0,2.0,2.0,7.0,4.0,5.0,2.0,3.0,7.0,8.0,8.0,8.0,7.0,7.0,2.0,1.0,1.0,1.0,1.0,1.0,8.0,1.0,1.0,2.0,4.0,4.0,4.0,2.0,2.0,2.0,1.0,1.0,1.0,1.0,1.0,4.0,2.0,1.0,2.0,2.0,2.0,2.0,2.0,2.0,3.0,2.0,3.0,3.0,1.0,1.0,2.0,3.0,1.0,4.0,2.0,1.0,3.0,3.0,1.0,1.0,3.0,,3.0,4.0,3.0,1.0,3.0,5.0,1.0,2.0,9.0,9.0,6.0,10.0,1.0,1.0,10.0,9.0,9.0,1.0,4.0,1.0,1.0,1.0,2.0,4.0,3.0
688071101,1.0,1.0,1.0,4.0,4.0,2.0,1.0,2.0,1.0,2.0,2.0,1.0,1.0,2.0,2.0,2.0,1.0,1.0,1.0,1.0,1.0,1.0,2.0,1.0,2.0,2.0,1.0,3.0,1.0,3.0,4.0,4.0,1.0,5.0,3.0,4.0,1.0,1.0,1.0,1.0,1.0,3.0,2.0,3.0,1.0,3.0,5.0,5.0,5.0,3.0,3.0,3.0,4.0,4.0,3.0,2.0,1.0,2.0,2.0,4.0,4.0,4.0,1.0,3.0,3.0,3.0,3.0,3.0,3.0,3.0,3.0,3.0,3.0,3.0,3.0,3.0,3.0,3.0,3.0,3.0,1.0,0.0,0.0,0.0,0.0,0.0,0.0,0.0,0.0,0.0,0.0,2.0,2.0,1.0,1.0,1.0,1.0,9.0,3.0,3.0,3.0,3.0,3.0,2.0,2.0,9.0,2.0,2.0,1.0,2.0,2.0,2.0,2.0,2.0,2.0,2.0,3.0,3.0,1.0,2.0,3.0,3.0,3.0,4.0,,1.0,,4.0,4.0,2.0,2.0,2.0,2.0,2.0,1.0,2.0,1.0,1.0,1.0,9.0,9.0,9.0,8.0,5.0,1.0,,,,3.0,3.0,4.0,4.0,1.0,1.0,2.0,9.0,10.0,10.0,10.0,10.0,10.0,10.0,10.0,10.0,10.0,10.0,10.0,10.0,10.0,5.0,10.0,7.0,7.0,5.0,10.0,1.0,1.0,1.0,3.0,2.0,2.0,1.0,2.0,5.0,5.0,5.0,5.0,1.0,1.0,1.0,3.0,1.0,1.0,3.0,3.0,3.0,3.0,3.0,3.0,3.0,1.0,1.0,1.0,1.0,1.0,1.0,1.0,1.0,1.0,1.0,1.0,1.0,3.0,,1.0,2.0,3.0,1.0,2.0,8.0,1.0,8.0,9.0,9.0,9.0,9.0,9.0,9.0,9.0,8.0,9.0,8.0,1.0,1.0,2.0,2.0,2.0,2.0,2.0
364072235,1.0,2.0,2.0,2.0,1.0,3.0,2.0,2.0,1.0,1.0,2.0,2.0,2.0,2.0,2.0,1.0,1.0,1.0,2.0,1.0,1.0,,2.0,1.0,1.0,2.0,2.0,3.0,3.0,3.0,1.0,3.0,1.0,1.0,4.0,,5.0,3.0,2.0,2.0,4.0,3.0,1.0,2.0,3.0,3.0,4.0,4.0,5.0,4.0,3.0,3.0,4.0,4.0,1.0,2.0,1.0,1.0,2.0,4.0,2.0,1.0,4.0,4.0,4.0,4.0,3.0,1.0,1.0,4.0,4.0,3.0,4.0,2.0,1.0,2.0,3.0,2.0,2.0,2.0,0.0,1.0,0.0,0.0,1.0,2.0,1.0,1.0,0.0,0.0,0.0,1.0,3.0,1.0,1.0,2.0,2.0,10.0,4.0,3.0,4.0,2.0,2.0,4.0,2.0,6.0,1.0,2.0,2.0,2.0,0.0,2.0,2.0,2.0,0.0,2.0,3.0,3.0,3.0,2.0,3.0,2.0,2.0,3.0,1.0,1.0,2.0,2.0,2.0,2.0,2.0,3.0,3.0,2.0,2.0,1.0,2.0,8.0,8.0,1.0,1.0,1.0,8.0,1.0,1.0,1.0,1.0,1.0,4.0,4.0,6.0,8.0,2.0,2.0,2.0,10.0,3.0,3.0,1.0,1.0,1.0,1.0,,3.0,5.0,2.0,1.0,2.0,5.0,2.0,1.0,1.0,,1.0,1.0,4.0,4.0,4.0,2.0,3.0,3.0,2.0,5.0,1.0,4.0,1.0,1.0,4.0,1.0,1.0,2.0,1.0,1.0,1.0,3.0,2.0,1.0,1.0,1.0,2.0,3.0,2.0,3.0,2.0,1.0,1.0,4.0,4.0,2.0,1.0,4.0,3.0,1.0,5.0,4.0,1.0,3.0,1.0,4.0,,10.0,3.0,10.0,10.0,3.0,8.0,10.0,3.0,8.0,10.0,2.0,1.0,3.0,3.0,1.0,4.0,3.0,4.0,2.0
410071237,1.0,2.0,3.0,4.0,4.0,2.0,1.0,2.0,1.0,1.0,2.0,1.0,1.0,2.0,2.0,2.0,2.0,1.0,1.0,1.0,2.0,1.0,2.0,1.0,2.0,1.0,2.0,2.0,2.0,2.0,2.0,4.0,2.0,1.0,2.0,4.0,2.0,2.0,1.0,2.0,2.0,3.0,1.0,3.0,2.0,3.0,9.0,7.0,5.0,4.0,4.0,4.0,4.0,4.0,1.0,2.0,1.0,2.0,2.0,3.0,3.0,3.0,2.0,2.0,2.0,2.0,2.0,2.0,2.0,2.0,2.0,3.0,2.0,2.0,2.0,2.0,2.0,2.0,2.0,2.0,1.0,0.0,0.0,0.0,0.0,0.0,0.0,0.0,0.0,0.0,0.0,7.0,5.0,1.0,6.0,1.0,1.0,10.0,3.0,3.0,3.0,3.0,3.0,3.0,2.0,6.0,4.0,2.0,0.0,0.0,0.0,0.0,2.0,0.0,1.0,3.0,2.0,4.0,4.0,4.0,4.0,4.0,4.0,4.0,2.0,2.0,2.0,4.0,4.0,2.0,2.0,2.0,4.0,4.0,1.0,1.0,1.0,6.0,6.0,6.0,6.0,10.0,6.0,10.0,1.0,1.0,1.0,1.0,3.0,3.0,1.0,1.0,1.0,1.0,1.0,6.0,1.0,1.0,1.0,1.0,1.0,1.0,1.0,1.0,6.0,1.0,1.0,1.0,1.0,1.0,1.0,1.0,1.0,1.0,1.0,4.0,4.0,4.0,4.0,3.0,5.0,1.0,5.0,5.0,5.0,5.0,5.0,5.0,3.0,3.0,3.0,3.0,3.0,3.0,3.0,3.0,3.0,3.0,3.0,3.0,1.0,1.0,2.0,4.0,2.0,2.0,2.0,2.0,2.0,4.0,2.0,2.0,1.0,,3.0,2.0,4.0,1.0,4.0,7.0,6.0,6.0,10.0,6.0,3.0,6.0,5.0,4.0,6.0,10.0,7.0,6.0,1.0,1.0,1.0,1.0,1.0,2.0,2.0
410070048,1.0,2.0,2.0,2.0,2.0,2.0,2.0,2.0,1.0,1.0,2.0,1.0,2.0,1.0,2.0,1.0,2.0,1.0,2.0,1.0,2.0,1.0,2.0,1.0,2.0,1.0,2.0,2.0,1.0,2.0,2.0,2.0,2.0,3.0,2.0,1.0,2.0,2.0,2.0,3.0,2.0,1.0,1.0,1.0,2.0,2.0,7.0,7.0,7.0,4.0,4.0,4.0,4.0,4.0,1.0,1.0,2.0,2.0,1.0,2.0,2.0,2.0,2.0,2.0,3.0,3.0,3.0,2.0,2.0,2.0,2.0,3.0,2.0,2.0,2.0,2.0,2.0,3.0,2.0,2.0,2.0,0.0,0.0,0.0,0.0,0.0,0.0,0.0,0.0,0.0,0.0,8.0,8.0,7.0,8.0,8.0,2.0,7.0,2.0,2.0,2.0,2.0,2.0,2.0,4.0,6.0,3.0,2.0,2.0,2.0,2.0,2.0,1.0,2.0,2.0,3.0,2.0,3.0,3.0,3.0,2.0,3.0,3.0,3.0,2.0,2.0,2.0,3.0,3.0,2.0,2.0,3.0,3.0,3.0,2.0,1.0,1.0,8.0,8.0,8.0,8.0,8.0,8.0,8.0,1.0,1.0,1.0,1.0,3.0,3.0,1.0,1.0,1.0,2.0,2.0,5.0,5.0,2.0,1.0,3.0,3.0,4.0,3.0,2.0,5.0,5.0,1.0,8.0,2.0,1.0,3.0,7.0,3.0,3.0,3.0,2.0,3.0,3.0,2.0,2.0,2.0,1.0,2.0,1.0,5.0,1.0,5.0,1.0,2.0,2.0,2.0,2.0,2.0,2.0,2.0,2.0,1.0,2.0,2.0,2.0,1.0,1.0,2.0,2.0,2.0,3.0,3.0,3.0,3.0,2.0,2.0,2.0,2.0,,2.0,2.0,3.0,2.0,3.0,5.0,6.0,4.0,7.0,6.0,3.0,6.0,4.0,4.0,8.0,8.0,8.0,8.0,2.0,2.0,2.0,1.0,2.0,3.0,3.0
344071377,1.0,2.0,2.0,3.0,2.0,3.0,1.0,1.0,1.0,1.0,2.0,2.0,2.0,1.0,2.0,2.0,2.0,1.0,1.0,1.0,1.0,2.0,2.0,1.0,2.0,2.0,2.0,2.0,3.0,3.0,3.0,2.0,2.0,2.0,3.0,3.0,3.0,2.0,2.0,2.0,3.0,2.0,1.0,1.0,3.0,3.0,6.0,6.0,5.0,3.0,3.0,3.0,3.0,3.0,2.0,2.0,1.0,2.0,2.0,3.0,3.0,3.0,3.0,3.0,3.0,3.0,3.0,3.0,2.0,3.0,3.0,3.0,3.0,2.0,3.0,3.0,2.0,2.0,2.0,3.0,0.0,0.0,0.0,0.0,0.0,0.0,0.0,0.0,0.0,0.0,0.0,4.0,7.0,4.0,5.0,7.0,1.0,6.0,2.0,2.0,2.0,2.0,2.0,2.0,3.0,6.0,3.0,1.0,2.0,2.0,1.0,1.0,2.0,1.0,2.0,3.0,2.0,3.0,3.0,3.0,3.0,3.0,3.0,3.0,1.0,1.0,2.0,2.0,2.0,2.0,2.0,3.0,2.0,2.0,2.0,2.0,2.0,7.0,6.0,7.0,6.0,5.0,6.0,5.0,1.0,1.0,1.0,1.0,3.0,3.0,7.0,8.0,3.0,1.0,1.0,6.0,6.0,5.0,4.0,3.0,3.0,5.0,4.0,4.0,4.0,5.0,5.0,5.0,4.0,4.0,5.0,4.0,3.0,4.0,2.0,2.0,3.0,3.0,3.0,3.0,1.0,1.0,5.0,1.0,1.0,1.0,1.0,1.0,3.0,3.0,3.0,3.0,2.0,2.0,3.0,2.0,2.0,3.0,3.0,3.0,2.0,,2.0,2.0,2.0,2.0,2.0,2.0,2.0,2.0,2.0,2.0,2.0,3.0,3.0,2.0,3.0,3.0,3.0,6.0,7.0,5.0,5.0,7.0,5.0,5.0,5.0,5.0,6.0,6.0,6.0,6.0,3.0,2.0,2.0,,2.0,2.0,3.0
404070723,1.0,1.0,1.0,4.0,1.0,1.0,1.0,2.0,2.0,1.0,2.0,1.0,1.0,2.0,2.0,2.0,1.0,1.0,2.0,2.0,2.0,2.0,2.0,1.0,2.0,2.0,1.0,3.0,3.0,4.0,4.0,4.0,2.0,2.0,1.0,4.0,2.0,2.0,2.0,2.0,2.0,3.0,3.0,1.0,1.0,3.0,6.0,8.0,6.0,2.0,2.0,2.0,2.0,2.0,2.0,1.0,2.0,2.0,2.0,4.0,2.0,2.0,1.0,2.0,2.0,2.0,1.0,2.0,2.0,2.0,2.0,2.0,2.0,2.0,2.0,2.0,2.0,3.0,3.0,3.0,2.0,0.0,2.0,1.0,0.0,0.0,0.0,0.0,2.0,0.0,0.0,7.0,7.0,2.0,1.0,10.0,1.0,10.0,3.0,3.0,3.0,3.0,1.0,2.0,1.0,5.0,2.0,2.0,2.0,2.0,2.0,0.0,2.0,2.0,2.0,2.0,3.0,3.0,1.0,1.0,2.0,1.0,3.0,3.0,2.0,2.0,2.0,1.0,1.0,2.0,2.0,1.0,1.0,1.0,1.0,2.0,1.0,10.0,10.0,5.0,10.0,4.0,8.0,10.0,1.0,2.0,2.0,2.0,2.0,4.0,2.0,2.0,1.0,2.0,2.0,9.0,10.0,1.0,1.0,1.0,1.0,1.0,1.0,1.0,1.0,1.0,1.0,1.0,1.0,1.0,1.0,1.0,1.0,1.0,9.0,3.0,4.0,4.0,4.0,1.0,4.0,1.0,1.0,1.0,3.0,3.0,3.0,3.0,1.0,1.0,1.0,1.0,2.0,2.0,2.0,2.0,2.0,1.0,2.0,2.0,2.0,2.0,2.0,1.0,1.0,1.0,1.0,1.0,1.0,1.0,1.0,2.0,1.0,1.0,2.0,2.0,2.0,2.0,2.0,9.0,6.0,1.0,1.0,1.0,10.0,10.0,6.0,2.0,4.0,7.0,10.0,10.0,1.0,2.0,3.0,3.0,3.0,4.0,4.0
484071649,1.0,1.0,2.0,2.0,1.0,2.0,1.0,2.0,2.0,2.0,2.0,1.0,2.0,1.0,2.0,2.0,1.0,1.0,2.0,2.0,2.0,2.0,2.0,2.0,2.0,2.0,2.0,1.0,2.0,4.0,4.0,4.0,4.0,4.0,2.0,1.0,1.0,1.0,2.0,2.0,1.0,3.0,2.0,3.0,1.0,2.0,10.0,10.0,8.0,4.0,4.0,4.0,2.0,4.0,1.0,2.0,1.0,3.0,3.0,4.0,3.0,3.0,3.0,2.0,3.0,3.0,3.0,3.0,3.0,3.0,3.0,3.0,1.0,1.0,3.0,3.0,3.0,3.0,1.0,1.0,1.0,0.0,0.0,0.0,0.0,0.0,0.0,0.0,0.0,0.0,0.0,6.0,6.0,7.0,6.0,1.0,1.0,8.0,3.0,2.0,2.0,4.0,3.0,3.0,5.0,7.0,5.0,1.0,2.0,2.0,2.0,1.0,0.0,0.0,0.0,2.0,3.0,1.0,1.0,1.0,2.0,1.0,1.0,1.0,1.0,2.0,2.0,1.0,1.0,2.0,2.0,1.0,1.0,1.0,2.0,2.0,2.0,7.0,10.0,7.0,8.0,9.0,9.0,10.0,1.0,2.0,1.0,1.0,4.0,3.0,4.0,2.0,1.0,2.0,2.0,8.0,10.0,1.0,1.0,5.0,1.0,10.0,1.0,6.0,10.0,10.0,5.0,1.0,1.0,1.0,1.0,7.0,1.0,1.0,10.0,4.0,4.0,4.0,4.0,2.0,1.0,2.0,5.0,1.0,5.0,1.0,1.0,2.0,1.0,,3.0,3.0,3.0,3.0,3.0,3.0,3.0,2.0,3.0,3.0,2.0,2.0,2.0,2.0,2.0,3.0,4.0,4.0,4.0,2.0,2.0,3.0,3.0,3.0,4.0,4.0,2.0,4.0,3.0,7.0,7.0,8.0,7.0,10.0,1.0,2.0,10.0,3.0,4.0,10.0,7.0,8.0,3.0,1.0,2.0,2.0,3.0,3.0,3.0
360070640,1.0,,,,1.0,1.0,1.0,2.0,1.0,1.0,2.0,1.0,2.0,2.0,1.0,2.0,2.0,1.0,2.0,1.0,2.0,1.0,2.0,1.0,1.0,2.0,1.0,2.0,1.0,3.0,3.0,1.0,4.0,2.0,2.0,4.0,2.0,2.0,2.0,2.0,2.0,1.0,1.0,1.0,2.0,2.0,9.0,7.0,6.0,4.0,4.0,4.0,4.0,4.0,1.0,2.0,1.0,2.0,2.0,3.0,2.0,2.0,1.0,2.0,2.0,1.0,2.0,2.0,2.0,1.0,2.0,3.0,2.0,2.0,2.0,3.0,2.0,2.0,2.0,2.0,0.0,0.0,2.0,0.0,2.0,0.0,2.0,0.0,0.0,0.0,,5.0,6.0,5.0,5.0,5.0,1.0,10.0,2.0,3.0,3.0,2.0,2.0,1.0,2.0,8.0,3.0,0.0,0.0,2.0,0.0,2.0,2.0,2.0,2.0,3.0,1.0,4.0,2.0,4.0,4.0,3.0,3.0,3.0,1.0,1.0,2.0,1.0,1.0,2.0,2.0,2.0,1.0,2.0,2.0,2.0,1.0,10.0,10.0,5.0,5.0,1.0,5.0,10.0,1.0,1.0,1.0,1.0,2.0,3.0,2.0,1.0,1.0,2.0,2.0,5.0,2.0,2.0,1.0,1.0,1.0,1.0,1.0,1.0,3.0,1.0,1.0,1.0,1.0,1.0,1.0,1.0,1.0,1.0,2.0,2.0,3.0,2.0,2.0,2.0,1.0,1.0,5.0,1.0,4.0,1.0,1.0,2.0,3.0,3.0,3.0,3.0,3.0,2.0,3.0,1.0,2.0,3.0,3.0,3.0,1.0,1.0,2.0,4.0,3.0,2.0,2.0,2.0,3.0,4.0,4.0,2.0,1.0,3.0,2.0,2.0,2.0,2.0,2.0,7.0,7.0,8.0,8.0,7.0,6.0,8.0,6.0,8.0,8.0,8.0,7.0,6.0,2.0,1.0,2.0,2.0,1.0,2.0,2.0
158071038,1.0,2.0,1.0,2.0,2.0,2.0,1.0,1.0,1.0,1.0,2.0,1.0,2.0,2.0,2.0,2.0,2.0,1.0,2.0,1.0,2.0,1.0,2.0,2.0,2.0,2.0,2.0,3.0,3.0,3.0,3.0,2.0,2.0,2.0,4.0,2.0,2.0,2.0,2.0,2.0,2.0,3.0,1.0,3.0,2.0,2.0,6.0,8.0,7.0,4.0,3.0,3.0,2.0,4.0,2.0,2.0,1.0,2.0,2.0,3.0,3.0,3.0,2.0,1.0,2.0,3.0,3.0,2.0,3.0,2.0,2.0,2.0,2.0,2.0,3.0,3.0,2.0,3.0,2.0,3.0,1.0,1.0,0.0,0.0,0.0,0.0,0.0,0.0,0.0,0.0,0.0,5.0,7.0,8.0,4.0,2.0,1.0,9.0,2.0,2.0,2.0,2.0,1.0,1.0,2.0,8.0,2.0,2.0,0.0,0.0,0.0,2.0,2.0,2.0,2.0,3.0,1.0,4.0,2.0,3.0,4.0,4.0,4.0,4.0,1.0,1.0,2.0,2.0,2.0,2.0,2.0,1.0,1.0,1.0,2.0,2.0,1.0,3.0,5.0,7.0,6.0,6.0,8.0,4.0,1.0,2.0,2.0,2.0,3.0,3.0,4.0,4.0,1.0,2.0,2.0,6.0,5.0,3.0,1.0,1.0,1.0,2.0,2.0,2.0,3.0,3.0,1.0,1.0,1.0,2.0,1.0,1.0,2.0,1.0,5.0,1.0,1.0,3.0,2.0,2.0,3.0,1.0,1.0,3.0,4.0,5.0,5.0,2.0,3.0,3.0,3.0,3.0,1.0,2.0,3.0,2.0,3.0,3.0,3.0,3.0,1.0,1.0,2.0,3.0,2.0,2.0,2.0,2.0,1.0,3.0,2.0,1.0,1.0,4.0,2.0,3.0,3.0,2.0,3.0,4.0,7.0,4.0,8.0,8.0,5.0,5.0,7.0,4.0,8.0,9.0,9.0,5.0,2.0,2.0,2.0,2.0,2.0,3.0,3.0
398070341,1.0,2.0,3.0,2.0,3.0,3.0,1.0,2.0,1.0,1.0,2.0,1.0,2.0,2.0,2.0,1.0,2.0,1.0,2.0,2.0,2.0,1.0,2.0,1.0,1.0,2.0,1.0,3.0,2.0,2.0,3.0,2.0,1.0,1.0,3.0,4.0,1.0,1.0,1.0,1.0,1.0,2.0,3.0,2.0,1.0,2.0,6.0,7.0,5.0,4.0,4.0,3.0,3.0,4.0,2.0,2.0,1.0,2.0,3.0,4.0,3.0,3.0,1.0,1.0,2.0,2.0,2.0,2.0,3.0,2.0,2.0,2.0,2.0,3.0,3.0,3.0,2.0,4.0,2.0,2.0,0.0,0.0,0.0,0.0,0.0,0.0,0.0,0.0,0.0,0.0,0.0,7.0,3.0,5.0,4.0,5.0,1.0,5.0,2.0,1.0,2.0,1.0,2.0,2.0,4.0,5.0,3.0,0.0,2.0,2.0,2.0,2.0,2.0,2.0,2.0,2.0,2.0,4.0,4.0,4.0,4.0,4.0,4.0,4.0,2.0,2.0,2.0,3.0,4.0,2.0,2.0,3.0,4.0,,1.0,2.0,1.0,7.0,7.0,6.0,9.0,8.0,8.0,6.0,1.0,1.0,1.0,1.0,3.0,,4.0,4.0,1.0,2.0,2.0,6.0,3.0,1.0,1.0,1.0,1.0,1.0,1.0,1.0,1.0,,1.0,4.0,1.0,1.0,1.0,3.0,2.0,2.0,3.0,2.0,3.0,3.0,2.0,2.0,5.0,1.0,5.0,5.0,5.0,5.0,5.0,2.0,3.0,3.0,3.0,3.0,3.0,3.0,3.0,3.0,3.0,3.0,3.0,3.0,,2.0,2.0,1.0,1.0,2.0,2.0,2.0,2.0,1.0,2.0,1.0,2.0,4.0,1.0,3.0,3.0,2.0,2.0,,6.0,9.0,8.0,9.0,3.0,,8.0,9.0,10.0,10.0,5.0,5.0,2.0,1.0,2.0,2.0,2.0,2.0,3.0
764070194,1.0,3.0,2.0,2.0,1.0,1.0,2.0,2.0,1.0,1.0,2.0,2.0,1.0,2.0,2.0,1.0,1.0,1.0,1.0,1.0,1.0,1.0,2.0,1.0,2.0,2.0,1.0,2.0,4.0,4.0,2.0,2.0,2.0,1.0,2.0,,2.0,1.0,1.0,,1.0,2.0,1.0,1.0,2.0,2.0,8.0,9.0,3.0,4.0,4.0,4.0,4.0,4.0,1.0,2.0,1.0,3.0,2.0,2.0,3.0,4.0,3.0,1.0,4.0,3.0,,4.0,1.0,3.0,3.0,2.0,2.0,,1.0,,1.0,,,,0.0,0.0,0.0,0.0,0.0,0.0,0.0,0.0,0.0,0.0,0.0,10.0,5.0,8.0,5.0,9.0,1.0,10.0,3.0,3.0,3.0,3.0,3.0,1.0,2.0,5.0,1.0,1.0,0.0,2.0,2.0,2.0,0.0,2.0,2.0,2.0,2.0,4.0,4.0,4.0,4.0,3.0,4.0,4.0,1.0,1.0,1.0,1.0,1.0,2.0,2.0,1.0,1.0,1.0,2.0,2.0,1.0,8.0,9.0,10.0,5.0,7.0,5.0,1.0,2.0,2.0,1.0,1.0,4.0,1.0,3.0,8.0,2.0,2.0,,10.0,1.0,1.0,1.0,1.0,1.0,1.0,1.0,1.0,1.0,1.0,1.0,1.0,1.0,5.0,1.0,1.0,1.0,1.0,1.0,4.0,2.0,4.0,2.0,2.0,5.0,1.0,5.0,5.0,5.0,5.0,5.0,1.0,2.0,3.0,3.0,3.0,1.0,3.0,1.0,1.0,3.0,3.0,3.0,3.0,1.0,1.0,1.0,4.0,1.0,1.0,3.0,1.0,1.0,4.0,1.0,1.0,1.0,,1.0,4.0,2.0,1.0,3.0,,1.0,5.0,10.0,9.0,2.0,5.0,8.0,8.0,10.0,10.0,10.0,3.0,3.0,1.0,1.0,3.0,2.0,4.0,4.0
360072389,1.0,1.0,1.0,4.0,1.0,1.0,1.0,2.0,2.0,1.0,2.0,1.0,1.0,2.0,2.0,1.0,2.0,1.0,2.0,1.0,2.0,1.0,2.0,1.0,1.0,2.0,2.0,3.0,4.0,3.0,3.0,3.0,4.0,1.0,4.0,4.0,4.0,2.0,5.0,1.0,2.0,1.0,1.0,2.0,1.0,2.0,10.0,10.0,10.0,2.0,4.0,4.0,4.0,4.0,2.0,1.0,1.0,1.0,2.0,2.0,2.0,2.0,1.0,1.0,2.0,2.0,1.0,2.0,1.0,1.0,2.0,1.0,1.0,1.0,1.0,2.0,1.0,1.0,1.0,1.0,2.0,2.0,2.0,2.0,2.0,2.0,2.0,2.0,2.0,2.0,,2.0,1.0,1.0,1.0,1.0,1.0,10.0,3.0,2.0,1.0,1.0,1.0,1.0,5.0,10.0,5.0,2.0,2.0,0.0,2.0,2.0,2.0,0.0,0.0,3.0,2.0,4.0,3.0,4.0,4.0,4.0,4.0,4.0,1.0,1.0,2.0,1.0,1.0,2.0,2.0,1.0,1.0,2.0,1.0,1.0,1.0,10.0,10.0,1.0,1.0,10.0,1.0,10.0,1.0,1.0,1.0,1.0,3.0,3.0,5.0,2.0,1.0,1.0,2.0,1.0,1.0,1.0,1.0,10.0,1.0,1.0,1.0,1.0,1.0,1.0,1.0,10.0,1.0,1.0,1.0,1.0,1.0,1.0,10.0,1.0,1.0,1.0,1.0,2.0,5.0,1.0,1.0,1.0,1.0,4.0,1.0,1.0,3.0,3.0,3.0,3.0,1.0,3.0,3.0,3.0,1.0,1.0,3.0,3.0,1.0,1.0,2.0,1.0,2.0,4.0,3.0,2.0,4.0,4.0,4.0,1.0,1.0,1.0,4.0,2.0,4.0,1.0,4.0,10.0,10.0,10.0,10.0,1.0,10.0,1.0,1.0,1.0,10.0,10.0,10.0,10.0,1.0,1.0,1.0,1.0,1.0,1.0,1.0
410070842,1.0,1.0,2.0,2.0,2.0,4.0,1.0,1.0,1.0,2.0,1.0,2.0,1.0,2.0,2.0,2.0,2.0,1.0,2.0,1.0,2.0,1.0,2.0,1.0,2.0,2.0,1.0,2.0,1.0,2.0,2.0,2.0,2.0,3.0,2.0,3.0,2.0,3.0,3.0,3.0,2.0,1.0,2.0,2.0,3.0,3.0,4.0,4.0,5.0,2.0,3.0,3.0,3.0,3.0,3.0,2.0,2.0,1.0,2.0,3.0,3.0,3.0,3.0,3.0,3.0,3.0,2.0,3.0,2.0,3.0,3.0,3.0,2.0,2.0,2.0,2.0,2.0,2.0,3.0,1.0,0.0,0.0,0.0,0.0,0.0,0.0,0.0,0.0,0.0,0.0,0.0,5.0,6.0,5.0,5.0,6.0,2.0,6.0,3.0,3.0,2.0,3.0,3.0,2.0,4.0,5.0,2.0,0.0,0.0,0.0,0.0,0.0,1.0,0.0,0.0,2.0,2.0,3.0,4.0,3.0,3.0,4.0,3.0,3.0,1.0,2.0,2.0,3.0,3.0,2.0,2.0,2.0,2.0,3.0,2.0,1.0,2.0,5.0,6.0,5.0,5.0,6.0,6.0,5.0,2.0,2.0,2.0,2.0,3.0,2.0,7.0,8.0,3.0,2.0,2.0,6.0,5.0,5.0,5.0,3.0,3.0,2.0,2.0,7.0,6.0,3.0,2.0,8.0,7.0,3.0,4.0,4.0,2.0,2.0,2.0,2.0,3.0,2.0,2.0,2.0,5.0,1.0,5.0,5.0,5.0,5.0,5.0,5.0,3.0,2.0,3.0,2.0,2.0,2.0,3.0,3.0,2.0,3.0,3.0,2.0,2.0,3.0,2.0,2.0,3.0,2.0,2.0,3.0,3.0,2.0,2.0,2.0,2.0,,2.0,3.0,2.0,3.0,2.0,5.0,6.0,5.0,6.0,6.0,5.0,4.0,5.0,4.0,5.0,4.0,5.0,4.0,3.0,3.0,2.0,2.0,3.0,3.0,3.0
368070290,1.0,1.0,4.0,3.0,1.0,2.0,1.0,2.0,1.0,1.0,2.0,1.0,1.0,2.0,2.0,2.0,2.0,1.0,2.0,1.0,2.0,1.0,2.0,1.0,1.0,2.0,1.0,2.0,1.0,2.0,1.0,1.0,1.0,1.0,4.0,,1.0,1.0,1.0,1.0,2.0,1.0,1.0,1.0,1.0,3.0,10.0,4.0,4.0,4.0,2.0,3.0,3.0,3.0,3.0,2.0,1.0,2.0,2.0,3.0,3.0,3.0,3.0,1.0,4.0,2.0,4.0,1.0,2.0,2.0,4.0,4.0,4.0,1.0,4.0,4.0,4.0,1.0,1.0,1.0,0.0,0.0,0.0,0.0,0.0,0.0,0.0,0.0,0.0,0.0,,5.0,5.0,8.0,9.0,8.0,1.0,5.0,1.0,1.0,1.0,1.0,1.0,2.0,4.0,9.0,2.0,1.0,1.0,1.0,0.0,1.0,0.0,1.0,2.0,2.0,2.0,3.0,2.0,1.0,1.0,3.0,3.0,3.0,1.0,1.0,2.0,2.0,2.0,2.0,2.0,1.0,1.0,1.0,2.0,2.0,1.0,10.0,8.0,7.0,9.0,8.0,8.0,,,,,,1.0,1.0,1.0,1.0,3.0,1.0,1.0,7.0,7.0,8.0,5.0,5.0,10.0,,,7.0,7.0,,8.0,7.0,5.0,5.0,4.0,6.0,,7.0,6.0,1.0,2.0,1.0,2.0,2.0,1.0,2.0,5.0,1.0,2.0,3.0,1.0,1.0,1.0,2.0,1.0,2.0,3.0,3.0,1.0,1.0,1.0,2.0,1.0,1.0,2.0,1.0,3.0,2.0,,1.0,1.0,2.0,1.0,3.0,2.0,1.0,2.0,3.0,2.0,2.0,1.0,3.0,2.0,,6.0,5.0,5.0,2.0,3.0,5.0,6.0,8.0,8.0,7.0,8.0,7.0,2.0,1.0,1.0,1.0,1.0,1.0,1.0
586071182,1.0,2.0,3.0,4.0,1.0,1.0,1.0,2.0,2.0,1.0,2.0,1.0,2.0,2.0,1.0,2.0,1.0,1.0,1.0,1.0,1.0,1.0,1.0,1.0,1.0,1.0,1.0,4.0,4.0,4.0,2.0,,1.0,1.0,3.0,5.0,1.0,1.0,1.0,1.0,1.0,3.0,1.0,2.0,1.0,1.0,4.0,10.0,8.0,4.0,4.0,4.0,4.0,4.0,1.0,2.0,1.0,3.0,2.0,2.0,2.0,2.0,1.0,1.0,4.0,2.0,2.0,4.0,1.0,1.0,2.0,2.0,2.0,2.0,1.0,1.0,1.0,1.0,2.0,1.0,0.0,0.0,0.0,0.0,0.0,0.0,0.0,0.0,0.0,0.0,0.0,10.0,1.0,10.0,1.0,1.0,2.0,10.0,3.0,4.0,3.0,4.0,4.0,3.0,2.0,8.0,1.0,0.0,0.0,2.0,2.0,2.0,1.0,2.0,2.0,3.0,1.0,1.0,3.0,4.0,4.0,2.0,1.0,1.0,1.0,1.0,1.0,1.0,1.0,2.0,2.0,1.0,1.0,1.0,2.0,1.0,1.0,10.0,10.0,10.0,6.0,1.0,10.0,10.0,1.0,1.0,1.0,1.0,1.0,1.0,1.0,1.0,1.0,1.0,1.0,,1.0,1.0,1.0,1.0,1.0,1.0,1.0,4.0,5.0,1.0,1.0,6.0,8.0,8.0,6.0,1.0,1.0,1.0,1.0,1.0,1.0,1.0,4.0,2.0,5.0,1.0,5.0,1.0,4.0,1.0,1.0,1.0,3.0,2.0,2.0,2.0,2.0,2.0,2.0,2.0,2.0,2.0,2.0,2.0,1.0,1.0,1.0,2.0,2.0,2.0,2.0,1.0,2.0,1.0,2.0,1.0,1.0,5.0,4.0,4.0,4.0,1.0,1.0,,8.0,8.0,10.0,10.0,10.0,7.0,7.0,6.0,5.0,6.0,7.0,6.0,2.0,1.0,1.0,1.0,1.0,1.0,1.0
364071961,1.0,1.0,2.0,3.0,4.0,1.0,1.0,2.0,2.0,1.0,2.0,2.0,2.0,2.0,1.0,1.0,1.0,1.0,1.0,1.0,2.0,,2.0,1.0,1.0,2.0,1.0,2.0,2.0,2.0,2.0,2.0,2.0,1.0,4.0,,2.0,3.0,4.0,2.0,2.0,3.0,,1.0,2.0,2.0,6.0,9.0,8.0,4.0,4.0,4.0,4.0,4.0,1.0,1.0,1.0,1.0,1.0,2.0,2.0,3.0,1.0,1.0,1.0,1.0,2.0,1.0,2.0,1.0,4.0,4.0,3.0,1.0,1.0,3.0,2.0,1.0,1.0,2.0,1.0,0.0,0.0,0.0,0.0,1.0,0.0,1.0,0.0,0.0,0.0,1.0,6.0,10.0,1.0,1.0,1.0,10.0,3.0,4.0,3.0,2.0,2.0,1.0,2.0,10.0,1.0,0.0,0.0,2.0,0.0,2.0,0.0,2.0,2.0,4.0,1.0,4.0,4.0,4.0,4.0,4.0,4.0,4.0,2.0,2.0,2.0,,4.0,2.0,2.0,4.0,4.0,4.0,2.0,2.0,1.0,10.0,10.0,7.0,10.0,10.0,10.0,10.0,1.0,1.0,1.0,1.0,3.0,2.0,4.0,1.0,1.0,2.0,2.0,1.0,1.0,10.0,2.0,2.0,1.0,1.0,,1.0,1.0,1.0,1.0,5.0,1.0,1.0,1.0,1.0,,1.0,7.0,2.0,2.0,1.0,3.0,3.0,2.0,3.0,3.0,1.0,5.0,5.0,5.0,5.0,2.0,3.0,3.0,3.0,2.0,3.0,2.0,1.0,3.0,3.0,3.0,3.0,3.0,2.0,1.0,1.0,2.0,3.0,2.0,1.0,1.0,4.0,1.0,4.0,1.0,1.0,2.0,2.0,3.0,1.0,2.0,,10.0,5.0,10.0,10.0,1.0,10.0,10.0,10.0,10.0,10.0,10.0,7.0,4.0,1.0,1.0,1.0,1.0,1.0,2.0
716070709,1.0,2.0,1.0,1.0,1.0,1.0,1.0,2.0,1.0,2.0,2.0,1.0,1.0,2.0,1.0,2.0,2.0,1.0,2.0,2.0,2.0,1.0,2.0,2.0,2.0,2.0,1.0,3.0,3.0,3.0,3.0,3.0,4.0,5.0,4.0,5.0,3.0,4.0,2.0,2.0,2.0,3.0,1.0,1.0,1.0,3.0,8.0,10.0,7.0,4.0,4.0,4.0,3.0,4.0,3.0,2.0,2.0,2.0,3.0,4.0,2.0,3.0,2.0,3.0,3.0,1.0,3.0,3.0,3.0,3.0,3.0,3.0,3.0,1.0,3.0,1.0,1.0,1.0,1.0,1.0,1.0,1.0,0.0,0.0,0.0,0.0,0.0,0.0,0.0,0.0,0.0,3.0,7.0,2.0,2.0,2.0,2.0,9.0,3.0,2.0,2.0,3.0,,3.0,5.0,9.0,2.0,0.0,0.0,2.0,2.0,2.0,0.0,0.0,0.0,4.0,2.0,3.0,2.0,3.0,2.0,2.0,2.0,3.0,1.0,1.0,2.0,1.0,1.0,2.0,2.0,2.0,3.0,1.0,1.0,2.0,2.0,8.0,7.0,5.0,8.0,7.0,8.0,10.0,1.0,2.0,2.0,1.0,2.0,2.0,6.0,3.0,1.0,2.0,2.0,6.0,5.0,1.0,1.0,1.0,1.0,1.0,1.0,1.0,1.0,1.0,1.0,1.0,1.0,6.0,1.0,1.0,1.0,1.0,1.0,4.0,4.0,2.0,2.0,2.0,4.0,1.0,1.0,2.0,5.0,5.0,1.0,2.0,3.0,2.0,3.0,3.0,3.0,3.0,3.0,3.0,3.0,3.0,2.0,2.0,2.0,1.0,3.0,2.0,3.0,3.0,3.0,3.0,3.0,3.0,3.0,3.0,1.0,2.0,3.0,2.0,3.0,1.0,2.0,5.0,8.0,7.0,9.0,7.0,5.0,8.0,7.0,7.0,7.0,8.0,5.0,7.0,2.0,1.0,1.0,1.0,1.0,1.0,1.0
840071712,2.0,2.0,2.0,4.0,1.0,1.0,2.0,1.0,1.0,2.0,2.0,1.0,2.0,1.0,2.0,1.0,2.0,1.0,2.0,2.0,2.0,1.0,2.0,1.0,1.0,2.0,2.0,3.0,3.0,3.0,3.0,2.0,3.0,2.0,3.0,5.0,5.0,2.0,5.0,5.0,2.0,3.0,3.0,1.0,1.0,1.0,9.0,9.0,9.0,4.0,4.0,4.0,2.0,3.0,2.0,2.0,,4.0,4.0,4.0,4.0,4.0,4.0,4.0,4.0,4.0,4.0,4.0,4.0,4.0,4.0,4.0,4.0,4.0,4.0,4.0,4.0,4.0,4.0,4.0,0.0,0.0,0.0,0.0,0.0,0.0,0.0,0.0,0.0,0.0,0.0,5.0,5.0,10.0,7.0,7.0,,10.0,4.0,4.0,4.0,4.0,4.0,4.0,3.0,10.0,3.0,1.0,1.0,1.0,1.0,1.0,1.0,1.0,1.0,2.0,1.0,3.0,4.0,4.0,4.0,4.0,4.0,4.0,2.0,2.0,2.0,3.0,4.0,2.0,2.0,4.0,4.0,4.0,1.0,1.0,1.0,3.0,1.0,2.0,9.0,7.0,5.0,10.0,1.0,1.0,1.0,1.0,1.0,1.0,2.0,2.0,1.0,2.0,2.0,1.0,1.0,1.0,1.0,1.0,1.0,1.0,1.0,1.0,1.0,1.0,1.0,1.0,1.0,1.0,1.0,1.0,1.0,1.0,1.0,3.0,2.0,2.0,2.0,3.0,5.0,5.0,5.0,5.0,5.0,5.0,5.0,5.0,3.0,3.0,3.0,3.0,3.0,3.0,,3.0,3.0,3.0,3.0,3.0,3.0,3.0,2.0,3.0,4.0,3.0,4.0,4.0,2.0,4.0,3.0,1.0,3.0,,4.0,2.0,4.0,3.0,4.0,5.0,7.0,7.0,5.0,10.0,10.0,7.0,7.0,7.0,6.0,8.0,7.0,7.0,2.0,1.0,3.0,3.0,3.0,3.0,3.0
417070062,1.0,1.0,1.0,3.0,1.0,1.0,1.0,1.0,1.0,1.0,2.0,2.0,2.0,2.0,1.0,2.0,2.0,1.0,2.0,1.0,2.0,1.0,2.0,1.0,1.0,2.0,1.0,3.0,2.0,2.0,2.0,2.0,2.0,2.0,1.0,4.0,2.0,2.0,2.0,2.0,2.0,3.0,1.0,1.0,1.0,1.0,10.0,10.0,10.0,4.0,4.0,4.0,4.0,4.0,1.0,2.0,1.0,1.0,3.0,4.0,4.0,4.0,1.0,2.0,2.0,2.0,2.0,2.0,2.0,2.0,2.0,2.0,2.0,3.0,3.0,2.0,2.0,3.0,3.0,3.0,0.0,0.0,0.0,0.0,0.0,0.0,0.0,0.0,0.0,0.0,0.0,10.0,10.0,10.0,1.0,10.0,1.0,10.0,2.0,2.0,2.0,2.0,2.0,2.0,2.0,1.0,1.0,2.0,2.0,2.0,2.0,2.0,2.0,2.0,2.0,2.0,2.0,4.0,4.0,4.0,4.0,4.0,4.0,4.0,2.0,1.0,2.0,1.0,4.0,2.0,2.0,1.0,1.0,1.0,1.0,1.0,1.0,,10.0,10.0,10.0,10.0,10.0,10.0,1.0,,,,2.0,1.0,2.0,1.0,1.0,1.0,1.0,1.0,1.0,1.0,1.0,1.0,1.0,1.0,1.0,1.0,1.0,1.0,1.0,1.0,1.0,1.0,1.0,1.0,1.0,1.0,1.0,3.0,3.0,3.0,4.0,3.0,2.0,1.0,5.0,5.0,5.0,5.0,5.0,5.0,3.0,3.0,3.0,3.0,2.0,2.0,3.0,3.0,3.0,3.0,3.0,3.0,2.0,2.0,2.0,2.0,2.0,2.0,2.0,2.0,2.0,2.0,2.0,2.0,1.0,3.0,,2.0,2.0,2.0,2.0,,5.0,5.0,5.0,5.0,5.0,5.0,5.0,5.0,4.0,10.0,1.0,5.0,2.0,1.0,1.0,1.0,1.0,3.0,3.0
608071150,1.0,1.0,2.0,1.0,1.0,1.0,1.0,2.0,1.0,2.0,2.0,1.0,2.0,2.0,1.0,2.0,1.0,1.0,1.0,1.0,2.0,2.0,2.0,1.0,2.0,1.0,1.0,1.0,2.0,2.0,2.0,2.0,2.0,2.0,2.0,4.0,3.0,2.0,4.0,2.0,3.0,3.0,3.0,2.0,1.0,2.0,8.0,9.0,3.0,2.0,3.0,3.0,2.0,4.0,2.0,2.0,1.0,2.0,2.0,2.0,2.0,3.0,1.0,4.0,2.0,2.0,2.0,1.0,2.0,2.0,2.0,2.0,2.0,1.0,2.0,2.0,2.0,2.0,1.0,2.0,0.0,0.0,0.0,0.0,0.0,0.0,0.0,0.0,0.0,0.0,0.0,2.0,5.0,2.0,1.0,1.0,1.0,3.0,2.0,3.0,4.0,2.0,2.0,2.0,5.0,3.0,4.0,2.0,1.0,0.0,2.0,0.0,0.0,2.0,0.0,3.0,1.0,3.0,4.0,4.0,3.0,4.0,4.0,4.0,2.0,1.0,2.0,1.0,1.0,2.0,2.0,1.0,1.0,2.0,2.0,1.0,2.0,7.0,8.0,5.0,9.0,5.0,5.0,10.0,1.0,1.0,1.0,1.0,2.0,2.0,1.0,1.0,1.0,2.0,2.0,10.0,7.0,8.0,2.0,3.0,1.0,2.0,8.0,9.0,4.0,9.0,1.0,7.0,2.0,3.0,6.0,2.0,5.0,8.0,3.0,2.0,3.0,1.0,1.0,2.0,2.0,1.0,1.0,2.0,3.0,3.0,2.0,1.0,3.0,3.0,1.0,3.0,3.0,3.0,2.0,2.0,2.0,,2.0,3.0,1.0,1.0,1.0,3.0,1.0,2.0,2.0,2.0,1.0,2.0,2.0,1.0,1.0,2.0,3.0,2.0,1.0,3.0,2.0,8.0,10.0,1.0,9.0,8.0,2.0,4.0,9.0,2.0,10.0,10.0,10.0,10.0,2.0,1.0,2.0,2.0,2.0,3.0,2.0
558071126,1.0,1.0,1.0,3.0,1.0,1.0,1.0,2.0,2.0,1.0,2.0,1.0,1.0,2.0,2.0,1.0,2.0,2.0,1.0,2.0,2.0,2.0,1.0,2.0,1.0,2.0,2.0,1.0,3.0,1.0,3.0,1.0,5.0,1.0,4.0,1.0,1.0,1.0,1.0,1.0,1.0,1.0,1.0,1.0,1.0,1.0,7.0,9.0,8.0,2.0,4.0,3.0,3.0,4.0,2.0,1.0,1.0,2.0,2.0,2.0,2.0,2.0,3.0,3.0,3.0,1.0,3.0,3.0,3.0,3.0,3.0,3.0,3.0,3.0,3.0,3.0,3.0,3.0,3.0,3.0,0.0,0.0,0.0,0.0,0.0,0.0,0.0,0.0,0.0,0.0,0.0,3.0,5.0,4.0,3.0,5.0,1.0,7.0,3.0,2.0,2.0,2.0,4.0,2.0,3.0,4.0,4.0,1.0,1.0,1.0,1.0,1.0,1.0,1.0,1.0,3.0,1.0,3.0,2.0,2.0,1.0,3.0,3.0,1.0,1.0,1.0,2.0,4.0,1.0,2.0,1.0,2.0,2.0,1.0,2.0,2.0,2.0,5.0,8.0,6.0,4.0,7.0,3.0,8.0,1.0,1.0,2.0,1.0,3.0,3.0,2.0,1.0,1.0,2.0,2.0,6.0,4.0,3.0,3.0,2.0,6.0,8.0,8.0,10.0,8.0,8.0,10.0,8.0,9.0,8.0,9.0,9.0,8.0,8.0,9.0,4.0,4.0,4.0,2.0,2.0,1.0,1.0,1.0,5.0,5.0,1.0,1.0,1.0,3.0,3.0,3.0,3.0,2.0,2.0,3.0,3.0,3.0,3.0,3.0,3.0,3.0,3.0,2.0,3.0,3.0,3.0,3.0,2.0,3.0,3.0,2.0,2.0,4.0,3.0,4.0,4.0,3.0,3.0,3.0,6.0,8.0,5.0,4.0,4.0,3.0,5.0,5.0,5.0,5.0,4.0,4.0,4.0,2.0,2.0,2.0,2.0,4.0,3.0,3.0
762070781,1.0,1.0,3.0,3.0,3.0,1.0,2.0,2.0,1.0,1.0,2.0,2.0,1.0,2.0,2.0,2.0,1.0,1.0,2.0,2.0,2.0,,2.0,1.0,1.0,2.0,3.0,2.0,2.0,3.0,4.0,2.0,3.0,1.0,2.0,,1.0,1.0,1.0,1.0,2.0,3.0,1.0,1.0,1.0,2.0,5.0,8.0,5.0,3.0,4.0,3.0,2.0,4.0,3.0,1.0,1.0,1.0,1.0,3.0,2.0,2.0,3.0,3.0,4.0,2.0,3.0,2.0,1.0,1.0,2.0,1.0,2.0,3.0,2.0,4.0,3.0,2.0,1.0,1.0,1.0,0.0,0.0,1.0,0.0,0.0,0.0,0.0,0.0,0.0,0.0,7.0,7.0,4.0,5.0,4.0,1.0,5.0,,,,,,2.0,2.0,,4.0,2.0,2.0,0.0,1.0,1.0,2.0,1.0,1.0,2.0,1.0,4.0,3.0,3.0,4.0,4.0,4.0,4.0,1.0,2.0,2.0,3.0,2.0,2.0,2.0,1.0,1.0,1.0,1.0,2.0,1.0,7.0,8.0,5.0,3.0,2.0,8.0,9.0,1.0,1.0,1.0,1.0,3.0,1.0,1.0,1.0,2.0,2.0,1.0,6.0,2.0,2.0,2.0,2.0,2.0,,2.0,5.0,2.0,3.0,2.0,2.0,2.0,3.0,2.0,2.0,2.0,2.0,5.0,2.0,2.0,3.0,3.0,2.0,4.0,1.0,2.0,5.0,5.0,5.0,5.0,1.0,3.0,3.0,3.0,3.0,1.0,2.0,3.0,2.0,2.0,3.0,3.0,3.0,1.0,1.0,1.0,1.0,4.0,4.0,2.0,1.0,4.0,4.0,3.0,1.0,1.0,1.0,2.0,2.0,3.0,2.0,4.0,5.0,5.0,4.0,8.0,5.0,4.0,8.0,7.0,2.0,8.0,8.0,8.0,7.0,1.0,1.0,1.0,1.0,1.0,1.0,1.0
804070281,1.0,2.0,2.0,1.0,1.0,3.0,1.0,1.0,2.0,1.0,2.0,2.0,2.0,1.0,2.0,2.0,2.0,2.0,2.0,2.0,1.0,1.0,2.0,2.0,1.0,1.0,1.0,3.0,2.0,2.0,1.0,2.0,3.0,4.0,4.0,2.0,2.0,3.0,5.0,3.0,2.0,3.0,3.0,3.0,2.0,2.0,4.0,7.0,6.0,4.0,4.0,4.0,4.0,4.0,1.0,2.0,1.0,2.0,1.0,4.0,3.0,4.0,4.0,4.0,4.0,4.0,4.0,4.0,4.0,,4.0,4.0,,4.0,4.0,4.0,4.0,4.0,4.0,,0.0,0.0,0.0,0.0,0.0,0.0,0.0,,,0.0,0.0,4.0,3.0,8.0,4.0,7.0,2.0,10.0,4.0,4.0,4.0,4.0,4.0,3.0,2.0,5.0,3.0,0.0,1.0,1.0,2.0,2.0,0.0,1.0,0.0,2.0,2.0,3.0,,3.0,,4.0,3.0,3.0,1.0,1.0,2.0,2.0,,2.0,2.0,3.0,4.0,3.0,1.0,,2.0,2.0,6.0,8.0,5.0,8.0,8.0,3.0,1.0,2.0,2.0,2.0,3.0,,5.0,6.0,,1.0,2.0,4.0,7.0,3.0,7.0,10.0,2.0,2.0,1.0,10.0,9.0,8.0,2.0,1.0,1.0,1.0,1.0,4.0,6.0,2.0,8.0,4.0,4.0,4.0,4.0,3.0,5.0,5.0,5.0,5.0,5.0,4.0,1.0,5.0,,3.0,3.0,3.0,,,3.0,3.0,3.0,3.0,,3.0,2.0,2.0,3.0,4.0,,3.0,,3.0,1.0,3.0,,2.0,1.0,2.0,2.0,3.0,3.0,,3.0,,9.0,7.0,10.0,9.0,9.0,8.0,9.0,10.0,10.0,8.0,3.0,8.0,3.0,3.0,2.0,4.0,2.0,2.0,
840072789,1.0,2.0,1.0,3.0,1.0,1.0,1.0,2.0,1.0,1.0,2.0,2.0,2.0,2.0,1.0,2.0,1.0,1.0,2.0,2.0,2.0,1.0,2.0,1.0,1.0,2.0,2.0,2.0,2.0,2.0,2.0,1.0,2.0,2.0,3.0,5.0,2.0,2.0,2.0,1.0,4.0,1.0,2.0,1.0,1.0,2.0,6.0,8.0,6.0,4.0,4.0,4.0,4.0,4.0,2.0,2.0,2.0,3.0,2.0,3.0,3.0,3.0,2.0,2.0,4.0,4.0,4.0,2.0,3.0,4.0,4.0,4.0,3.0,4.0,4.0,3.0,4.0,4.0,4.0,4.0,2.0,0.0,0.0,0.0,0.0,0.0,0.0,0.0,0.0,0.0,0.0,9.0,1.0,10.0,1.0,1.0,2.0,10.0,3.0,3.0,2.0,2.0,4.0,1.0,4.0,6.0,2.0,2.0,0.0,2.0,0.0,0.0,0.0,2.0,2.0,3.0,1.0,3.0,3.0,4.0,4.0,3.0,3.0,3.0,2.0,2.0,1.0,3.0,4.0,2.0,2.0,4.0,4.0,3.0,1.0,1.0,1.0,7.0,5.0,8.0,7.0,5.0,7.0,10.0,1.0,1.0,1.0,1.0,1.0,1.0,1.0,1.0,1.0,2.0,1.0,6.0,1.0,1.0,1.0,1.0,1.0,1.0,1.0,1.0,1.0,1.0,1.0,1.0,1.0,1.0,1.0,1.0,1.0,1.0,10.0,4.0,4.0,4.0,3.0,1.0,5.0,5.0,5.0,2.0,5.0,2.0,5.0,3.0,1.0,3.0,2.0,3.0,3.0,1.0,,3.0,,1.0,,3.0,2.0,2.0,1.0,3.0,2.0,3.0,4.0,3.0,2.0,2.0,4.0,1.0,2.0,,4.0,3.0,4.0,4.0,1.0,10.0,1.0,1.0,1.0,1.0,1.0,1.0,1.0,1.0,1.0,1.0,7.0,3.0,2.0,1.0,2.0,2.0,1.0,3.0,3.0
344070166,1.0,1.0,2.0,2.0,1.0,3.0,1.0,1.0,2.0,1.0,1.0,2.0,2.0,1.0,2.0,2.0,2.0,1.0,2.0,1.0,2.0,1.0,2.0,1.0,2.0,2.0,2.0,3.0,3.0,3.0,3.0,2.0,4.0,4.0,4.0,3.0,2.0,2.0,2.0,2.0,4.0,1.0,1.0,3.0,2.0,2.0,8.0,7.0,8.0,4.0,4.0,4.0,4.0,4.0,1.0,2.0,2.0,2.0,2.0,3.0,3.0,2.0,2.0,1.0,3.0,3.0,2.0,2.0,1.0,2.0,2.0,2.0,2.0,2.0,2.0,2.0,1.0,1.0,1.0,2.0,0.0,0.0,0.0,0.0,0.0,0.0,1.0,0.0,0.0,1.0,0.0,8.0,3.0,4.0,2.0,4.0,2.0,5.0,3.0,3.0,3.0,2.0,2.0,2.0,4.0,6.0,4.0,2.0,2.0,0.0,0.0,0.0,0.0,0.0,0.0,2.0,2.0,3.0,1.0,4.0,2.0,4.0,4.0,4.0,2.0,2.0,2.0,1.0,1.0,2.0,2.0,3.0,2.0,3.0,1.0,2.0,1.0,9.0,9.0,6.0,3.0,1.0,8.0,2.0,2.0,2.0,2.0,2.0,3.0,3.0,5.0,7.0,3.0,2.0,2.0,5.0,1.0,1.0,1.0,1.0,1.0,10.0,3.0,4.0,8.0,8.0,1.0,6.0,1.0,3.0,3.0,1.0,7.0,6.0,6.0,1.0,4.0,4.0,2.0,1.0,5.0,1.0,5.0,1.0,1.0,1.0,1.0,1.0,2.0,2.0,2.0,2.0,2.0,3.0,3.0,3.0,1.0,3.0,3.0,3.0,3.0,3.0,2.0,3.0,2.0,2.0,2.0,2.0,3.0,3.0,2.0,2.0,1.0,3.0,1.0,2.0,2.0,2.0,3.0,5.0,8.0,8.0,10.0,10.0,3.0,1.0,1.0,5.0,10.0,8.0,7.0,8.0,2.0,2.0,2.0,,2.0,2.0,3.0
32070796,1.0,3.0,3.0,3.0,2.0,2.0,1.0,2.0,2.0,1.0,2.0,2.0,2.0,2.0,2.0,2.0,2.0,2.0,2.0,2.0,2.0,2.0,2.0,1.0,2.0,2.0,2.0,2.0,3.0,3.0,3.0,3.0,4.0,2.0,4.0,4.0,4.0,2.0,2.0,2.0,3.0,3.0,2.0,1.0,2.0,4.0,10.0,5.0,1.0,3.0,4.0,2.0,1.0,4.0,1.0,2.0,1.0,3.0,2.0,3.0,4.0,2.0,1.0,1.0,3.0,3.0,3.0,3.0,3.0,4.0,3.0,4.0,4.0,3.0,3.0,4.0,4.0,4.0,2.0,2.0,2.0,0.0,0.0,0.0,0.0,0.0,0.0,0.0,0.0,0.0,0.0,6.0,5.0,1.0,8.0,5.0,1.0,10.0,2.0,2.0,3.0,2.0,2.0,4.0,3.0,3.0,3.0,2.0,1.0,0.0,2.0,2.0,2.0,1.0,2.0,4.0,2.0,3.0,4.0,3.0,4.0,4.0,4.0,4.0,2.0,1.0,2.0,4.0,4.0,2.0,,3.0,1.0,3.0,2.0,2.0,2.0,6.0,10.0,10.0,10.0,6.0,1.0,10.0,1.0,2.0,1.0,1.0,,1.0,1.0,1.0,1.0,2.0,2.0,8.0,9.0,6.0,1.0,1.0,1.0,1.0,1.0,1.0,1.0,6.0,1.0,1.0,1.0,1.0,1.0,1.0,1.0,1.0,6.0,1.0,1.0,2.0,4.0,3.0,1.0,1.0,5.0,5.0,5.0,1.0,5.0,1.0,3.0,3.0,3.0,3.0,1.0,3.0,3.0,3.0,3.0,3.0,3.0,3.0,1.0,1.0,3.0,4.0,3.0,2.0,4.0,4.0,1.0,,1.0,1.0,1.0,2.0,2.0,2.0,1.0,1.0,4.0,5.0,5.0,5.0,5.0,,,,,,10.0,8.0,9.0,3.0,3.0,2.0,3.0,3.0,3.0,3.0,3.0
398070649,1.0,1.0,1.0,2.0,1.0,2.0,2.0,1.0,1.0,1.0,2.0,2.0,2.0,1.0,2.0,1.0,2.0,1.0,2.0,2.0,2.0,1.0,2.0,1.0,2.0,2.0,1.0,2.0,1.0,2.0,2.0,1.0,1.0,2.0,2.0,1.0,2.0,2.0,3.0,2.0,1.0,1.0,1.0,1.0,1.0,2.0,6.0,8.0,7.0,4.0,4.0,4.0,4.0,4.0,1.0,2.0,1.0,1.0,1.0,1.0,1.0,1.0,1.0,1.0,3.0,3.0,3.0,1.0,2.0,2.0,1.0,1.0,2.0,3.0,2.0,2.0,1.0,1.0,2.0,2.0,0.0,0.0,0.0,0.0,0.0,0.0,0.0,0.0,0.0,0.0,0.0,10.0,10.0,10.0,7.0,8.0,1.0,8.0,2.0,2.0,2.0,2.0,2.0,,4.0,8.0,4.0,2.0,0.0,0.0,2.0,2.0,0.0,2.0,2.0,3.0,2.0,2.0,2.0,2.0,2.0,2.0,2.0,2.0,2.0,2.0,2.0,1.0,1.0,2.0,2.0,1.0,1.0,,1.0,1.0,1.0,5.0,5.0,6.0,5.0,3.0,8.0,7.0,1.0,2.0,2.0,2.0,3.0,3.0,5.0,7.0,1.0,2.0,2.0,7.0,9.0,8.0,8.0,7.0,9.0,4.0,4.0,7.0,6.0,3.0,3.0,6.0,6.0,8.0,7.0,7.0,6.0,6.0,8.0,4.0,4.0,4.0,3.0,2.0,4.0,4.0,4.0,4.0,4.0,4.0,4.0,4.0,3.0,3.0,3.0,3.0,3.0,3.0,3.0,3.0,3.0,3.0,3.0,3.0,,2.0,2.0,2.0,3.0,2.0,2.0,3.0,2.0,1.0,3.0,2.0,2.0,1.0,1.0,1.0,2.0,1.0,1.0,,5.0,5.0,6.0,5.0,4.0,6.0,5.0,4.0,6.0,8.0,6.0,7.0,1.0,1.0,1.0,1.0,3.0,4.0,1.0
840071149,1.0,2.0,2.0,1.0,2.0,4.0,2.0,1.0,2.0,2.0,1.0,1.0,2.0,1.0,2.0,1.0,2.0,1.0,2.0,2.0,2.0,2.0,2.0,1.0,2.0,2.0,2.0,4.0,4.0,4.0,4.0,2.0,4.0,4.0,4.0,1.0,4.0,3.0,3.0,3.0,4.0,1.0,1.0,2.0,3.0,2.0,3.0,2.0,8.0,3.0,4.0,3.0,4.0,4.0,1.0,2.0,2.0,2.0,3.0,4.0,2.0,2.0,4.0,4.0,4.0,4.0,2.0,3.0,3.0,4.0,3.0,4.0,4.0,4.0,4.0,4.0,4.0,4.0,2.0,2.0,0.0,0.0,2.0,0.0,2.0,0.0,0.0,0.0,0.0,0.0,0.0,4.0,6.0,,6.0,10.0,1.0,10.0,4.0,4.0,3.0,2.0,3.0,2.0,2.0,10.0,4.0,2.0,2.0,1.0,2.0,1.0,1.0,1.0,1.0,1.0,3.0,3.0,3.0,3.0,1.0,2.0,3.0,3.0,1.0,1.0,2.0,2.0,2.0,2.0,2.0,1.0,1.0,2.0,1.0,1.0,2.0,8.0,8.0,4.0,7.0,,,,2.0,1.0,2.0,2.0,4.0,4.0,7.0,8.0,2.0,2.0,2.0,5.0,,,,,,10.0,,9.0,10.0,10.0,,,1.0,1.0,3.0,1.0,8.0,,,3.0,3.0,4.0,1.0,1.0,5.0,2.0,4.0,1.0,2.0,1.0,1.0,3.0,1.0,1.0,1.0,2.0,1.0,2.0,,1.0,1.0,1.0,1.0,2.0,2.0,1.0,3.0,2.0,2.0,2.0,4.0,3.0,1.0,2.0,3.0,4.0,1.0,,3.0,2.0,4.0,2.0,4.0,1.0,10.0,1.0,9.0,10.0,3.0,,,,10.0,10.0,,2.0,4.0,4.0,4.0,4.0,4.0,3.0,3.0
196070969,1.0,1.0,3.0,4.0,2.0,4.0,1.0,1.0,1.0,1.0,,1.0,,,,,,1.0,2.0,2.0,2.0,2.0,2.0,1.0,2.0,2.0,2.0,4.0,4.0,4.0,4.0,4.0,5.0,5.0,3.0,3.0,1.0,5.0,1.0,1.0,1.0,1.0,1.0,1.0,2.0,1.0,6.0,7.0,9.0,4.0,4.0,4.0,3.0,4.0,1.0,2.0,2.0,2.0,2.0,4.0,3.0,3.0,4.0,1.0,4.0,4.0,4.0,3.0,3.0,4.0,4.0,4.0,4.0,3.0,4.0,2.0,4.0,2.0,2.0,4.0,0.0,0.0,0.0,0.0,0.0,0.0,0.0,0.0,0.0,0.0,0.0,8.0,1.0,6.0,1.0,1.0,1.0,9.0,3.0,2.0,3.0,3.0,4.0,3.0,4.0,1.0,2.0,2.0,2.0,1.0,2.0,0.0,2.0,1.0,1.0,2.0,1.0,4.0,2.0,3.0,4.0,4.0,3.0,3.0,1.0,2.0,2.0,1.0,1.0,2.0,2.0,2.0,4.0,4.0,1.0,2.0,1.0,10.0,10.0,1.0,1.0,1.0,10.0,3.0,1.0,1.0,1.0,1.0,4.0,3.0,4.0,5.0,2.0,2.0,2.0,2.0,1.0,10.0,1.0,1.0,1.0,7.0,2.0,7.0,10.0,2.0,5.0,10.0,1.0,1.0,1.0,,2.0,,1.0,2.0,4.0,4.0,4.0,3.0,2.0,1.0,4.0,1.0,2.0,1.0,1.0,1.0,2.0,3.0,3.0,3.0,2.0,2.0,3.0,3.0,3.0,2.0,3.0,3.0,2.0,2.0,,3.0,,2.0,,,1.0,,2.0,2.0,1.0,,4.0,1.0,,2.0,4.0,,9.0,1.0,10.0,9.0,,8.0,8.0,1.0,10.0,10.0,4.0,3.0,2.0,3.0,1.0,2.0,3.0,4.0,4.0
156072350,1.0,2.0,3.0,3.0,2.0,3.0,1.0,1.0,1.0,2.0,2.0,2.0,2.0,1.0,2.0,1.0,2.0,1.0,2.0,1.0,2.0,1.0,2.0,1.0,2.0,2.0,2.0,3.0,1.0,2.0,2.0,2.0,1.0,2.0,4.0,5.0,4.0,1.0,2.0,2.0,4.0,1.0,1.0,1.0,2.0,2.0,10.0,9.0,5.0,4.0,4.0,4.0,4.0,4.0,1.0,1.0,1.0,2.0,2.0,2.0,3.0,3.0,4.0,2.0,2.0,2.0,2.0,2.0,2.0,2.0,2.0,2.0,2.0,2.0,2.0,2.0,1.0,2.0,2.0,2.0,0.0,0.0,0.0,0.0,0.0,0.0,0.0,0.0,0.0,0.0,0.0,1.0,10.0,7.0,1.0,1.0,1.0,5.0,2.0,2.0,2.0,2.0,2.0,4.0,3.0,1.0,4.0,1.0,2.0,0.0,,0.0,1.0,0.0,0.0,,1.0,,,,,,,,,,,1.0,1.0,2.0,2.0,3.0,4.0,,1.0,2.0,1.0,10.0,9.0,5.0,2.0,1.0,9.0,1.0,2.0,2.0,2.0,2.0,4.0,1.0,7.0,8.0,2.0,1.0,2.0,6.0,1.0,1.0,1.0,1.0,1.0,1.0,1.0,1.0,1.0,1.0,1.0,1.0,1.0,1.0,1.0,1.0,1.0,1.0,10.0,2.0,1.0,2.0,2.0,2.0,5.0,1.0,5.0,1.0,5.0,1.0,1.0,1.0,3.0,3.0,3.0,3.0,1.0,3.0,3.0,3.0,3.0,3.0,3.0,3.0,3.0,,,,,,,,,,,,,,3.0,1.0,2.0,1.0,1.0,,10.0,5.0,10.0,10.0,9.0,10.0,9.0,10.0,10.0,10.0,9.0,9.0,1.0,1.0,2.0,2.0,2.0,2.0,3.0
404070957,1.0,2.0,3.0,3.0,1.0,1.0,1.0,2.0,1.0,1.0,2.0,1.0,1.0,2.0,2.0,2.0,2.0,1.0,2.0,2.0,2.0,2.0,2.0,2.0,2.0,2.0,1.0,4.0,3.0,4.0,3.0,4.0,5.0,2.0,1.0,5.0,2.0,1.0,1.0,1.0,2.0,1.0,1.0,1.0,1.0,2.0,6.0,7.0,8.0,3.0,2.0,1.0,2.0,4.0,1.0,2.0,1.0,3.0,1.0,4.0,4.0,3.0,2.0,4.0,3.0,1.0,2.0,4.0,1.0,3.0,4.0,4.0,1.0,2.0,4.0,3.0,1.0,1.0,3.0,1.0,2.0,1.0,2.0,2.0,1.0,2.0,2.0,2.0,2.0,1.0,2.0,7.0,7.0,4.0,4.0,4.0,1.0,5.0,2.0,3.0,1.0,3.0,4.0,2.0,2.0,7.0,2.0,2.0,2.0,2.0,2.0,2.0,1.0,2.0,1.0,3.0,2.0,3.0,2.0,3.0,2.0,1.0,1.0,3.0,1.0,1.0,2.0,1.0,1.0,1.0,1.0,1.0,2.0,1.0,1.0,2.0,1.0,4.0,7.0,4.0,8.0,5.0,6.0,9.0,1.0,1.0,1.0,1.0,1.0,2.0,2.0,1.0,1.0,2.0,1.0,4.0,3.0,8.0,3.0,7.0,3.0,3.0,3.0,4.0,8.0,4.0,4.0,8.0,4.0,8.0,3.0,3.0,7.0,4.0,7.0,1.0,1.0,1.0,2.0,1.0,1.0,1.0,1.0,1.0,2.0,1.0,2.0,1.0,2.0,1.0,2.0,1.0,2.0,1.0,2.0,1.0,1.0,2.0,1.0,2.0,1.0,1.0,1.0,2.0,1.0,4.0,2.0,1.0,1.0,4.0,1.0,3.0,2.0,3.0,1.0,4.0,3.0,1.0,4.0,7.0,3.0,7.0,3.0,3.0,10.0,3.0,3.0,8.0,4.0,5.0,5.0,7.0,1.0,2.0,1.0,1.0,2.0,3.0,4.0
360071430,1.0,1.0,1.0,,1.0,1.0,2.0,2.0,1.0,2.0,2.0,2.0,1.0,1.0,1.0,2.0,1.0,1.0,1.0,1.0,1.0,1.0,2.0,1.0,1.0,2.0,2.0,3.0,3.0,2.0,2.0,2.0,2.0,2.0,4.0,,4.0,2.0,4.0,4.0,2.0,1.0,2.0,,2.0,2.0,,10.0,10.0,4.0,4.0,4.0,3.0,4.0,1.0,1.0,1.0,1.0,1.0,4.0,4.0,4.0,1.0,,,1.0,1.0,4.0,,,,,,,1.0,,1.0,2.0,1.0,1.0,0.0,0.0,0.0,0.0,0.0,0.0,2.0,2.0,,0.0,,10.0,10.0,10.0,1.0,1.0,1.0,10.0,2.0,3.0,3.0,4.0,4.0,2.0,4.0,10.0,4.0,2.0,0.0,0.0,0.0,0.0,2.0,0.0,0.0,,2.0,4.0,3.0,,,,3.0,,1.0,2.0,2.0,3.0,1.0,2.0,2.0,2.0,2.0,2.0,1.0,2.0,2.0,10.0,10.0,10.0,10.0,10.0,10.0,10.0,1.0,1.0,1.0,1.0,2.0,2.0,1.0,1.0,1.0,2.0,,10.0,10.0,1.0,1.0,1.0,1.0,10.0,,,10.0,1.0,1.0,1.0,1.0,1.0,1.0,10.0,,,,1.0,,1.0,,2.0,5.0,5.0,5.0,5.0,5.0,5.0,5.0,5.0,,,3.0,3.0,1.0,3.0,3.0,3.0,,,,,1.0,1.0,1.0,2.0,4.0,4.0,4.0,1.0,3.0,4.0,3.0,1.0,1.0,,1.0,2.0,3.0,4.0,4.0,,1.0,1.0,1.0,1.0,1.0,1.0,,1.0,10.0,10.0,,10.0,,2.0,2.0,1.0,2.0,,2.0
32070751,1.0,1.0,1.0,2.0,2.0,2.0,1.0,1.0,2.0,2.0,1.0,2.0,2.0,2.0,2.0,2.0,1.0,1.0,2.0,2.0,2.0,2.0,2.0,2.0,2.0,2.0,2.0,1.0,2.0,2.0,3.0,2.0,3.0,2.0,3.0,3.0,2.0,3.0,2.0,3.0,3.0,2.0,2.0,2.0,2.0,2.0,8.0,10.0,8.0,2.0,2.0,2.0,2.0,2.0,3.0,1.0,2.0,2.0,3.0,3.0,3.0,3.0,3.0,3.0,3.0,3.0,3.0,3.0,3.0,3.0,3.0,3.0,3.0,2.0,2.0,2.0,3.0,2.0,2.0,2.0,1.0,1.0,1.0,1.0,1.0,1.0,1.0,1.0,1.0,1.0,1.0,6.0,7.0,6.0,7.0,8.0,1.0,10.0,2.0,3.0,2.0,2.0,2.0,1.0,2.0,8.0,4.0,1.0,0.0,1.0,1.0,1.0,1.0,0.0,0.0,1.0,4.0,2.0,2.0,2.0,2.0,2.0,2.0,2.0,1.0,2.0,2.0,2.0,2.0,2.0,1.0,2.0,2.0,2.0,1.0,1.0,1.0,7.0,8.0,9.0,6.0,5.0,8.0,6.0,1.0,,2.0,1.0,2.0,2.0,4.0,4.0,1.0,1.0,2.0,6.0,8.0,4.0,5.0,5.0,1.0,8.0,8.0,8.0,8.0,1.0,1.0,6.0,1.0,1.0,1.0,1.0,1.0,1.0,1.0,3.0,2.0,2.0,2.0,2.0,1.0,1.0,2.0,1.0,1.0,1.0,1.0,1.0,2.0,2.0,2.0,2.0,1.0,2.0,2.0,2.0,2.0,2.0,2.0,2.0,2.0,2.0,2.0,3.0,2.0,3.0,3.0,3.0,2.0,3.0,2.0,2.0,2.0,3.0,2.0,2.0,3.0,2.0,2.0,3.0,6.0,7.0,9.0,6.0,6.0,8.0,4.0,8.0,9.0,7.0,7.0,6.0,1.0,2.0,1.0,1.0,2.0,2.0,1.0
20070914,2.0,1.0,1.0,4.0,1.0,4.0,1.0,2.0,1.0,2.0,2.0,2.0,1.0,2.0,1.0,2.0,2.0,1.0,2.0,2.0,2.0,2.0,2.0,2.0,2.0,2.0,2.0,3.0,3.0,3.0,3.0,3.0,4.0,4.0,4.0,2.0,4.0,4.0,2.0,2.0,2.0,3.0,2.0,2.0,2.0,4.0,8.0,6.0,5.0,4.0,4.0,4.0,2.0,4.0,3.0,2.0,2.0,4.0,2.0,4.0,3.0,3.0,4.0,,2.0,3.0,4.0,2.0,3.0,2.0,3.0,2.0,2.0,2.0,2.0,2.0,3.0,2.0,2.0,3.0,0.0,0.0,0.0,0.0,0.0,0.0,0.0,0.0,0.0,0.0,0.0,8.0,2.0,6.0,1.0,2.0,2.0,9.0,3.0,3.0,3.0,3.0,3.0,3.0,2.0,8.0,3.0,1.0,1.0,1.0,2.0,1.0,1.0,1.0,1.0,3.0,2.0,4.0,4.0,4.0,4.0,4.0,4.0,4.0,2.0,2.0,2.0,3.0,3.0,2.0,1.0,3.0,1.0,4.0,1.0,2.0,1.0,9.0,7.0,7.0,8.0,5.0,6.0,1.0,2.0,2.0,2.0,2.0,3.0,3.0,7.0,8.0,3.0,2.0,2.0,3.0,1.0,1.0,1.0,1.0,1.0,10.0,4.0,4.0,4.0,7.0,2.0,6.0,1.0,1.0,1.0,1.0,4.0,1.0,1.0,1.0,1.0,1.0,4.0,3.0,2.0,2.0,5.0,5.0,5.0,5.0,5.0,5.0,3.0,3.0,3.0,3.0,1.0,3.0,3.0,3.0,1.0,3.0,3.0,3.0,2.0,2.0,3.0,4.0,2.0,2.0,2.0,3.0,1.0,4.0,1.0,3.0,2.0,5.0,3.0,1.0,4.0,2.0,4.0,5.0,7.0,1.0,10.0,6.0,2.0,7.0,7.0,8.0,8.0,10.0,9.0,8.0,3.0,,2.0,2.0,3.0,2.0,2.0
36070855,1.0,3.0,2.0,3.0,2.0,4.0,1.0,1.0,2.0,1.0,2.0,1.0,1.0,2.0,2.0,2.0,2.0,1.0,2.0,2.0,2.0,2.0,2.0,2.0,2.0,2.0,3.0,3.0,4.0,4.0,4.0,2.0,4.0,3.0,3.0,1.0,4.0,2.0,3.0,3.0,4.0,1.0,1.0,2.0,3.0,3.0,6.0,6.0,4.0,4.0,3.0,3.0,2.0,4.0,2.0,2.0,1.0,3.0,1.0,3.0,3.0,3.0,4.0,2.0,4.0,4.0,3.0,4.0,4.0,4.0,4.0,4.0,4.0,4.0,4.0,4.0,4.0,2.0,2.0,3.0,0.0,0.0,0.0,0.0,0.0,0.0,0.0,0.0,0.0,0.0,0.0,10.0,2.0,8.0,7.0,8.0,1.0,10.0,3.0,4.0,3.0,2.0,4.0,2.0,2.0,3.0,3.0,1.0,2.0,2.0,2.0,1.0,2.0,1.0,1.0,3.0,3.0,1.0,4.0,4.0,4.0,3.0,4.0,4.0,1.0,1.0,2.0,1.0,4.0,2.0,2.0,1.0,1.0,3.0,1.0,1.0,2.0,6.0,2.0,5.0,5.0,6.0,6.0,1.0,2.0,1.0,2.0,2.0,1.0,4.0,7.0,8.0,2.0,1.0,1.0,6.0,2.0,5.0,1.0,1.0,1.0,10.0,7.0,6.0,6.0,10.0,4.0,10.0,1.0,4.0,1.0,1.0,8.0,1.0,8.0,1.0,3.0,4.0,2.0,2.0,4.0,4.0,4.0,2.0,4.0,1.0,,3.0,1.0,1.0,1.0,1.0,1.0,2.0,2.0,1.0,1.0,1.0,2.0,2.0,1.0,1.0,2.0,2.0,1.0,3.0,1.0,2.0,2.0,3.0,2.0,1.0,1.0,4.0,4.0,4.0,4.0,2.0,4.0,1.0,5.0,1.0,7.0,6.0,5.0,7.0,6.0,6.0,10.0,10.0,4.0,2.0,3.0,2.0,1.0,1.0,1.0,4.0,4.0
528070135,1.0,2.0,2.0,3.0,2.0,2.0,1.0,2.0,1.0,2.0,1.0,1.0,2.0,2.0,2.0,1.0,2.0,1.0,2.0,2.0,1.0,2.0,2.0,1.0,2.0,2.0,1.0,2.0,3.0,3.0,3.0,2.0,3.0,3.0,2.0,3.0,4.0,4.0,3.0,3.0,4.0,1.0,1.0,2.0,3.0,3.0,7.0,7.0,6.0,4.0,4.0,4.0,4.0,4.0,1.0,1.0,2.0,2.0,1.0,2.0,3.0,2.0,2.0,2.0,2.0,2.0,2.0,2.0,2.0,3.0,3.0,3.0,3.0,2.0,2.0,3.0,3.0,2.0,2.0,3.0,1.0,0.0,0.0,0.0,0.0,1.0,0.0,0.0,0.0,0.0,0.0,2.0,10.0,1.0,3.0,5.0,1.0,3.0,2.0,2.0,2.0,2.0,2.0,1.0,4.0,9.0,3.0,0.0,2.0,2.0,2.0,2.0,2.0,2.0,2.0,3.0,2.0,4.0,2.0,4.0,3.0,4.0,4.0,4.0,1.0,1.0,2.0,2.0,2.0,2.0,2.0,2.0,2.0,3.0,1.0,1.0,1.0,9.0,5.0,7.0,3.0,1.0,8.0,8.0,1.0,,1.0,1.0,3.0,4.0,4.0,2.0,1.0,2.0,2.0,4.0,2.0,2.0,1.0,3.0,1.0,8.0,2.0,7.0,7.0,9.0,4.0,7.0,1.0,2.0,2.0,1.0,6.0,2.0,3.0,4.0,4.0,4.0,3.0,2.0,2.0,1.0,5.0,1.0,2.0,1.0,1.0,1.0,1.0,2.0,2.0,2.0,1.0,2.0,2.0,1.0,2.0,1.0,2.0,2.0,1.0,1.0,1.0,3.0,3.0,4.0,2.0,1.0,4.0,4.0,2.0,1.0,1.0,3.0,4.0,3.0,4.0,1.0,4.0,3.0,9.0,1.0,10.0,3.0,1.0,10.0,4.0,3.0,10.0,10.0,10.0,8.0,2.0,2.0,1.0,2.0,2.0,2.0,3.0
704070189,1.0,2.0,1.0,2.0,1.0,3.0,1.0,2.0,1.0,2.0,2.0,2.0,1.0,2.0,2.0,1.0,1.0,1.0,2.0,1.0,2.0,2.0,2.0,1.0,1.0,2.0,1.0,3.0,3.0,3.0,2.0,2.0,5.0,2.0,3.0,3.0,2.0,2.0,2.0,2.0,3.0,3.0,1.0,1.0,2.0,4.0,5.0,4.0,3.0,4.0,3.0,4.0,3.0,4.0,1.0,2.0,2.0,2.0,3.0,3.0,2.0,3.0,2.0,2.0,2.0,4.0,2.0,3.0,3.0,1.0,2.0,2.0,3.0,2.0,3.0,2.0,3.0,3.0,2.0,3.0,0.0,0.0,0.0,0.0,0.0,0.0,0.0,0.0,0.0,0.0,0.0,10.0,4.0,5.0,1.0,8.0,1.0,10.0,4.0,4.0,4.0,4.0,4.0,3.0,2.0,3.0,3.0,2.0,2.0,0.0,2.0,0.0,2.0,0.0,0.0,3.0,2.0,3.0,2.0,3.0,3.0,4.0,4.0,3.0,1.0,1.0,2.0,1.0,2.0,2.0,2.0,3.0,3.0,2.0,2.0,2.0,1.0,9.0,9.0,7.0,6.0,5.0,9.0,5.0,1.0,1.0,2.0,2.0,3.0,2.0,5.0,7.0,2.0,1.0,2.0,7.0,6.0,8.0,3.0,3.0,7.0,3.0,6.0,3.0,7.0,4.0,7.0,3.0,7.0,3.0,7.0,3.0,8.0,2.0,8.0,3.0,4.0,1.0,2.0,3.0,1.0,1.0,4.0,3.0,4.0,1.0,3.0,2.0,3.0,3.0,3.0,3.0,1.0,3.0,3.0,3.0,3.0,3.0,,,1.0,1.0,3.0,3.0,2.0,3.0,3.0,3.0,4.0,3.0,3.0,2.0,1.0,3.0,2.0,3.0,2.0,3.0,2.0,,9.0,6.0,7.0,9.0,5.0,10.0,5.0,9.0,5.0,10.0,4.0,5.0,2.0,1.0,2.0,2.0,2.0,3.0,3.0
68070051,1.0,1.0,1.0,1.0,1.0,4.0,1.0,2.0,1.0,2.0,2.0,1.0,2.0,1.0,2.0,2.0,1.0,,,,,,,,,,1.0,1.0,4.0,4.0,3.0,2.0,5.0,2.0,1.0,1.0,4.0,1.0,1.0,1.0,1.0,3.0,3.0,1.0,1.0,3.0,5.0,7.0,5.0,4.0,1.0,1.0,2.0,4.0,1.0,2.0,2.0,2.0,1.0,4.0,4.0,4.0,4.0,4.0,4.0,4.0,4.0,4.0,4.0,4.0,4.0,4.0,4.0,2.0,4.0,4.0,3.0,2.0,3.0,2.0,0.0,0.0,2.0,0.0,0.0,0.0,0.0,1.0,0.0,0.0,0.0,10.0,,10.0,5.0,10.0,1.0,10.0,4.0,4.0,2.0,4.0,4.0,3.0,3.0,10.0,3.0,1.0,2.0,1.0,2.0,2.0,2.0,1.0,2.0,2.0,3.0,3.0,2.0,4.0,4.0,4.0,3.0,4.0,1.0,2.0,2.0,1.0,,2.0,1.0,1.0,1.0,1.0,2.0,2.0,1.0,10.0,1.0,5.0,10.0,4.0,4.0,10.0,1.0,,,,4.0,,4.0,2.0,2.0,,,1.0,7.0,1.0,1.0,1.0,1.0,10.0,1.0,1.0,10.0,1.0,1.0,1.0,1.0,1.0,1.0,1.0,1.0,1.0,1.0,1.0,4.0,4.0,2.0,2.0,2.0,1.0,1.0,3.0,5.0,2.0,5.0,1.0,3.0,3.0,1.0,2.0,1.0,1.0,1.0,3.0,2.0,3.0,3.0,3.0,1.0,1.0,4.0,,1.0,,,4.0,,,4.0,4.0,1.0,,,1.0,,1.0,4.0,,10.0,5.0,10.0,,10.0,10.0,10.0,10.0,10.0,10.0,3.0,4.0,3.0,1.0,1.0,1.0,2.0,2.0,1.0
156072295,1.0,2.0,3.0,3.0,3.0,3.0,2.0,1.0,1.0,1.0,2.0,1.0,2.0,1.0,2.0,2.0,2.0,1.0,2.0,1.0,2.0,1.0,2.0,1.0,1.0,2.0,4.0,2.0,2.0,3.0,2.0,1.0,2.0,1.0,1.0,5.0,4.0,1.0,1.0,4.0,2.0,2.0,2.0,2.0,2.0,3.0,7.0,8.0,8.0,4.0,4.0,4.0,4.0,4.0,1.0,1.0,1.0,2.0,2.0,2.0,2.0,4.0,2.0,2.0,2.0,2.0,2.0,2.0,2.0,2.0,2.0,1.0,2.0,2.0,2.0,2.0,2.0,2.0,1.0,2.0,0.0,0.0,0.0,0.0,0.0,0.0,0.0,0.0,0.0,0.0,0.0,5.0,5.0,7.0,3.0,1.0,1.0,5.0,2.0,2.0,2.0,2.0,2.0,2.0,3.0,10.0,5.0,2.0,2.0,0.0,,0.0,2.0,0.0,0.0,,1.0,,,,,,,,,,,4.0,4.0,2.0,2.0,3.0,3.0,,1.0,2.0,2.0,10.0,8.0,5.0,3.0,1.0,8.0,1.0,2.0,2.0,2.0,2.0,3.0,3.0,7.0,8.0,2.0,1.0,1.0,1.0,10.0,1.0,1.0,1.0,1.0,1.0,1.0,1.0,1.0,1.0,1.0,1.0,1.0,5.0,1.0,1.0,1.0,1.0,5.0,1.0,1.0,1.0,4.0,3.0,5.0,1.0,5.0,5.0,5.0,5.0,1.0,1.0,3.0,3.0,3.0,3.0,1.0,3.0,3.0,3.0,1.0,3.0,3.0,3.0,3.0,,,,,,,,,,,,,,3.0,3.0,3.0,2.0,3.0,,10.0,1.0,10.0,10.0,1.0,10.0,10.0,1.0,10.0,10.0,8.0,9.0,2.0,2.0,2.0,2.0,3.0,4.0,4.0
788071113,1.0,1.0,1.0,2.0,1.0,1.0,1.0,1.0,1.0,1.0,1.0,1.0,1.0,1.0,1.0,1.0,1.0,2.0,1.0,2.0,1.0,2.0,2.0,2.0,2.0,2.0,1.0,3.0,2.0,2.0,2.0,2.0,2.0,1.0,2.0,,1.0,1.0,2.0,1.0,2.0,3.0,1.0,1.0,2.0,2.0,5.0,3.0,3.0,4.0,4.0,4.0,4.0,4.0,1.0,2.0,2.0,2.0,2.0,2.0,2.0,2.0,2.0,2.0,3.0,3.0,3.0,3.0,3.0,3.0,3.0,3.0,3.0,3.0,3.0,3.0,2.0,3.0,3.0,3.0,0.0,0.0,0.0,2.0,0.0,0.0,2.0,0.0,0.0,0.0,0.0,9.0,8.0,1.0,1.0,1.0,2.0,10.0,4.0,4.0,3.0,4.0,4.0,3.0,2.0,9.0,2.0,0.0,0.0,0.0,0.0,0.0,1.0,2.0,2.0,4.0,2.0,3.0,3.0,3.0,3.0,3.0,3.0,3.0,1.0,1.0,2.0,1.0,1.0,2.0,2.0,1.0,1.0,1.0,2.0,2.0,1.0,10.0,9.0,7.0,4.0,1.0,5.0,10.0,1.0,1.0,1.0,1.0,1.0,1.0,2.0,1.0,2.0,2.0,2.0,2.0,2.0,2.0,2.0,2.0,2.0,2.0,2.0,2.0,2.0,2.0,2.0,3.0,2.0,2.0,2.0,2.0,2.0,2.0,2.0,4.0,4.0,4.0,2.0,2.0,5.0,1.0,1.0,1.0,5.0,5.0,5.0,1.0,2.0,2.0,2.0,2.0,2.0,2.0,2.0,2.0,3.0,3.0,3.0,3.0,1.0,1.0,2.0,3.0,3.0,3.0,3.0,3.0,3.0,2.0,2.0,2.0,1.0,1.0,4.0,4.0,2.0,1.0,2.0,9.0,9.0,4.0,9.0,8.0,5.0,9.0,8.0,3.0,9.0,9.0,3.0,2.0,3.0,1.0,1.0,1.0,1.0,1.0,1.0
446070872,2.0,2.0,1.0,3.0,1.0,3.0,1.0,1.0,1.0,1.0,1.0,2.0,2.0,2.0,2.0,2.0,2.0,1.0,1.0,1.0,1.0,1.0,2.0,1.0,2.0,2.0,3.0,3.0,2.0,2.0,2.0,3.0,3.0,3.0,2.0,2.0,3.0,3.0,4.0,3.0,4.0,1.0,1.0,1.0,2.0,3.0,6.0,5.0,3.0,4.0,3.0,4.0,2.0,4.0,2.0,2.0,1.0,4.0,2.0,3.0,3.0,3.0,2.0,2.0,3.0,3.0,4.0,4.0,3.0,3.0,4.0,4.0,4.0,3.0,4.0,2.0,1.0,2.0,2.0,3.0,0.0,0.0,0.0,0.0,0.0,0.0,0.0,0.0,0.0,0.0,0.0,5.0,6.0,5.0,5.0,7.0,1.0,10.0,3.0,3.0,3.0,2.0,2.0,2.0,4.0,2.0,3.0,1.0,0.0,1.0,1.0,1.0,1.0,1.0,1.0,3.0,2.0,3.0,2.0,3.0,3.0,3.0,3.0,3.0,2.0,2.0,2.0,1.0,3.0,2.0,2.0,3.0,3.0,3.0,2.0,2.0,2.0,7.0,6.0,4.0,4.0,3.0,6.0,2.0,1.0,2.0,1.0,1.0,2.0,3.0,7.0,8.0,3.0,2.0,2.0,3.0,4.0,8.0,6.0,4.0,7.0,3.0,8.0,5.0,7.0,4.0,8.0,4.0,7.0,4.0,6.0,7.0,3.0,7.0,5.0,1.0,3.0,4.0,4.0,3.0,1.0,1.0,5.0,1.0,5.0,1.0,1.0,2.0,3.0,3.0,3.0,3.0,3.0,3.0,3.0,3.0,3.0,3.0,3.0,3.0,1.0,,2.0,2.0,3.0,3.0,3.0,3.0,2.0,3.0,2.0,1.0,1.0,1.0,2.0,3.0,4.0,1.0,3.0,4.0,10.0,10.0,6.0,5.0,5.0,5.0,4.0,6.0,3.0,5.0,6.0,3.0,2.0,2.0,1.0,1.0,2.0,3.0,3.0
152070146,1.0,1.0,2.0,4.0,1.0,4.0,2.0,2.0,2.0,2.0,1.0,1.0,2.0,2.0,2.0,2.0,2.0,2.0,2.0,2.0,2.0,2.0,2.0,2.0,2.0,2.0,,4.0,4.0,4.0,4.0,,,1.0,4.0,,3.0,1.0,1.0,5.0,3.0,,1.0,1.0,1.0,1.0,7.0,7.0,6.0,4.0,2.0,4.0,4.0,4.0,3.0,1.0,1.0,1.0,1.0,3.0,3.0,3.0,4.0,4.0,4.0,4.0,4.0,4.0,4.0,4.0,4.0,4.0,4.0,4.0,4.0,4.0,4.0,4.0,4.0,4.0,0.0,2.0,0.0,0.0,0.0,0.0,0.0,0.0,0.0,0.0,0.0,1.0,2.0,3.0,3.0,5.0,2.0,8.0,3.0,3.0,3.0,3.0,3.0,,,5.0,3.0,,2.0,0.0,,0.0,2.0,1.0,,2.0,3.0,2.0,2.0,,,2.0,2.0,,1.0,2.0,2.0,2.0,,2.0,2.0,4.0,4.0,4.0,2.0,2.0,2.0,6.0,6.0,5.0,,7.0,8.0,4.0,1.0,2.0,2.0,2.0,4.0,4.0,7.0,8.0,2.0,,,,10.0,3.0,2.0,2.0,2.0,8.0,6.0,6.0,9.0,8.0,6.0,7.0,1.0,1.0,1.0,1.0,10.0,1.0,5.0,1.0,3.0,3.0,4.0,3.0,3.0,5.0,5.0,5.0,5.0,4.0,5.0,5.0,3.0,3.0,3.0,3.0,,,,,,,,,3.0,3.0,,,,,,,,,,,2.0,,,,4.0,2.0,4.0,,10.0,1.0,10.0,10.0,1.0,10.0,10.0,10.0,10.0,6.0,7.0,5.0,2.0,2.0,1.0,1.0,1.0,2.0,2.0
496070280,1.0,1.0,1.0,1.0,1.0,3.0,2.0,1.0,2.0,1.0,2.0,1.0,2.0,2.0,2.0,1.0,1.0,2.0,1.0,2.0,1.0,1.0,1.0,2.0,1.0,1.0,2.0,3.0,3.0,2.0,3.0,3.0,3.0,4.0,3.0,2.0,3.0,3.0,2.0,4.0,1.0,1.0,1.0,2.0,2.0,2.0,8.0,5.0,9.0,2.0,3.0,3.0,3.0,4.0,2.0,2.0,2.0,1.0,1.0,1.0,1.0,2.0,2.0,2.0,2.0,3.0,3.0,3.0,2.0,3.0,3.0,2.0,2.0,3.0,2.0,1.0,1.0,1.0,2.0,1.0,1.0,0.0,1.0,1.0,0.0,0.0,1.0,1.0,1.0,0.0,0.0,8.0,6.0,7.0,4.0,9.0,,8.0,2.0,2.0,2.0,2.0,2.0,3.0,2.0,9.0,4.0,2.0,2.0,0.0,2.0,2.0,1.0,2.0,0.0,4.0,3.0,2.0,2.0,2.0,2.0,3.0,2.0,3.0,1.0,1.0,2.0,2.0,1.0,1.0,2.0,3.0,3.0,3.0,1.0,2.0,2.0,8.0,5.0,7.0,4.0,9.0,6.0,9.0,1.0,1.0,1.0,1.0,2.0,2.0,6.0,8.0,2.0,2.0,2.0,9.0,4.0,3.0,4.0,2.0,3.0,5.0,4.0,4.0,3.0,4.0,5.0,3.0,3.0,5.0,4.0,2.0,3.0,2.0,6.0,3.0,2.0,2.0,3.0,2.0,2.0,2.0,3.0,1.0,1.0,1.0,1.0,3.0,2.0,1.0,2.0,2.0,1.0,1.0,3.0,2.0,2.0,1.0,3.0,1.0,2.0,2.0,2.0,2.0,3.0,1.0,2.0,3.0,2.0,2.0,3.0,3.0,2.0,4.0,2.0,3.0,2.0,2.0,3.0,7.0,6.0,9.0,4.0,5.0,3.0,8.0,7.0,6.0,9.0,9.0,6.0,8.0,1.0,1.0,2.0,2.0,3.0,3.0,4.0
400071142,1.0,1.0,2.0,2.0,1.0,1.0,1.0,2.0,2.0,2.0,2.0,1.0,1.0,1.0,1.0,2.0,2.0,1.0,2.0,2.0,1.0,1.0,2.0,1.0,1.0,2.0,1.0,1.0,3.0,4.0,3.0,1.0,2.0,1.0,2.0,,2.0,1.0,1.0,1.0,1.0,3.0,1.0,1.0,1.0,1.0,8.0,8.0,5.0,4.0,4.0,4.0,4.0,4.0,3.0,2.0,1.0,2.0,2.0,2.0,2.0,2.0,2.0,1.0,2.0,2.0,2.0,1.0,2.0,,4.0,4.0,2.0,2.0,4.0,2.0,2.0,2.0,2.0,2.0,0.0,0.0,0.0,0.0,0.0,0.0,0.0,0.0,0.0,0.0,0.0,10.0,10.0,1.0,1.0,5.0,1.0,10.0,3.0,3.0,3.0,3.0,3.0,1.0,4.0,10.0,2.0,2.0,2.0,2.0,2.0,2.0,2.0,2.0,2.0,2.0,1.0,4.0,4.0,4.0,4.0,4.0,4.0,4.0,2.0,2.0,2.0,1.0,1.0,2.0,2.0,1.0,1.0,1.0,1.0,2.0,1.0,10.0,10.0,5.0,5.0,1.0,3.0,10.0,1.0,1.0,1.0,1.0,1.0,1.0,1.0,1.0,2.0,2.0,1.0,10.0,1.0,,1.0,1.0,1.0,1.0,,5.0,5.0,1.0,1.0,1.0,1.0,5.0,1.0,1.0,,1.0,5.0,1.0,2.0,3.0,2.0,2.0,5.0,4.0,4.0,3.0,5.0,1.0,1.0,4.0,3.0,3.0,3.0,3.0,1.0,3.0,3.0,3.0,3.0,3.0,3.0,3.0,2.0,2.0,2.0,,,2.0,3.0,2.0,1.0,4.0,2.0,3.0,1.0,3.0,3.0,2.0,2.0,2.0,2.0,,10.0,5.0,10.0,5.0,5.0,5.0,4.0,7.0,6.0,6.0,5.0,6.0,2.0,1.0,1.0,1.0,1.0,1.0,2.0
400070755,1.0,1.0,1.0,4.0,,1.0,2.0,2.0,1.0,2.0,1.0,1.0,2.0,1.0,1.0,2.0,2.0,1.0,2.0,1.0,2.0,1.0,2.0,1.0,1.0,2.0,1.0,2.0,1.0,3.0,2.0,1.0,1.0,1.0,1.0,,3.0,1.0,1.0,1.0,1.0,3.0,1.0,1.0,1.0,1.0,5.0,10.0,10.0,4.0,4.0,4.0,4.0,4.0,2.0,1.0,1.0,2.0,2.0,2.0,2.0,2.0,1.0,1.0,4.0,1.0,1.0,1.0,1.0,1.0,4.0,1.0,1.0,1.0,4.0,1.0,3.0,3.0,3.0,3.0,0.0,0.0,,0.0,0.0,0.0,0.0,0.0,0.0,0.0,0.0,10.0,10.0,1.0,1.0,1.0,2.0,10.0,3.0,3.0,3.0,3.0,3.0,2.0,1.0,10.0,3.0,1.0,1.0,2.0,2.0,2.0,2.0,2.0,2.0,3.0,1.0,4.0,4.0,4.0,4.0,4.0,3.0,4.0,2.0,2.0,2.0,,2.0,2.0,2.0,1.0,1.0,1.0,2.0,2.0,1.0,10.0,10.0,1.0,1.0,1.0,1.0,10.0,1.0,2.0,1.0,1.0,1.0,1.0,7.0,1.0,1.0,2.0,2.0,1.0,1.0,,1.0,1.0,1.0,1.0,,1.0,10.0,1.0,1.0,1.0,1.0,1.0,1.0,1.0,,1.0,10.0,1.0,1.0,1.0,4.0,3.0,5.0,1.0,5.0,1.0,4.0,5.0,1.0,4.0,3.0,3.0,3.0,3.0,3.0,3.0,3.0,3.0,3.0,,,,3.0,3.0,3.0,,,,4.0,4.0,1.0,,3.0,1.0,2.0,2.0,1.0,2.0,2.0,2.0,1.0,,2.0,3.0,5.0,6.0,7.0,7.0,8.0,6.0,4.0,3.0,3.0,7.0,1.0,1.0,1.0,1.0,1.0,1.0,1.0
434070460,1.0,2.0,4.0,2.0,1.0,1.0,1.0,2.0,1.0,2.0,2.0,2.0,1.0,1.0,1.0,2.0,2.0,1.0,2.0,1.0,2.0,1.0,2.0,1.0,2.0,2.0,1.0,3.0,3.0,3.0,1.0,,1.0,1.0,4.0,5.0,2.0,1.0,1.0,1.0,4.0,1.0,1.0,3.0,2.0,1.0,5.0,10.0,10.0,4.0,2.0,4.0,4.0,4.0,3.0,2.0,1.0,3.0,3.0,3.0,2.0,2.0,2.0,4.0,4.0,4.0,3.0,3.0,3.0,4.0,4.0,4.0,3.0,4.0,3.0,3.0,4.0,4.0,4.0,3.0,1.0,2.0,2.0,2.0,1.0,1.0,1.0,2.0,1.0,1.0,1.0,10.0,10.0,5.0,2.0,4.0,2.0,10.0,3.0,1.0,3.0,3.0,3.0,3.0,4.0,2.0,4.0,2.0,2.0,2.0,0.0,2.0,0.0,2.0,0.0,3.0,1.0,2.0,3.0,3.0,1.0,3.0,1.0,3.0,1.0,1.0,2.0,3.0,1.0,2.0,2.0,1.0,1.0,1.0,1.0,2.0,1.0,10.0,10.0,,10.0,,6.0,10.0,1.0,1.0,1.0,1.0,1.0,1.0,3.0,1.0,1.0,2.0,2.0,2.0,1.0,1.0,1.0,1.0,1.0,1.0,1.0,1.0,5.0,1.0,1.0,1.0,1.0,4.0,1.0,1.0,1.0,1.0,8.0,1.0,3.0,3.0,2.0,3.0,5.0,2.0,5.0,1.0,1.0,4.0,1.0,4.0,2.0,2.0,3.0,3.0,1.0,3.0,3.0,2.0,3.0,3.0,2.0,3.0,3.0,2.0,3.0,4.0,2.0,2.0,4.0,3.0,2.0,2.0,1.0,3.0,1.0,3.0,2.0,4.0,3.0,1.0,2.0,5.0,1.0,10.0,10.0,1.0,1.0,8.0,5.0,8.0,6.0,10.0,2.0,5.0,2.0,2.0,1.0,1.0,1.0,4.0,1.0
484070159,1.0,2.0,1.0,1.0,2.0,1.0,1.0,1.0,1.0,1.0,2.0,2.0,1.0,2.0,2.0,2.0,2.0,1.0,2.0,1.0,2.0,1.0,2.0,1.0,2.0,2.0,1.0,3.0,3.0,4.0,4.0,4.0,4.0,4.0,4.0,3.0,3.0,2.0,3.0,3.0,3.0,1.0,2.0,1.0,3.0,4.0,10.0,10.0,2.0,2.0,1.0,1.0,2.0,4.0,2.0,2.0,1.0,2.0,3.0,4.0,4.0,4.0,1.0,4.0,3.0,3.0,4.0,4.0,4.0,4.0,4.0,4.0,4.0,4.0,4.0,4.0,4.0,4.0,3.0,2.0,0.0,0.0,0.0,0.0,0.0,0.0,0.0,0.0,0.0,0.0,0.0,2.0,5.0,2.0,2.0,2.0,2.0,10.0,4.0,3.0,2.0,4.0,2.0,2.0,2.0,10.0,3.0,2.0,1.0,2.0,0.0,0.0,2.0,0.0,0.0,2.0,3.0,2.0,1.0,2.0,2.0,2.0,1.0,2.0,1.0,1.0,2.0,1.0,1.0,1.0,1.0,1.0,2.0,1.0,2.0,1.0,1.0,10.0,10.0,5.0,1.0,9.0,10.0,9.0,1.0,2.0,1.0,1.0,3.0,3.0,4.0,2.0,1.0,2.0,2.0,7.0,9.0,9.0,3.0,3.0,3.0,5.0,5.0,5.0,8.0,3.0,3.0,7.0,2.0,5.0,7.0,5.0,6.0,6.0,9.0,3.0,4.0,4.0,2.0,3.0,5.0,1.0,1.0,5.0,5.0,5.0,5.0,5.0,3.0,3.0,3.0,2.0,3.0,3.0,3.0,3.0,2.0,3.0,3.0,3.0,1.0,1.0,3.0,4.0,3.0,2.0,3.0,3.0,4.0,1.0,2.0,1.0,3.0,3.0,2.0,3.0,3.0,3.0,3.0,10.0,10.0,8.0,5.0,5.0,5.0,5.0,5.0,5.0,5.0,10.0,2.0,2.0,3.0,1.0,2.0,2.0,2.0,2.0,2.0
446070982,1.0,1.0,1.0,2.0,2.0,3.0,1.0,1.0,1.0,1.0,1.0,2.0,2.0,2.0,2.0,2.0,2.0,2.0,1.0,1.0,1.0,1.0,1.0,1.0,1.0,1.0,3.0,2.0,3.0,2.0,3.0,3.0,3.0,3.0,3.0,3.0,3.0,2.0,3.0,3.0,3.0,1.0,2.0,2.0,2.0,2.0,6.0,8.0,9.0,4.0,4.0,4.0,4.0,4.0,1.0,2.0,1.0,1.0,1.0,3.0,3.0,3.0,3.0,3.0,3.0,3.0,3.0,3.0,3.0,3.0,2.0,2.0,2.0,3.0,3.0,2.0,2.0,2.0,2.0,2.0,0.0,0.0,0.0,0.0,0.0,0.0,0.0,0.0,0.0,0.0,0.0,5.0,6.0,6.0,7.0,6.0,1.0,6.0,3.0,3.0,3.0,2.0,2.0,2.0,4.0,5.0,3.0,1.0,1.0,1.0,1.0,1.0,1.0,1.0,1.0,1.0,2.0,4.0,3.0,4.0,4.0,4.0,4.0,4.0,1.0,2.0,2.0,3.0,3.0,2.0,2.0,3.0,3.0,3.0,1.0,2.0,1.0,6.0,7.0,7.0,7.0,7.0,7.0,4.0,2.0,2.0,2.0,2.0,2.0,2.0,3.0,4.0,2.0,1.0,2.0,6.0,2.0,2.0,2.0,2.0,2.0,4.0,3.0,3.0,2.0,3.0,4.0,3.0,3.0,3.0,3.0,3.0,5.0,3.0,3.0,3.0,3.0,3.0,2.0,2.0,1.0,2.0,1.0,1.0,1.0,1.0,1.0,1.0,2.0,2.0,2.0,2.0,1.0,2.0,2.0,2.0,2.0,2.0,2.0,2.0,2.0,,3.0,2.0,2.0,2.0,2.0,2.0,2.0,2.0,2.0,3.0,2.0,2.0,3.0,3.0,3.0,3.0,3.0,3.0,5.0,6.0,6.0,5.0,3.0,6.0,6.0,7.0,6.0,6.0,7.0,6.0,2.0,2.0,1.0,1.0,1.0,2.0,2.0
642070226,1.0,1.0,3.0,4.0,1.0,1.0,1.0,2.0,1.0,1.0,2.0,2.0,2.0,2.0,1.0,2.0,2.0,1.0,2.0,2.0,2.0,2.0,2.0,1.0,2.0,2.0,1.0,4.0,4.0,4.0,4.0,2.0,4.0,1.0,4.0,4.0,4.0,1.0,1.0,1.0,1.0,,,1.0,2.0,2.0,10.0,5.0,10.0,4.0,2.0,4.0,4.0,4.0,1.0,2.0,2.0,3.0,2.0,4.0,,,4.0,1.0,1.0,1.0,2.0,1.0,2.0,4.0,4.0,4.0,2.0,1.0,4.0,1.0,2.0,1.0,1.0,1.0,0.0,0.0,0.0,0.0,0.0,0.0,0.0,0.0,0.0,0.0,0.0,10.0,5.0,1.0,1.0,5.0,1.0,10.0,3.0,3.0,2.0,2.0,1.0,3.0,1.0,10.0,5.0,1.0,,0.0,2.0,2.0,2.0,,0.0,2.0,2.0,3.0,3.0,4.0,4.0,4.0,4.0,4.0,1.0,2.0,2.0,1.0,1.0,2.0,2.0,1.0,1.0,4.0,2.0,2.0,1.0,5.0,5.0,5.0,5.0,8.0,7.0,10.0,1.0,1.0,1.0,1.0,4.0,4.0,2.0,1.0,1.0,2.0,2.0,5.0,1.0,1.0,1.0,1.0,1.0,1.0,1.0,1.0,1.0,1.0,1.0,1.0,1.0,1.0,1.0,1.0,1.0,1.0,1.0,4.0,4.0,4.0,3.0,3.0,4.0,1.0,2.0,1.0,1.0,1.0,1.0,1.0,3.0,3.0,3.0,3.0,1.0,3.0,3.0,3.0,3.0,3.0,3.0,3.0,1.0,1.0,1.0,4.0,4.0,1.0,1.0,,4.0,3.0,1.0,1.0,1.0,,1.0,1.0,4.0,,4.0,,1.0,1.0,1.0,6.0,1.0,10.0,1.0,10.0,10.0,7.0,1.0,1.0,3.0,1.0,1.0,1.0,1.0,1.0,1.0
156071053,1.0,1.0,3.0,3.0,1.0,4.0,1.0,1.0,1.0,1.0,2.0,1.0,2.0,2.0,2.0,2.0,2.0,1.0,2.0,1.0,1.0,1.0,1.0,1.0,1.0,1.0,1.0,2.0,2.0,3.0,2.0,2.0,4.0,2.0,3.0,3.0,2.0,1.0,2.0,1.0,2.0,1.0,1.0,1.0,2.0,1.0,7.0,3.0,7.0,3.0,4.0,3.0,3.0,3.0,1.0,1.0,1.0,2.0,2.0,2.0,3.0,3.0,3.0,2.0,2.0,3.0,3.0,2.0,2.0,2.0,2.0,2.0,2.0,2.0,3.0,3.0,2.0,2.0,3.0,3.0,0.0,0.0,0.0,0.0,0.0,0.0,0.0,0.0,0.0,0.0,0.0,6.0,6.0,5.0,5.0,7.0,2.0,8.0,1.0,1.0,1.0,1.0,1.0,2.0,4.0,5.0,3.0,0.0,0.0,0.0,,0.0,0.0,0.0,0.0,,2.0,,,,,,,,,,,2.0,2.0,2.0,2.0,2.0,2.0,,2.0,2.0,1.0,8.0,9.0,9.0,6.0,4.0,7.0,5.0,2.0,2.0,2.0,2.0,3.0,3.0,7.0,8.0,2.0,2.0,2.0,5.0,5.0,3.0,1.0,1.0,1.0,1.0,1.0,1.0,1.0,5.0,1.0,1.0,1.0,1.0,1.0,1.0,1.0,1.0,1.0,3.0,3.0,3.0,2.0,2.0,2.0,1.0,1.0,1.0,1.0,1.0,1.0,1.0,1.0,2.0,3.0,3.0,1.0,2.0,2.0,2.0,2.0,2.0,2.0,2.0,2.0,,,,,,,,,,,,,,2.0,2.0,2.0,2.0,3.0,,5.0,8.0,5.0,5.0,5.0,5.0,5.0,5.0,5.0,7.0,7.0,5.0,2.0,2.0,2.0,2.0,2.0,2.0,2.0
528071503,1.0,2.0,1.0,4.0,4.0,4.0,1.0,2.0,2.0,1.0,2.0,1.0,2.0,1.0,2.0,1.0,2.0,1.0,2.0,2.0,2.0,2.0,2.0,1.0,2.0,2.0,2.0,,3.0,3.0,,,4.0,2.0,4.0,,5.0,2.0,4.0,,3.0,1.0,1.0,1.0,3.0,3.0,5.0,6.0,8.0,4.0,4.0,4.0,4.0,4.0,2.0,2.0,1.0,2.0,2.0,2.0,2.0,2.0,3.0,2.0,3.0,3.0,3.0,2.0,3.0,3.0,3.0,3.0,3.0,2.0,3.0,3.0,4.0,3.0,3.0,3.0,0.0,0.0,0.0,1.0,0.0,0.0,0.0,0.0,0.0,0.0,0.0,3.0,7.0,8.0,4.0,4.0,1.0,6.0,2.0,3.0,2.0,2.0,2.0,2.0,2.0,3.0,2.0,2.0,2.0,2.0,2.0,2.0,2.0,0.0,2.0,3.0,1.0,4.0,4.0,4.0,4.0,4.0,4.0,4.0,2.0,2.0,2.0,4.0,,2.0,2.0,3.0,2.0,4.0,1.0,2.0,,10.0,7.0,1.0,1.0,5.0,8.0,1.0,2.0,2.0,2.0,2.0,4.0,4.0,7.0,8.0,3.0,,,6.0,1.0,1.0,1.0,2.0,2.0,9.0,2.0,9.0,9.0,10.0,3.0,7.0,1.0,2.0,2.0,1.0,9.0,1.0,6.0,1.0,2.0,2.0,3.0,2.0,1.0,1.0,5.0,1.0,5.0,1.0,5.0,4.0,2.0,2.0,3.0,2.0,3.0,3.0,3.0,2.0,3.0,3.0,3.0,3.0,3.0,3.0,1.0,,4.0,4.0,2.0,2.0,,4.0,,1.0,,4.0,3.0,2.0,4.0,1.0,4.0,5.0,6.0,1.0,10.0,10.0,1.0,1.0,3.0,3.0,1.0,10.0,7.0,6.0,2.0,1.0,2.0,3.0,1.0,2.0,3.0
124073835,1.0,1.0,1.0,3.0,1.0,1.0,1.0,2.0,1.0,2.0,2.0,1.0,1.0,2.0,1.0,2.0,2.0,1.0,2.0,2.0,2.0,2.0,2.0,2.0,2.0,2.0,1.0,3.0,3.0,4.0,3.0,1.0,5.0,2.0,5.0,1.0,5.0,2.0,5.0,3.0,5.0,1.0,2.0,1.0,2.0,2.0,7.0,8.0,7.0,4.0,4.0,4.0,4.0,4.0,3.0,1.0,1.0,2.0,1.0,2.0,2.0,2.0,3.0,1.0,3.0,3.0,2.0,1.0,1.0,3.0,3.0,3.0,3.0,2.0,3.0,2.0,3.0,2.0,2.0,3.0,0.0,0.0,0.0,0.0,0.0,0.0,0.0,0.0,0.0,0.0,0.0,8.0,7.0,3.0,4.0,4.0,2.0,6.0,2.0,3.0,2.0,2.0,3.0,2.0,3.0,8.0,4.0,2.0,2.0,0.0,2.0,1.0,2.0,0.0,1.0,2.0,1.0,2.0,1.0,3.0,1.0,1.0,3.0,3.0,1.0,1.0,2.0,3.0,2.0,2.0,2.0,4.0,4.0,4.0,1.0,1.0,1.0,8.0,8.0,4.0,9.0,7.0,8.0,9.0,1.0,1.0,1.0,1.0,3.0,3.0,6.0,3.0,1.0,2.0,2.0,8.0,1.0,1.0,1.0,1.0,1.0,10.0,5.0,5.0,5.0,10.0,1.0,1.0,1.0,1.0,1.0,1.0,5.0,1.0,1.0,2.0,3.0,4.0,4.0,3.0,5.0,4.0,1.0,1.0,5.0,4.0,1.0,2.0,1.0,2.0,1.0,2.0,2.0,2.0,2.0,1.0,1.0,1.0,2.0,3.0,2.0,1.0,2.0,4.0,4.0,3.0,4.0,2.0,3.0,3.0,1.0,1.0,2.0,3.0,3.0,3.0,3.0,3.0,3.0,4.0,3.0,5.0,3.0,5.0,9.0,8.0,3.0,7.0,9.0,6.0,7.0,3.0,2.0,1.0,1.0,2.0,1.0,3.0,2.0
484070297,4.0,1.0,1.0,4.0,1.0,1.0,1.0,2.0,1.0,2.0,2.0,1.0,2.0,2.0,1.0,1.0,2.0,2.0,2.0,2.0,2.0,2.0,2.0,2.0,2.0,2.0,1.0,4.0,,4.0,4.0,1.0,5.0,1.0,5.0,5.0,1.0,1.0,5.0,1.0,5.0,3.0,,1.0,1.0,1.0,9.0,10.0,6.0,4.0,4.0,4.0,4.0,4.0,2.0,1.0,1.0,1.0,1.0,1.0,1.0,1.0,1.0,1.0,1.0,1.0,1.0,1.0,1.0,1.0,1.0,,1.0,1.0,1.0,1.0,1.0,1.0,,1.0,2.0,2.0,2.0,0.0,0.0,0.0,0.0,0.0,0.0,0.0,0.0,10.0,6.0,1.0,1.0,1.0,1.0,5.0,,,,,,1.0,,,,,,,,,,,,,1.0,3.0,3.0,3.0,4.0,4.0,4.0,4.0,2.0,2.0,2.0,4.0,4.0,2.0,2.0,4.0,4.0,4.0,1.0,1.0,2.0,10.0,6.0,10.0,,10.0,10.0,10.0,1.0,1.0,1.0,1.0,,4.0,1.0,1.0,1.0,1.0,2.0,5.0,5.0,10.0,1.0,1.0,1.0,1.0,1.0,1.0,1.0,1.0,1.0,1.0,1.0,1.0,1.0,1.0,1.0,1.0,1.0,4.0,4.0,3.0,4.0,3.0,5.0,5.0,5.0,5.0,5.0,5.0,5.0,5.0,3.0,3.0,3.0,3.0,3.0,3.0,3.0,3.0,3.0,3.0,3.0,3.0,3.0,3.0,,,,,,,,,,,4.0,1.0,,,,,2.0,5.0,5.0,5.0,5.0,5.0,5.0,5.0,5.0,5.0,5.0,1.0,1.0,5.0,4.0,4.0,4.0,4.0,4.0,4.0,4.0
68070117,1.0,2.0,3.0,3.0,2.0,2.0,1.0,2.0,2.0,1.0,2.0,1.0,2.0,2.0,2.0,1.0,1.0,1.0,2.0,2.0,2.0,2.0,2.0,1.0,2.0,2.0,1.0,1.0,4.0,4.0,4.0,1.0,5.0,4.0,5.0,4.0,4.0,2.0,1.0,4.0,4.0,3.0,1.0,1.0,3.0,3.0,3.0,5.0,4.0,3.0,4.0,4.0,2.0,4.0,1.0,2.0,2.0,4.0,3.0,4.0,4.0,4.0,3.0,3.0,2.0,3.0,3.0,3.0,3.0,2.0,3.0,3.0,3.0,2.0,2.0,4.0,2.0,3.0,3.0,4.0,2.0,0.0,2.0,2.0,0.0,0.0,0.0,0.0,0.0,0.0,0.0,5.0,7.0,5.0,5.0,4.0,1.0,7.0,3.0,3.0,4.0,3.0,,2.0,4.0,6.0,3.0,2.0,2.0,2.0,2.0,2.0,2.0,2.0,2.0,3.0,3.0,3.0,2.0,4.0,4.0,4.0,3.0,4.0,1.0,1.0,2.0,2.0,,2.0,2.0,2.0,1.0,1.0,2.0,2.0,2.0,3.0,4.0,8.0,7.0,5.0,3.0,8.0,1.0,1.0,1.0,1.0,3.0,3.0,6.0,3.0,1.0,2.0,1.0,5.0,6.0,8.0,1.0,1.0,1.0,5.0,3.0,2.0,8.0,8.0,1.0,4.0,1.0,1.0,1.0,1.0,4.0,2.0,3.0,1.0,2.0,2.0,3.0,2.0,2.0,1.0,1.0,1.0,1.0,1.0,1.0,3.0,2.0,3.0,2.0,2.0,2.0,2.0,2.0,1.0,1.0,3.0,3.0,3.0,1.0,1.0,2.0,4.0,4.0,2.0,2.0,4.0,2.0,4.0,1.0,1.0,1.0,,2.0,2.0,4.0,1.0,4.0,4.0,2.0,2.0,9.0,2.0,1.0,7.0,8.0,9.0,10.0,10.0,6.0,5.0,3.0,1.0,2.0,2.0,2.0,4.0,4.0
840071039,1.0,1.0,2.0,2.0,1.0,2.0,2.0,1.0,1.0,1.0,2.0,1.0,2.0,1.0,2.0,2.0,2.0,1.0,2.0,2.0,2.0,2.0,2.0,1.0,2.0,2.0,2.0,3.0,3.0,3.0,3.0,2.0,4.0,2.0,4.0,2.0,3.0,2.0,4.0,3.0,1.0,1.0,1.0,1.0,1.0,2.0,10.0,8.0,10.0,4.0,4.0,4.0,4.0,4.0,1.0,2.0,1.0,3.0,2.0,3.0,2.0,2.0,3.0,1.0,4.0,4.0,1.0,1.0,1.0,2.0,3.0,3.0,3.0,3.0,3.0,3.0,3.0,3.0,3.0,3.0,0.0,0.0,0.0,1.0,1.0,1.0,1.0,1.0,1.0,1.0,1.0,5.0,5.0,5.0,3.0,4.0,2.0,10.0,4.0,4.0,4.0,4.0,4.0,3.0,,5.0,3.0,1.0,1.0,1.0,1.0,1.0,1.0,1.0,1.0,4.0,3.0,3.0,3.0,3.0,2.0,3.0,3.0,3.0,1.0,2.0,2.0,3.0,3.0,1.0,2.0,1.0,1.0,3.0,1.0,1.0,1.0,5.0,5.0,5.0,5.0,5.0,5.0,5.0,1.0,2.0,1.0,1.0,3.0,3.0,6.0,7.0,2.0,2.0,,5.0,5.0,5.0,5.0,5.0,5.0,5.0,5.0,5.0,5.0,5.0,5.0,5.0,5.0,5.0,5.0,5.0,5.0,5.0,5.0,4.0,4.0,4.0,2.0,1.0,5.0,1.0,1.0,1.0,1.0,1.0,1.0,3.0,1.0,3.0,3.0,3.0,1.0,1.0,,1.0,1.0,1.0,1.0,1.0,2.0,2.0,4.0,1.0,4.0,1.0,4.0,,,,,,1.0,,2.0,2.0,2.0,2.0,2.0,6.0,6.0,5.0,7.0,5.0,7.0,5.0,1.0,4.0,5.0,5.0,5.0,6.0,2.0,3.0,1.0,2.0,2.0,3.0,2.0
36071135,1.0,1.0,2.0,2.0,4.0,2.0,1.0,1.0,2.0,1.0,2.0,1.0,2.0,2.0,2.0,2.0,1.0,2.0,2.0,2.0,2.0,2.0,2.0,2.0,2.0,2.0,2.0,4.0,3.0,4.0,4.0,2.0,4.0,4.0,4.0,3.0,3.0,3.0,5.0,4.0,4.0,1.0,1.0,2.0,2.0,2.0,7.0,7.0,8.0,4.0,4.0,4.0,4.0,4.0,2.0,1.0,1.0,2.0,1.0,2.0,2.0,2.0,1.0,2.0,2.0,2.0,3.0,1.0,1.0,2.0,3.0,3.0,2.0,2.0,1.0,3.0,1.0,3.0,2.0,1.0,2.0,2.0,2.0,0.0,0.0,0.0,0.0,2.0,2.0,1.0,1.0,7.0,5.0,5.0,3.0,4.0,2.0,5.0,2.0,2.0,1.0,1.0,2.0,1.0,3.0,7.0,2.0,2.0,2.0,0.0,1.0,0.0,2.0,0.0,0.0,2.0,2.0,4.0,4.0,4.0,4.0,4.0,4.0,4.0,1.0,2.0,2.0,,2.0,2.0,2.0,4.0,4.0,4.0,1.0,2.0,2.0,5.0,9.0,5.0,1.0,5.0,7.0,8.0,1.0,1.0,2.0,1.0,2.0,2.0,2.0,2.0,1.0,2.0,2.0,6.0,1.0,1.0,1.0,1.0,1.0,6.0,1.0,5.0,6.0,6.0,6.0,5.0,1.0,1.0,1.0,1.0,1.0,1.0,1.0,1.0,3.0,3.0,2.0,2.0,1.0,1.0,1.0,4.0,4.0,3.0,,2.0,1.0,3.0,2.0,3.0,1.0,2.0,2.0,1.0,3.0,3.0,3.0,3.0,1.0,1.0,1.0,4.0,3.0,3.0,2.0,1.0,3.0,4.0,1.0,1.0,2.0,3.0,3.0,3.0,3.0,1.0,3.0,6.0,5.0,4.0,10.0,5.0,1.0,8.0,5.0,6.0,6.0,10.0,6.0,7.0,2.0,1.0,2.0,2.0,1.0,3.0,3.0
630070685,1.0,2.0,1.0,4.0,1.0,1.0,2.0,2.0,2.0,1.0,2.0,1.0,2.0,1.0,1.0,1.0,2.0,2.0,2.0,2.0,2.0,2.0,2.0,2.0,2.0,2.0,2.0,3.0,3.0,3.0,3.0,1.0,4.0,2.0,2.0,2.0,4.0,2.0,2.0,4.0,4.0,3.0,1.0,3.0,3.0,3.0,8.0,1.0,5.0,4.0,4.0,4.0,3.0,4.0,2.0,2.0,1.0,4.0,2.0,4.0,1.0,2.0,1.0,1.0,4.0,3.0,4.0,3.0,3.0,4.0,4.0,4.0,3.0,3.0,4.0,4.0,3.0,1.0,1.0,1.0,2.0,0.0,0.0,0.0,0.0,0.0,0.0,0.0,0.0,0.0,0.0,10.0,1.0,5.0,10.0,10.0,1.0,10.0,3.0,2.0,2.0,2.0,2.0,1.0,2.0,10.0,3.0,2.0,2.0,1.0,2.0,2.0,1.0,0.0,2.0,1.0,2.0,4.0,4.0,4.0,4.0,4.0,4.0,4.0,1.0,1.0,2.0,4.0,4.0,2.0,2.0,2.0,2.0,2.0,1.0,2.0,2.0,1.0,,3.0,5.0,1.0,5.0,10.0,1.0,1.0,1.0,1.0,2.0,3.0,1.0,1.0,1.0,2.0,2.0,1.0,1.0,1.0,1.0,1.0,1.0,1.0,1.0,1.0,10.0,1.0,1.0,1.0,1.0,1.0,1.0,1.0,1.0,1.0,1.0,4.0,4.0,4.0,4.0,3.0,2.0,1.0,1.0,5.0,5.0,5.0,5.0,5.0,3.0,3.0,2.0,2.0,3.0,1.0,3.0,3.0,,,,,1.0,1.0,4.0,2.0,2.0,1.0,1.0,2.0,1.0,1.0,1.0,1.0,1.0,,4.0,4.0,4.0,1.0,4.0,1.0,1.0,1.0,10.0,10.0,10.0,10.0,1.0,1.0,10.0,10.0,5.0,3.0,3.0,1.0,4.0,3.0,3.0,1.0,1.0
792070927,1.0,1.0,2.0,2.0,2.0,1.0,1.0,2.0,2.0,2.0,2.0,1.0,1.0,1.0,2.0,1.0,1.0,1.0,1.0,1.0,2.0,1.0,1.0,1.0,1.0,1.0,2.0,2.0,2.0,2.0,2.0,2.0,2.0,2.0,2.0,4.0,2.0,2.0,3.0,2.0,3.0,1.0,1.0,2.0,2.0,2.0,6.0,7.0,6.0,4.0,4.0,4.0,2.0,4.0,1.0,2.0,1.0,2.0,3.0,3.0,3.0,3.0,1.0,2.0,2.0,2.0,2.0,2.0,1.0,1.0,2.0,2.0,2.0,2.0,2.0,3.0,2.0,1.0,1.0,2.0,0.0,0.0,0.0,0.0,0.0,0.0,0.0,0.0,0.0,0.0,0.0,2.0,7.0,4.0,3.0,3.0,2.0,3.0,1.0,1.0,1.0,1.0,1.0,1.0,2.0,5.0,2.0,2.0,2.0,2.0,2.0,1.0,2.0,2.0,2.0,3.0,2.0,4.0,4.0,4.0,4.0,4.0,4.0,4.0,2.0,,2.0,3.0,3.0,2.0,2.0,3.0,3.0,3.0,2.0,1.0,1.0,10.0,10.0,2.0,3.0,3.0,10.0,10.0,1.0,1.0,1.0,1.0,2.0,1.0,2.0,3.0,1.0,1.0,1.0,4.0,1.0,1.0,1.0,1.0,1.0,1.0,1.0,2.0,6.0,1.0,1.0,2.0,1.0,1.0,1.0,,1.0,,1.0,4.0,4.0,4.0,3.0,2.0,1.0,1.0,5.0,1.0,2.0,1.0,1.0,1.0,2.0,2.0,2.0,2.0,2.0,2.0,2.0,2.0,2.0,2.0,2.0,2.0,1.0,1.0,1.0,3.0,3.0,2.0,1.0,1.0,3.0,3.0,1.0,1.0,1.0,,3.0,3.0,,1.0,3.0,5.0,5.0,4.0,10.0,7.0,,10.0,7.0,3.0,10.0,10.0,8.0,7.0,1.0,2.0,1.0,1.0,2.0,2.0,2.0
68071935,1.0,2.0,1.0,3.0,1.0,1.0,1.0,2.0,1.0,1.0,2.0,1.0,2.0,2.0,2.0,1.0,2.0,1.0,2.0,2.0,2.0,2.0,2.0,1.0,2.0,2.0,2.0,2.0,3.0,4.0,4.0,2.0,4.0,1.0,2.0,4.0,2.0,2.0,1.0,2.0,2.0,3.0,1.0,1.0,3.0,3.0,7.0,6.0,4.0,3.0,4.0,2.0,2.0,4.0,3.0,2.0,2.0,4.0,2.0,4.0,2.0,4.0,4.0,2.0,2.0,2.0,2.0,2.0,3.0,2.0,4.0,2.0,3.0,2.0,3.0,2.0,2.0,1.0,1.0,1.0,1.0,0.0,0.0,2.0,0.0,0.0,0.0,0.0,0.0,0.0,0.0,4.0,9.0,3.0,8.0,5.0,2.0,10.0,3.0,3.0,2.0,2.0,1.0,4.0,2.0,9.0,3.0,2.0,2.0,2.0,1.0,2.0,,2.0,2.0,3.0,3.0,1.0,1.0,3.0,4.0,2.0,2.0,2.0,2.0,1.0,2.0,1.0,1.0,1.0,2.0,1.0,1.0,1.0,2.0,2.0,2.0,6.0,8.0,6.0,8.0,5.0,4.0,10.0,1.0,2.0,1.0,1.0,2.0,3.0,3.0,1.0,1.0,2.0,1.0,3.0,8.0,1.0,1.0,1.0,1.0,1.0,1.0,1.0,8.0,2.0,1.0,,1.0,1.0,1.0,1.0,1.0,,1.0,1.0,3.0,2.0,3.0,2.0,5.0,1.0,1.0,1.0,5.0,5.0,5.0,1.0,3.0,,2.0,3.0,1.0,1.0,3.0,3.0,,,,,1.0,1.0,4.0,4.0,3.0,,1.0,3.0,1.0,2.0,2.0,1.0,2.0,,,2.0,2.0,2.0,4.0,,8.0,6.0,8.0,2.0,5.0,8.0,8.0,6.0,10.0,10.0,6.0,6.0,2.0,1.0,2.0,2.0,2.0,2.0,3.0
792070797,1.0,2.0,1.0,2.0,2.0,1.0,1.0,2.0,1.0,2.0,2.0,2.0,1.0,2.0,1.0,2.0,1.0,2.0,2.0,2.0,2.0,1.0,2.0,2.0,2.0,2.0,2.0,2.0,,,,,3.0,3.0,3.0,3.0,3.0,3.0,3.0,3.0,3.0,1.0,2.0,2.0,2.0,3.0,4.0,4.0,6.0,3.0,4.0,2.0,2.0,4.0,2.0,2.0,1.0,2.0,2.0,3.0,2.0,3.0,2.0,1.0,3.0,3.0,3.0,1.0,2.0,1.0,2.0,1.0,,,,,,,,,0.0,0.0,0.0,0.0,1.0,0.0,0.0,0.0,0.0,0.0,0.0,4.0,4.0,7.0,6.0,4.0,2.0,2.0,1.0,,,,,1.0,3.0,10.0,3.0,,,,,,,,,1.0,3.0,3.0,3.0,3.0,3.0,3.0,3.0,2.0,,,,2.0,1.0,2.0,2.0,2.0,2.0,1.0,2.0,2.0,1.0,3.0,4.0,1.0,5.0,5.0,5.0,9.0,1.0,1.0,1.0,1.0,1.0,1.0,2.0,1.0,1.0,1.0,1.0,6.0,1.0,1.0,1.0,1.0,1.0,1.0,1.0,1.0,1.0,1.0,1.0,1.0,3.0,1.0,1.0,,1.0,,1.0,3.0,3.0,3.0,2.0,2.0,3.0,1.0,5.0,1.0,5.0,2.0,3.0,2.0,,,,,,,,,2.0,2.0,2.0,2.0,1.0,1.0,1.0,4.0,2.0,4.0,3.0,1.0,4.0,4.0,1.0,1.0,1.0,,2.0,,,,,7.0,4.0,,,5.0,,3.0,6.0,3.0,6.0,9.0,9.0,8.0,1.0,2.0,2.0,2.0,2.0,3.0,3.0
504070100,1.0,1.0,2.0,3.0,1.0,1.0,2.0,2.0,2.0,2.0,2.0,2.0,2.0,2.0,2.0,2.0,2.0,1.0,2.0,1.0,2.0,1.0,2.0,1.0,1.0,2.0,1.0,1.0,1.0,4.0,4.0,3.0,4.0,2.0,4.0,,5.0,1.0,1.0,1.0,2.0,1.0,1.0,1.0,2.0,2.0,4.0,6.0,6.0,1.0,4.0,2.0,1.0,4.0,1.0,2.0,2.0,2.0,2.0,2.0,2.0,2.0,2.0,2.0,3.0,3.0,3.0,2.0,2.0,3.0,3.0,3.0,3.0,3.0,3.0,3.0,3.0,3.0,3.0,3.0,0.0,0.0,0.0,0.0,0.0,0.0,0.0,0.0,0.0,0.0,0.0,3.0,10.0,8.0,6.0,7.0,1.0,4.0,3.0,3.0,3.0,3.0,3.0,3.0,2.0,7.0,3.0,2.0,2.0,0.0,1.0,1.0,2.0,1.0,2.0,1.0,1.0,3.0,3.0,3.0,4.0,2.0,2.0,1.0,1.0,2.0,2.0,1.0,2.0,2.0,2.0,2.0,2.0,2.0,2.0,2.0,1.0,9.0,9.0,6.0,6.0,6.0,6.0,1.0,1.0,2.0,1.0,1.0,2.0,2.0,3.0,1.0,1.0,2.0,1.0,8.0,1.0,4.0,4.0,7.0,9.0,9.0,9.0,8.0,5.0,5.0,5.0,5.0,5.0,5.0,5.0,5.0,5.0,5.0,5.0,2.0,3.0,3.0,3.0,3.0,5.0,1.0,1.0,1.0,1.0,1.0,1.0,1.0,3.0,3.0,3.0,3.0,3.0,3.0,3.0,3.0,3.0,3.0,3.0,3.0,3.0,3.0,1.0,2.0,2.0,2.0,2.0,3.0,3.0,3.0,1.0,1.0,2.0,3.0,2.0,2.0,3.0,3.0,2.0,2.0,7.0,7.0,7.0,7.0,8.0,8.0,8.0,8.0,8.0,8.0,9.0,7.0,2.0,1.0,1.0,1.0,1.0,1.0,1.0
410070952,1.0,1.0,2.0,2.0,1.0,3.0,1.0,2.0,2.0,2.0,1.0,1.0,2.0,1.0,2.0,1.0,2.0,1.0,2.0,1.0,2.0,1.0,1.0,1.0,2.0,2.0,1.0,2.0,1.0,2.0,2.0,1.0,2.0,1.0,2.0,2.0,1.0,2.0,1.0,2.0,1.0,1.0,1.0,1.0,2.0,2.0,8.0,9.0,8.0,4.0,4.0,4.0,4.0,4.0,1.0,1.0,1.0,3.0,2.0,3.0,2.0,2.0,2.0,1.0,2.0,1.0,2.0,1.0,2.0,1.0,2.0,1.0,1.0,1.0,2.0,1.0,2.0,1.0,2.0,2.0,0.0,0.0,0.0,0.0,0.0,0.0,0.0,0.0,0.0,1.0,0.0,7.0,8.0,7.0,8.0,8.0,1.0,6.0,2.0,1.0,2.0,1.0,2.0,1.0,2.0,7.0,4.0,2.0,2.0,1.0,2.0,1.0,2.0,1.0,2.0,1.0,2.0,4.0,4.0,4.0,4.0,4.0,3.0,4.0,2.0,1.0,2.0,4.0,4.0,2.0,2.0,3.0,4.0,4.0,1.0,1.0,2.0,8.0,9.0,8.0,8.0,8.0,9.0,8.0,2.0,2.0,2.0,2.0,3.0,3.0,7.0,8.0,3.0,1.0,1.0,8.0,1.0,1.0,1.0,1.0,1.0,1.0,1.0,1.0,5.0,6.0,1.0,3.0,1.0,1.0,1.0,1.0,1.0,1.0,1.0,4.0,4.0,4.0,3.0,2.0,5.0,1.0,5.0,1.0,2.0,2.0,2.0,1.0,3.0,3.0,3.0,3.0,2.0,3.0,2.0,3.0,2.0,3.0,2.0,3.0,1.0,1.0,2.0,1.0,2.0,1.0,2.0,1.0,2.0,1.0,2.0,1.0,2.0,,1.0,2.0,1.0,2.0,2.0,3.0,7.0,8.0,8.0,7.0,8.0,8.0,7.0,8.0,7.0,7.0,8.0,8.0,2.0,2.0,1.0,2.0,1.0,2.0,2.0
716071012,1.0,2.0,2.0,3.0,2.0,1.0,1.0,2.0,1.0,2.0,2.0,1.0,2.0,2.0,1.0,2.0,1.0,1.0,2.0,2.0,2.0,1.0,2.0,2.0,2.0,2.0,1.0,4.0,3.0,4.0,3.0,2.0,4.0,2.0,3.0,3.0,4.0,3.0,4.0,4.0,4.0,3.0,1.0,1.0,2.0,3.0,7.0,5.0,3.0,3.0,2.0,2.0,1.0,4.0,3.0,2.0,2.0,3.0,3.0,4.0,2.0,2.0,3.0,3.0,3.0,3.0,3.0,3.0,3.0,4.0,4.0,4.0,3.0,2.0,4.0,3.0,4.0,3.0,3.0,3.0,1.0,0.0,0.0,0.0,0.0,0.0,0.0,0.0,0.0,0.0,0.0,8.0,5.0,6.0,1.0,3.0,2.0,9.0,3.0,3.0,3.0,3.0,3.0,2.0,2.0,7.0,3.0,0.0,0.0,0.0,2.0,1.0,2.0,0.0,0.0,2.0,2.0,3.0,3.0,4.0,4.0,4.0,3.0,3.0,1.0,1.0,2.0,1.0,1.0,2.0,1.0,1.0,1.0,1.0,1.0,1.0,1.0,9.0,8.0,2.0,5.0,2.0,7.0,10.0,1.0,1.0,1.0,1.0,2.0,3.0,2.0,2.0,1.0,2.0,1.0,7.0,1.0,2.0,1.0,3.0,2.0,1.0,3.0,1.0,4.0,4.0,1.0,1.0,1.0,5.0,1.0,1.0,3.0,1.0,2.0,4.0,4.0,4.0,3.0,2.0,4.0,2.0,1.0,5.0,5.0,5.0,1.0,1.0,3.0,3.0,2.0,2.0,2.0,2.0,2.0,1.0,2.0,3.0,2.0,2.0,2.0,2.0,3.0,3.0,1.0,3.0,4.0,4.0,,3.0,2.0,2.0,1.0,3.0,3.0,2.0,4.0,1.0,4.0,5.0,1.0,1.0,10.0,4.0,1.0,8.0,1.0,10.0,7.0,10.0,3.0,3.0,3.0,2.0,2.0,2.0,2.0,3.0,3.0
458071238,1.0,1.0,3.0,4.0,1.0,1.0,1.0,2.0,1.0,2.0,2.0,1.0,1.0,2.0,1.0,2.0,2.0,1.0,1.0,1.0,1.0,1.0,1.0,1.0,1.0,2.0,1.0,1.0,1.0,1.0,2.0,3.0,4.0,1.0,4.0,5.0,4.0,1.0,2.0,1.0,2.0,1.0,1.0,1.0,2.0,4.0,4.0,1.0,1.0,3.0,3.0,2.0,1.0,4.0,3.0,2.0,2.0,2.0,2.0,4.0,3.0,4.0,1.0,3.0,3.0,3.0,3.0,3.0,1.0,3.0,3.0,3.0,3.0,2.0,3.0,3.0,1.0,1.0,1.0,1.0,2.0,2.0,2.0,0.0,0.0,0.0,0.0,1.0,0.0,0.0,2.0,1.0,10.0,5.0,10.0,2.0,2.0,8.0,3.0,2.0,3.0,3.0,1.0,2.0,4.0,4.0,3.0,1.0,0.0,0.0,0.0,0.0,2.0,0.0,0.0,3.0,2.0,3.0,2.0,4.0,3.0,4.0,2.0,1.0,1.0,1.0,2.0,1.0,2.0,2.0,2.0,1.0,1.0,1.0,1.0,1.0,1.0,9.0,3.0,4.0,1.0,1.0,8.0,10.0,1.0,1.0,1.0,1.0,1.0,1.0,1.0,1.0,1.0,1.0,1.0,3.0,6.0,7.0,10.0,10.0,7.0,10.0,10.0,10.0,6.0,10.0,10.0,10.0,10.0,10.0,10.0,10.0,10.0,10.0,9.0,2.0,3.0,4.0,4.0,2.0,1.0,1.0,1.0,5.0,5.0,5.0,1.0,2.0,3.0,3.0,3.0,3.0,2.0,2.0,3.0,3.0,3.0,3.0,3.0,3.0,,,2.0,4.0,1.0,4.0,1.0,1.0,4.0,4.0,4.0,4.0,4.0,1.0,1.0,1.0,1.0,1.0,1.0,5.0,3.0,2.0,1.0,1.0,1.0,1.0,1.0,1.0,3.0,5.0,10.0,5.0,1.0,1.0,1.0,1.0,1.0,1.0,1.0
231070747,1.0,2.0,1.0,3.0,1.0,2.0,2.0,2.0,1.0,2.0,2.0,2.0,2.0,2.0,1.0,2.0,1.0,1.0,2.0,1.0,2.0,1.0,2.0,1.0,2.0,2.0,1.0,3.0,2.0,3.0,3.0,3.0,1.0,2.0,2.0,3.0,2.0,1.0,2.0,2.0,1.0,3.0,1.0,1.0,2.0,2.0,8.0,4.0,4.0,3.0,4.0,2.0,2.0,3.0,2.0,2.0,1.0,2.0,2.0,3.0,2.0,2.0,1.0,3.0,3.0,2.0,3.0,4.0,3.0,3.0,4.0,3.0,2.0,2.0,3.0,2.0,2.0,2.0,2.0,3.0,2.0,1.0,1.0,0.0,0.0,0.0,0.0,0.0,0.0,0.0,0.0,1.0,1.0,10.0,1.0,1.0,1.0,8.0,2.0,3.0,2.0,2.0,2.0,3.0,2.0,10.0,4.0,2.0,1.0,1.0,1.0,0.0,1.0,2.0,1.0,1.0,2.0,2.0,3.0,3.0,,3.0,3.0,4.0,1.0,1.0,2.0,1.0,1.0,2.0,2.0,1.0,1.0,1.0,1.0,2.0,1.0,5.0,5.0,2.0,7.0,1.0,7.0,10.0,1.0,1.0,1.0,1.0,1.0,1.0,2.0,3.0,1.0,2.0,1.0,5.0,1.0,1.0,1.0,1.0,1.0,1.0,1.0,2.0,1.0,3.0,1.0,1.0,1.0,1.0,1.0,1.0,1.0,1.0,1.0,2.0,1.0,1.0,3.0,2.0,5.0,2.0,5.0,1.0,5.0,5.0,5.0,2.0,2.0,3.0,2.0,3.0,2.0,2.0,3.0,2.0,2.0,2.0,2.0,3.0,2.0,2.0,3.0,4.0,3.0,3.0,3.0,3.0,4.0,2.0,3.0,4.0,1.0,2.0,3.0,2.0,3.0,1.0,2.0,,10.0,9.0,,9.0,10.0,10.0,10.0,10.0,10.0,10.0,4.0,4.0,3.0,2.0,1.0,1.0,2.0,3.0,4.0
608070670,1.0,2.0,1.0,1.0,1.0,1.0,1.0,2.0,2.0,1.0,2.0,2.0,2.0,1.0,1.0,2.0,1.0,1.0,2.0,2.0,2.0,2.0,2.0,1.0,2.0,2.0,1.0,3.0,3.0,3.0,2.0,2.0,2.0,1.0,4.0,2.0,2.0,2.0,2.0,1.0,2.0,1.0,1.0,1.0,1.0,3.0,10.0,8.0,6.0,4.0,4.0,3.0,4.0,4.0,1.0,2.0,1.0,2.0,3.0,4.0,4.0,4.0,1.0,2.0,4.0,4.0,2.0,1.0,2.0,2.0,2.0,2.0,2.0,1.0,2.0,4.0,2.0,2.0,2.0,2.0,1.0,0.0,2.0,0.0,0.0,2.0,2.0,2.0,0.0,0.0,0.0,10.0,3.0,1.0,1.0,1.0,1.0,10.0,2.0,2.0,2.0,2.0,2.0,1.0,4.0,7.0,5.0,0.0,0.0,0.0,1.0,0.0,1.0,1.0,0.0,3.0,3.0,4.0,4.0,4.0,4.0,3.0,4.0,4.0,1.0,1.0,2.0,1.0,1.0,2.0,2.0,1.0,1.0,1.0,1.0,2.0,1.0,10.0,10.0,10.0,9.0,1.0,3.0,10.0,1.0,1.0,1.0,1.0,2.0,1.0,2.0,1.0,1.0,2.0,2.0,5.0,8.0,3.0,1.0,1.0,2.0,6.0,3.0,2.0,9.0,4.0,2.0,4.0,2.0,6.0,4.0,3.0,2.0,4.0,1.0,1.0,4.0,4.0,1.0,1.0,2.0,1.0,1.0,1.0,1.0,1.0,4.0,1.0,2.0,2.0,2.0,2.0,3.0,3.0,3.0,1.0,3.0,3.0,3.0,3.0,1.0,1.0,1.0,1.0,4.0,1.0,1.0,3.0,2.0,4.0,1.0,1.0,1.0,3.0,4.0,2.0,4.0,1.0,4.0,10.0,2.0,3.0,2.0,4.0,5.0,4.0,3.0,3.0,2.0,10.0,4.0,2.0,2.0,1.0,2.0,1.0,1.0,2.0,1.0
804070980,2.0,2.0,2.0,4.0,1.0,2.0,1.0,2.0,1.0,2.0,2.0,2.0,2.0,2.0,1.0,2.0,1.0,2.0,1.0,1.0,2.0,1.0,1.0,2.0,1.0,2.0,1.0,,3.0,3.0,3.0,2.0,4.0,1.0,5.0,,5.0,1.0,5.0,,5.0,3.0,,3.0,2.0,1.0,8.0,10.0,10.0,,4.0,4.0,4.0,4.0,2.0,2.0,1.0,,3.0,,4.0,4.0,4.0,4.0,4.0,4.0,,4.0,4.0,4.0,4.0,4.0,4.0,4.0,4.0,4.0,4.0,4.0,4.0,4.0,0.0,0.0,0.0,0.0,0.0,0.0,0.0,0.0,0.0,0.0,0.0,7.0,5.0,1.0,1.0,10.0,1.0,10.0,4.0,4.0,4.0,4.0,4.0,4.0,1.0,3.0,3.0,2.0,2.0,2.0,2.0,2.0,2.0,2.0,2.0,3.0,2.0,1.0,1.0,2.0,2.0,,2.0,4.0,1.0,,,1.0,1.0,2.0,2.0,1.0,1.0,1.0,1.0,2.0,2.0,10.0,10.0,5.0,3.0,8.0,10.0,10.0,1.0,1.0,1.0,1.0,1.0,1.0,2.0,1.0,1.0,1.0,2.0,10.0,3.0,9.0,6.0,9.0,6.0,3.0,5.0,7.0,6.0,5.0,8.0,6.0,5.0,5.0,1.0,1.0,7.0,6.0,7.0,4.0,3.0,4.0,2.0,2.0,5.0,1.0,1.0,3.0,,5.0,,2.0,2.0,2.0,2.0,2.0,2.0,2.0,3.0,3.0,2.0,2.0,2.0,2.0,2.0,2.0,2.0,2.0,2.0,4.0,4.0,2.0,2.0,2.0,1.0,1.0,1.0,5.0,2.0,2.0,3.0,2.0,2.0,,10.0,10.0,10.0,10.0,10.0,8.0,4.0,8.0,1.0,9.0,4.0,1.0,4.0,1.0,1.0,1.0,1.0,4.0,4.0
484071064,1.0,4.0,1.0,4.0,1.0,1.0,1.0,2.0,2.0,1.0,2.0,1.0,2.0,2.0,2.0,1.0,1.0,1.0,2.0,1.0,1.0,2.0,2.0,2.0,2.0,2.0,2.0,4.0,4.0,4.0,4.0,4.0,4.0,4.0,4.0,4.0,2.0,3.0,2.0,2.0,2.0,3.0,3.0,3.0,2.0,3.0,5.0,8.0,8.0,3.0,3.0,4.0,4.0,4.0,1.0,2.0,1.0,2.0,2.0,4.0,3.0,4.0,2.0,2.0,4.0,3.0,4.0,4.0,4.0,4.0,4.0,4.0,4.0,3.0,4.0,4.0,4.0,,3.0,,0.0,0.0,0.0,0.0,0.0,0.0,0.0,0.0,0.0,0.0,0.0,10.0,10.0,10.0,1.0,8.0,1.0,10.0,4.0,2.0,4.0,2.0,2.0,2.0,5.0,8.0,3.0,2.0,1.0,2.0,1.0,2.0,1.0,2.0,2.0,2.0,2.0,3.0,2.0,4.0,4.0,4.0,3.0,4.0,2.0,1.0,2.0,1.0,1.0,2.0,2.0,1.0,1.0,1.0,2.0,2.0,1.0,10.0,8.0,9.0,7.0,7.0,5.0,10.0,1.0,1.0,1.0,1.0,4.0,4.0,4.0,8.0,1.0,2.0,2.0,5.0,5.0,10.0,1.0,1.0,1.0,,7.0,5.0,9.0,9.0,2.0,5.0,4.0,3.0,1.0,1.0,1.0,1.0,2.0,1.0,2.0,4.0,4.0,3.0,5.0,1.0,3.0,4.0,5.0,5.0,5.0,5.0,3.0,3.0,3.0,3.0,3.0,3.0,3.0,3.0,3.0,3.0,3.0,3.0,1.0,1.0,3.0,2.0,1.0,1.0,1.0,3.0,1.0,2.0,2.0,2.0,3.0,3.0,3.0,1.0,1.0,2.0,4.0,5.0,8.0,,10.0,10.0,5.0,10.0,10.0,10.0,10.0,10.0,3.0,1.0,3.0,1.0,1.0,1.0,3.0,4.0,3.0
410070956,1.0,1.0,2.0,1.0,1.0,4.0,1.0,1.0,2.0,1.0,2.0,1.0,2.0,1.0,2.0,2.0,2.0,1.0,2.0,1.0,2.0,1.0,2.0,2.0,2.0,2.0,2.0,3.0,2.0,1.0,2.0,2.0,2.0,2.0,1.0,4.0,3.0,2.0,2.0,2.0,2.0,1.0,2.0,3.0,2.0,2.0,10.0,7.0,5.0,4.0,4.0,4.0,4.0,4.0,1.0,2.0,1.0,2.0,2.0,3.0,3.0,3.0,3.0,2.0,3.0,2.0,2.0,3.0,3.0,2.0,3.0,3.0,2.0,2.0,3.0,3.0,2.0,2.0,2.0,2.0,0.0,1.0,0.0,0.0,0.0,0.0,0.0,0.0,0.0,0.0,0.0,2.0,3.0,6.0,4.0,5.0,1.0,6.0,2.0,3.0,2.0,2.0,3.0,2.0,2.0,9.0,3.0,1.0,1.0,1.0,1.0,2.0,1.0,2.0,2.0,3.0,2.0,4.0,4.0,4.0,4.0,4.0,4.0,4.0,1.0,2.0,2.0,1.0,1.0,2.0,2.0,3.0,2.0,4.0,2.0,2.0,1.0,8.0,3.0,6.0,4.0,2.0,9.0,6.0,2.0,2.0,2.0,2.0,4.0,4.0,7.0,8.0,3.0,2.0,2.0,8.0,3.0,1.0,1.0,3.0,1.0,3.0,4.0,5.0,6.0,6.0,4.0,8.0,2.0,2.0,1.0,2.0,4.0,2.0,3.0,1.0,3.0,4.0,2.0,2.0,2.0,1.0,2.0,1.0,3.0,1.0,2.0,2.0,1.0,2.0,2.0,2.0,2.0,2.0,2.0,2.0,1.0,1.0,2.0,2.0,1.0,1.0,2.0,4.0,2.0,3.0,4.0,2.0,3.0,4.0,1.0,1.0,1.0,,3.0,3.0,4.0,1.0,4.0,3.0,7.0,3.0,8.0,6.0,3.0,8.0,4.0,3.0,8.0,8.0,7.0,7.0,2.0,1.0,1.0,1.0,1.0,2.0,2.0
360070701,1.0,2.0,2.0,3.0,1.0,1.0,1.0,2.0,2.0,1.0,2.0,1.0,2.0,2.0,1.0,1.0,2.0,1.0,2.0,2.0,2.0,1.0,2.0,2.0,1.0,2.0,1.0,3.0,1.0,2.0,1.0,2.0,2.0,2.0,4.0,4.0,2.0,1.0,2.0,2.0,1.0,1.0,3.0,1.0,2.0,2.0,10.0,8.0,5.0,3.0,4.0,2.0,4.0,4.0,1.0,2.0,1.0,2.0,3.0,3.0,3.0,3.0,1.0,2.0,2.0,2.0,3.0,3.0,2.0,2.0,3.0,3.0,2.0,2.0,2.0,2.0,2.0,1.0,2.0,1.0,0.0,0.0,2.0,0.0,0.0,0.0,0.0,0.0,0.0,0.0,,8.0,2.0,3.0,2.0,1.0,2.0,9.0,3.0,2.0,3.0,3.0,2.0,1.0,4.0,7.0,3.0,2.0,2.0,0.0,2.0,0.0,2.0,0.0,0.0,3.0,1.0,4.0,4.0,4.0,4.0,4.0,4.0,4.0,1.0,2.0,2.0,1.0,2.0,2.0,2.0,2.0,1.0,2.0,2.0,2.0,1.0,8.0,7.0,2.0,7.0,3.0,9.0,10.0,1.0,1.0,1.0,1.0,3.0,2.0,6.0,1.0,1.0,2.0,2.0,4.0,2.0,3.0,2.0,2.0,3.0,1.0,1.0,1.0,1.0,1.0,1.0,1.0,1.0,1.0,1.0,1.0,1.0,1.0,1.0,3.0,3.0,3.0,2.0,2.0,5.0,1.0,5.0,1.0,1.0,1.0,1.0,5.0,3.0,3.0,3.0,2.0,2.0,3.0,3.0,2.0,2.0,3.0,2.0,2.0,1.0,1.0,2.0,3.0,3.0,4.0,4.0,2.0,4.0,4.0,2.0,2.0,1.0,2.0,2.0,2.0,3.0,2.0,3.0,8.0,2.0,2.0,8.0,1.0,7.0,9.0,8.0,8.0,8.0,9.0,9.0,5.0,2.0,1.0,3.0,3.0,3.0,3.0,3.0
68070661,1.0,1.0,1.0,1.0,2.0,1.0,1.0,2.0,2.0,1.0,2.0,1.0,2.0,2.0,2.0,1.0,1.0,1.0,2.0,2.0,2.0,2.0,2.0,1.0,2.0,2.0,1.0,1.0,3.0,3.0,3.0,2.0,2.0,2.0,4.0,,1.0,1.0,1.0,1.0,3.0,2.0,1.0,1.0,1.0,3.0,10.0,6.0,8.0,3.0,3.0,2.0,2.0,2.0,1.0,2.0,3.0,3.0,3.0,4.0,3.0,4.0,4.0,4.0,3.0,3.0,3.0,3.0,3.0,3.0,3.0,3.0,3.0,3.0,3.0,3.0,3.0,3.0,3.0,3.0,2.0,1.0,0.0,0.0,0.0,0.0,0.0,0.0,0.0,0.0,0.0,9.0,9.0,3.0,3.0,4.0,1.0,8.0,4.0,4.0,2.0,2.0,2.0,2.0,4.0,10.0,3.0,2.0,0.0,2.0,2.0,2.0,2.0,2.0,2.0,2.0,3.0,3.0,3.0,3.0,2.0,4.0,4.0,4.0,1.0,2.0,2.0,1.0,1.0,2.0,2.0,1.0,1.0,1.0,2.0,2.0,1.0,5.0,9.0,10.0,10.0,2.0,9.0,10.0,1.0,1.0,1.0,1.0,1.0,1.0,3.0,4.0,1.0,2.0,1.0,9.0,8.0,3.0,1.0,1.0,1.0,1.0,1.0,5.0,7.0,8.0,1.0,10.0,1.0,1.0,1.0,1.0,9.0,1.0,8.0,1.0,4.0,4.0,2.0,2.0,3.0,1.0,1.0,2.0,4.0,2.0,2.0,1.0,2.0,2.0,2.0,2.0,1.0,3.0,2.0,1.0,2.0,2.0,3.0,2.0,1.0,1.0,2.0,4.0,3.0,2.0,2.0,3.0,2.0,2.0,2.0,2.0,1.0,,2.0,1.0,4.0,1.0,1.0,9.0,6.0,7.0,9.0,6.0,4.0,8.0,8.0,6.0,7.0,10.0,8.0,8.0,2.0,1.0,2.0,2.0,3.0,4.0,4.0
643070084,1.0,2.0,1.0,2.0,2.0,2.0,2.0,2.0,1.0,1.0,2.0,2.0,2.0,2.0,2.0,2.0,2.0,1.0,2.0,2.0,2.0,2.0,2.0,2.0,2.0,2.0,2.0,2.0,2.0,3.0,2.0,4.0,4.0,3.0,3.0,,3.0,3.0,3.0,3.0,4.0,2.0,2.0,1.0,1.0,3.0,7.0,6.0,5.0,4.0,4.0,4.0,4.0,4.0,2.0,2.0,1.0,1.0,3.0,3.0,3.0,3.0,3.0,3.0,3.0,3.0,3.0,4.0,4.0,4.0,,,3.0,3.0,,3.0,4.0,2.0,4.0,,0.0,0.0,0.0,0.0,0.0,0.0,0.0,0.0,0.0,0.0,0.0,4.0,5.0,4.0,5.0,3.0,1.0,9.0,4.0,2.0,4.0,3.0,4.0,2.0,4.0,5.0,3.0,2.0,1.0,2.0,0.0,0.0,2.0,1.0,0.0,3.0,1.0,3.0,3.0,3.0,3.0,4.0,4.0,3.0,1.0,2.0,2.0,2.0,2.0,2.0,2.0,3.0,2.0,2.0,2.0,1.0,1.0,6.0,7.0,7.0,7.0,4.0,5.0,3.0,1.0,1.0,1.0,1.0,2.0,3.0,4.0,4.0,1.0,2.0,2.0,4.0,2.0,6.0,4.0,2.0,2.0,3.0,3.0,3.0,7.0,8.0,5.0,5.0,2.0,2.0,,1.0,4.0,1.0,4.0,1.0,1.0,1.0,2.0,2.0,2.0,2.0,3.0,3.0,3.0,3.0,2.0,2.0,3.0,3.0,3.0,3.0,3.0,3.0,3.0,3.0,3.0,3.0,3.0,3.0,3.0,3.0,,2.0,1.0,,1.0,1.0,3.0,4.0,2.0,2.0,1.0,,3.0,4.0,4.0,4.0,3.0,,10.0,2.0,6.0,7.0,6.0,6.0,7.0,7.0,7.0,1.0,2.0,3.0,2.0,2.0,3.0,3.0,3.0,4.0,4.0
368070152,1.0,2.0,2.0,4.0,1.0,1.0,2.0,2.0,2.0,1.0,2.0,1.0,1.0,2.0,1.0,2.0,1.0,2.0,1.0,2.0,1.0,2.0,1.0,2.0,2.0,1.0,1.0,3.0,1.0,3.0,2.0,1.0,1.0,1.0,4.0,,4.0,1.0,1.0,1.0,1.0,3.0,1.0,1.0,1.0,1.0,8.0,5.0,5.0,3.0,,3.0,3.0,3.0,,2.0,1.0,4.0,3.0,4.0,2.0,2.0,1.0,4.0,4.0,4.0,4.0,2.0,4.0,4.0,4.0,4.0,2.0,4.0,4.0,2.0,4.0,,,2.0,0.0,0.0,0.0,0.0,2.0,0.0,0.0,2.0,0.0,0.0,0.0,5.0,1.0,8.0,9.0,2.0,1.0,9.0,1.0,2.0,1.0,2.0,2.0,1.0,2.0,8.0,3.0,0.0,0.0,0.0,0.0,2.0,2.0,2.0,2.0,3.0,2.0,4.0,1.0,3.0,,4.0,3.0,4.0,2.0,1.0,2.0,3.0,,2.0,2.0,3.0,2.0,2.0,1.0,2.0,2.0,8.0,8.0,1.0,9.0,1.0,1.0,,,,,,1.0,1.0,1.0,1.0,1.0,,,7.0,1.0,9.0,1.0,1.0,8.0,,,2.0,3.0,,2.0,3.0,3.0,3.0,3.0,8.0,,5.0,6.0,1.0,1.0,2.0,3.0,2.0,5.0,5.0,5.0,4.0,5.0,2.0,2.0,4.0,1.0,3.0,1.0,1.0,2.0,2.0,3.0,3.0,3.0,3.0,3.0,,3.0,3.0,1.0,2.0,,1.0,1.0,3.0,4.0,2.0,3.0,1.0,3.0,3.0,3.0,4.0,2.0,3.0,1.0,,9.0,8.0,5.0,9.0,8.0,4.0,8.0,5.0,10.0,6.0,3.0,3.0,3.0,3.0,2.0,3.0,4.0,4.0,2.0
642071039,1.0,1.0,3.0,3.0,2.0,1.0,1.0,2.0,2.0,2.0,2.0,1.0,2.0,2.0,1.0,1.0,1.0,2.0,2.0,2.0,2.0,2.0,2.0,2.0,2.0,2.0,2.0,2.0,3.0,4.0,4.0,3.0,3.0,3.0,2.0,5.0,1.0,1.0,1.0,1.0,3.0,1.0,2.0,1.0,1.0,1.0,10.0,10.0,10.0,4.0,4.0,4.0,3.0,4.0,1.0,1.0,1.0,1.0,1.0,2.0,1.0,2.0,1.0,1.0,4.0,4.0,4.0,2.0,2.0,4.0,4.0,4.0,4.0,2.0,4.0,3.0,4.0,4.0,2.0,1.0,2.0,2.0,0.0,0.0,0.0,0.0,1.0,2.0,0.0,0.0,0.0,10.0,10.0,6.0,3.0,4.0,1.0,8.0,,,,,,,3.0,4.0,4.0,2.0,2.0,2.0,1.0,2.0,0.0,2.0,1.0,1.0,1.0,3.0,4.0,4.0,4.0,4.0,4.0,4.0,2.0,2.0,2.0,2.0,1.0,2.0,2.0,4.0,4.0,4.0,1.0,1.0,1.0,8.0,6.0,10.0,9.0,8.0,6.0,10.0,1.0,1.0,1.0,1.0,1.0,4.0,2.0,2.0,1.0,2.0,2.0,2.0,5.0,6.0,4.0,5.0,4.0,1.0,1.0,1.0,1.0,1.0,1.0,1.0,1.0,1.0,1.0,1.0,1.0,1.0,1.0,,,,4.0,3.0,2.0,2.0,2.0,1.0,3.0,3.0,3.0,1.0,2.0,2.0,2.0,3.0,3.0,3.0,3.0,3.0,3.0,3.0,3.0,3.0,1.0,1.0,,,,,,2.0,,4.0,2.0,2.0,1.0,,4.0,4.0,2.0,2.0,2.0,,9.0,10.0,8.0,9.0,8.0,10.0,10.0,10.0,10.0,10.0,7.0,9.0,1.0,1.0,1.0,1.0,2.0,3.0,4.0
104070673,4.0,4.0,1.0,1.0,1.0,1.0,2.0,1.0,2.0,2.0,1.0,1.0,2.0,1.0,2.0,2.0,1.0,1.0,1.0,1.0,2.0,1.0,1.0,1.0,1.0,1.0,1.0,1.0,2.0,2.0,1.0,2.0,2.0,1.0,5.0,4.0,4.0,2.0,4.0,5.0,1.0,3.0,3.0,1.0,1.0,2.0,7.0,9.0,8.0,4.0,2.0,1.0,2.0,4.0,1.0,2.0,1.0,4.0,1.0,4.0,4.0,1.0,1.0,1.0,1.0,1.0,1.0,1.0,1.0,1.0,1.0,1.0,1.0,1.0,1.0,1.0,1.0,1.0,1.0,1.0,0.0,0.0,0.0,0.0,0.0,0.0,0.0,0.0,0.0,0.0,0.0,8.0,3.0,1.0,8.0,1.0,2.0,6.0,2.0,4.0,4.0,2.0,2.0,2.0,2.0,7.0,2.0,2.0,0.0,0.0,0.0,0.0,2.0,0.0,0.0,4.0,2.0,4.0,3.0,3.0,4.0,4.0,4.0,4.0,2.0,2.0,2.0,1.0,1.0,2.0,2.0,1.0,1.0,1.0,1.0,2.0,2.0,6.0,8.0,3.0,3.0,10.0,10.0,10.0,1.0,1.0,1.0,1.0,1.0,1.0,6.0,2.0,1.0,1.0,2.0,9.0,3.0,2.0,3.0,5.0,4.0,3.0,5.0,5.0,5.0,5.0,5.0,5.0,5.0,4.0,3.0,4.0,4.0,4.0,5.0,1.0,1.0,1.0,1.0,3.0,5.0,3.0,5.0,5.0,5.0,5.0,5.0,5.0,3.0,3.0,3.0,3.0,3.0,3.0,,3.0,3.0,,,,3.0,3.0,3.0,3.0,4.0,4.0,1.0,1.0,4.0,4.0,1.0,1.0,1.0,2.0,2.0,3.0,2.0,2.0,3.0,,3.0,8.0,8.0,8.0,7.0,9.0,8.0,7.0,6.0,8.0,9.0,8.0,2.0,2.0,3.0,3.0,1.0,4.0,4.0
702070584,1.0,1.0,2.0,2.0,1.0,3.0,1.0,1.0,2.0,1.0,2.0,1.0,1.0,2.0,2.0,2.0,2.0,1.0,2.0,2.0,2.0,2.0,2.0,1.0,2.0,2.0,1.0,3.0,4.0,4.0,4.0,3.0,5.0,1.0,5.0,4.0,3.0,1.0,1.0,2.0,4.0,1.0,1.0,2.0,2.0,3.0,6.0,5.0,3.0,4.0,4.0,4.0,4.0,4.0,1.0,2.0,2.0,3.0,2.0,4.0,3.0,3.0,3.0,1.0,2.0,2.0,3.0,2.0,2.0,2.0,2.0,2.0,2.0,1.0,1.0,2.0,3.0,1.0,2.0,2.0,0.0,2.0,0.0,0.0,0.0,0.0,0.0,0.0,0.0,0.0,0.0,8.0,6.0,4.0,3.0,5.0,2.0,2.0,2.0,2.0,,2.0,3.0,1.0,4.0,9.0,3.0,2.0,0.0,0.0,0.0,0.0,2.0,2.0,2.0,2.0,1.0,4.0,4.0,4.0,4.0,4.0,4.0,4.0,1.0,2.0,,1.0,1.0,2.0,2.0,1.0,1.0,1.0,2.0,2.0,1.0,8.0,8.0,4.0,6.0,2.0,7.0,6.0,1.0,1.0,1.0,1.0,3.0,3.0,4.0,3.0,2.0,2.0,2.0,4.0,7.0,8.0,2.0,3.0,1.0,8.0,3.0,8.0,8.0,5.0,5.0,7.0,1.0,3.0,1.0,1.0,5.0,1.0,3.0,2.0,4.0,4.0,3.0,2.0,5.0,4.0,2.0,1.0,5.0,1.0,2.0,1.0,2.0,2.0,2.0,3.0,1.0,2.0,2.0,3.0,1.0,2.0,3.0,3.0,,,1.0,4.0,3.0,3.0,2.0,1.0,4.0,4.0,1.0,1.0,2.0,3.0,4.0,4.0,4.0,2.0,4.0,3.0,8.0,2.0,10.0,3.0,1.0,8.0,3.0,3.0,10.0,8.0,7.0,7.0,1.0,1.0,,,2.0,4.0,4.0
158070794,3.0,1.0,1.0,3.0,3.0,2.0,1.0,2.0,1.0,2.0,2.0,2.0,1.0,2.0,2.0,1.0,2.0,1.0,2.0,1.0,2.0,1.0,2.0,1.0,2.0,2.0,2.0,3.0,3.0,4.0,4.0,,4.0,2.0,3.0,4.0,4.0,1.0,1.0,4.0,1.0,3.0,3.0,3.0,2.0,2.0,9.0,8.0,9.0,4.0,4.0,3.0,4.0,4.0,1.0,1.0,1.0,1.0,2.0,2.0,2.0,2.0,2.0,3.0,4.0,3.0,3.0,2.0,3.0,2.0,3.0,3.0,3.0,,1.0,,3.0,2.0,2.0,1.0,0.0,2.0,0.0,0.0,0.0,0.0,0.0,1.0,0.0,0.0,0.0,8.0,3.0,8.0,2.0,2.0,1.0,7.0,2.0,2.0,2.0,,,2.0,4.0,7.0,4.0,2.0,2.0,2.0,,0.0,2.0,0.0,0.0,3.0,1.0,4.0,4.0,4.0,4.0,4.0,4.0,4.0,1.0,1.0,2.0,4.0,3.0,2.0,2.0,1.0,3.0,4.0,2.0,2.0,1.0,8.0,8.0,8.0,2.0,2.0,9.0,8.0,1.0,2.0,2.0,1.0,3.0,3.0,1.0,2.0,1.0,2.0,2.0,2.0,2.0,1.0,1.0,1.0,1.0,2.0,5.0,5.0,10.0,4.0,5.0,10.0,2.0,7.0,1.0,1.0,1.0,1.0,9.0,1.0,1.0,1.0,3.0,3.0,5.0,1.0,1.0,1.0,5.0,5.0,5.0,2.0,3.0,3.0,3.0,3.0,1.0,1.0,3.0,3.0,3.0,3.0,3.0,3.0,1.0,1.0,,4.0,,3.0,,1.0,4.0,4.0,1.0,1.0,1.0,,,1.0,4.0,2.0,3.0,2.0,8.0,2.0,10.0,10.0,1.0,10.0,2.0,3.0,9.0,9.0,9.0,9.0,1.0,2.0,2.0,2.0,2.0,4.0,3.0
276070293,1.0,3.0,2.0,3.0,1.0,1.0,1.0,2.0,2.0,2.0,2.0,1.0,2.0,2.0,1.0,2.0,1.0,1.0,2.0,2.0,2.0,1.0,2.0,1.0,2.0,2.0,4.0,,1.0,4.0,1.0,3.0,2.0,2.0,4.0,5.0,2.0,2.0,1.0,2.0,2.0,1.0,1.0,1.0,2.0,2.0,5.0,4.0,4.0,4.0,4.0,4.0,3.0,4.0,1.0,2.0,1.0,2.0,1.0,4.0,,2.0,3.0,2.0,2.0,3.0,2.0,2.0,2.0,2.0,2.0,2.0,2.0,2.0,,2.0,2.0,2.0,2.0,2.0,2.0,2.0,0.0,0.0,2.0,0.0,,0.0,,0.0,0.0,8.0,5.0,5.0,3.0,5.0,,4.0,1.0,2.0,1.0,1.0,1.0,1.0,3.0,5.0,1.0,0.0,1.0,2.0,,2.0,1.0,1.0,2.0,2.0,3.0,4.0,4.0,4.0,4.0,3.0,4.0,4.0,2.0,2.0,2.0,4.0,1.0,2.0,2.0,2.0,1.0,2.0,,2.0,1.0,7.0,7.0,1.0,,,7.0,9.0,1.0,1.0,1.0,1.0,3.0,4.0,6.0,7.0,1.0,,2.0,,,1.0,1.0,5.0,2.0,1.0,3.0,4.0,8.0,8.0,1.0,8.0,1.0,1.0,1.0,1.0,5.0,,9.0,4.0,4.0,4.0,3.0,3.0,5.0,2.0,1.0,5.0,5.0,5.0,5.0,1.0,3.0,3.0,3.0,3.0,2.0,3.0,3.0,3.0,3.0,3.0,3.0,3.0,3.0,3.0,,3.0,3.0,3.0,3.0,3.0,3.0,3.0,3.0,3.0,,,,,,,,,3.0,4.0,3.0,4.0,3.0,4.0,5.0,5.0,4.0,8.0,7.0,5.0,2.0,,2.0,2.0,2.0,2.0,
51071126,1.0,2.0,1.0,2.0,1.0,1.0,1.0,2.0,2.0,1.0,2.0,1.0,2.0,2.0,1.0,1.0,2.0,1.0,2.0,2.0,2.0,1.0,2.0,1.0,2.0,2.0,1.0,3.0,3.0,3.0,3.0,3.0,4.0,2.0,5.0,5.0,4.0,2.0,2.0,5.0,2.0,3.0,1.0,1.0,1.0,1.0,7.0,10.0,9.0,4.0,3.0,4.0,4.0,4.0,2.0,2.0,1.0,3.0,2.0,4.0,3.0,3.0,3.0,3.0,4.0,4.0,,4.0,4.0,4.0,4.0,4.0,4.0,3.0,3.0,3.0,3.0,3.0,3.0,3.0,0.0,,0.0,0.0,0.0,0.0,0.0,0.0,0.0,0.0,0.0,10.0,5.0,5.0,5.0,5.0,2.0,8.0,2.0,3.0,2.0,3.0,2.0,1.0,4.0,2.0,2.0,0.0,0.0,0.0,0.0,2.0,2.0,0.0,0.0,2.0,2.0,2.0,4.0,3.0,3.0,1.0,1.0,3.0,2.0,2.0,2.0,4.0,2.0,1.0,2.0,1.0,2.0,1.0,1.0,2.0,2.0,8.0,8.0,7.0,5.0,1.0,10.0,10.0,1.0,2.0,2.0,2.0,4.0,3.0,4.0,5.0,1.0,2.0,2.0,1.0,5.0,5.0,5.0,1.0,1.0,1.0,1.0,1.0,5.0,1.0,1.0,5.0,1.0,5.0,1.0,1.0,1.0,1.0,5.0,1.0,1.0,2.0,1.0,1.0,5.0,5.0,2.0,1.0,5.0,1.0,1.0,1.0,3.0,3.0,,3.0,3.0,3.0,2.0,2.0,1.0,3.0,3.0,3.0,2.0,2.0,3.0,3.0,3.0,3.0,3.0,3.0,3.0,3.0,4.0,1.0,4.0,2.0,1.0,2.0,2.0,3.0,3.0,,5.0,5.0,10.0,10.0,5.0,5.0,5.0,10.0,10.0,5.0,5.0,4.0,3.0,1.0,1.0,1.0,1.0,3.0,3.0
203070501,1.0,1.0,1.0,4.0,1.0,4.0,1.0,2.0,2.0,1.0,2.0,1.0,2.0,2.0,2.0,1.0,1.0,1.0,2.0,1.0,2.0,2.0,2.0,1.0,2.0,2.0,1.0,2.0,4.0,4.0,3.0,1.0,3.0,1.0,3.0,3.0,1.0,2.0,1.0,1.0,1.0,3.0,1.0,1.0,2.0,1.0,8.0,7.0,8.0,4.0,4.0,4.0,4.0,4.0,1.0,2.0,1.0,2.0,2.0,2.0,2.0,2.0,2.0,2.0,3.0,4.0,2.0,2.0,3.0,3.0,3.0,3.0,2.0,1.0,1.0,2.0,3.0,2.0,2.0,2.0,0.0,2.0,0.0,0.0,0.0,0.0,0.0,0.0,0.0,0.0,0.0,8.0,5.0,8.0,4.0,3.0,1.0,8.0,2.0,2.0,2.0,2.0,3.0,2.0,4.0,5.0,2.0,2.0,2.0,2.0,2.0,2.0,2.0,2.0,2.0,3.0,3.0,3.0,3.0,4.0,3.0,2.0,3.0,3.0,1.0,2.0,2.0,3.0,4.0,2.0,2.0,1.0,2.0,3.0,1.0,2.0,2.0,10.0,10.0,8.0,3.0,3.0,7.0,5.0,1.0,1.0,2.0,2.0,4.0,3.0,5.0,8.0,3.0,2.0,2.0,7.0,1.0,1.0,1.0,1.0,1.0,5.0,3.0,3.0,6.0,10.0,1.0,5.0,1.0,1.0,1.0,1.0,1.0,2.0,5.0,4.0,4.0,4.0,3.0,2.0,2.0,5.0,5.0,1.0,2.0,1.0,5.0,2.0,2.0,2.0,2.0,2.0,2.0,2.0,2.0,1.0,1.0,2.0,2.0,2.0,1.0,1.0,2.0,4.0,2.0,3.0,2.0,1.0,4.0,4.0,1.0,1.0,1.0,5.0,4.0,1.0,3.0,1.0,4.0,8.0,5.0,1.0,10.0,10.0,5.0,8.0,5.0,7.0,10.0,10.0,4.0,2.0,2.0,2.0,1.0,1.0,1.0,1.0,2.0
276070154,1.0,2.0,1.0,1.0,1.0,2.0,1.0,2.0,2.0,1.0,2.0,1.0,1.0,1.0,2.0,2.0,2.0,2.0,2.0,2.0,2.0,2.0,2.0,1.0,2.0,2.0,1.0,2.0,4.0,4.0,4.0,1.0,5.0,2.0,5.0,1.0,1.0,1.0,2.0,1.0,1.0,3.0,1.0,3.0,1.0,1.0,6.0,10.0,10.0,4.0,4.0,4.0,4.0,4.0,1.0,2.0,1.0,2.0,1.0,2.0,2.0,1.0,4.0,1.0,1.0,2.0,3.0,1.0,1.0,1.0,2.0,1.0,1.0,1.0,1.0,2.0,2.0,2.0,2.0,2.0,0.0,0.0,0.0,0.0,0.0,0.0,0.0,0.0,0.0,0.0,0.0,8.0,4.0,4.0,1.0,1.0,1.0,3.0,2.0,2.0,2.0,2.0,2.0,1.0,1.0,5.0,4.0,2.0,2.0,0.0,2.0,2.0,2.0,2.0,2.0,2.0,1.0,3.0,4.0,4.0,4.0,4.0,4.0,4.0,1.0,2.0,2.0,4.0,4.0,2.0,2.0,1.0,3.0,4.0,2.0,1.0,1.0,10.0,10.0,10.0,5.0,1.0,10.0,5.0,1.0,1.0,1.0,1.0,4.0,4.0,6.0,7.0,1.0,1.0,2.0,7.0,1.0,1.0,1.0,1.0,1.0,5.0,1.0,1.0,3.0,10.0,1.0,5.0,1.0,1.0,1.0,1.0,1.0,1.0,1.0,1.0,2.0,2.0,1.0,2.0,1.0,1.0,1.0,1.0,1.0,1.0,1.0,3.0,1.0,1.0,1.0,3.0,1.0,1.0,2.0,1.0,1.0,1.0,2.0,2.0,1.0,1.0,1.0,3.0,3.0,3.0,2.0,1.0,2.0,4.0,1.0,1.0,1.0,,2.0,1.0,4.0,1.0,3.0,10.0,10.0,1.0,10.0,10.0,1.0,10.0,6.0,1.0,10.0,10.0,10.0,7.0,2.0,2.0,2.0,1.0,1.0,1.0,1.0
496071045,1.0,2.0,2.0,3.0,1.0,3.0,2.0,1.0,1.0,1.0,1.0,2.0,2.0,1.0,2.0,2.0,1.0,1.0,2.0,1.0,1.0,2.0,1.0,2.0,2.0,2.0,1.0,1.0,1.0,3.0,3.0,2.0,1.0,1.0,2.0,5.0,2.0,1.0,1.0,2.0,2.0,1.0,2.0,1.0,1.0,2.0,10.0,10.0,7.0,4.0,4.0,2.0,4.0,4.0,1.0,2.0,1.0,2.0,1.0,3.0,4.0,4.0,4.0,,,1.0,3.0,,,4.0,,,,3.0,4.0,,3.0,4.0,,4.0,0.0,2.0,2.0,0.0,2.0,2.0,2.0,0.0,0.0,2.0,0.0,10.0,10.0,1.0,10.0,10.0,1.0,10.0,3.0,3.0,3.0,3.0,3.0,4.0,4.0,10.0,4.0,2.0,1.0,2.0,2.0,1.0,2.0,2.0,1.0,2.0,1.0,4.0,3.0,4.0,3.0,4.0,4.0,4.0,2.0,1.0,2.0,3.0,3.0,2.0,2.0,4.0,4.0,4.0,2.0,2.0,1.0,8.0,8.0,7.0,7.0,8.0,6.0,,2.0,2.0,2.0,2.0,2.0,2.0,7.0,8.0,3.0,2.0,2.0,5.0,8.0,7.0,5.0,5.0,5.0,5.0,2.0,7.0,6.0,3.0,5.0,5.0,5.0,6.0,5.0,4.0,2.0,5.0,8.0,1.0,2.0,3.0,3.0,3.0,5.0,2.0,3.0,2.0,4.0,3.0,4.0,5.0,1.0,3.0,3.0,3.0,1.0,3.0,3.0,3.0,2.0,3.0,2.0,3.0,1.0,1.0,1.0,4.0,4.0,3.0,4.0,1.0,4.0,4.0,4.0,4.0,1.0,4.0,2.0,4.0,4.0,2.0,4.0,3.0,5.0,5.0,10.0,1.0,10.0,1.0,10.0,10.0,1.0,10.0,10.0,1.0,1.0,1.0,1.0,1.0,1.0,1.0,1.0
152070672,1.0,2.0,2.0,3.0,2.0,2.0,1.0,2.0,2.0,1.0,1.0,1.0,2.0,2.0,2.0,1.0,2.0,1.0,2.0,2.0,2.0,2.0,2.0,1.0,2.0,2.0,3.0,2.0,2.0,3.0,3.0,1.0,4.0,2.0,2.0,2.0,5.0,2.0,1.0,5.0,2.0,3.0,1.0,1.0,1.0,2.0,10.0,10.0,10.0,4.0,4.0,4.0,4.0,4.0,1.0,2.0,1.0,3.0,3.0,3.0,3.0,3.0,3.0,3.0,3.0,3.0,3.0,2.0,3.0,3.0,4.0,4.0,3.0,2.0,4.0,3.0,2.0,2.0,2.0,3.0,0.0,0.0,0.0,0.0,0.0,0.0,0.0,0.0,0.0,0.0,0.0,7.0,6.0,6.0,6.0,8.0,1.0,8.0,3.0,3.0,3.0,3.0,3.0,,4.0,3.0,3.0,1.0,2.0,0.0,,0.0,2.0,1.0,1.0,3.0,3.0,,1.0,4.0,4.0,4.0,4.0,4.0,2.0,2.0,2.0,4.0,1.0,2.0,2.0,2.0,1.0,1.0,2.0,2.0,1.0,4.0,10.0,5.0,10.0,7.0,1.0,10.0,1.0,1.0,1.0,1.0,4.0,3.0,7.0,3.0,1.0,2.0,2.0,7.0,5.0,1.0,1.0,1.0,1.0,,5.0,1.0,5.0,5.0,1.0,1.0,1.0,1.0,2.0,1.0,5.0,1.0,5.0,4.0,4.0,4.0,3.0,2.0,5.0,1.0,1.0,1.0,5.0,1.0,2.0,2.0,3.0,3.0,3.0,3.0,3.0,3.0,3.0,3.0,3.0,3.0,3.0,3.0,1.0,1.0,3.0,,,2.0,3.0,4.0,,,3.0,2.0,2.0,,,3.0,4.0,2.0,3.0,5.0,8.0,1.0,10.0,10.0,1.0,10.0,7.0,6.0,8.0,8.0,4.0,1.0,3.0,2.0,1.0,2.0,1.0,3.0,2.0
152070280,1.0,2.0,2.0,2.0,4.0,1.0,1.0,1.0,2.0,2.0,2.0,1.0,2.0,2.0,1.0,2.0,1.0,1.0,2.0,2.0,2.0,1.0,2.0,1.0,2.0,2.0,2.0,1.0,2.0,1.0,1.0,1.0,1.0,1.0,1.0,5.0,1.0,1.0,1.0,1.0,1.0,1.0,1.0,1.0,2.0,2.0,10.0,9.0,8.0,2.0,2.0,2.0,2.0,2.0,3.0,2.0,1.0,2.0,3.0,3.0,2.0,2.0,1.0,1.0,2.0,2.0,3.0,1.0,2.0,2.0,3.0,3.0,2.0,1.0,1.0,1.0,1.0,1.0,1.0,1.0,2.0,1.0,0.0,0.0,0.0,0.0,0.0,0.0,0.0,0.0,0.0,3.0,2.0,3.0,7.0,2.0,2.0,10.0,3.0,3.0,3.0,3.0,3.0,3.0,2.0,5.0,4.0,2.0,2.0,2.0,2.0,2.0,2.0,2.0,2.0,2.0,2.0,1.0,1.0,1.0,1.0,1.0,1.0,1.0,1.0,1.0,1.0,1.0,1.0,1.0,1.0,4.0,4.0,4.0,2.0,2.0,2.0,10.0,10.0,1.0,1.0,1.0,9.0,8.0,1.0,1.0,1.0,1.0,2.0,2.0,2.0,2.0,1.0,1.0,1.0,8.0,1.0,1.0,1.0,1.0,1.0,1.0,1.0,1.0,5.0,2.0,1.0,1.0,1.0,1.0,1.0,1.0,3.0,1.0,10.0,2.0,2.0,2.0,2.0,2.0,2.0,1.0,5.0,2.0,2.0,2.0,1.0,1.0,1.0,3.0,3.0,3.0,3.0,1.0,2.0,2.0,2.0,2.0,2.0,2.0,1.0,1.0,1.0,2.0,2.0,2.0,3.0,2.0,3.0,3.0,3.0,3.0,1.0,,2.0,2.0,2.0,2.0,,9.0,,,,10.0,5.0,,10.0,10.0,10.0,8.0,7.0,8.0,2.0,1.0,1.0,1.0,1.0,1.0,1.0
792072191,1.0,1.0,2.0,3.0,2.0,2.0,1.0,2.0,1.0,1.0,2.0,1.0,2.0,2.0,1.0,2.0,2.0,2.0,2.0,2.0,2.0,2.0,2.0,2.0,2.0,2.0,2.0,2.0,2.0,2.0,2.0,3.0,2.0,2.0,2.0,2.0,2.0,2.0,2.0,2.0,2.0,2.0,2.0,2.0,2.0,2.0,6.0,7.0,7.0,4.0,4.0,4.0,4.0,4.0,3.0,1.0,1.0,2.0,2.0,3.0,3.0,3.0,3.0,2.0,3.0,3.0,3.0,2.0,2.0,2.0,3.0,3.0,3.0,3.0,3.0,3.0,3.0,3.0,3.0,3.0,0.0,0.0,0.0,0.0,0.0,0.0,0.0,0.0,0.0,0.0,0.0,7.0,7.0,7.0,7.0,7.0,2.0,6.0,2.0,2.0,2.0,1.0,2.0,2.0,2.0,7.0,2.0,2.0,2.0,2.0,1.0,2.0,1.0,1.0,2.0,3.0,2.0,3.0,4.0,4.0,4.0,4.0,4.0,4.0,2.0,2.0,2.0,2.0,2.0,2.0,2.0,2.0,2.0,2.0,2.0,2.0,1.0,7.0,8.0,7.0,8.0,7.0,6.0,7.0,1.0,1.0,1.0,1.0,2.0,2.0,2.0,2.0,1.0,1.0,1.0,7.0,4.0,4.0,4.0,4.0,4.0,4.0,5.0,4.0,8.0,4.0,4.0,4.0,5.0,4.0,4.0,,4.0,,4.0,4.0,4.0,4.0,2.0,2.0,3.0,1.0,1.0,1.0,1.0,1.0,1.0,1.0,3.0,3.0,3.0,3.0,3.0,3.0,3.0,3.0,3.0,3.0,3.0,3.0,2.0,2.0,,,,4.0,,,,,,,2.0,,,,,,,7.0,7.0,7.0,7.0,8.0,,7.0,9.0,8.0,8.0,7.0,7.0,6.0,2.0,1.0,2.0,2.0,2.0,3.0,3.0
196070293,1.0,1.0,1.0,2.0,1.0,1.0,1.0,2.0,2.0,1.0,2.0,1.0,2.0,1.0,2.0,2.0,1.0,1.0,1.0,1.0,1.0,1.0,1.0,1.0,2.0,2.0,1.0,2.0,2.0,2.0,3.0,3.0,4.0,1.0,4.0,5.0,1.0,1.0,2.0,1.0,2.0,3.0,1.0,1.0,2.0,1.0,9.0,8.0,6.0,4.0,4.0,4.0,4.0,1.0,1.0,2.0,1.0,2.0,2.0,3.0,3.0,3.0,1.0,3.0,,2.0,3.0,3.0,2.0,2.0,3.0,3.0,2.0,1.0,1.0,3.0,3.0,2.0,1.0,1.0,1.0,0.0,0.0,1.0,0.0,0.0,0.0,0.0,0.0,0.0,0.0,8.0,1.0,5.0,1.0,3.0,1.0,10.0,2.0,2.0,3.0,2.0,2.0,2.0,1.0,2.0,3.0,1.0,1.0,2.0,2.0,2.0,2.0,2.0,2.0,3.0,2.0,3.0,3.0,4.0,3.0,,4.0,3.0,1.0,2.0,2.0,3.0,4.0,2.0,2.0,1.0,3.0,4.0,1.0,2.0,1.0,10.0,7.0,10.0,5.0,3.0,10.0,9.0,1.0,1.0,1.0,1.0,,3.0,3.0,2.0,1.0,2.0,2.0,8.0,1.0,1.0,1.0,1.0,1.0,5.0,3.0,5.0,8.0,10.0,1.0,1.0,1.0,1.0,1.0,1.0,6.0,1.0,2.0,3.0,4.0,2.0,3.0,2.0,4.0,1.0,1.0,1.0,4.0,1.0,1.0,1.0,2.0,1.0,2.0,2.0,3.0,2.0,2.0,2.0,1.0,2.0,2.0,2.0,1.0,1.0,1.0,4.0,3.0,3.0,2.0,1.0,3.0,3.0,1.0,3.0,1.0,4.0,1.0,1.0,4.0,1.0,4.0,9.0,6.0,1.0,10.0,10.0,1.0,10.0,3.0,10.0,10.0,10.0,8.0,7.0,1.0,2.0,1.0,1.0,1.0,2.0,3.0
558070173,1.0,1.0,1.0,4.0,1.0,1.0,2.0,1.0,2.0,1.0,2.0,1.0,2.0,2.0,1.0,1.0,2.0,1.0,1.0,1.0,1.0,1.0,1.0,1.0,1.0,1.0,2.0,2.0,3.0,2.0,3.0,2.0,2.0,2.0,2.0,2.0,2.0,2.0,2.0,2.0,2.0,1.0,1.0,1.0,1.0,3.0,10.0,6.0,8.0,2.0,2.0,3.0,2.0,3.0,2.0,2.0,2.0,3.0,1.0,4.0,4.0,4.0,1.0,4.0,1.0,1.0,4.0,4.0,4.0,1.0,4.0,4.0,4.0,4.0,4.0,4.0,4.0,4.0,2.0,2.0,2.0,1.0,0.0,0.0,0.0,0.0,0.0,0.0,0.0,0.0,0.0,8.0,5.0,10.0,10.0,10.0,1.0,10.0,3.0,3.0,3.0,3.0,3.0,3.0,3.0,8.0,1.0,2.0,0.0,2.0,2.0,2.0,0.0,2.0,2.0,2.0,1.0,3.0,1.0,3.0,4.0,2.0,2.0,2.0,2.0,2.0,1.0,1.0,1.0,2.0,2.0,1.0,1.0,1.0,1.0,1.0,1.0,10.0,10.0,10.0,10.0,10.0,10.0,8.0,1.0,1.0,2.0,1.0,2.0,2.0,1.0,1.0,1.0,,1.0,10.0,10.0,6.0,8.0,5.0,10.0,6.0,8.0,6.0,1.0,1.0,1.0,1.0,1.0,1.0,1.0,1.0,1.0,1.0,1.0,3.0,3.0,3.0,4.0,3.0,4.0,1.0,1.0,3.0,5.0,5.0,1.0,1.0,3.0,3.0,3.0,3.0,1.0,1.0,1.0,1.0,3.0,3.0,3.0,3.0,2.0,2.0,3.0,3.0,1.0,1.0,1.0,3.0,1.0,1.0,1.0,1.0,1.0,3.0,1.0,1.0,4.0,4.0,1.0,10.0,10.0,10.0,10.0,10.0,10.0,10.0,10.0,10.0,10.0,10.0,10.0,10.0,3.0,1.0,1.0,1.0,1.0,4.0,4.0
764070239,2.0,3.0,2.0,1.0,1.0,2.0,1.0,2.0,1.0,1.0,2.0,1.0,1.0,2.0,2.0,2.0,2.0,1.0,1.0,2.0,2.0,2.0,1.0,1.0,1.0,1.0,1.0,3.0,2.0,2.0,2.0,3.0,2.0,1.0,3.0,3.0,3.0,2.0,2.0,2.0,1.0,1.0,2.0,2.0,3.0,3.0,5.0,7.0,5.0,2.0,4.0,2.0,2.0,4.0,2.0,2.0,1.0,3.0,2.0,3.0,3.0,3.0,2.0,2.0,3.0,2.0,3.0,2.0,1.0,2.0,3.0,3.0,3.0,3.0,3.0,3.0,3.0,3.0,3.0,3.0,2.0,2.0,1.0,0.0,0.0,0.0,0.0,0.0,0.0,2.0,2.0,4.0,10.0,8.0,7.0,6.0,1.0,6.0,3.0,2.0,3.0,3.0,2.0,3.0,2.0,6.0,2.0,2.0,2.0,2.0,2.0,2.0,2.0,2.0,2.0,3.0,2.0,3.0,2.0,3.0,4.0,3.0,4.0,4.0,1.0,1.0,2.0,2.0,2.0,2.0,2.0,4.0,4.0,3.0,2.0,2.0,1.0,6.0,7.0,6.0,7.0,6.0,8.0,6.0,1.0,2.0,1.0,1.0,3.0,2.0,3.0,4.0,2.0,1.0,2.0,6.0,6.0,1.0,1.0,1.0,1.0,4.0,3.0,2.0,3.0,4.0,3.0,4.0,3.0,4.0,3.0,3.0,4.0,4.0,4.0,2.0,3.0,3.0,3.0,2.0,5.0,1.0,1.0,5.0,5.0,5.0,,2.0,3.0,3.0,3.0,3.0,3.0,3.0,3.0,3.0,3.0,3.0,3.0,3.0,1.0,1.0,2.0,2.0,2.0,2.0,3.0,3.0,3.0,3.0,3.0,3.0,2.0,,2.0,2.0,3.0,3.0,3.0,5.0,5.0,3.0,3.0,3.0,3.0,4.0,3.0,4.0,3.0,6.0,3.0,6.0,2.0,2.0,2.0,3.0,4.0,4.0,4.0
152070055,1.0,1.0,1.0,4.0,2.0,2.0,1.0,2.0,2.0,1.0,2.0,1.0,2.0,1.0,2.0,2.0,1.0,1.0,2.0,2.0,2.0,2.0,2.0,1.0,2.0,2.0,1.0,4.0,4.0,4.0,4.0,2.0,4.0,2.0,3.0,2.0,4.0,1.0,1.0,2.0,2.0,2.0,1.0,1.0,2.0,1.0,7.0,8.0,,4.0,1.0,4.0,,4.0,1.0,2.0,1.0,2.0,3.0,3.0,2.0,2.0,1.0,3.0,1.0,1.0,2.0,3.0,4.0,4.0,4.0,4.0,3.0,1.0,2.0,2.0,2.0,2.0,2.0,2.0,0.0,2.0,2.0,0.0,0.0,0.0,0.0,0.0,0.0,0.0,0.0,7.0,7.0,8.0,6.0,5.0,1.0,8.0,3.0,3.0,3.0,3.0,2.0,,4.0,6.0,3.0,2.0,2.0,2.0,2.0,2.0,2.0,,2.0,2.0,3.0,2.0,2.0,4.0,4.0,4.0,4.0,4.0,2.0,2.0,2.0,1.0,1.0,2.0,2.0,1.0,1.0,1.0,2.0,2.0,1.0,8.0,8.0,9.0,10.0,8.0,7.0,10.0,1.0,1.0,1.0,1.0,4.0,4.0,3.0,2.0,1.0,2.0,2.0,8.0,5.0,1.0,1.0,1.0,1.0,8.0,1.0,1.0,9.0,10.0,3.0,10.0,1.0,1.0,1.0,2.0,9.0,4.0,10.0,4.0,4.0,4.0,4.0,3.0,2.0,1.0,1.0,2.0,2.0,2.0,2.0,3.0,3.0,3.0,3.0,3.0,3.0,3.0,3.0,3.0,3.0,3.0,3.0,3.0,3.0,3.0,2.0,,4.0,4.0,1.0,2.0,,4.0,1.0,1.0,1.0,,,,4.0,1.0,3.0,,6.0,4.0,10.0,6.0,3.0,7.0,8.0,10.0,10.0,10.0,6.0,5.0,2.0,2.0,1.0,1.0,1.0,2.0,2.0
104071142,1.0,2.0,2.0,2.0,1.0,1.0,2.0,1.0,2.0,2.0,1.0,1.0,2.0,2.0,1.0,2.0,1.0,1.0,1.0,1.0,2.0,1.0,1.0,1.0,1.0,1.0,1.0,4.0,3.0,4.0,4.0,1.0,5.0,5.0,5.0,4.0,2.0,1.0,2.0,1.0,3.0,3.0,1.0,3.0,2.0,2.0,10.0,10.0,9.0,4.0,2.0,4.0,4.0,4.0,1.0,2.0,1.0,2.0,2.0,3.0,2.0,2.0,1.0,4.0,3.0,3.0,3.0,3.0,3.0,3.0,3.0,3.0,2.0,2.0,2.0,2.0,2.0,3.0,2.0,1.0,2.0,0.0,0.0,0.0,0.0,0.0,0.0,2.0,0.0,0.0,0.0,8.0,6.0,7.0,8.0,1.0,2.0,10.0,4.0,3.0,3.0,3.0,2.0,2.0,3.0,5.0,2.0,2.0,2.0,2.0,2.0,2.0,1.0,2.0,2.0,3.0,1.0,4.0,1.0,4.0,4.0,4.0,4.0,4.0,1.0,1.0,2.0,4.0,1.0,2.0,2.0,1.0,1.0,1.0,2.0,2.0,2.0,8.0,8.0,6.0,6.0,4.0,5.0,9.0,1.0,1.0,1.0,1.0,2.0,2.0,2.0,2.0,1.0,2.0,2.0,2.0,2.0,1.0,1.0,1.0,1.0,3.0,2.0,1.0,1.0,1.0,1.0,1.0,1.0,1.0,1.0,2.0,1.0,1.0,7.0,2.0,2.0,4.0,2.0,2.0,5.0,5.0,5.0,4.0,2.0,1.0,1.0,4.0,3.0,3.0,3.0,3.0,3.0,3.0,,3.0,3.0,,,,2.0,,2.0,2.0,2.0,2.0,2.0,2.0,2.0,4.0,2.0,2.0,1.0,4.0,3.0,2.0,2.0,2.0,3.0,,8.0,2.0,9.0,7.0,3.0,7.0,8.0,9.0,9.0,8.0,6.0,5.0,2.0,2.0,3.0,2.0,2.0,3.0,3.0
643071790,1.0,2.0,2.0,3.0,2.0,2.0,1.0,2.0,1.0,1.0,1.0,2.0,2.0,2.0,1.0,2.0,2.0,1.0,2.0,1.0,2.0,1.0,2.0,1.0,2.0,2.0,2.0,3.0,2.0,4.0,3.0,2.0,4.0,3.0,,5.0,5.0,2.0,3.0,3.0,4.0,,1.0,2.0,2.0,2.0,6.0,6.0,4.0,4.0,3.0,3.0,4.0,4.0,1.0,2.0,2.0,3.0,2.0,4.0,4.0,4.0,2.0,2.0,3.0,4.0,2.0,2.0,,4.0,4.0,4.0,,2.0,4.0,3.0,3.0,2.0,,3.0,0.0,0.0,0.0,0.0,0.0,0.0,0.0,0.0,0.0,0.0,0.0,7.0,5.0,3.0,5.0,5.0,1.0,7.0,4.0,3.0,4.0,2.0,2.0,1.0,4.0,7.0,3.0,2.0,2.0,2.0,2.0,2.0,2.0,1.0,2.0,3.0,2.0,3.0,3.0,3.0,4.0,4.0,4.0,4.0,1.0,1.0,2.0,3.0,3.0,2.0,2.0,1.0,2.0,3.0,1.0,2.0,,8.0,9.0,7.0,8.0,5.0,5.0,8.0,1.0,1.0,1.0,1.0,,2.0,4.0,2.0,1.0,2.0,2.0,5.0,4.0,5.0,1.0,3.0,2.0,1.0,1.0,2.0,2.0,7.0,1.0,4.0,1.0,1.0,1.0,1.0,3.0,1.0,3.0,2.0,3.0,2.0,3.0,2.0,5.0,2.0,2.0,5.0,5.0,2.0,2.0,2.0,2.0,3.0,2.0,2.0,3.0,2.0,3.0,3.0,1.0,3.0,3.0,3.0,2.0,2.0,3.0,2.0,2.0,,3.0,3.0,,,4.0,2.0,1.0,,3.0,,,,3.0,,1.0,1.0,6.0,7.0,8.0,,7.0,6.0,6.0,10.0,8.0,8.0,3.0,1.0,2.0,2.0,2.0,3.0,3.0
586070899,1.0,2.0,4.0,4.0,1.0,1.0,2.0,2.0,1.0,2.0,1.0,1.0,2.0,2.0,1.0,2.0,1.0,1.0,1.0,1.0,1.0,1.0,1.0,1.0,1.0,1.0,1.0,,1.0,1.0,1.0,1.0,1.0,1.0,1.0,4.0,4.0,1.0,1.0,1.0,1.0,2.0,1.0,1.0,1.0,1.0,10.0,1.0,1.0,4.0,3.0,3.0,3.0,3.0,3.0,,1.0,2.0,1.0,4.0,4.0,4.0,1.0,1.0,4.0,4.0,4.0,2.0,2.0,,,2.0,1.0,1.0,1.0,4.0,4.0,4.0,4.0,4.0,2.0,2.0,2.0,0.0,0.0,0.0,2.0,0.0,2.0,2.0,0.0,1.0,1.0,1.0,1.0,1.0,1.0,7.0,2.0,1.0,2.0,2.0,3.0,1.0,1.0,6.0,4.0,2.0,2.0,2.0,2.0,2.0,2.0,2.0,2.0,3.0,1.0,4.0,4.0,4.0,1.0,1.0,1.0,4.0,1.0,1.0,2.0,1.0,1.0,2.0,2.0,1.0,1.0,1.0,,,1.0,10.0,10.0,10.0,10.0,10.0,10.0,10.0,1.0,2.0,1.0,1.0,1.0,1.0,1.0,6.0,1.0,1.0,1.0,1.0,1.0,1.0,1.0,1.0,1.0,1.0,1.0,1.0,1.0,1.0,1.0,1.0,1.0,1.0,1.0,1.0,1.0,1.0,1.0,1.0,1.0,4.0,4.0,3.0,5.0,1.0,5.0,1.0,1.0,1.0,1.0,1.0,1.0,1.0,1.0,3.0,3.0,3.0,3.0,3.0,3.0,1.0,3.0,3.0,3.0,,4.0,1.0,1.0,1.0,1.0,1.0,1.0,1.0,1.0,4.0,1.0,3.0,1.0,1.0,4.0,4.0,1.0,,10.0,10.0,10.0,10.0,10.0,10.0,10.0,10.0,10.0,10.0,1.0,10.0,2.0,1.0,1.0,4.0,1.0,4.0,2.0
642070033,1.0,1.0,1.0,1.0,1.0,1.0,1.0,2.0,1.0,1.0,2.0,1.0,2.0,2.0,1.0,2.0,2.0,1.0,2.0,2.0,2.0,1.0,2.0,1.0,1.0,2.0,,1.0,4.0,4.0,4.0,,1.0,1.0,5.0,5.0,1.0,1.0,1.0,1.0,1.0,3.0,1.0,1.0,2.0,3.0,,6.0,5.0,4.0,4.0,4.0,2.0,4.0,1.0,2.0,1.0,2.0,2.0,3.0,4.0,2.0,1.0,1.0,1.0,1.0,1.0,1.0,1.0,1.0,2.0,2.0,2.0,1.0,1.0,1.0,3.0,3.0,,,0.0,0.0,0.0,0.0,0.0,0.0,0.0,0.0,0.0,0.0,0.0,,,10.0,1.0,1.0,,,2.0,2.0,1.0,1.0,,,1.0,8.0,4.0,,,2.0,,2.0,,,,2.0,1.0,4.0,2.0,,,,,,2.0,2.0,2.0,4.0,4.0,2.0,2.0,2.0,1.0,1.0,1.0,2.0,1.0,10.0,10.0,,,,9.0,10.0,1.0,1.0,2.0,1.0,,,2.0,1.0,1.0,2.0,2.0,,1.0,1.0,1.0,1.0,1.0,1.0,1.0,1.0,1.0,1.0,1.0,1.0,1.0,1.0,1.0,1.0,1.0,1.0,1.0,,,,4.0,3.0,5.0,1.0,1.0,,,,,,3.0,3.0,3.0,3.0,3.0,3.0,3.0,3.0,3.0,3.0,3.0,3.0,1.0,1.0,3.0,,,,,1.0,4.0,4.0,1.0,1.0,1.0,,1.0,1.0,,1.0,1.0,,,,,,,,,,,10.0,10.0,10.0,3.0,1.0,1.0,1.0,1.0,1.0,1.0
320070538,1.0,1.0,1.0,1.0,2.0,2.0,1.0,,,,1.0,1.0,,,1.0,,1.0,1.0,2.0,2.0,2.0,2.0,2.0,1.0,2.0,2.0,2.0,2.0,3.0,4.0,4.0,3.0,5.0,1.0,4.0,5.0,4.0,2.0,2.0,4.0,1.0,3.0,1.0,1.0,1.0,2.0,10.0,10.0,10.0,3.0,4.0,3.0,2.0,4.0,1.0,2.0,1.0,3.0,1.0,4.0,4.0,4.0,1.0,3.0,3.0,3.0,4.0,3.0,3.0,3.0,3.0,4.0,3.0,3.0,3.0,3.0,3.0,3.0,3.0,1.0,2.0,0.0,0.0,0.0,0.0,0.0,0.0,2.0,0.0,0.0,0.0,10.0,5.0,1.0,1.0,1.0,1.0,10.0,3.0,3.0,3.0,3.0,2.0,4.0,4.0,10.0,3.0,0.0,2.0,2.0,2.0,2.0,2.0,0.0,2.0,1.0,3.0,1.0,1.0,4.0,4.0,1.0,4.0,4.0,1.0,1.0,2.0,1.0,1.0,2.0,2.0,1.0,1.0,1.0,2.0,2.0,1.0,10.0,10.0,10.0,10.0,1.0,10.0,10.0,1.0,1.0,1.0,1.0,2.0,3.0,1.0,2.0,1.0,2.0,2.0,10.0,10.0,10.0,1.0,1.0,1.0,10.0,10.0,10.0,10.0,10.0,10.0,10.0,1.0,8.0,1.0,1.0,10.0,1.0,10.0,3.0,4.0,4.0,2.0,2.0,2.0,1.0,4.0,1.0,1.0,1.0,1.0,1.0,1.0,3.0,1.0,3.0,1.0,3.0,1.0,1.0,1.0,3.0,3.0,3.0,1.0,1.0,3.0,4.0,2.0,1.0,3.0,3.0,1.0,4.0,4.0,3.0,1.0,4.0,1.0,1.0,3.0,1.0,4.0,5.0,10.0,1.0,10.0,1.0,1.0,10.0,1.0,10.0,5.0,10.0,1.0,1.0,3.0,1.0,2.0,2.0,2.0,2.0,2.0
604070617,1.0,2.0,2.0,2.0,1.0,1.0,1.0,2.0,2.0,1.0,2.0,1.0,2.0,2.0,2.0,2.0,1.0,1.0,2.0,2.0,2.0,2.0,2.0,1.0,2.0,2.0,2.0,3.0,4.0,4.0,3.0,1.0,5.0,4.0,2.0,3.0,4.0,2.0,2.0,2.0,3.0,1.0,2.0,2.0,1.0,1.0,9.0,10.0,10.0,3.0,3.0,3.0,3.0,3.0,1.0,1.0,1.0,2.0,2.0,3.0,3.0,3.0,2.0,2.0,3.0,3.0,4.0,4.0,4.0,4.0,3.0,3.0,4.0,2.0,4.0,4.0,2.0,4.0,4.0,4.0,0.0,0.0,0.0,0.0,0.0,0.0,0.0,0.0,0.0,2.0,0.0,9.0,8.0,4.0,4.0,3.0,2.0,5.0,4.0,4.0,4.0,4.0,4.0,3.0,2.0,3.0,4.0,2.0,2.0,2.0,0.0,0.0,2.0,2.0,2.0,2.0,1.0,2.0,3.0,3.0,4.0,4.0,3.0,3.0,2.0,2.0,2.0,1.0,1.0,1.0,2.0,1.0,1.0,1.0,2.0,2.0,,5.0,5.0,5.0,5.0,5.0,5.0,10.0,1.0,1.0,1.0,1.0,3.0,3.0,1.0,2.0,1.0,1.0,2.0,3.0,8.0,4.0,1.0,1.0,1.0,4.0,3.0,3.0,5.0,5.0,3.0,7.0,3.0,1.0,1.0,1.0,5.0,1.0,5.0,2.0,,3.0,2.0,2.0,2.0,1.0,1.0,3.0,4.0,4.0,4.0,4.0,2.0,3.0,2.0,2.0,3.0,3.0,3.0,3.0,3.0,3.0,3.0,3.0,1.0,1.0,4.0,2.0,3.0,2.0,3.0,4.0,2.0,3.0,3.0,4.0,2.0,2.0,2.0,3.0,3.0,2.0,3.0,,8.0,5.0,8.0,8.0,7.0,7.0,5.0,6.0,7.0,9.0,3.0,1.0,4.0,1.0,1.0,1.0,1.0,1.0,1.0
158070057,1.0,2.0,1.0,1.0,2.0,4.0,1.0,1.0,1.0,1.0,2.0,2.0,1.0,2.0,2.0,2.0,2.0,1.0,2.0,2.0,2.0,2.0,2.0,1.0,2.0,2.0,2.0,4.0,2.0,4.0,3.0,2.0,2.0,1.0,5.0,2.0,2.0,2.0,1.0,1.0,2.0,3.0,1.0,1.0,1.0,1.0,9.0,10.0,10.0,4.0,4.0,3.0,3.0,4.0,2.0,2.0,1.0,3.0,1.0,3.0,4.0,3.0,3.0,2.0,3.0,2.0,4.0,4.0,4.0,4.0,4.0,4.0,4.0,4.0,4.0,2.0,2.0,4.0,3.0,1.0,0.0,1.0,1.0,0.0,0.0,0.0,0.0,2.0,2.0,1.0,1.0,8.0,6.0,3.0,2.0,2.0,1.0,10.0,2.0,2.0,2.0,3.0,3.0,1.0,2.0,8.0,4.0,2.0,2.0,0.0,0.0,2.0,2.0,0.0,0.0,3.0,1.0,4.0,3.0,4.0,4.0,4.0,4.0,4.0,1.0,2.0,2.0,4.0,4.0,2.0,2.0,3.0,3.0,3.0,1.0,2.0,1.0,8.0,8.0,2.0,3.0,3.0,8.0,1.0,2.0,2.0,2.0,2.0,4.0,4.0,7.0,7.0,3.0,2.0,2.0,6.0,7.0,3.0,2.0,1.0,1.0,6.0,1.0,6.0,6.0,8.0,1.0,10.0,1.0,8.0,1.0,1.0,1.0,1.0,8.0,4.0,4.0,4.0,2.0,3.0,3.0,1.0,1.0,3.0,5.0,2.0,2.0,5.0,2.0,2.0,1.0,3.0,1.0,3.0,2.0,3.0,1.0,2.0,3.0,3.0,1.0,1.0,2.0,4.0,1.0,2.0,3.0,3.0,3.0,4.0,1.0,1.0,3.0,4.0,2.0,2.0,2.0,1.0,4.0,9.0,8.0,2.0,10.0,8.0,1.0,9.0,7.0,2.0,10.0,9.0,9.0,7.0,3.0,2.0,2.0,2.0,2.0,2.0,2.0
762070476,1.0,2.0,3.0,2.0,2.0,2.0,2.0,2.0,2.0,1.0,1.0,2.0,2.0,2.0,1.0,1.0,2.0,1.0,2.0,1.0,1.0,,1.0,1.0,1.0,1.0,1.0,2.0,1.0,2.0,1.0,2.0,1.0,2.0,2.0,,1.0,1.0,1.0,1.0,2.0,1.0,1.0,1.0,1.0,1.0,6.0,6.0,6.0,4.0,4.0,4.0,4.0,4.0,1.0,2.0,1.0,2.0,4.0,4.0,4.0,4.0,3.0,1.0,3.0,2.0,2.0,2.0,2.0,2.0,2.0,2.0,2.0,2.0,2.0,2.0,2.0,2.0,2.0,2.0,1.0,2.0,2.0,2.0,1.0,2.0,2.0,2.0,2.0,1.0,2.0,7.0,8.0,3.0,6.0,2.0,2.0,3.0,,,,,,2.0,3.0,,3.0,1.0,1.0,1.0,1.0,1.0,1.0,1.0,1.0,3.0,1.0,4.0,4.0,4.0,4.0,4.0,4.0,4.0,2.0,2.0,2.0,4.0,4.0,2.0,2.0,4.0,4.0,4.0,1.0,2.0,1.0,8.0,7.0,5.0,6.0,9.0,8.0,6.0,1.0,2.0,2.0,1.0,1.0,4.0,1.0,7.0,2.0,2.0,2.0,5.0,2.0,2.0,2.0,2.0,3.0,,2.0,3.0,2.0,3.0,3.0,2.0,2.0,3.0,3.0,3.0,3.0,3.0,2.0,1.0,1.0,2.0,1.0,2.0,4.0,2.0,2.0,2.0,5.0,4.0,5.0,5.0,3.0,3.0,3.0,3.0,3.0,3.0,3.0,3.0,3.0,3.0,3.0,3.0,1.0,1.0,1.0,1.0,1.0,4.0,1.0,1.0,4.0,4.0,4.0,3.0,2.0,2.0,2.0,2.0,2.0,2.0,2.0,9.0,7.0,7.0,7.0,7.0,7.0,6.0,7.0,8.0,7.0,6.0,7.0,7.0,2.0,2.0,1.0,2.0,3.0,4.0,4.0
124074012,1.0,1.0,1.0,3.0,2.0,4.0,1.0,1.0,2.0,1.0,2.0,1.0,2.0,2.0,2.0,1.0,2.0,1.0,1.0,2.0,1.0,2.0,1.0,1.0,2.0,1.0,2.0,4.0,3.0,4.0,3.0,2.0,5.0,4.0,5.0,2.0,5.0,2.0,3.0,2.0,4.0,1.0,1.0,1.0,1.0,2.0,8.0,8.0,8.0,4.0,4.0,4.0,4.0,4.0,1.0,1.0,1.0,2.0,1.0,3.0,3.0,2.0,4.0,1.0,3.0,3.0,2.0,1.0,2.0,2.0,2.0,2.0,2.0,2.0,2.0,2.0,2.0,2.0,2.0,2.0,0.0,2.0,0.0,1.0,0.0,0.0,0.0,0.0,0.0,0.0,0.0,4.0,5.0,5.0,4.0,3.0,2.0,7.0,2.0,2.0,2.0,2.0,2.0,2.0,4.0,7.0,3.0,2.0,2.0,1.0,1.0,0.0,2.0,1.0,1.0,2.0,1.0,3.0,3.0,4.0,4.0,4.0,4.0,4.0,2.0,2.0,2.0,4.0,4.0,2.0,2.0,4.0,4.0,4.0,2.0,2.0,2.0,6.0,7.0,3.0,6.0,4.0,5.0,1.0,2.0,1.0,2.0,2.0,4.0,4.0,7.0,8.0,2.0,2.0,2.0,4.0,2.0,1.0,2.0,2.0,2.0,10.0,2.0,5.0,7.0,10.0,2.0,5.0,1.0,1.0,2.0,1.0,5.0,1.0,4.0,2.0,3.0,2.0,3.0,3.0,2.0,2.0,1.0,1.0,4.0,1.0,1.0,1.0,1.0,2.0,2.0,2.0,1.0,3.0,2.0,1.0,1.0,1.0,2.0,3.0,1.0,1.0,1.0,3.0,3.0,4.0,2.0,1.0,4.0,4.0,1.0,2.0,1.0,4.0,4.0,3.0,4.0,1.0,4.0,5.0,4.0,1.0,10.0,6.0,1.0,7.0,10.0,8.0,10.0,10.0,8.0,7.0,2.0,2.0,1.0,1.0,2.0,4.0,2.0
51070334,1.0,3.0,1.0,1.0,1.0,1.0,1.0,2.0,2.0,1.0,2.0,2.0,2.0,2.0,2.0,2.0,1.0,1.0,1.0,2.0,2.0,1.0,2.0,1.0,2.0,2.0,1.0,2.0,3.0,3.0,1.0,1.0,2.0,3.0,1.0,5.0,1.0,1.0,1.0,1.0,1.0,3.0,1.0,,1.0,3.0,4.0,8.0,3.0,4.0,4.0,2.0,2.0,4.0,3.0,2.0,1.0,2.0,1.0,3.0,,4.0,4.0,4.0,4.0,4.0,3.0,4.0,4.0,,,,4.0,4.0,4.0,4.0,4.0,4.0,4.0,3.0,1.0,0.0,0.0,0.0,0.0,0.0,0.0,0.0,0.0,0.0,0.0,9.0,10.0,1.0,1.0,10.0,2.0,10.0,3.0,3.0,1.0,4.0,4.0,3.0,5.0,3.0,3.0,0.0,0.0,2.0,2.0,2.0,0.0,2.0,2.0,4.0,4.0,4.0,1.0,2.0,2.0,,3.0,4.0,2.0,2.0,2.0,1.0,1.0,2.0,2.0,1.0,1.0,1.0,1.0,2.0,1.0,10.0,,10.0,10.0,1.0,10.0,10.0,1.0,2.0,2.0,2.0,1.0,1.0,7.0,1.0,1.0,2.0,1.0,1.0,1.0,5.0,1.0,1.0,1.0,1.0,1.0,1.0,1.0,1.0,1.0,1.0,5.0,6.0,1.0,1.0,1.0,5.0,6.0,1.0,1.0,3.0,1.0,1.0,5.0,1.0,5.0,5.0,5.0,5.0,5.0,1.0,2.0,3.0,3.0,3.0,3.0,3.0,1.0,3.0,3.0,3.0,2.0,3.0,1.0,1.0,4.0,4.0,4.0,1.0,4.0,4.0,,4.0,1.0,1.0,1.0,5.0,1.0,1.0,1.0,1.0,3.0,10.0,10.0,6.0,10.0,10.0,10.0,10.0,6.0,10.0,10.0,10.0,1.0,1.0,4.0,1.0,1.0,2.0,2.0,3.0,2.0
434070891,1.0,1.0,2.0,2.0,1.0,1.0,1.0,2.0,1.0,1.0,2.0,1.0,2.0,2.0,1.0,2.0,2.0,1.0,2.0,2.0,2.0,2.0,2.0,2.0,2.0,2.0,1.0,2.0,2.0,3.0,2.0,2.0,1.0,2.0,2.0,2.0,2.0,2.0,2.0,1.0,2.0,3.0,1.0,1.0,2.0,1.0,5.0,10.0,8.0,4.0,4.0,4.0,4.0,4.0,1.0,2.0,1.0,4.0,2.0,4.0,4.0,4.0,2.0,3.0,3.0,4.0,4.0,2.0,4.0,3.0,4.0,4.0,4.0,4.0,4.0,4.0,3.0,3.0,3.0,3.0,2.0,0.0,0.0,0.0,0.0,0.0,0.0,0.0,0.0,0.0,0.0,3.0,3.0,3.0,3.0,4.0,2.0,10.0,4.0,4.0,3.0,1.0,2.0,1.0,4.0,2.0,1.0,0.0,2.0,2.0,2.0,0.0,0.0,0.0,0.0,3.0,3.0,2.0,4.0,4.0,4.0,4.0,3.0,3.0,1.0,2.0,2.0,2.0,2.0,2.0,2.0,2.0,1.0,1.0,2.0,2.0,,10.0,10.0,10.0,10.0,8.0,6.0,10.0,1.0,2.0,1.0,1.0,2.0,3.0,1.0,1.0,2.0,2.0,2.0,4.0,10.0,3.0,1.0,1.0,1.0,1.0,1.0,1.0,1.0,1.0,1.0,1.0,1.0,1.0,1.0,1.0,1.0,1.0,6.0,1.0,3.0,2.0,3.0,2.0,4.0,4.0,4.0,1.0,5.0,1.0,1.0,1.0,3.0,3.0,3.0,2.0,2.0,3.0,3.0,2.0,3.0,3.0,3.0,3.0,3.0,3.0,3.0,3.0,2.0,1.0,1.0,1.0,2.0,1.0,3.0,2.0,2.0,3.0,4.0,3.0,4.0,4.0,3.0,6.0,1.0,10.0,6.0,4.0,4.0,5.0,2.0,2.0,6.0,5.0,10.0,3.0,2.0,1.0,1.0,1.0,1.0,2.0,3.0
586071317,1.0,1.0,1.0,2.0,1.0,1.0,1.0,2.0,2.0,2.0,2.0,2.0,1.0,1.0,2.0,1.0,1.0,1.0,2.0,1.0,1.0,1.0,2.0,1.0,2.0,2.0,1.0,3.0,2.0,3.0,3.0,1.0,2.0,1.0,1.0,1.0,1.0,1.0,1.0,1.0,1.0,3.0,1.0,3.0,1.0,2.0,9.0,9.0,10.0,4.0,4.0,4.0,4.0,4.0,2.0,2.0,1.0,1.0,1.0,2.0,2.0,2.0,1.0,1.0,2.0,2.0,2.0,2.0,1.0,1.0,2.0,2.0,1.0,1.0,1.0,1.0,1.0,1.0,1.0,1.0,0.0,0.0,0.0,0.0,,0.0,0.0,0.0,0.0,0.0,0.0,7.0,5.0,4.0,6.0,1.0,1.0,10.0,4.0,2.0,2.0,2.0,1.0,3.0,2.0,5.0,5.0,1.0,2.0,1.0,1.0,1.0,1.0,0.0,1.0,1.0,1.0,4.0,4.0,4.0,4.0,4.0,4.0,,1.0,1.0,2.0,,1.0,2.0,2.0,1.0,1.0,1.0,1.0,2.0,1.0,5.0,10.0,1.0,1.0,8.0,10.0,10.0,1.0,1.0,2.0,1.0,1.0,1.0,4.0,1.0,1.0,2.0,1.0,3.0,7.0,3.0,3.0,2.0,1.0,1.0,1.0,1.0,4.0,1.0,1.0,1.0,1.0,9.0,1.0,1.0,1.0,1.0,1.0,1.0,,,2.0,2.0,5.0,1.0,2.0,3.0,5.0,5.0,5.0,2.0,3.0,3.0,3.0,3.0,3.0,2.0,2.0,2.0,3.0,,,,1.0,1.0,1.0,3.0,3.0,1.0,,1.0,2.0,2.0,1.0,1.0,1.0,1.0,2.0,2.0,3.0,1.0,2.0,,10.0,10.0,10.0,10.0,10.0,8.0,10.0,10.0,10.0,10.0,9.0,10.0,1.0,1.0,1.0,1.0,1.0,,1.0
554070781,1.0,1.0,1.0,2.0,3.0,4.0,1.0,1.0,1.0,1.0,2.0,1.0,2.0,1.0,2.0,1.0,1.0,1.0,2.0,2.0,2.0,2.0,2.0,2.0,2.0,2.0,2.0,3.0,3.0,3.0,3.0,2.0,4.0,2.0,4.0,2.0,4.0,3.0,3.0,3.0,4.0,2.0,2.0,2.0,2.0,2.0,7.0,8.0,9.0,4.0,4.0,4.0,4.0,4.0,1.0,2.0,1.0,2.0,2.0,3.0,2.0,2.0,3.0,3.0,3.0,3.0,2.0,3.0,3.0,2.0,3.0,3.0,2.0,2.0,1.0,3.0,2.0,3.0,1.0,2.0,1.0,2.0,2.0,2.0,0.0,0.0,0.0,0.0,0.0,2.0,0.0,5.0,5.0,5.0,5.0,5.0,2.0,3.0,2.0,2.0,2.0,2.0,2.0,1.0,4.0,7.0,3.0,2.0,2.0,1.0,2.0,1.0,2.0,0.0,0.0,2.0,2.0,3.0,4.0,4.0,4.0,4.0,4.0,3.0,2.0,2.0,2.0,4.0,4.0,2.0,2.0,4.0,4.0,4.0,1.0,1.0,1.0,5.0,5.0,5.0,5.0,5.0,8.0,4.0,,,2.0,,3.0,3.0,4.0,7.0,2.0,1.0,1.0,8.0,7.0,7.0,3.0,7.0,5.0,10.0,10.0,10.0,10.0,10.0,,,1.0,1.0,1.0,5.0,8.0,3.0,5.0,1.0,3.0,3.0,2.0,1.0,2.0,4.0,1.0,1.0,1.0,1.0,1.0,1.0,1.0,2.0,2.0,2.0,1.0,2.0,2.0,1.0,1.0,2.0,2.0,2.0,2.0,1.0,1.0,4.0,4.0,4.0,2.0,1.0,4.0,4.0,1.0,1.0,2.0,3.0,3.0,2.0,3.0,1.0,4.0,5.0,5.0,1.0,10.0,10.0,8.0,8.0,2.0,9.0,10.0,8.0,9.0,8.0,3.0,1.0,1.0,1.0,1.0,3.0,3.0
702071860,1.0,3.0,2.0,4.0,3.0,4.0,1.0,1.0,1.0,2.0,2.0,1.0,2.0,1.0,2.0,2.0,2.0,1.0,1.0,1.0,1.0,1.0,2.0,1.0,2.0,1.0,2.0,2.0,2.0,2.0,3.0,3.0,4.0,2.0,4.0,4.0,4.0,2.0,2.0,4.0,2.0,2.0,3.0,2.0,3.0,4.0,7.0,5.0,4.0,4.0,4.0,4.0,4.0,4.0,3.0,2.0,2.0,3.0,2.0,3.0,3.0,4.0,2.0,1.0,1.0,1.0,2.0,2.0,1.0,2.0,2.0,2.0,1.0,2.0,2.0,3.0,2.0,2.0,2.0,2.0,1.0,0.0,0.0,0.0,0.0,0.0,0.0,0.0,0.0,0.0,0.0,7.0,6.0,1.0,5.0,5.0,1.0,5.0,2.0,2.0,,2.0,2.0,1.0,2.0,5.0,2.0,2.0,0.0,2.0,0.0,2.0,1.0,2.0,2.0,3.0,1.0,4.0,4.0,4.0,4.0,4.0,4.0,4.0,2.0,2.0,,1.0,1.0,2.0,2.0,1.0,1.0,1.0,1.0,2.0,1.0,8.0,8.0,8.0,7.0,5.0,7.0,5.0,1.0,1.0,1.0,1.0,3.0,3.0,5.0,6.0,2.0,2.0,1.0,7.0,9.0,3.0,1.0,1.0,1.0,10.0,10.0,1.0,10.0,10.0,10.0,1.0,1.0,10.0,1.0,1.0,1.0,1.0,10.0,2.0,4.0,2.0,4.0,3.0,5.0,5.0,5.0,1.0,1.0,1.0,1.0,2.0,3.0,3.0,3.0,3.0,1.0,1.0,3.0,3.0,3.0,3.0,3.0,3.0,,1.0,2.0,2.0,1.0,4.0,1.0,1.0,4.0,4.0,1.0,1.0,3.0,2.0,2.0,3.0,3.0,2.0,4.0,5.0,10.0,3.0,10.0,10.0,9.0,9.0,10.0,9.0,10.0,5.0,4.0,4.0,2.0,2.0,,,1.0,3.0,3.0
404070339,1.0,1.0,3.0,4.0,1.0,1.0,1.0,2.0,1.0,1.0,2.0,1.0,2.0,2.0,1.0,2.0,2.0,1.0,2.0,2.0,2.0,2.0,2.0,2.0,2.0,2.0,2.0,3.0,2.0,4.0,4.0,4.0,2.0,2.0,2.0,4.0,2.0,2.0,2.0,2.0,2.0,1.0,1.0,1.0,1.0,1.0,5.0,7.0,7.0,4.0,2.0,1.0,2.0,1.0,1.0,2.0,1.0,4.0,3.0,4.0,2.0,2.0,2.0,2.0,3.0,3.0,2.0,3.0,3.0,3.0,3.0,3.0,2.0,2.0,3.0,3.0,2.0,3.0,3.0,2.0,2.0,2.0,2.0,2.0,0.0,2.0,0.0,2.0,2.0,0.0,0.0,7.0,8.0,8.0,3.0,5.0,2.0,7.0,3.0,2.0,2.0,3.0,3.0,2.0,4.0,6.0,2.0,2.0,0.0,0.0,2.0,0.0,0.0,2.0,0.0,3.0,2.0,1.0,1.0,1.0,1.0,1.0,1.0,1.0,1.0,1.0,2.0,3.0,3.0,2.0,2.0,1.0,1.0,1.0,1.0,2.0,1.0,7.0,3.0,8.0,3.0,7.0,5.0,10.0,1.0,1.0,1.0,1.0,1.0,4.0,3.0,1.0,1.0,2.0,2.0,6.0,1.0,1.0,1.0,1.0,1.0,1.0,1.0,1.0,1.0,10.0,1.0,10.0,1.0,10.0,8.0,9.0,9.0,1.0,9.0,4.0,4.0,4.0,1.0,2.0,1.0,1.0,1.0,1.0,1.0,1.0,1.0,1.0,2.0,2.0,2.0,3.0,2.0,3.0,3.0,2.0,2.0,2.0,2.0,2.0,3.0,3.0,2.0,1.0,1.0,1.0,2.0,2.0,2.0,1.0,2.0,2.0,1.0,2.0,1.0,1.0,4.0,1.0,1.0,8.0,4.0,9.0,3.0,9.0,2.0,10.0,9.0,9.0,10.0,10.0,7.0,9.0,1.0,1.0,2.0,2.0,2.0,3.0,3.0
788071020,1.0,2.0,2.0,3.0,1.0,1.0,1.0,1.0,2.0,1.0,2.0,2.0,2.0,2.0,2.0,2.0,1.0,2.0,2.0,2.0,2.0,2.0,2.0,1.0,1.0,2.0,1.0,1.0,4.0,4.0,3.0,2.0,2.0,1.0,3.0,,3.0,1.0,1.0,2.0,2.0,1.0,1.0,3.0,2.0,3.0,9.0,9.0,10.0,4.0,4.0,1.0,4.0,4.0,1.0,2.0,2.0,1.0,1.0,3.0,2.0,3.0,3.0,2.0,4.0,3.0,2.0,4.0,3.0,4.0,4.0,4.0,4.0,2.0,3.0,4.0,4.0,3.0,2.0,3.0,0.0,0.0,0.0,0.0,0.0,0.0,0.0,0.0,0.0,0.0,0.0,5.0,10.0,1.0,1.0,1.0,1.0,10.0,4.0,2.0,1.0,2.0,3.0,4.0,1.0,10.0,1.0,2.0,0.0,2.0,2.0,2.0,1.0,2.0,2.0,3.0,1.0,4.0,3.0,2.0,1.0,1.0,1.0,2.0,2.0,2.0,2.0,1.0,1.0,2.0,2.0,2.0,1.0,1.0,2.0,2.0,1.0,10.0,1.0,1.0,3.0,2.0,10.0,10.0,1.0,1.0,1.0,1.0,1.0,3.0,1.0,1.0,2.0,2.0,2.0,9.0,2.0,2.0,1.0,1.0,1.0,1.0,1.0,1.0,6.0,1.0,1.0,1.0,1.0,8.0,1.0,1.0,1.0,1.0,10.0,4.0,4.0,2.0,2.0,1.0,3.0,1.0,5.0,5.0,5.0,5.0,5.0,5.0,1.0,1.0,1.0,1.0,1.0,3.0,3.0,1.0,3.0,3.0,3.0,3.0,1.0,1.0,3.0,3.0,1.0,1.0,2.0,2.0,1.0,4.0,4.0,1.0,1.0,4.0,2.0,2.0,1.0,1.0,4.0,8.0,10.0,1.0,10.0,10.0,10.0,5.0,10.0,2.0,9.0,9.0,1.0,1.0,2.0,2.0,1.0,1.0,3.0,3.0,3.0
170075661,1.0,3.0,1.0,4.0,2.0,1.0,1.0,2.0,2.0,1.0,2.0,1.0,1.0,2.0,1.0,2.0,2.0,1.0,2.0,2.0,1.0,1.0,2.0,2.0,2.0,2.0,1.0,3.0,3.0,3.0,2.0,1.0,3.0,1.0,4.0,5.0,2.0,1.0,4.0,2.0,2.0,3.0,1.0,1.0,1.0,2.0,10.0,10.0,10.0,4.0,4.0,3.0,3.0,4.0,2.0,2.0,1.0,1.0,2.0,3.0,3.0,3.0,1.0,2.0,3.0,3.0,3.0,3.0,3.0,1.0,4.0,3.0,3.0,3.0,3.0,3.0,3.0,3.0,3.0,1.0,0.0,0.0,0.0,0.0,0.0,0.0,0.0,0.0,0.0,0.0,0.0,1.0,9.0,1.0,1.0,1.0,2.0,10.0,2.0,2.0,2.0,2.0,2.0,2.0,4.0,1.0,1.0,2.0,0.0,2.0,0.0,2.0,0.0,2.0,2.0,3.0,1.0,4.0,4.0,4.0,4.0,4.0,4.0,4.0,1.0,1.0,1.0,1.0,1.0,2.0,2.0,1.0,1.0,2.0,1.0,2.0,1.0,9.0,10.0,2.0,2.0,8.0,9.0,10.0,1.0,1.0,2.0,1.0,2.0,2.0,3.0,3.0,1.0,2.0,1.0,10.0,3.0,9.0,3.0,1.0,1.0,1.0,1.0,1.0,1.0,1.0,1.0,1.0,3.0,1.0,1.0,3.0,1.0,1.0,5.0,1.0,1.0,1.0,2.0,2.0,5.0,1.0,3.0,5.0,5.0,2.0,1.0,2.0,2.0,2.0,2.0,3.0,1.0,2.0,2.0,1.0,2.0,3.0,1.0,3.0,1.0,1.0,3.0,3.0,2.0,1.0,1.0,2.0,1.0,3.0,3.0,1.0,1.0,4.0,4.0,4.0,4.0,1.0,2.0,5.0,9.0,8.0,9.0,8.0,9.0,8.0,5.0,5.0,10.0,10.0,8.0,5.0,1.0,1.0,2.0,2.0,1.0,2.0,2.0
68071656,1.0,4.0,1.0,3.0,1.0,1.0,1.0,2.0,1.0,2.0,2.0,1.0,2.0,2.0,1.0,2.0,1.0,1.0,2.0,2.0,2.0,2.0,2.0,2.0,2.0,2.0,1.0,2.0,3.0,3.0,3.0,2.0,4.0,2.0,2.0,4.0,2.0,2.0,2.0,2.0,2.0,3.0,1.0,1.0,3.0,3.0,7.0,5.0,4.0,3.0,4.0,4.0,1.0,4.0,2.0,2.0,3.0,4.0,4.0,4.0,4.0,4.0,1.0,4.0,4.0,4.0,4.0,4.0,4.0,2.0,3.0,4.0,4.0,2.0,4.0,4.0,4.0,3.0,3.0,2.0,2.0,0.0,0.0,2.0,0.0,0.0,0.0,2.0,0.0,1.0,2.0,8.0,7.0,8.0,4.0,1.0,1.0,9.0,4.0,3.0,3.0,3.0,2.0,3.0,4.0,8.0,1.0,2.0,,2.0,1.0,2.0,,2.0,2.0,3.0,4.0,2.0,2.0,4.0,2.0,2.0,1.0,1.0,1.0,2.0,2.0,2.0,1.0,2.0,2.0,4.0,1.0,1.0,1.0,2.0,2.0,8.0,7.0,5.0,5.0,8.0,5.0,10.0,1.0,1.0,1.0,1.0,2.0,2.0,1.0,1.0,1.0,2.0,2.0,5.0,4.0,1.0,1.0,1.0,1.0,2.0,4.0,1.0,1.0,5.0,1.0,1.0,1.0,3.0,2.0,4.0,1.0,1.0,1.0,3.0,3.0,4.0,4.0,3.0,3.0,1.0,1.0,5.0,4.0,5.0,5.0,3.0,3.0,3.0,3.0,1.0,2.0,3.0,3.0,3.0,3.0,3.0,3.0,3.0,1.0,1.0,4.0,3.0,3.0,2.0,3.0,4.0,2.0,2.0,1.0,1.0,3.0,,3.0,2.0,4.0,1.0,4.0,5.0,,3.0,7.0,6.0,3.0,9.0,5.0,4.0,7.0,8.0,8.0,8.0,3.0,1.0,1.0,1.0,1.0,3.0,4.0
586071636,1.0,1.0,4.0,4.0,1.0,1.0,1.0,2.0,2.0,2.0,2.0,2.0,2.0,2.0,1.0,1.0,2.0,2.0,2.0,2.0,2.0,2.0,2.0,1.0,2.0,2.0,1.0,1.0,3.0,1.0,1.0,2.0,1.0,1.0,1.0,1.0,1.0,1.0,1.0,1.0,2.0,3.0,,3.0,1.0,1.0,10.0,10.0,10.0,4.0,4.0,4.0,4.0,4.0,2.0,1.0,1.0,1.0,1.0,1.0,4.0,3.0,1.0,4.0,3.0,2.0,1.0,4.0,1.0,1.0,1.0,1.0,4.0,1.0,1.0,1.0,2.0,,,1.0,,,,,,,,,,,,10.0,4.0,4.0,5.0,6.0,1.0,10.0,3.0,3.0,3.0,3.0,2.0,3.0,4.0,6.0,3.0,2.0,0.0,2.0,0.0,1.0,0.0,2.0,0.0,4.0,1.0,4.0,,4.0,4.0,4.0,4.0,4.0,2.0,2.0,2.0,1.0,1.0,2.0,2.0,1.0,1.0,1.0,1.0,1.0,1.0,8.0,9.0,4.0,5.0,6.0,10.0,10.0,1.0,2.0,1.0,1.0,1.0,1.0,3.0,1.0,1.0,2.0,1.0,6.0,7.0,1.0,1.0,1.0,1.0,1.0,1.0,,1.0,1.0,1.0,1.0,1.0,1.0,1.0,1.0,1.0,1.0,1.0,1.0,2.0,4.0,2.0,2.0,5.0,1.0,5.0,5.0,5.0,5.0,,,3.0,,,3.0,3.0,3.0,,,,,,3.0,1.0,1.0,3.0,3.0,4.0,4.0,3.0,4.0,3.0,3.0,4.0,4.0,2.0,2.0,1.0,3.0,4.0,4.0,4.0,,3.0,4.0,6.0,6.0,6.0,5.0,5.0,7.0,4.0,5.0,10.0,9.0,4.0,1.0,1.0,1.0,1.0,2.0,3.0
231070172,1.0,2.0,1.0,3.0,1.0,1.0,1.0,2.0,2.0,2.0,2.0,2.0,2.0,1.0,1.0,2.0,1.0,1.0,2.0,1.0,1.0,1.0,2.0,2.0,2.0,2.0,2.0,2.0,2.0,3.0,1.0,1.0,4.0,4.0,4.0,4.0,2.0,2.0,4.0,2.0,2.0,3.0,1.0,1.0,2.0,2.0,6.0,7.0,5.0,3.0,4.0,4.0,3.0,4.0,1.0,1.0,1.0,1.0,1.0,2.0,2.0,2.0,1.0,2.0,4.0,2.0,,2.0,2.0,3.0,,,,3.0,3.0,2.0,2.0,2.0,2.0,2.0,1.0,0.0,0.0,0.0,0.0,0.0,0.0,0.0,0.0,0.0,0.0,3.0,4.0,9.0,2.0,2.0,2.0,5.0,2.0,2.0,2.0,2.0,,2.0,2.0,9.0,4.0,0.0,2.0,0.0,0.0,0.0,0.0,0.0,0.0,1.0,2.0,4.0,4.0,4.0,4.0,4.0,4.0,4.0,2.0,2.0,2.0,1.0,1.0,2.0,2.0,2.0,2.0,2.0,2.0,1.0,1.0,9.0,9.0,9.0,5.0,2.0,9.0,10.0,1.0,1.0,1.0,1.0,1.0,3.0,1.0,1.0,1.0,1.0,1.0,5.0,1.0,1.0,1.0,1.0,1.0,1.0,1.0,1.0,1.0,1.0,1.0,1.0,1.0,7.0,1.0,1.0,1.0,1.0,8.0,1.0,1.0,1.0,4.0,2.0,5.0,4.0,4.0,3.0,5.0,5.0,5.0,1.0,3.0,3.0,3.0,3.0,3.0,3.0,3.0,3.0,3.0,3.0,3.0,3.0,2.0,2.0,4.0,2.0,,,,,,1.0,,3.0,2.0,3.0,2.0,2.0,2.0,1.0,1.0,5.0,1.0,1.0,5.0,5.0,1.0,5.0,1.0,1.0,1.0,,6.0,8.0,3.0,1.0,2.0,2.0,2.0,2.0,2.0
909070152,1.0,1.0,1.0,3.0,2.0,1.0,1.0,2.0,1.0,2.0,1.0,2.0,2.0,2.0,1.0,2.0,2.0,1.0,2.0,2.0,2.0,2.0,2.0,2.0,2.0,2.0,2.0,4.0,4.0,4.0,4.0,2.0,5.0,4.0,5.0,4.0,4.0,2.0,2.0,2.0,4.0,2.0,2.0,1.0,2.0,2.0,10.0,10.0,8.0,4.0,4.0,4.0,4.0,4.0,1.0,1.0,1.0,2.0,1.0,2.0,1.0,1.0,1.0,1.0,3.0,3.0,2.0,2.0,2.0,3.0,3.0,3.0,2.0,2.0,3.0,3.0,2.0,2.0,2.0,2.0,2.0,2.0,1.0,1.0,1.0,1.0,1.0,1.0,1.0,1.0,1.0,10.0,7.0,8.0,1.0,1.0,1.0,8.0,4.0,3.0,2.0,2.0,2.0,1.0,,3.0,4.0,2.0,1.0,1.0,0.0,0.0,2.0,0.0,1.0,2.0,2.0,4.0,3.0,3.0,3.0,3.0,3.0,3.0,,,,4.0,4.0,,,4.0,4.0,4.0,1.0,1.0,,7.0,9.0,3.0,3.0,8.0,10.0,10.0,1.0,1.0,1.0,1.0,2.0,3.0,2.0,2.0,1.0,,,10.0,1.0,1.0,1.0,1.0,1.0,7.0,1.0,5.0,5.0,5.0,5.0,1.0,,1.0,1.0,1.0,5.0,1.0,5.0,1.0,4.0,4.0,2.0,3.0,1.0,1.0,1.0,1.0,5.0,1.0,1.0,1.0,1.0,3.0,3.0,3.0,1.0,2.0,3.0,2.0,1.0,3.0,3.0,3.0,1.0,1.0,2.0,3.0,3.0,3.0,1.0,2.0,4.0,4.0,4.0,,1.0,4.0,4.0,1.0,4.0,1.0,4.0,5.0,10.0,1.0,10.0,10.0,1.0,10.0,10.0,10.0,10.0,10.0,5.0,1.0,2.0,,1.0,3.0,3.0,3.0,3.0
716070023,1.0,2.0,2.0,4.0,1.0,1.0,1.0,1.0,1.0,2.0,2.0,1.0,1.0,2.0,2.0,2.0,2.0,1.0,2.0,1.0,2.0,1.0,2.0,1.0,2.0,2.0,1.0,3.0,2.0,4.0,4.0,1.0,4.0,1.0,1.0,5.0,4.0,1.0,1.0,2.0,1.0,2.0,2.0,1.0,3.0,1.0,4.0,9.0,6.0,3.0,4.0,4.0,4.0,4.0,1.0,2.0,1.0,2.0,1.0,4.0,3.0,3.0,1.0,4.0,3.0,3.0,1.0,3.0,1.0,1.0,4.0,3.0,1.0,3.0,4.0,1.0,1.0,1.0,1.0,1.0,1.0,0.0,0.0,0.0,0.0,0.0,0.0,0.0,0.0,0.0,0.0,10.0,10.0,1.0,1.0,1.0,2.0,10.0,3.0,2.0,2.0,3.0,2.0,3.0,1.0,10.0,1.0,2.0,2.0,0.0,2.0,2.0,2.0,0.0,2.0,3.0,2.0,2.0,1.0,3.0,3.0,2.0,3.0,1.0,2.0,1.0,2.0,1.0,,2.0,2.0,3.0,3.0,1.0,1.0,2.0,2.0,5.0,5.0,2.0,9.0,1.0,10.0,10.0,1.0,2.0,1.0,1.0,3.0,3.0,1.0,1.0,1.0,2.0,2.0,8.0,1.0,1.0,1.0,1.0,1.0,1.0,1.0,1.0,1.0,1.0,1.0,1.0,1.0,5.0,1.0,1.0,1.0,1.0,1.0,4.0,4.0,4.0,4.0,3.0,3.0,2.0,3.0,5.0,5.0,5.0,5.0,5.0,3.0,3.0,3.0,3.0,3.0,3.0,3.0,2.0,3.0,3.0,3.0,3.0,3.0,3.0,4.0,4.0,4.0,4.0,4.0,4.0,1.0,1.0,1.0,4.0,1.0,5.0,4.0,1.0,4.0,1.0,4.0,,8.0,3.0,2.0,9.0,2.0,3.0,3.0,8.0,2.0,2.0,1.0,3.0,2.0,1.0,1.0,3.0,1.0,3.0,3.0
360072710,1.0,1.0,1.0,3.0,2.0,1.0,1.0,1.0,2.0,1.0,2.0,1.0,2.0,2.0,1.0,2.0,2.0,1.0,2.0,1.0,2.0,1.0,1.0,1.0,1.0,2.0,1.0,3.0,2.0,3.0,3.0,1.0,2.0,1.0,2.0,4.0,2.0,1.0,2.0,2.0,2.0,1.0,1.0,1.0,2.0,3.0,9.0,8.0,8.0,4.0,3.0,4.0,4.0,4.0,1.0,1.0,2.0,2.0,2.0,3.0,3.0,3.0,1.0,2.0,2.0,2.0,3.0,2.0,2.0,2.0,3.0,3.0,2.0,3.0,2.0,3.0,2.0,2.0,2.0,3.0,2.0,0.0,2.0,0.0,0.0,0.0,0.0,0.0,0.0,0.0,,8.0,8.0,2.0,2.0,2.0,1.0,9.0,3.0,2.0,3.0,2.0,2.0,1.0,4.0,8.0,3.0,0.0,2.0,0.0,2.0,0.0,2.0,0.0,2.0,3.0,2.0,3.0,3.0,4.0,4.0,2.0,3.0,4.0,2.0,1.0,2.0,2.0,1.0,2.0,2.0,1.0,1.0,1.0,2.0,2.0,1.0,9.0,8.0,3.0,7.0,3.0,8.0,10.0,1.0,1.0,1.0,1.0,1.0,1.0,2.0,1.0,1.0,1.0,1.0,9.0,3.0,3.0,1.0,3.0,2.0,1.0,1.0,3.0,7.0,1.0,1.0,1.0,3.0,4.0,1.0,1.0,1.0,1.0,9.0,1.0,2.0,2.0,3.0,2.0,5.0,1.0,4.0,4.0,,,,4.0,2.0,2.0,2.0,2.0,2.0,2.0,2.0,2.0,,,,,1.0,1.0,1.0,2.0,2.0,2.0,2.0,2.0,3.0,4.0,2.0,2.0,1.0,1.0,2.0,2.0,2.0,1.0,2.0,8.0,9.0,9.0,10.0,3.0,8.0,10.0,3.0,10.0,9.0,10.0,8.0,8.0,2.0,1.0,1.0,1.0,1.0,2.0,3.0
704070144,1.0,3.0,2.0,3.0,3.0,3.0,1.0,1.0,1.0,1.0,1.0,2.0,2.0,2.0,2.0,2.0,2.0,1.0,1.0,1.0,1.0,1.0,1.0,1.0,1.0,1.0,2.0,2.0,3.0,3.0,2.0,2.0,1.0,1.0,2.0,2.0,3.0,1.0,1.0,1.0,1.0,1.0,2.0,2.0,3.0,3.0,6.0,5.0,5.0,2.0,4.0,3.0,3.0,4.0,1.0,2.0,3.0,3.0,4.0,4.0,4.0,4.0,2.0,2.0,2.0,2.0,4.0,3.0,4.0,3.0,2.0,4.0,3.0,2.0,2.0,2.0,4.0,4.0,3.0,4.0,0.0,0.0,0.0,0.0,0.0,0.0,0.0,0.0,0.0,0.0,0.0,5.0,5.0,7.0,5.0,3.0,1.0,5.0,2.0,2.0,2.0,2.0,4.0,2.0,4.0,6.0,5.0,2.0,1.0,0.0,1.0,1.0,1.0,1.0,2.0,3.0,2.0,4.0,2.0,1.0,3.0,3.0,3.0,2.0,1.0,1.0,2.0,3.0,2.0,2.0,2.0,2.0,3.0,3.0,1.0,1.0,1.0,10.0,10.0,8.0,8.0,8.0,7.0,5.0,2.0,2.0,2.0,2.0,3.0,3.0,6.0,7.0,3.0,2.0,2.0,8.0,5.0,6.0,3.0,5.0,2.0,6.0,7.0,5.0,6.0,7.0,6.0,3.0,5.0,5.0,5.0,5.0,6.0,6.0,8.0,3.0,3.0,3.0,4.0,3.0,5.0,5.0,5.0,4.0,4.0,4.0,4.0,3.0,2.0,3.0,3.0,3.0,3.0,3.0,3.0,2.0,3.0,3.0,,,2.0,3.0,3.0,3.0,2.0,2.0,3.0,3.0,3.0,4.0,2.0,3.0,3.0,3.0,,,,,,,9.0,5.0,7.0,6.0,4.0,7.0,8.0,5.0,8.0,8.0,7.0,7.0,3.0,3.0,1.0,2.0,2.0,3.0,3.0
504070012,1.0,1.0,1.0,2.0,1.0,1.0,1.0,2.0,1.0,1.0,2.0,1.0,2.0,2.0,1.0,2.0,2.0,1.0,2.0,2.0,1.0,1.0,2.0,1.0,1.0,1.0,2.0,1.0,1.0,1.0,4.0,3.0,2.0,1.0,1.0,,5.0,1.0,1.0,1.0,1.0,3.0,1.0,1.0,2.0,3.0,5.0,5.0,5.0,4.0,4.0,2.0,2.0,4.0,3.0,2.0,1.0,2.0,1.0,2.0,2.0,2.0,2.0,2.0,2.0,2.0,2.0,2.0,2.0,2.0,2.0,2.0,2.0,2.0,2.0,3.0,3.0,3.0,3.0,3.0,0.0,0.0,0.0,0.0,0.0,0.0,0.0,0.0,0.0,0.0,0.0,10.0,1.0,1.0,1.0,6.0,2.0,2.0,2.0,2.0,2.0,2.0,2.0,2.0,5.0,5.0,2.0,0.0,0.0,2.0,0.0,2.0,0.0,2.0,2.0,3.0,3.0,2.0,2.0,4.0,4.0,1.0,1.0,1.0,1.0,1.0,2.0,4.0,3.0,2.0,1.0,1.0,1.0,3.0,2.0,2.0,1.0,10.0,7.0,5.0,5.0,3.0,7.0,10.0,1.0,1.0,1.0,1.0,1.0,1.0,4.0,1.0,1.0,2.0,1.0,3.0,1.0,1.0,1.0,1.0,1.0,1.0,1.0,1.0,8.0,1.0,1.0,1.0,1.0,8.0,1.0,1.0,1.0,1.0,8.0,1.0,3.0,2.0,4.0,3.0,5.0,1.0,5.0,5.0,5.0,5.0,5.0,5.0,2.0,1.0,3.0,3.0,2.0,2.0,3.0,3.0,2.0,2.0,3.0,3.0,2.0,2.0,1.0,4.0,2.0,3.0,1.0,1.0,4.0,4.0,1.0,3.0,1.0,3.0,4.0,4.0,4.0,1.0,4.0,6.0,10.0,1.0,10.0,10.0,10.0,10.0,10.0,10.0,10.0,10.0,8.0,7.0,1.0,1.0,1.0,1.0,1.0,1.0,1.0
50070989,1.0,1.0,1.0,2.0,1.0,1.0,1.0,2.0,2.0,1.0,2.0,1.0,1.0,2.0,1.0,2.0,2.0,2.0,1.0,2.0,2.0,2.0,1.0,2.0,2.0,2.0,1.0,1.0,1.0,,2.0,1.0,1.0,1.0,2.0,5.0,1.0,1.0,1.0,1.0,1.0,3.0,1.0,1.0,1.0,3.0,10.0,9.0,6.0,3.0,4.0,3.0,2.0,3.0,1.0,2.0,1.0,1.0,2.0,2.0,3.0,3.0,1.0,1.0,1.0,1.0,2.0,2.0,2.0,1.0,1.0,1.0,1.0,1.0,1.0,1.0,1.0,2.0,2.0,2.0,1.0,0.0,0.0,0.0,0.0,0.0,0.0,0.0,0.0,2.0,0.0,1.0,1.0,1.0,3.0,1.0,1.0,8.0,3.0,2.0,3.0,3.0,2.0,1.0,2.0,9.0,5.0,2.0,,2.0,0.0,2.0,2.0,2.0,2.0,3.0,2.0,3.0,4.0,3.0,4.0,4.0,4.0,3.0,1.0,1.0,2.0,3.0,1.0,2.0,2.0,1.0,1.0,1.0,2.0,2.0,1.0,7.0,8.0,8.0,7.0,4.0,5.0,10.0,1.0,1.0,1.0,1.0,1.0,1.0,1.0,3.0,1.0,1.0,1.0,1.0,1.0,1.0,1.0,1.0,1.0,1.0,1.0,1.0,1.0,1.0,1.0,1.0,1.0,1.0,1.0,1.0,1.0,1.0,1.0,1.0,2.0,3.0,2.0,2.0,3.0,1.0,5.0,5.0,5.0,5.0,5.0,1.0,3.0,3.0,3.0,3.0,3.0,2.0,3.0,3.0,3.0,3.0,2.0,3.0,1.0,1.0,1.0,3.0,3.0,3.0,3.0,1.0,4.0,,2.0,2.0,1.0,2.0,4.0,1.0,3.0,1.0,3.0,3.0,10.0,10.0,10.0,1.0,7.0,10.0,10.0,10.0,10.0,10.0,8.0,7.0,1.0,2.0,1.0,1.0,2.0,3.0,4.0
32070272,1.0,1.0,2.0,4.0,1.0,3.0,1.0,2.0,1.0,2.0,2.0,2.0,1.0,1.0,2.0,1.0,2.0,1.0,2.0,2.0,2.0,2.0,2.0,2.0,2.0,2.0,2.0,4.0,4.0,4.0,4.0,1.0,4.0,4.0,3.0,3.0,4.0,4.0,2.0,2.0,3.0,3.0,2.0,2.0,2.0,2.0,8.0,8.0,8.0,4.0,4.0,4.0,2.0,4.0,2.0,2.0,1.0,2.0,1.0,4.0,2.0,2.0,3.0,2.0,2.0,2.0,4.0,2.0,3.0,3.0,4.0,3.0,4.0,2.0,3.0,2.0,2.0,2.0,1.0,2.0,0.0,0.0,0.0,0.0,0.0,0.0,0.0,0.0,0.0,0.0,0.0,4.0,8.0,3.0,8.0,3.0,2.0,9.0,1.0,1.0,2.0,1.0,2.0,1.0,3.0,1.0,1.0,2.0,2.0,1.0,2.0,0.0,1.0,2.0,1.0,3.0,4.0,2.0,3.0,3.0,4.0,4.0,4.0,4.0,1.0,1.0,2.0,2.0,1.0,2.0,1.0,3.0,3.0,3.0,2.0,2.0,2.0,8.0,6.0,7.0,6.0,8.0,8.0,5.0,1.0,1.0,2.0,1.0,4.0,3.0,6.0,7.0,1.0,2.0,1.0,9.0,8.0,1.0,1.0,1.0,1.0,8.0,8.0,8.0,7.0,9.0,5.0,7.0,1.0,1.0,1.0,1.0,9.0,1.0,7.0,2.0,2.0,1.0,3.0,3.0,3.0,1.0,5.0,1.0,2.0,1.0,1.0,1.0,3.0,3.0,3.0,3.0,3.0,3.0,3.0,3.0,3.0,3.0,3.0,3.0,1.0,1.0,1.0,2.0,3.0,2.0,1.0,3.0,2.0,2.0,1.0,2.0,2.0,2.0,1.0,2.0,3.0,2.0,1.0,6.0,7.0,8.0,9.0,6.0,7.0,9.0,8.0,9.0,9.0,9.0,9.0,9.0,2.0,2.0,2.0,3.0,3.0,2.0,3.0
792071163,1.0,1.0,1.0,1.0,1.0,1.0,1.0,1.0,2.0,2.0,2.0,2.0,2.0,1.0,1.0,2.0,1.0,1.0,2.0,1.0,1.0,1.0,1.0,1.0,1.0,1.0,3.0,2.0,4.0,4.0,2.0,3.0,3.0,1.0,2.0,3.0,1.0,1.0,2.0,1.0,3.0,3.0,1.0,2.0,1.0,1.0,10.0,10.0,5.0,4.0,4.0,4.0,4.0,4.0,1.0,2.0,1.0,1.0,1.0,4.0,4.0,3.0,2.0,1.0,4.0,4.0,4.0,2.0,4.0,2.0,2.0,2.0,2.0,4.0,2.0,4.0,4.0,2.0,4.0,4.0,0.0,1.0,0.0,2.0,0.0,0.0,0.0,0.0,0.0,0.0,0.0,6.0,7.0,1.0,10.0,5.0,1.0,5.0,2.0,3.0,2.0,2.0,3.0,1.0,4.0,5.0,1.0,0.0,2.0,2.0,2.0,2.0,2.0,2.0,2.0,4.0,3.0,4.0,2.0,4.0,2.0,4.0,3.0,4.0,2.0,,,1.0,1.0,2.0,2.0,1.0,1.0,1.0,2.0,1.0,1.0,4.0,5.0,5.0,5.0,5.0,5.0,10.0,1.0,1.0,1.0,1.0,1.0,1.0,2.0,1.0,1.0,1.0,1.0,1.0,1.0,1.0,1.0,1.0,1.0,1.0,1.0,5.0,10.0,1.0,1.0,1.0,1.0,1.0,1.0,,1.0,,1.0,1.0,4.0,3.0,1.0,2.0,1.0,1.0,1.0,1.0,4.0,1.0,1.0,2.0,2.0,3.0,3.0,2.0,1.0,2.0,3.0,3.0,2.0,3.0,3.0,,1.0,1.0,1.0,4.0,3.0,4.0,4.0,1.0,4.0,2.0,1.0,1.0,1.0,,2.0,4.0,,1.0,4.0,10.0,10.0,1.0,10.0,10.0,,10.0,1.0,1.0,10.0,10.0,10.0,8.0,2.0,1.0,1.0,1.0,1.0,4.0,4.0
792070195,1.0,3.0,2.0,2.0,1.0,2.0,1.0,2.0,1.0,1.0,2.0,2.0,1.0,2.0,2.0,1.0,2.0,1.0,2.0,1.0,2.0,1.0,2.0,1.0,1.0,2.0,2.0,2.0,1.0,3.0,1.0,2.0,1.0,1.0,4.0,3.0,2.0,1.0,2.0,3.0,2.0,1.0,2.0,2.0,2.0,2.0,7.0,7.0,6.0,4.0,3.0,3.0,2.0,4.0,2.0,1.0,1.0,2.0,1.0,2.0,2.0,2.0,3.0,2.0,2.0,2.0,2.0,2.0,3.0,3.0,3.0,3.0,3.0,2.0,3.0,4.0,3.0,2.0,2.0,2.0,1.0,0.0,0.0,1.0,0.0,0.0,1.0,1.0,1.0,0.0,0.0,7.0,6.0,5.0,5.0,6.0,2.0,5.0,3.0,3.0,2.0,1.0,2.0,2.0,2.0,6.0,4.0,2.0,2.0,0.0,2.0,0.0,2.0,0.0,2.0,1.0,2.0,3.0,2.0,3.0,4.0,3.0,2.0,4.0,,,1.0,1.0,1.0,2.0,2.0,2.0,2.0,1.0,1.0,2.0,2.0,4.0,5.0,6.0,4.0,5.0,5.0,6.0,1.0,1.0,1.0,1.0,2.0,2.0,4.0,2.0,1.0,1.0,2.0,4.0,1.0,1.0,1.0,1.0,2.0,2.0,1.0,3.0,4.0,2.0,1.0,1.0,1.0,1.0,1.0,,2.0,,1.0,1.0,2.0,1.0,2.0,2.0,1.0,1.0,3.0,4.0,4.0,3.0,4.0,2.0,2.0,3.0,2.0,2.0,2.0,2.0,3.0,3.0,2.0,3.0,3.0,3.0,1.0,1.0,3.0,2.0,1.0,2.0,3.0,2.0,3.0,2.0,3.0,1.0,2.0,,2.0,3.0,,2.0,3.0,5.0,6.0,4.0,8.0,6.0,,4.0,10.0,1.0,9.0,7.0,5.0,4.0,2.0,1.0,1.0,1.0,2.0,3.0,3.0
643071234,1.0,1.0,1.0,3.0,3.0,3.0,1.0,1.0,1.0,1.0,2.0,1.0,2.0,2.0,2.0,2.0,2.0,1.0,1.0,1.0,1.0,1.0,2.0,1.0,2.0,1.0,1.0,2.0,3.0,2.0,3.0,2.0,1.0,1.0,3.0,4.0,1.0,1.0,1.0,1.0,1.0,3.0,1.0,1.0,2.0,3.0,6.0,7.0,6.0,4.0,4.0,4.0,4.0,4.0,2.0,2.0,1.0,2.0,1.0,4.0,4.0,4.0,3.0,3.0,3.0,3.0,2.0,2.0,4.0,2.0,3.0,2.0,1.0,3.0,1.0,4.0,4.0,2.0,1.0,1.0,0.0,0.0,0.0,0.0,0.0,0.0,0.0,0.0,0.0,0.0,0.0,5.0,1.0,6.0,3.0,6.0,2.0,1.0,3.0,3.0,2.0,2.0,3.0,1.0,4.0,7.0,3.0,2.0,2.0,2.0,0.0,2.0,2.0,0.0,2.0,4.0,3.0,3.0,3.0,4.0,4.0,4.0,4.0,4.0,2.0,2.0,2.0,4.0,4.0,2.0,2.0,1.0,1.0,1.0,1.0,2.0,1.0,4.0,8.0,2.0,6.0,5.0,10.0,5.0,1.0,1.0,2.0,1.0,3.0,3.0,7.0,8.0,1.0,2.0,2.0,5.0,1.0,1.0,1.0,1.0,1.0,1.0,1.0,1.0,1.0,1.0,1.0,4.0,1.0,1.0,1.0,1.0,1.0,1.0,1.0,1.0,1.0,4.0,3.0,3.0,4.0,1.0,1.0,5.0,5.0,5.0,5.0,2.0,3.0,3.0,2.0,3.0,3.0,3.0,3.0,2.0,3.0,3.0,3.0,3.0,1.0,1.0,1.0,4.0,2.0,3.0,4.0,1.0,2.0,4.0,1.0,1.0,2.0,,,,,,,5.0,6.0,3.0,9.0,6.0,,3.0,6.0,5.0,10.0,10.0,8.0,,1.0,1.0,1.0,1.0,1.0,3.0,2.0
764071282,1.0,1.0,2.0,2.0,1.0,2.0,1.0,2.0,1.0,1.0,2.0,1.0,1.0,2.0,2.0,2.0,2.0,1.0,2.0,2.0,2.0,2.0,2.0,2.0,2.0,2.0,2.0,,1.0,3.0,1.0,,4.0,1.0,4.0,5.0,1.0,1.0,1.0,1.0,1.0,3.0,1.0,1.0,2.0,1.0,8.0,8.0,3.0,4.0,3.0,4.0,4.0,4.0,2.0,2.0,1.0,2.0,4.0,4.0,4.0,4.0,2.0,,,,,,,,,,,,,,,,,,0.0,0.0,0.0,0.0,0.0,0.0,0.0,0.0,0.0,0.0,0.0,3.0,,3.0,5.0,1.0,1.0,,2.0,2.0,2.0,2.0,2.0,1.0,2.0,,1.0,2.0,1.0,2.0,0.0,2.0,1.0,1.0,2.0,3.0,2.0,3.0,2.0,4.0,4.0,2.0,4.0,4.0,1.0,1.0,1.0,2.0,2.0,2.0,2.0,4.0,4.0,4.0,2.0,2.0,1.0,10.0,10.0,2.0,5.0,5.0,5.0,1.0,2.0,1.0,1.0,1.0,,1.0,4.0,4.0,2.0,1.0,2.0,5.0,1.0,1.0,1.0,1.0,1.0,5.0,5.0,1.0,5.0,5.0,1.0,1.0,1.0,1.0,1.0,1.0,1.0,1.0,5.0,1.0,4.0,4.0,2.0,2.0,3.0,1.0,2.0,5.0,5.0,5.0,5.0,5.0,3.0,3.0,3.0,3.0,3.0,3.0,3.0,3.0,3.0,3.0,3.0,3.0,1.0,1.0,3.0,2.0,,,,2.0,2.0,3.0,3.0,2.0,1.0,,1.0,1.0,1.0,1.0,,,10.0,10.0,10.0,10.0,10.0,10.0,10.0,10.0,10.0,10.0,10.0,10.0,2.0,1.0,1.0,3.0,4.0,4.0,4.0
528071932,1.0,1.0,1.0,,,2.0,1.0,1.0,2.0,1.0,2.0,1.0,1.0,2.0,2.0,2.0,2.0,1.0,2.0,2.0,2.0,2.0,2.0,2.0,2.0,2.0,2.0,3.0,4.0,4.0,4.0,,5.0,5.0,5.0,1.0,5.0,,5.0,5.0,5.0,,,,2.0,4.0,,6.0,7.0,4.0,4.0,4.0,4.0,4.0,2.0,,1.0,,1.0,,,,,,,,,,,,,,,,,,,,,,,2.0,1.0,0.0,0.0,1.0,0.0,1.0,0.0,2.0,0.0,,,1.0,,,1.0,,,,,,,,,,,,2.0,,2.0,,2.0,0.0,2.0,,2.0,,2.0,,2.0,2.0,2.0,,,2.0,2.0,,,2.0,2.0,3.0,3.0,4.0,,,,5.0,,,,3.0,5.0,6.0,1.0,,2.0,2.0,3.0,4.0,2.0,1.0,,2.0,2.0,3.0,,,1.0,1.0,1.0,10.0,5.0,5.0,5.0,10.0,,,1.0,1.0,1.0,1.0,8.0,1.0,1.0,2.0,2.0,4.0,3.0,2.0,4.0,1.0,5.0,5.0,1.0,1.0,5.0,1.0,1.0,1.0,1.0,2.0,1.0,1.0,1.0,1.0,1.0,1.0,1.0,1.0,1.0,1.0,1.0,4.0,4.0,4.0,,1.0,4.0,4.0,,2.0,1.0,3.0,4.0,4.0,4.0,1.0,4.0,4.0,5.0,1.0,10.0,10.0,1.0,10.0,10.0,5.0,10.0,10.0,7.0,6.0,2.0,2.0,2.0,2.0,2.0,2.0,2.0
360071238,1.0,2.0,3.0,1.0,1.0,1.0,1.0,1.0,2.0,1.0,2.0,1.0,2.0,2.0,1.0,2.0,2.0,1.0,2.0,1.0,1.0,2.0,1.0,2.0,1.0,2.0,1.0,3.0,2.0,2.0,2.0,2.0,1.0,2.0,4.0,4.0,2.0,2.0,4.0,1.0,2.0,1.0,3.0,1.0,1.0,1.0,10.0,8.0,5.0,2.0,4.0,4.0,2.0,4.0,1.0,2.0,1.0,2.0,1.0,4.0,4.0,4.0,1.0,4.0,2.0,1.0,4.0,1.0,1.0,2.0,1.0,1.0,2.0,1.0,1.0,1.0,1.0,1.0,1.0,1.0,0.0,0.0,0.0,0.0,0.0,0.0,0.0,0.0,0.0,0.0,0.0,1.0,10.0,1.0,2.0,3.0,1.0,4.0,1.0,1.0,1.0,3.0,2.0,2.0,4.0,2.0,5.0,2.0,2.0,0.0,2.0,0.0,2.0,0.0,2.0,1.0,1.0,1.0,1.0,4.0,4.0,4.0,4.0,4.0,2.0,2.0,2.0,3.0,2.0,2.0,2.0,1.0,2.0,1.0,1.0,2.0,1.0,7.0,5.0,9.0,3.0,8.0,9.0,10.0,2.0,2.0,2.0,1.0,1.0,2.0,1.0,1.0,1.0,2.0,2.0,7.0,2.0,9.0,3.0,7.0,1.0,3.0,4.0,2.0,5.0,4.0,2.0,3.0,4.0,5.0,4.0,2.0,4.0,1.0,1.0,1.0,1.0,1.0,1.0,1.0,3.0,1.0,1.0,1.0,5.0,5.0,5.0,5.0,3.0,3.0,2.0,3.0,2.0,2.0,3.0,3.0,,,,,1.0,1.0,2.0,1.0,1.0,1.0,3.0,4.0,2.0,4.0,4.0,1.0,1.0,1.0,1.0,2.0,2.0,2.0,2.0,9.0,8.0,7.0,9.0,7.0,8.0,9.0,10.0,6.0,8.0,9.0,9.0,9.0,2.0,2.0,1.0,3.0,4.0,4.0,2.0
643070022,1.0,1.0,1.0,1.0,2.0,2.0,1.0,1.0,1.0,1.0,2.0,2.0,1.0,2.0,2.0,2.0,2.0,1.0,2.0,1.0,2.0,1.0,2.0,1.0,2.0,2.0,2.0,3.0,3.0,3.0,3.0,2.0,4.0,2.0,4.0,4.0,2.0,2.0,2.0,2.0,3.0,3.0,1.0,1.0,2.0,3.0,9.0,9.0,6.0,4.0,4.0,4.0,4.0,4.0,2.0,2.0,1.0,2.0,1.0,2.0,2.0,2.0,3.0,2.0,2.0,1.0,1.0,2.0,1.0,1.0,2.0,2.0,2.0,2.0,2.0,3.0,2.0,2.0,3.0,3.0,0.0,1.0,0.0,0.0,0.0,0.0,0.0,0.0,0.0,0.0,0.0,7.0,7.0,4.0,2.0,3.0,2.0,6.0,2.0,2.0,2.0,2.0,2.0,2.0,4.0,6.0,3.0,0.0,0.0,2.0,2.0,2.0,0.0,2.0,2.0,3.0,3.0,3.0,2.0,3.0,3.0,4.0,3.0,3.0,1.0,1.0,2.0,3.0,2.0,2.0,2.0,2.0,2.0,3.0,2.0,2.0,1.0,10.0,9.0,2.0,2.0,2.0,10.0,8.0,1.0,2.0,2.0,1.0,3.0,3.0,4.0,5.0,1.0,2.0,2.0,5.0,7.0,2.0,1.0,1.0,1.0,1.0,3.0,10.0,10.0,10.0,2.0,3.0,1.0,5.0,2.0,5.0,7.0,4.0,3.0,3.0,3.0,3.0,2.0,1.0,2.0,1.0,2.0,2.0,2.0,2.0,3.0,1.0,2.0,2.0,2.0,2.0,1.0,1.0,2.0,1.0,1.0,2.0,1.0,2.0,1.0,1.0,1.0,4.0,2.0,4.0,2.0,2.0,4.0,4.0,1.0,1.0,2.0,,2.0,3.0,3.0,2.0,3.0,3.0,8.0,4.0,10.0,8.0,6.0,9.0,8.0,8.0,10.0,5.0,6.0,6.0,2.0,2.0,1.0,2.0,2.0,3.0,2.0
826071132,1.0,1.0,1.0,2.0,2.0,4.0,1.0,1.0,1.0,2.0,2.0,1.0,2.0,1.0,2.0,2.0,2.0,2.0,2.0,2.0,2.0,2.0,2.0,2.0,2.0,2.0,2.0,4.0,3.0,4.0,4.0,2.0,5.0,5.0,5.0,1.0,5.0,4.0,5.0,4.0,4.0,2.0,1.0,2.0,1.0,1.0,7.0,8.0,7.0,4.0,4.0,4.0,4.0,4.0,2.0,2.0,1.0,2.0,2.0,3.0,2.0,2.0,3.0,2.0,3.0,3.0,3.0,2.0,2.0,4.0,3.0,4.0,3.0,2.0,2.0,3.0,3.0,2.0,2.0,2.0,0.0,2.0,0.0,0.0,0.0,0.0,0.0,0.0,0.0,0.0,0.0,6.0,5.0,5.0,3.0,3.0,1.0,7.0,2.0,2.0,2.0,2.0,2.0,2.0,,5.0,5.0,2.0,2.0,0.0,2.0,0.0,2.0,0.0,0.0,1.0,2.0,3.0,3.0,3.0,3.0,4.0,3.0,3.0,,,,,4.0,,,3.0,3.0,4.0,1.0,1.0,,8.0,8.0,2.0,2.0,2.0,8.0,1.0,2.0,2.0,2.0,2.0,3.0,4.0,7.0,8.0,2.0,,,3.0,5.0,3.0,2.0,2.0,2.0,10.0,5.0,8.0,9.0,10.0,8.0,7.0,,1.0,1.0,1.0,7.0,1.0,1.0,3.0,4.0,4.0,2.0,2.0,1.0,1.0,2.0,1.0,1.0,1.0,1.0,1.0,1.0,2.0,2.0,1.0,1.0,2.0,2.0,1.0,1.0,1.0,2.0,3.0,1.0,1.0,1.0,3.0,2.0,3.0,2.0,2.0,3.0,4.0,2.0,2.0,1.0,2.0,3.0,3.0,4.0,1.0,4.0,4.0,7.0,1.0,10.0,9.0,1.0,8.0,4.0,1.0,10.0,10.0,5.0,3.0,2.0,3.0,3.0,3.0,3.0,2.0,2.0
818070927,1.0,1.0,2.0,4.0,1.0,1.0,1.0,2.0,1.0,1.0,2.0,1.0,2.0,2.0,2.0,2.0,1.0,1.0,1.0,1.0,1.0,1.0,2.0,1.0,,1.0,1.0,1.0,1.0,4.0,1.0,1.0,1.0,1.0,1.0,,3.0,1.0,1.0,1.0,1.0,3.0,3.0,2.0,2.0,3.0,5.0,4.0,2.0,1.0,1.0,1.0,4.0,2.0,3.0,2.0,1.0,3.0,2.0,3.0,3.0,4.0,3.0,,,3.0,,,,,,,3.0,3.0,,,,,3.0,2.0,0.0,0.0,0.0,0.0,0.0,0.0,0.0,0.0,0.0,0.0,0.0,7.0,,2.0,,10.0,,10.0,,,,,,,2.0,9.0,2.0,2.0,2.0,2.0,2.0,2.0,2.0,2.0,2.0,2.0,2.0,1.0,1.0,,2.0,1.0,1.0,,1.0,1.0,,2.0,2.0,2.0,2.0,,,,1.0,2.0,1.0,,2.0,9.0,8.0,2.0,1.0,10.0,,2.0,1.0,1.0,1.0,,2.0,1.0,1.0,1.0,2.0,2.0,5.0,5.0,1.0,1.0,1.0,,,1.0,5.0,,1.0,1.0,1.0,2.0,1.0,1.0,,1.0,5.0,,,,4.0,3.0,5.0,4.0,1.0,5.0,5.0,5.0,5.0,4.0,3.0,3.0,3.0,3.0,3.0,1.0,3.0,1.0,,,,,3.0,3.0,2.0,,,1.0,,2.0,1.0,3.0,4.0,3.0,1.0,5.0,,,,1.0,1.0,,10.0,8.0,10.0,2.0,,10.0,9.0,9.0,8.0,7.0,,,,1.0,1.0,1.0,1.0,1.0,1.0
528070869,1.0,1.0,2.0,4.0,4.0,2.0,1.0,2.0,2.0,2.0,2.0,1.0,1.0,2.0,2.0,2.0,2.0,1.0,2.0,1.0,2.0,2.0,2.0,1.0,2.0,1.0,2.0,2.0,3.0,3.0,3.0,,3.0,4.0,2.0,3.0,3.0,,2.0,2.0,2.0,3.0,1.0,1.0,,3.0,7.0,4.0,4.0,3.0,2.0,4.0,4.0,2.0,2.0,2.0,1.0,1.0,1.0,3.0,4.0,4.0,3.0,,,,3.0,2.0,2.0,4.0,4.0,3.0,3.0,,,,,,,4.0,0.0,0.0,0.0,1.0,0.0,0.0,0.0,0.0,0.0,0.0,0.0,1.0,,1.0,,10.0,2.0,5.0,2.0,2.0,2.0,2.0,2.0,,3.0,8.0,3.0,,,2.0,,2.0,,2.0,2.0,3.0,3.0,,2.0,,3.0,,,2.0,1.0,1.0,,4.0,,2.0,2.0,1.0,1.0,,1.0,2.0,,10.0,10.0,1.0,5.0,,6.0,5.0,1.0,2.0,2.0,2.0,,,7.0,1.0,,,2.0,7.0,1.0,1.0,1.0,1.0,1.0,9.0,10.0,9.0,10.0,10.0,1.0,10.0,1.0,1.0,1.0,1.0,5.0,1.0,10.0,2.0,1.0,1.0,4.0,3.0,2.0,2.0,2.0,4.0,4.0,4.0,4.0,3.0,2.0,,2.0,1.0,3.0,3.0,3.0,3.0,3.0,3.0,3.0,3.0,3.0,3.0,1.0,,,,,,,,,3.0,,5.0,,,,,,,8.0,1.0,10.0,10.0,1.0,10.0,10.0,1.0,10.0,9.0,8.0,6.0,,2.0,2.0,2.0,2.0,3.0,3.0
320070509,1.0,2.0,1.0,2.0,1.0,1.0,2.0,1.0,1.0,1.0,2.0,2.0,2.0,1.0,1.0,2.0,1.0,1.0,2.0,2.0,2.0,1.0,2.0,1.0,2.0,2.0,1.0,1.0,4.0,4.0,4.0,1.0,4.0,1.0,4.0,5.0,4.0,1.0,1.0,1.0,3.0,1.0,1.0,1.0,1.0,1.0,10.0,10.0,10.0,3.0,3.0,3.0,4.0,4.0,1.0,2.0,1.0,3.0,3.0,3.0,3.0,3.0,4.0,4.0,4.0,4.0,4.0,4.0,4.0,4.0,4.0,4.0,4.0,4.0,4.0,2.0,2.0,2.0,2.0,2.0,0.0,0.0,0.0,0.0,0.0,0.0,0.0,0.0,0.0,0.0,0.0,7.0,1.0,5.0,1.0,1.0,,10.0,3.0,3.0,3.0,3.0,3.0,1.0,2.0,10.0,1.0,2.0,1.0,2.0,2.0,2.0,2.0,2.0,2.0,4.0,1.0,4.0,4.0,4.0,4.0,4.0,4.0,4.0,1.0,2.0,2.0,2.0,1.0,2.0,2.0,2.0,2.0,2.0,1.0,1.0,2.0,10.0,10.0,10.0,10.0,10.0,8.0,10.0,1.0,1.0,1.0,1.0,3.0,3.0,2.0,5.0,2.0,2.0,2.0,1.0,1.0,1.0,1.0,1.0,1.0,1.0,1.0,1.0,1.0,1.0,1.0,1.0,1.0,1.0,1.0,1.0,1.0,1.0,1.0,3.0,2.0,2.0,2.0,2.0,2.0,2.0,1.0,2.0,1.0,1.0,1.0,5.0,3.0,3.0,3.0,3.0,2.0,2.0,2.0,2.0,3.0,3.0,3.0,3.0,1.0,1.0,3.0,2.0,2.0,2.0,2.0,2.0,2.0,2.0,2.0,2.0,2.0,4.0,1.0,3.0,3.0,1.0,3.0,9.0,10.0,1.0,10.0,10.0,10.0,10.0,10.0,10.0,10.0,10.0,10.0,8.0,1.0,1.0,2.0,2.0,2.0,3.0,3.0
410070513,1.0,2.0,2.0,2.0,2.0,4.0,1.0,1.0,2.0,1.0,1.0,2.0,1.0,2.0,2.0,2.0,2.0,1.0,2.0,1.0,2.0,1.0,2.0,2.0,2.0,2.0,2.0,2.0,3.0,3.0,3.0,3.0,3.0,2.0,2.0,3.0,2.0,2.0,1.0,2.0,3.0,3.0,1.0,1.0,2.0,1.0,8.0,8.0,5.0,4.0,4.0,4.0,4.0,4.0,1.0,2.0,1.0,3.0,3.0,4.0,4.0,4.0,3.0,2.0,2.0,2.0,2.0,2.0,2.0,2.0,3.0,3.0,2.0,3.0,3.0,3.0,2.0,2.0,2.0,2.0,0.0,0.0,0.0,0.0,0.0,0.0,0.0,0.0,0.0,0.0,0.0,7.0,6.0,6.0,5.0,6.0,1.0,6.0,4.0,3.0,3.0,3.0,3.0,3.0,2.0,7.0,3.0,1.0,1.0,0.0,0.0,0.0,0.0,0.0,0.0,1.0,2.0,4.0,4.0,4.0,4.0,4.0,4.0,4.0,1.0,1.0,2.0,1.0,1.0,2.0,2.0,1.0,1.0,1.0,1.0,1.0,1.0,7.0,7.0,5.0,7.0,6.0,6.0,6.0,2.0,2.0,2.0,2.0,3.0,3.0,7.0,8.0,3.0,2.0,2.0,5.0,3.0,1.0,1.0,1.0,1.0,3.0,1.0,3.0,3.0,5.0,3.0,3.0,1.0,1.0,1.0,1.0,1.0,1.0,3.0,2.0,2.0,2.0,2.0,2.0,2.0,1.0,2.0,1.0,3.0,1.0,2.0,1.0,3.0,3.0,3.0,3.0,3.0,3.0,3.0,3.0,3.0,3.0,3.0,3.0,1.0,1.0,2.0,2.0,1.0,2.0,1.0,2.0,2.0,2.0,2.0,2.0,2.0,,2.0,2.0,2.0,3.0,3.0,6.0,7.0,6.0,6.0,6.0,6.0,7.0,7.0,7.0,6.0,7.0,6.0,8.0,2.0,2.0,1.0,1.0,2.0,4.0,4.0
170074734,1.0,2.0,3.0,1.0,1.0,3.0,1.0,2.0,1.0,1.0,2.0,1.0,1.0,2.0,2.0,2.0,2.0,2.0,2.0,2.0,2.0,2.0,2.0,1.0,2.0,2.0,2.0,3.0,3.0,3.0,3.0,2.0,4.0,1.0,4.0,2.0,4.0,4.0,2.0,2.0,2.0,2.0,3.0,1.0,1.0,1.0,7.0,7.0,8.0,4.0,4.0,3.0,2.0,4.0,1.0,2.0,2.0,3.0,2.0,3.0,3.0,3.0,3.0,2.0,3.0,3.0,2.0,4.0,3.0,3.0,4.0,4.0,4.0,2.0,4.0,2.0,3.0,2.0,2.0,4.0,1.0,2.0,2.0,1.0,0.0,0.0,0.0,0.0,0.0,0.0,0.0,5.0,1.0,5.0,1.0,3.0,1.0,10.0,4.0,2.0,3.0,4.0,2.0,2.0,3.0,5.0,3.0,1.0,1.0,2.0,2.0,1.0,0.0,2.0,1.0,3.0,2.0,3.0,1.0,3.0,3.0,2.0,3.0,3.0,1.0,1.0,2.0,2.0,2.0,2.0,1.0,3.0,3.0,2.0,2.0,1.0,1.0,3.0,8.0,8.0,5.0,1.0,5.0,5.0,1.0,1.0,2.0,2.0,4.0,4.0,4.0,3.0,1.0,2.0,2.0,5.0,8.0,1.0,1.0,1.0,1.0,10.0,1.0,5.0,5.0,5.0,1.0,10.0,1.0,4.0,1.0,1.0,5.0,1.0,10.0,1.0,4.0,3.0,2.0,2.0,4.0,3.0,2.0,1.0,1.0,1.0,1.0,4.0,1.0,1.0,1.0,1.0,1.0,2.0,3.0,1.0,1.0,1.0,1.0,3.0,1.0,1.0,3.0,2.0,1.0,1.0,4.0,4.0,2.0,3.0,1.0,3.0,1.0,5.0,3.0,3.0,3.0,1.0,4.0,7.0,5.0,1.0,10.0,7.0,1.0,10.0,1.0,1.0,10.0,10.0,2.0,1.0,4.0,2.0,1.0,1.0,2.0,3.0,4.0
50070966,1.0,1.0,2.0,2.0,2.0,1.0,1.0,1.0,1.0,1.0,2.0,1.0,2.0,2.0,2.0,2.0,2.0,1.0,2.0,1.0,2.0,1.0,2.0,1.0,1.0,2.0,1.0,2.0,3.0,3.0,2.0,2.0,1.0,1.0,4.0,5.0,2.0,1.0,2.0,2.0,2.0,3.0,1.0,1.0,3.0,2.0,8.0,8.0,8.0,4.0,4.0,3.0,2.0,4.0,1.0,2.0,1.0,1.0,2.0,3.0,2.0,3.0,1.0,1.0,2.0,2.0,2.0,3.0,2.0,2.0,2.0,2.0,2.0,1.0,2.0,2.0,2.0,2.0,2.0,2.0,0.0,0.0,0.0,0.0,0.0,0.0,0.0,0.0,0.0,0.0,0.0,7.0,9.0,8.0,7.0,8.0,2.0,9.0,2.0,2.0,2.0,4.0,2.0,4.0,2.0,5.0,4.0,0.0,0.0,0.0,0.0,2.0,2.0,2.0,2.0,3.0,3.0,3.0,2.0,3.0,3.0,3.0,2.0,2.0,1.0,1.0,2.0,1.0,1.0,2.0,2.0,1.0,1.0,1.0,2.0,2.0,1.0,10.0,10.0,7.0,1.0,1.0,10.0,10.0,1.0,1.0,1.0,1.0,1.0,1.0,6.0,7.0,1.0,1.0,,8.0,1.0,2.0,1.0,1.0,1.0,1.0,1.0,1.0,1.0,1.0,1.0,1.0,1.0,1.0,1.0,1.0,1.0,1.0,4.0,1.0,2.0,4.0,3.0,2.0,1.0,1.0,2.0,1.0,2.0,1.0,1.0,2.0,2.0,3.0,2.0,3.0,3.0,2.0,3.0,2.0,3.0,2.0,3.0,2.0,2.0,2.0,1.0,3.0,3.0,4.0,2.0,3.0,3.0,2.0,2.0,3.0,1.0,3.0,3.0,2.0,3.0,1.0,2.0,10.0,9.0,8.0,10.0,9.0,10.0,10.0,10.0,9.0,10.0,10.0,9.0,9.0,1.0,1.0,1.0,1.0,1.0,2.0,3.0
586070147,1.0,2.0,2.0,3.0,2.0,1.0,1.0,2.0,1.0,1.0,2.0,1.0,2.0,2.0,2.0,2.0,2.0,1.0,2.0,1.0,2.0,2.0,2.0,1.0,2.0,2.0,1.0,2.0,2.0,3.0,2.0,2.0,2.0,1.0,2.0,3.0,2.0,2.0,3.0,2.0,2.0,1.0,2.0,1.0,1.0,2.0,6.0,5.0,6.0,2.0,3.0,3.0,2.0,4.0,1.0,1.0,2.0,2.0,2.0,3.0,2.0,3.0,2.0,1.0,2.0,1.0,,4.0,2.0,2.0,3.0,3.0,1.0,1.0,2.0,1.0,1.0,,1.0,2.0,0.0,0.0,0.0,0.0,0.0,0.0,0.0,0.0,0.0,0.0,0.0,6.0,5.0,8.0,5.0,6.0,2.0,9.0,3.0,3.0,3.0,3.0,3.0,2.0,2.0,5.0,2.0,1.0,1.0,1.0,2.0,2.0,2.0,2.0,2.0,3.0,3.0,4.0,4.0,3.0,3.0,4.0,3.0,3.0,2.0,2.0,2.0,2.0,3.0,2.0,2.0,2.0,2.0,2.0,1.0,2.0,1.0,4.0,6.0,5.0,6.0,5.0,4.0,10.0,1.0,1.0,1.0,2.0,2.0,2.0,3.0,7.0,,2.0,1.0,7.0,3.0,3.0,3.0,4.0,4.0,4.0,5.0,5.0,6.0,6.0,3.0,4.0,4.0,7.0,4.0,4.0,3.0,5.0,4.0,2.0,3.0,2.0,2.0,2.0,5.0,1.0,5.0,2.0,5.0,5.0,5.0,2.0,,,3.0,3.0,2.0,3.0,,,3.0,3.0,3.0,3.0,3.0,3.0,3.0,3.0,2.0,2.0,2.0,3.0,2.0,3.0,4.0,2.0,2.0,2.0,2.0,2.0,2.0,3.0,3.0,,8.0,9.0,5.0,10.0,9.0,9.0,10.0,5.0,9.0,9.0,6.0,5.0,2.0,1.0,2.0,1.0,1.0,,1.0
156070508,1.0,1.0,2.0,1.0,1.0,3.0,1.0,1.0,2.0,1.0,2.0,2.0,2.0,2.0,2.0,1.0,1.0,1.0,2.0,2.0,2.0,1.0,2.0,1.0,2.0,2.0,2.0,3.0,3.0,3.0,3.0,3.0,2.0,2.0,4.0,4.0,4.0,1.0,1.0,2.0,1.0,2.0,1.0,2.0,1.0,3.0,5.0,8.0,8.0,4.0,4.0,4.0,4.0,4.0,1.0,1.0,1.0,2.0,2.0,2.0,2.0,2.0,2.0,1.0,1.0,1.0,1.0,1.0,2.0,1.0,1.0,1.0,1.0,1.0,2.0,1.0,1.0,1.0,1.0,1.0,0.0,0.0,0.0,2.0,0.0,0.0,0.0,0.0,0.0,0.0,0.0,4.0,7.0,7.0,5.0,5.0,1.0,7.0,2.0,2.0,2.0,2.0,2.0,4.0,5.0,8.0,4.0,0.0,2.0,2.0,,0.0,2.0,2.0,2.0,,2.0,,,,,,,,,,,1.0,1.0,2.0,2.0,1.0,1.0,,2.0,2.0,1.0,6.0,8.0,3.0,1.0,1.0,10.0,1.0,2.0,2.0,2.0,2.0,4.0,4.0,7.0,8.0,3.0,2.0,2.0,,1.0,1.0,1.0,1.0,1.0,1.0,1.0,1.0,6.0,1.0,1.0,1.0,1.0,6.0,1.0,1.0,1.0,1.0,7.0,2.0,2.0,3.0,2.0,2.0,5.0,1.0,4.0,1.0,5.0,5.0,1.0,1.0,3.0,3.0,3.0,3.0,1.0,3.0,3.0,3.0,3.0,3.0,3.0,3.0,2.0,,,,,,,,,,,,,,4.0,3.0,3.0,1.0,4.0,,8.0,4.0,9.0,5.0,6.0,6.0,8.0,6.0,7.0,9.0,10.0,10.0,2.0,1.0,2.0,1.0,1.0,2.0,2.0
20070329,1.0,1.0,1.0,4.0,1.0,4.0,2.0,2.0,2.0,2.0,2.0,2.0,2.0,2.0,1.0,2.0,2.0,1.0,2.0,2.0,2.0,2.0,2.0,1.0,2.0,2.0,3.0,3.0,3.0,3.0,3.0,3.0,3.0,2.0,3.0,3.0,3.0,3.0,3.0,3.0,3.0,2.0,2.0,2.0,1.0,2.0,10.0,10.0,8.0,4.0,4.0,4.0,3.0,4.0,1.0,1.0,1.0,1.0,1.0,2.0,2.0,2.0,3.0,,2.0,3.0,3.0,2.0,3.0,2.0,3.0,3.0,2.0,2.0,,2.0,2.0,2.0,3.0,2.0,0.0,0.0,0.0,0.0,0.0,0.0,0.0,0.0,0.0,0.0,0.0,4.0,4.0,3.0,2.0,2.0,1.0,2.0,1.0,2.0,1.0,1.0,1.0,1.0,4.0,6.0,5.0,2.0,2.0,0.0,1.0,0.0,2.0,0.0,0.0,2.0,1.0,4.0,4.0,4.0,4.0,4.0,4.0,4.0,2.0,2.0,2.0,1.0,1.0,2.0,2.0,1.0,1.0,1.0,2.0,2.0,1.0,6.0,5.0,5.0,4.0,2.0,3.0,1.0,2.0,2.0,2.0,2.0,3.0,3.0,7.0,8.0,2.0,2.0,2.0,6.0,1.0,1.0,1.0,1.0,1.0,8.0,1.0,1.0,6.0,8.0,1.0,4.0,1.0,1.0,1.0,1.0,1.0,1.0,4.0,1.0,4.0,3.0,3.0,2.0,1.0,1.0,5.0,2.0,2.0,2.0,2.0,2.0,1.0,2.0,2.0,2.0,1.0,1.0,2.0,1.0,2.0,1.0,3.0,2.0,2.0,2.0,1.0,4.0,4.0,4.0,,2.0,4.0,4.0,1.0,1.0,1.0,2.0,4.0,4.0,4.0,2.0,4.0,4.0,10.0,3.0,10.0,10.0,3.0,10.0,10.0,10.0,10.0,8.0,8.0,8.0,1.0,2.0,1.0,1.0,1.0,1.0,1.0
818071107,1.0,1.0,3.0,3.0,1.0,1.0,1.0,2.0,2.0,1.0,2.0,1.0,2.0,2.0,1.0,1.0,2.0,1.0,2.0,1.0,2.0,1.0,2.0,1.0,,2.0,1.0,1.0,1.0,4.0,1.0,2.0,1.0,1.0,1.0,,3.0,1.0,1.0,3.0,1.0,3.0,1.0,1.0,3.0,3.0,7.0,3.0,3.0,2.0,2.0,2.0,2.0,3.0,3.0,2.0,1.0,2.0,3.0,3.0,2.0,2.0,2.0,,4.0,2.0,,,,,,,3.0,3.0,,3.0,2.0,,,2.0,0.0,0.0,0.0,0.0,0.0,0.0,0.0,0.0,0.0,0.0,0.0,8.0,2.0,2.0,2.0,2.0,2.0,9.0,,,,,,,2.0,9.0,3.0,1.0,0.0,0.0,2.0,1.0,1.0,2.0,1.0,3.0,2.0,4.0,2.0,,4.0,2.0,2.0,,2.0,2.0,,1.0,1.0,2.0,2.0,,,,2.0,2.0,1.0,9.0,9.0,5.0,5.0,2.0,8.0,10.0,,1.0,1.0,1.0,1.0,,1.0,1.0,2.0,1.0,1.0,3.0,1.0,1.0,1.0,3.0,3.0,,,1.0,5.0,,1.0,,3.0,5.0,2.0,2.0,,2.0,2.0,,,,3.0,2.0,5.0,1.0,1.0,5.0,5.0,5.0,5.0,5.0,3.0,3.0,3.0,3.0,3.0,3.0,3.0,3.0,,,,,,,,,,,,,,,,,1.0,4.0,,,,,,,5.0,6.0,8.0,6.0,,8.0,6.0,6.0,6.0,7.0,4.0,,2.0,2.0,1.0,1.0,1.0,2.0,2.0
156071508,1.0,1.0,2.0,2.0,1.0,3.0,1.0,1.0,2.0,1.0,1.0,1.0,2.0,2.0,2.0,2.0,2.0,1.0,2.0,1.0,1.0,1.0,2.0,1.0,1.0,2.0,2.0,3.0,2.0,2.0,2.0,2.0,2.0,2.0,4.0,4.0,4.0,1.0,2.0,4.0,4.0,1.0,1.0,1.0,1.0,1.0,10.0,10.0,10.0,4.0,2.0,4.0,4.0,4.0,1.0,1.0,1.0,3.0,2.0,3.0,3.0,3.0,3.0,1.0,2.0,2.0,2.0,2.0,2.0,1.0,2.0,2.0,2.0,2.0,1.0,2.0,2.0,2.0,2.0,2.0,0.0,0.0,0.0,0.0,0.0,0.0,0.0,0.0,0.0,0.0,0.0,1.0,3.0,1.0,8.0,2.0,1.0,5.0,2.0,2.0,2.0,2.0,2.0,3.0,2.0,8.0,3.0,1.0,2.0,2.0,,2.0,2.0,2.0,1.0,,2.0,,,,,,,,,,,2.0,2.0,2.0,2.0,1.0,2.0,,1.0,2.0,1.0,10.0,9.0,8.0,3.0,1.0,9.0,3.0,2.0,2.0,2.0,2.0,4.0,4.0,7.0,4.0,2.0,2.0,2.0,2.0,2.0,1.0,1.0,1.0,2.0,1.0,1.0,1.0,1.0,2.0,1.0,3.0,1.0,3.0,3.0,2.0,1.0,1.0,7.0,2.0,2.0,1.0,2.0,2.0,4.0,2.0,2.0,1.0,4.0,3.0,1.0,1.0,3.0,3.0,3.0,3.0,1.0,2.0,3.0,1.0,3.0,3.0,3.0,3.0,3.0,,,,,,,,,,,,,,3.0,2.0,2.0,1.0,4.0,,3.0,1.0,10.0,9.0,9.0,9.0,9.0,7.0,10.0,10.0,8.0,8.0,2.0,1.0,1.0,1.0,1.0,2.0,1.0
643070536,1.0,3.0,2.0,2.0,1.0,3.0,1.0,2.0,1.0,1.0,2.0,1.0,2.0,1.0,2.0,2.0,2.0,1.0,2.0,1.0,2.0,1.0,2.0,1.0,2.0,2.0,2.0,3.0,1.0,3.0,1.0,3.0,2.0,2.0,3.0,5.0,2.0,1.0,2.0,2.0,2.0,3.0,1.0,3.0,2.0,3.0,8.0,9.0,6.0,4.0,4.0,4.0,3.0,4.0,2.0,2.0,1.0,3.0,2.0,4.0,4.0,4.0,1.0,1.0,3.0,2.0,4.0,2.0,2.0,1.0,2.0,2.0,1.0,1.0,2.0,2.0,2.0,3.0,2.0,2.0,0.0,0.0,0.0,0.0,0.0,0.0,0.0,0.0,0.0,0.0,0.0,9.0,2.0,9.0,1.0,2.0,1.0,8.0,3.0,2.0,2.0,2.0,2.0,1.0,4.0,6.0,3.0,2.0,0.0,2.0,2.0,2.0,2.0,2.0,2.0,3.0,3.0,4.0,2.0,4.0,4.0,4.0,3.0,4.0,1.0,1.0,2.0,1.0,1.0,2.0,2.0,1.0,1.0,1.0,1.0,2.0,1.0,8.0,9.0,7.0,10.0,7.0,9.0,10.0,1.0,2.0,2.0,2.0,2.0,2.0,5.0,3.0,1.0,2.0,2.0,6.0,7.0,2.0,1.0,1.0,1.0,1.0,1.0,2.0,6.0,5.0,1.0,1.0,1.0,1.0,1.0,1.0,1.0,1.0,1.0,1.0,2.0,4.0,1.0,2.0,5.0,1.0,5.0,5.0,5.0,1.0,5.0,2.0,3.0,3.0,3.0,3.0,1.0,1.0,3.0,3.0,1.0,3.0,3.0,3.0,1.0,1.0,4.0,3.0,4.0,2.0,2.0,2.0,2.0,4.0,1.0,1.0,1.0,,4.0,4.0,3.0,1.0,4.0,2.0,10.0,1.0,10.0,10.0,10.0,10.0,10.0,8.0,10.0,10.0,5.0,9.0,2.0,1.0,1.0,1.0,1.0,3.0,3.0
566071208,1.0,2.0,2.0,3.0,1.0,1.0,1.0,2.0,1.0,2.0,2.0,1.0,1.0,2.0,1.0,2.0,2.0,1.0,2.0,1.0,2.0,1.0,2.0,1.0,1.0,2.0,1.0,4.0,2.0,3.0,3.0,3.0,3.0,2.0,4.0,5.0,2.0,1.0,3.0,2.0,1.0,3.0,1.0,1.0,1.0,1.0,6.0,7.0,7.0,4.0,4.0,4.0,4.0,4.0,3.0,1.0,1.0,1.0,1.0,2.0,3.0,2.0,1.0,2.0,3.0,2.0,3.0,3.0,2.0,2.0,3.0,3.0,3.0,4.0,3.0,1.0,2.0,2.0,2.0,2.0,2.0,0.0,0.0,0.0,0.0,0.0,0.0,0.0,0.0,0.0,2.0,2.0,7.0,4.0,2.0,1.0,2.0,7.0,2.0,3.0,3.0,2.0,3.0,2.0,2.0,6.0,4.0,2.0,1.0,0.0,,0.0,1.0,0.0,0.0,1.0,1.0,4.0,4.0,4.0,4.0,4.0,4.0,3.0,1.0,1.0,2.0,1.0,1.0,1.0,2.0,1.0,1.0,1.0,1.0,2.0,1.0,2.0,8.0,5.0,7.0,4.0,7.0,10.0,1.0,1.0,1.0,1.0,1.0,3.0,1.0,1.0,1.0,2.0,1.0,6.0,2.0,2.0,2.0,10.0,2.0,2.0,2.0,2.0,5.0,2.0,2.0,2.0,2.0,9.0,2.0,2.0,2.0,2.0,5.0,1.0,1.0,1.0,2.0,2.0,5.0,4.0,2.0,5.0,5.0,5.0,5.0,2.0,3.0,3.0,2.0,3.0,3.0,2.0,3.0,2.0,2.0,3.0,3.0,2.0,1.0,1.0,2.0,4.0,2.0,1.0,2.0,2.0,1.0,1.0,2.0,2.0,1.0,3.0,4.0,2.0,4.0,1.0,2.0,7.0,6.0,6.0,8.0,7.0,2.0,8.0,8.0,8.0,5.0,8.0,8.0,8.0,1.0,1.0,1.0,1.0,1.0,1.0,1.0
792071732,1.0,1.0,2.0,2.0,2.0,2.0,1.0,2.0,1.0,1.0,2.0,1.0,2.0,2.0,2.0,2.0,1.0,1.0,2.0,1.0,1.0,1.0,2.0,1.0,1.0,1.0,1.0,3.0,3.0,3.0,4.0,4.0,4.0,3.0,2.0,3.0,2.0,1.0,2.0,2.0,2.0,1.0,1.0,1.0,2.0,2.0,8.0,7.0,8.0,4.0,3.0,4.0,2.0,4.0,1.0,1.0,1.0,2.0,2.0,4.0,3.0,3.0,2.0,1.0,2.0,3.0,3.0,1.0,2.0,2.0,2.0,2.0,1.0,3.0,2.0,2.0,2.0,2.0,1.0,1.0,2.0,0.0,0.0,0.0,0.0,0.0,0.0,0.0,0.0,0.0,0.0,3.0,8.0,4.0,4.0,3.0,2.0,9.0,3.0,3.0,2.0,1.0,2.0,2.0,2.0,7.0,2.0,2.0,2.0,0.0,2.0,1.0,0.0,1.0,1.0,2.0,2.0,4.0,3.0,4.0,4.0,4.0,3.0,4.0,2.0,2.0,2.0,2.0,3.0,1.0,1.0,1.0,1.0,2.0,1.0,1.0,1.0,7.0,7.0,9.0,8.0,8.0,7.0,8.0,1.0,1.0,1.0,1.0,1.0,1.0,1.0,1.0,1.0,1.0,1.0,3.0,3.0,1.0,3.0,1.0,3.0,4.0,2.0,3.0,1.0,1.0,4.0,1.0,2.0,2.0,3.0,,2.0,,3.0,1.0,3.0,3.0,2.0,2.0,2.0,1.0,3.0,2.0,5.0,1.0,3.0,4.0,2.0,2.0,3.0,3.0,2.0,2.0,3.0,2.0,1.0,2.0,2.0,3.0,1.0,1.0,2.0,3.0,3.0,4.0,2.0,2.0,1.0,3.0,2.0,2.0,2.0,,1.0,2.0,,2.0,2.0,4.0,5.0,8.0,8.0,6.0,,6.0,9.0,8.0,7.0,8.0,7.0,6.0,2.0,2.0,1.0,1.0,1.0,2.0,3.0
400070617,1.0,1.0,1.0,1.0,1.0,1.0,1.0,2.0,2.0,2.0,2.0,1.0,2.0,2.0,1.0,1.0,1.0,1.0,2.0,1.0,2.0,1.0,2.0,1.0,1.0,2.0,1.0,3.0,2.0,2.0,2.0,1.0,1.0,1.0,4.0,,2.0,2.0,2.0,2.0,2.0,3.0,1.0,1.0,2.0,3.0,10.0,6.0,4.0,1.0,4.0,3.0,4.0,2.0,2.0,2.0,1.0,1.0,1.0,3.0,3.0,3.0,1.0,1.0,2.0,1.0,1.0,1.0,1.0,4.0,2.0,4.0,2.0,2.0,4.0,3.0,3.0,3.0,3.0,3.0,0.0,0.0,0.0,0.0,0.0,0.0,0.0,0.0,0.0,0.0,0.0,1.0,7.0,1.0,1.0,1.0,1.0,10.0,3.0,3.0,2.0,2.0,2.0,1.0,1.0,10.0,2.0,2.0,2.0,2.0,2.0,2.0,2.0,2.0,2.0,4.0,1.0,4.0,4.0,4.0,4.0,4.0,4.0,4.0,2.0,2.0,2.0,,1.0,2.0,2.0,1.0,1.0,1.0,2.0,2.0,1.0,8.0,8.0,6.0,9.0,8.0,10.0,10.0,1.0,1.0,1.0,1.0,1.0,1.0,1.0,1.0,1.0,2.0,1.0,8.0,1.0,,1.0,1.0,1.0,1.0,,1.0,1.0,1.0,1.0,1.0,1.0,1.0,1.0,1.0,,1.0,1.0,4.0,4.0,2.0,2.0,2.0,3.0,1.0,5.0,1.0,5.0,1.0,1.0,1.0,2.0,2.0,2.0,2.0,2.0,2.0,3.0,3.0,3.0,3.0,3.0,3.0,2.0,2.0,3.0,2.0,,1.0,2.0,4.0,1.0,3.0,2.0,2.0,1.0,3.0,3.0,3.0,2.0,2.0,3.0,,1.0,1.0,10.0,10.0,10.0,10.0,10.0,1.0,10.0,10.0,8.0,7.0,3.0,1.0,1.0,1.0,1.0,1.0,1.0
124073169,1.0,1.0,1.0,3.0,1.0,1.0,2.0,2.0,1.0,2.0,2.0,2.0,2.0,2.0,2.0,2.0,2.0,1.0,2.0,2.0,2.0,2.0,2.0,1.0,2.0,2.0,2.0,2.0,4.0,3.0,2.0,2.0,5.0,1.0,4.0,4.0,5.0,2.0,1.0,2.0,2.0,2.0,2.0,2.0,2.0,3.0,7.0,7.0,3.0,2.0,3.0,4.0,4.0,4.0,2.0,1.0,1.0,3.0,2.0,3.0,3.0,2.0,3.0,2.0,4.0,3.0,2.0,2.0,3.0,3.0,3.0,3.0,2.0,3.0,3.0,3.0,3.0,3.0,3.0,3.0,0.0,0.0,0.0,2.0,0.0,0.0,0.0,0.0,0.0,0.0,0.0,7.0,7.0,7.0,8.0,7.0,1.0,8.0,3.0,2.0,2.0,1.0,2.0,1.0,4.0,8.0,4.0,1.0,1.0,1.0,1.0,2.0,2.0,1.0,0.0,2.0,2.0,3.0,4.0,3.0,3.0,3.0,3.0,4.0,2.0,1.0,2.0,1.0,4.0,2.0,2.0,3.0,1.0,4.0,1.0,1.0,2.0,8.0,7.0,7.0,7.0,9.0,10.0,10.0,1.0,1.0,2.0,1.0,3.0,4.0,6.0,2.0,1.0,2.0,2.0,8.0,1.0,1.0,1.0,10.0,1.0,10.0,10.0,1.0,10.0,10.0,1.0,1.0,9.0,1.0,1.0,1.0,1.0,1.0,10.0,1.0,1.0,1.0,4.0,2.0,4.0,1.0,2.0,1.0,1.0,1.0,1.0,1.0,2.0,3.0,2.0,2.0,3.0,3.0,3.0,2.0,3.0,3.0,3.0,3.0,1.0,1.0,3.0,2.0,2.0,4.0,2.0,2.0,4.0,2.0,2.0,1.0,1.0,2.0,2.0,2.0,2.0,2.0,2.0,7.0,8.0,7.0,8.0,8.0,8.0,9.0,9.0,8.0,9.0,10.0,10.0,9.0,2.0,1.0,3.0,2.0,1.0,3.0,2.0
554070805,1.0,1.0,1.0,1.0,4.0,4.0,1.0,1.0,1.0,2.0,2.0,1.0,2.0,2.0,2.0,2.0,2.0,2.0,2.0,2.0,2.0,2.0,2.0,2.0,2.0,2.0,4.0,4.0,4.0,4.0,4.0,1.0,,,,1.0,5.0,5.0,,,,1.0,1.0,1.0,2.0,4.0,8.0,6.0,10.0,4.0,4.0,4.0,4.0,4.0,2.0,1.0,1.0,1.0,1.0,3.0,4.0,3.0,4.0,1.0,3.0,3.0,3.0,2.0,2.0,3.0,3.0,3.0,3.0,2.0,2.0,2.0,3.0,3.0,,,0.0,1.0,0.0,0.0,0.0,0.0,0.0,0.0,0.0,1.0,0.0,9.0,2.0,9.0,2.0,3.0,1.0,8.0,3.0,3.0,3.0,3.0,3.0,3.0,5.0,5.0,3.0,1.0,1.0,0.0,0.0,0.0,1.0,0.0,0.0,3.0,2.0,4.0,4.0,4.0,4.0,4.0,4.0,4.0,2.0,2.0,2.0,4.0,4.0,2.0,2.0,4.0,4.0,4.0,2.0,1.0,2.0,10.0,10.0,1.0,1.0,1.0,10.0,,2.0,2.0,2.0,2.0,,,7.0,8.0,3.0,,,,1.0,1.0,1.0,1.0,1.0,,,,,10.0,1.0,1.0,10.0,10.0,1.0,1.0,10.0,2.0,2.0,1.0,1.0,1.0,2.0,2.0,1.0,1.0,1.0,4.0,4.0,4.0,,1.0,1.0,1.0,1.0,1.0,1.0,2.0,2.0,3.0,1.0,2.0,2.0,3.0,1.0,1.0,,,,,,,,,,,,3.0,3.0,3.0,4.0,1.0,4.0,5.0,4.0,1.0,9.0,2.0,1.0,3.0,1.0,1.0,10.0,10.0,6.0,3.0,1.0,1.0,2.0,3.0,2.0,3.0,4.0
586070566,1.0,1.0,3.0,4.0,3.0,1.0,1.0,1.0,1.0,2.0,2.0,2.0,2.0,2.0,2.0,1.0,1.0,1.0,1.0,1.0,1.0,1.0,1.0,1.0,1.0,1.0,3.0,4.0,3.0,4.0,3.0,4.0,4.0,3.0,4.0,5.0,4.0,3.0,4.0,3.0,4.0,3.0,2.0,3.0,2.0,2.0,9.0,9.0,10.0,1.0,4.0,2.0,4.0,4.0,2.0,1.0,1.0,1.0,3.0,4.0,4.0,4.0,1.0,1.0,3.0,4.0,4.0,4.0,4.0,3.0,4.0,4.0,4.0,4.0,4.0,3.0,4.0,4.0,3.0,4.0,0.0,1.0,0.0,0.0,0.0,0.0,0.0,0.0,0.0,0.0,1.0,10.0,10.0,10.0,9.0,10.0,2.0,10.0,3.0,4.0,,3.0,4.0,3.0,5.0,9.0,3.0,1.0,0.0,0.0,1.0,2.0,1.0,1.0,1.0,3.0,2.0,3.0,4.0,4.0,3.0,4.0,4.0,4.0,2.0,2.0,2.0,3.0,4.0,2.0,2.0,1.0,1.0,2.0,2.0,2.0,2.0,6.0,5.0,8.0,6.0,7.0,5.0,6.0,1.0,2.0,2.0,1.0,1.0,1.0,2.0,4.0,1.0,1.0,2.0,7.0,2.0,1.0,3.0,,,,,,4.0,6.0,5.0,,,8.0,7.0,,,9.0,10.0,3.0,4.0,4.0,4.0,3.0,5.0,2.0,5.0,5.0,5.0,5.0,5.0,5.0,3.0,3.0,3.0,3.0,3.0,3.0,3.0,3.0,3.0,2.0,3.0,3.0,2.0,2.0,3.0,4.0,3.0,4.0,3.0,3.0,4.0,3.0,4.0,3.0,3.0,4.0,2.0,3.0,4.0,3.0,2.0,,2.0,3.0,4.0,6.0,7.0,1.0,5.0,8.0,9.0,10.0,8.0,6.0,2.0,2.0,1.0,1.0,3.0,4.0,4.0
344071848,2.0,1.0,1.0,2.0,1.0,3.0,1.0,1.0,2.0,1.0,2.0,1.0,1.0,2.0,2.0,2.0,2.0,1.0,2.0,2.0,2.0,2.0,2.0,2.0,2.0,2.0,2.0,3.0,3.0,4.0,4.0,1.0,4.0,4.0,3.0,1.0,1.0,3.0,1.0,1.0,4.0,3.0,1.0,1.0,3.0,2.0,5.0,5.0,6.0,4.0,4.0,4.0,4.0,4.0,1.0,2.0,2.0,3.0,2.0,3.0,2.0,2.0,3.0,3.0,3.0,3.0,3.0,3.0,3.0,3.0,3.0,3.0,3.0,3.0,3.0,3.0,3.0,2.0,2.0,2.0,0.0,0.0,1.0,0.0,0.0,1.0,0.0,0.0,0.0,0.0,0.0,3.0,3.0,1.0,5.0,1.0,1.0,6.0,3.0,3.0,3.0,3.0,3.0,3.0,4.0,8.0,2.0,2.0,2.0,0.0,1.0,0.0,2.0,0.0,0.0,1.0,2.0,4.0,3.0,3.0,4.0,4.0,3.0,2.0,1.0,2.0,2.0,2.0,2.0,2.0,2.0,1.0,1.0,1.0,2.0,1.0,1.0,8.0,8.0,8.0,8.0,3.0,9.0,9.0,1.0,1.0,1.0,1.0,3.0,3.0,6.0,7.0,3.0,2.0,2.0,5.0,4.0,3.0,1.0,1.0,1.0,8.0,1.0,1.0,1.0,7.0,5.0,1.0,1.0,1.0,1.0,1.0,1.0,1.0,5.0,3.0,4.0,4.0,3.0,2.0,2.0,1.0,1.0,1.0,1.0,1.0,1.0,1.0,2.0,3.0,2.0,2.0,1.0,3.0,3.0,3.0,2.0,2.0,2.0,2.0,3.0,3.0,2.0,3.0,3.0,2.0,2.0,2.0,3.0,3.0,3.0,2.0,2.0,3.0,4.0,3.0,3.0,2.0,3.0,5.0,5.0,1.0,6.0,6.0,1.0,7.0,7.0,7.0,10.0,9.0,5.0,5.0,1.0,2.0,2.0,,2.0,2.0,2.0
792071156,1.0,1.0,1.0,3.0,2.0,2.0,1.0,2.0,1.0,2.0,2.0,2.0,2.0,1.0,1.0,2.0,1.0,1.0,2.0,1.0,1.0,1.0,1.0,1.0,1.0,2.0,1.0,2.0,2.0,2.0,2.0,2.0,1.0,1.0,1.0,5.0,2.0,2.0,2.0,2.0,2.0,1.0,1.0,2.0,1.0,2.0,9.0,9.0,7.0,4.0,4.0,4.0,4.0,4.0,3.0,2.0,1.0,1.0,2.0,2.0,2.0,2.0,1.0,2.0,3.0,3.0,3.0,3.0,3.0,2.0,2.0,2.0,3.0,2.0,3.0,3.0,4.0,4.0,3.0,3.0,0.0,0.0,0.0,0.0,0.0,0.0,0.0,0.0,0.0,0.0,0.0,8.0,5.0,4.0,1.0,1.0,1.0,10.0,3.0,3.0,3.0,3.0,3.0,1.0,5.0,9.0,2.0,0.0,0.0,2.0,2.0,2.0,2.0,2.0,2.0,3.0,2.0,2.0,2.0,2.0,2.0,2.0,2.0,2.0,1.0,1.0,1.0,2.0,3.0,2.0,2.0,3.0,3.0,3.0,1.0,1.0,1.0,10.0,10.0,5.0,5.0,3.0,9.0,8.0,1.0,1.0,1.0,1.0,1.0,1.0,1.0,1.0,1.0,1.0,1.0,9.0,1.0,1.0,1.0,1.0,1.0,1.0,1.0,1.0,7.0,1.0,1.0,1.0,5.0,6.0,1.0,,1.0,,1.0,4.0,4.0,4.0,1.0,1.0,1.0,1.0,5.0,5.0,5.0,5.0,5.0,1.0,3.0,3.0,3.0,3.0,3.0,3.0,3.0,3.0,3.0,3.0,3.0,3.0,2.0,2.0,1.0,4.0,3.0,3.0,4.0,3.0,4.0,4.0,1.0,1.0,1.0,,1.0,1.0,,2.0,4.0,,9.0,10.0,10.0,8.0,,7.0,7.0,7.0,6.0,10.0,8.0,8.0,1.0,1.0,1.0,2.0,1.0,2.0,2.0
630070818,1.0,2.0,2.0,3.0,2.0,1.0,2.0,2.0,1.0,2.0,2.0,1.0,2.0,2.0,1.0,1.0,1.0,1.0,2.0,2.0,2.0,2.0,2.0,1.0,2.0,2.0,1.0,3.0,4.0,4.0,4.0,1.0,5.0,5.0,5.0,3.0,5.0,1.0,3.0,1.0,3.0,3.0,1.0,1.0,1.0,3.0,10.0,10.0,7.0,4.0,4.0,2.0,1.0,,1.0,2.0,1.0,1.0,1.0,2.0,1.0,2.0,2.0,2.0,3.0,3.0,3.0,3.0,3.0,3.0,3.0,3.0,3.0,3.0,3.0,3.0,3.0,3.0,3.0,3.0,2.0,0.0,0.0,0.0,0.0,0.0,0.0,0.0,0.0,0.0,0.0,10.0,5.0,5.0,1.0,1.0,,10.0,2.0,2.0,3.0,3.0,2.0,3.0,3.0,6.0,4.0,1.0,2.0,0.0,1.0,1.0,2.0,1.0,2.0,3.0,1.0,4.0,4.0,4.0,4.0,4.0,4.0,4.0,1.0,1.0,2.0,3.0,3.0,2.0,2.0,1.0,3.0,3.0,2.0,,2.0,9.0,10.0,10.0,5.0,10.0,6.0,10.0,1.0,1.0,2.0,1.0,1.0,4.0,2.0,1.0,1.0,2.0,1.0,,1.0,1.0,1.0,1.0,1.0,6.0,1.0,1.0,6.0,6.0,4.0,5.0,1.0,1.0,1.0,1.0,1.0,1.0,1.0,4.0,4.0,4.0,2.0,2.0,1.0,1.0,1.0,5.0,5.0,5.0,5.0,5.0,3.0,3.0,3.0,3.0,2.0,3.0,2.0,3.0,,,,,1.0,1.0,2.0,2.0,2.0,2.0,3.0,3.0,3.0,3.0,2.0,1.0,1.0,,4.0,4.0,4.0,,2.0,1.0,1.0,1.0,9.0,10.0,10.0,10.0,10.0,10.0,10.0,10.0,5.0,5.0,3.0,1.0,1.0,2.0,2.0,2.0,3.0
400070729,1.0,1.0,2.0,2.0,1.0,1.0,1.0,1.0,1.0,1.0,2.0,2.0,2.0,2.0,1.0,2.0,2.0,1.0,2.0,1.0,1.0,1.0,2.0,1.0,1.0,2.0,1.0,3.0,2.0,4.0,3.0,2.0,1.0,1.0,1.0,,1.0,4.0,1.0,1.0,1.0,3.0,1.0,1.0,2.0,4.0,7.0,5.0,5.0,4.0,4.0,4.0,4.0,4.0,1.0,2.0,1.0,1.0,2.0,2.0,2.0,2.0,4.0,2.0,4.0,4.0,4.0,2.0,2.0,3.0,4.0,4.0,4.0,4.0,4.0,3.0,3.0,4.0,4.0,4.0,0.0,0.0,0.0,0.0,0.0,0.0,0.0,0.0,0.0,0.0,0.0,10.0,8.0,1.0,1.0,1.0,1.0,8.0,3.0,2.0,2.0,2.0,2.0,1.0,2.0,10.0,1.0,0.0,0.0,2.0,2.0,2.0,2.0,2.0,2.0,3.0,1.0,4.0,4.0,4.0,4.0,4.0,4.0,4.0,2.0,2.0,2.0,1.0,1.0,2.0,2.0,3.0,1.0,4.0,1.0,2.0,1.0,10.0,10.0,7.0,1.0,1.0,10.0,1.0,1.0,1.0,1.0,1.0,1.0,1.0,7.0,1.0,1.0,1.0,2.0,10.0,1.0,,1.0,5.0,1.0,1.0,,2.0,3.0,1.0,1.0,1.0,1.0,1.0,1.0,1.0,,1.0,5.0,1.0,2.0,1.0,2.0,3.0,1.0,1.0,1.0,1.0,1.0,1.0,1.0,1.0,3.0,3.0,3.0,3.0,3.0,3.0,3.0,3.0,3.0,3.0,3.0,3.0,3.0,3.0,1.0,4.0,,1.0,4.0,4.0,1.0,3.0,4.0,2.0,4.0,5.0,2.0,2.0,3.0,,3.0,,10.0,10.0,10.0,5.0,2.0,10.0,1.0,8.0,5.0,10.0,2.0,1.0,3.0,1.0,1.0,1.0,1.0,1.0,1.0
368070918,1.0,1.0,1.0,1.0,1.0,1.0,1.0,2.0,2.0,1.0,2.0,2.0,1.0,2.0,1.0,2.0,1.0,1.0,1.0,2.0,1.0,2.0,2.0,1.0,1.0,1.0,1.0,3.0,1.0,2.0,1.0,1.0,1.0,1.0,3.0,,3.0,1.0,1.0,1.0,2.0,1.0,1.0,1.0,1.0,3.0,6.0,4.0,4.0,3.0,3.0,2.0,3.0,2.0,2.0,2.0,1.0,1.0,2.0,3.0,3.0,3.0,1.0,1.0,2.0,1.0,2.0,2.0,2.0,2.0,3.0,3.0,,,4.0,2.0,2.0,1.0,1.0,1.0,0.0,0.0,0.0,0.0,0.0,0.0,0.0,0.0,0.0,,0.0,7.0,5.0,5.0,3.0,7.0,2.0,7.0,3.0,3.0,2.0,2.0,1.0,2.0,4.0,7.0,2.0,,2.0,1.0,1.0,1.0,1.0,1.0,1.0,4.0,1.0,3.0,3.0,3.0,3.0,4.0,3.0,3.0,1.0,1.0,1.0,2.0,2.0,2.0,2.0,1.0,1.0,2.0,1.0,1.0,1.0,8.0,6.0,5.0,5.0,3.0,8.0,,,,,,1.0,1.0,7.0,8.0,1.0,2.0,1.0,5.0,4.0,3.0,3.0,3.0,3.0,3.0,,3.0,3.0,,3.0,3.0,3.0,3.0,3.0,2.0,,3.0,3.0,4.0,4.0,4.0,2.0,2.0,4.0,1.0,2.0,4.0,4.0,4.0,4.0,2.0,3.0,3.0,3.0,3.0,1.0,2.0,,1.0,3.0,3.0,3.0,3.0,2.0,1.0,2.0,,,2.0,2.0,3.0,1.0,3.0,,,,,3.0,3.0,3.0,2.0,2.0,,5.0,5.0,6.0,7.0,7.0,5.0,6.0,5.0,5.0,7.0,5.0,2.0,3.0,1.0,1.0,1.0,1.0,1.0,1.0
124071090,1.0,2.0,1.0,2.0,2.0,3.0,1.0,2.0,1.0,1.0,2.0,2.0,1.0,2.0,2.0,1.0,2.0,1.0,2.0,2.0,2.0,2.0,2.0,1.0,2.0,2.0,2.0,3.0,4.0,4.0,4.0,1.0,4.0,2.0,4.0,3.0,3.0,1.0,4.0,3.0,4.0,1.0,2.0,2.0,2.0,2.0,4.0,6.0,3.0,4.0,4.0,4.0,1.0,4.0,3.0,1.0,1.0,2.0,2.0,2.0,2.0,2.0,2.0,2.0,2.0,2.0,3.0,2.0,2.0,2.0,3.0,2.0,3.0,2.0,1.0,2.0,3.0,2.0,2.0,2.0,0.0,0.0,0.0,0.0,0.0,0.0,0.0,2.0,0.0,0.0,0.0,3.0,5.0,2.0,3.0,6.0,2.0,2.0,2.0,2.0,2.0,2.0,2.0,1.0,3.0,10.0,4.0,2.0,2.0,0.0,2.0,0.0,2.0,0.0,0.0,3.0,2.0,4.0,3.0,4.0,3.0,4.0,3.0,4.0,1.0,2.0,2.0,1.0,4.0,2.0,2.0,4.0,3.0,4.0,1.0,1.0,1.0,9.0,8.0,5.0,4.0,8.0,10.0,4.0,1.0,1.0,1.0,1.0,3.0,,7.0,7.0,2.0,2.0,2.0,9.0,3.0,5.0,2.0,2.0,1.0,6.0,10.0,5.0,5.0,10.0,2.0,4.0,1.0,1.0,3.0,1.0,9.0,8.0,3.0,2.0,2.0,3.0,2.0,2.0,5.0,1.0,2.0,2.0,2.0,1.0,1.0,2.0,2.0,2.0,3.0,3.0,3.0,2.0,3.0,2.0,2.0,3.0,3.0,3.0,1.0,1.0,1.0,4.0,3.0,4.0,1.0,1.0,4.0,4.0,1.0,1.0,1.0,2.0,4.0,3.0,4.0,1.0,4.0,6.0,6.0,1.0,10.0,5.0,1.0,9.0,2.0,4.0,10.0,10.0,9.0,7.0,2.0,1.0,1.0,1.0,1.0,2.0,2.0
410071173,1.0,2.0,2.0,2.0,2.0,3.0,1.0,1.0,2.0,2.0,1.0,1.0,2.0,1.0,2.0,2.0,2.0,1.0,2.0,1.0,2.0,1.0,2.0,1.0,2.0,2.0,2.0,3.0,2.0,3.0,3.0,3.0,3.0,2.0,4.0,4.0,2.0,2.0,2.0,2.0,3.0,2.0,2.0,2.0,2.0,2.0,6.0,7.0,6.0,4.0,4.0,4.0,4.0,4.0,1.0,2.0,1.0,2.0,2.0,3.0,3.0,3.0,3.0,2.0,3.0,3.0,3.0,3.0,3.0,3.0,3.0,3.0,2.0,2.0,2.0,3.0,3.0,3.0,3.0,3.0,0.0,1.0,0.0,0.0,0.0,0.0,0.0,0.0,0.0,1.0,0.0,7.0,3.0,4.0,4.0,4.0,2.0,6.0,2.0,2.0,2.0,2.0,2.0,2.0,5.0,7.0,4.0,2.0,1.0,2.0,1.0,2.0,1.0,1.0,2.0,2.0,2.0,3.0,2.0,2.0,2.0,3.0,3.0,3.0,1.0,2.0,2.0,2.0,2.0,2.0,2.0,3.0,2.0,3.0,1.0,1.0,1.0,4.0,6.0,6.0,6.0,7.0,7.0,3.0,2.0,2.0,2.0,2.0,3.0,4.0,7.0,7.0,2.0,2.0,2.0,4.0,2.0,1.0,1.0,3.0,3.0,1.0,5.0,4.0,6.0,6.0,2.0,4.0,5.0,5.0,2.0,2.0,5.0,2.0,3.0,3.0,3.0,3.0,2.0,2.0,2.0,1.0,1.0,1.0,2.0,1.0,5.0,1.0,2.0,2.0,2.0,2.0,2.0,2.0,2.0,2.0,1.0,1.0,2.0,2.0,1.0,1.0,2.0,3.0,1.0,2.0,3.0,2.0,2.0,3.0,2.0,2.0,1.0,,4.0,2.0,4.0,2.0,4.0,5.0,7.0,1.0,10.0,7.0,1.0,9.0,6.0,1.0,10.0,10.0,6.0,6.0,2.0,2.0,3.0,3.0,2.0,3.0,3.0
364071135,1.0,1.0,1.0,4.0,1.0,1.0,2.0,1.0,2.0,2.0,1.0,2.0,1.0,1.0,2.0,2.0,1.0,1.0,2.0,1.0,1.0,,2.0,1.0,1.0,2.0,2.0,2.0,2.0,2.0,2.0,2.0,2.0,4.0,2.0,,3.0,2.0,2.0,2.0,2.0,3.0,1.0,1.0,2.0,3.0,5.0,8.0,8.0,3.0,2.0,4.0,4.0,4.0,1.0,2.0,1.0,2.0,1.0,2.0,2.0,2.0,2.0,1.0,2.0,2.0,,2.0,1.0,1.0,4.0,2.0,1.0,1.0,3.0,2.0,1.0,1.0,,1.0,0.0,0.0,0.0,0.0,0.0,0.0,0.0,2.0,0.0,2.0,0.0,5.0,10.0,1.0,1.0,1.0,1.0,5.0,,,,,,2.0,2.0,10.0,4.0,0.0,2.0,0.0,0.0,0.0,2.0,0.0,0.0,2.0,2.0,2.0,2.0,3.0,4.0,2.0,2.0,4.0,1.0,2.0,2.0,4.0,4.0,2.0,2.0,4.0,4.0,4.0,2.0,2.0,1.0,9.0,10.0,5.0,1.0,5.0,10.0,7.0,1.0,1.0,1.0,1.0,3.0,2.0,4.0,8.0,1.0,2.0,2.0,8.0,1.0,1.0,1.0,1.0,1.0,3.0,,1.0,1.0,6.0,1.0,1.0,1.0,1.0,1.0,1.0,,1.0,5.0,3.0,2.0,1.0,4.0,3.0,5.0,1.0,2.0,1.0,5.0,1.0,5.0,3.0,3.0,3.0,3.0,3.0,3.0,2.0,3.0,1.0,3.0,3.0,3.0,3.0,1.0,1.0,,3.0,2.0,4.0,1.0,1.0,2.0,3.0,1.0,2.0,1.0,3.0,2.0,3.0,3.0,1.0,4.0,,2.0,1.0,10.0,10.0,3.0,10.0,1.0,10.0,9.0,10.0,8.0,5.0,3.0,1.0,1.0,1.0,1.0,1.0,2.0
792071776,1.0,1.0,1.0,2.0,2.0,2.0,2.0,2.0,2.0,2.0,2.0,2.0,1.0,1.0,1.0,1.0,1.0,1.0,2.0,1.0,2.0,1.0,2.0,2.0,2.0,2.0,3.0,3.0,3.0,3.0,3.0,3.0,3.0,3.0,3.0,3.0,3.0,3.0,3.0,3.0,3.0,2.0,2.0,2.0,2.0,1.0,5.0,4.0,4.0,3.0,3.0,2.0,3.0,3.0,3.0,2.0,3.0,2.0,3.0,3.0,3.0,3.0,2.0,2.0,3.0,3.0,3.0,2.0,2.0,3.0,3.0,3.0,3.0,3.0,3.0,3.0,2.0,3.0,3.0,2.0,0.0,0.0,0.0,0.0,1.0,0.0,0.0,0.0,0.0,1.0,0.0,5.0,4.0,8.0,5.0,6.0,2.0,4.0,3.0,3.0,3.0,2.0,2.0,1.0,2.0,8.0,3.0,2.0,2.0,2.0,2.0,2.0,2.0,2.0,2.0,3.0,2.0,2.0,2.0,3.0,3.0,3.0,2.0,3.0,,,,2.0,2.0,2.0,2.0,2.0,3.0,3.0,2.0,1.0,1.0,6.0,5.0,6.0,6.0,7.0,5.0,7.0,1.0,2.0,2.0,2.0,3.0,3.0,4.0,4.0,2.0,2.0,2.0,9.0,1.0,1.0,1.0,1.0,1.0,1.0,1.0,1.0,1.0,1.0,1.0,1.0,1.0,1.0,1.0,,1.0,,1.0,3.0,3.0,3.0,2.0,2.0,3.0,1.0,3.0,3.0,3.0,1.0,3.0,2.0,3.0,3.0,3.0,3.0,2.0,2.0,2.0,2.0,2.0,2.0,2.0,2.0,1.0,1.0,2.0,2.0,2.0,2.0,2.0,2.0,2.0,2.0,2.0,2.0,1.0,,2.0,3.0,,2.0,3.0,6.0,7.0,6.0,8.0,9.0,,9.0,8.0,7.0,7.0,7.0,3.0,4.0,3.0,2.0,2.0,3.0,3.0,3.0,3.0
434070328,1.0,1.0,1.0,4.0,1.0,1.0,1.0,2.0,1.0,2.0,2.0,1.0,2.0,2.0,1.0,2.0,1.0,1.0,2.0,1.0,2.0,1.0,1.0,2.0,2.0,1.0,1.0,1.0,1.0,1.0,1.0,1.0,1.0,1.0,1.0,4.0,2.0,2.0,2.0,2.0,2.0,1.0,1.0,1.0,3.0,2.0,5.0,5.0,2.0,3.0,2.0,2.0,3.0,4.0,3.0,2.0,2.0,3.0,3.0,4.0,,,1.0,2.0,4.0,4.0,4.0,2.0,2.0,3.0,3.0,4.0,3.0,3.0,3.0,3.0,4.0,4.0,4.0,4.0,0.0,0.0,0.0,0.0,0.0,0.0,0.0,0.0,0.0,0.0,0.0,10.0,10.0,2.0,1.0,2.0,2.0,10.0,3.0,3.0,3.0,2.0,3.0,3.0,5.0,2.0,2.0,1.0,1.0,1.0,1.0,2.0,1.0,1.0,0.0,3.0,2.0,2.0,2.0,4.0,3.0,3.0,3.0,3.0,2.0,2.0,2.0,1.0,1.0,2.0,2.0,1.0,1.0,1.0,2.0,2.0,1.0,10.0,7.0,6.0,2.0,2.0,2.0,10.0,1.0,,1.0,1.0,1.0,1.0,,1.0,1.0,,,10.0,5.0,,1.0,1.0,1.0,1.0,1.0,1.0,,1.0,1.0,1.0,1.0,1.0,1.0,1.0,1.0,1.0,10.0,2.0,2.0,1.0,2.0,1.0,4.0,4.0,4.0,4.0,4.0,1.0,1.0,4.0,3.0,3.0,3.0,3.0,3.0,3.0,3.0,3.0,3.0,3.0,3.0,3.0,3.0,3.0,3.0,3.0,3.0,2.0,2.0,3.0,1.0,3.0,,3.0,1.0,1.0,1.0,2.0,1.0,1.0,1.0,4.0,1.0,1.0,10.0,10.0,10.0,1.0,10.0,10.0,1.0,1.0,1.0,,4.0,4.0,1.0,1.0,1.0,4.0,2.0
398070556,1.0,3.0,3.0,4.0,1.0,3.0,1.0,1.0,1.0,1.0,2.0,2.0,2.0,1.0,2.0,2.0,2.0,1.0,2.0,2.0,2.0,1.0,2.0,1.0,2.0,2.0,2.0,3.0,3.0,3.0,3.0,3.0,3.0,3.0,4.0,4.0,2.0,2.0,1.0,1.0,1.0,2.0,1.0,3.0,3.0,3.0,5.0,5.0,5.0,4.0,4.0,4.0,1.0,4.0,1.0,2.0,1.0,3.0,3.0,4.0,2.0,2.0,3.0,2.0,3.0,3.0,3.0,3.0,3.0,3.0,3.0,3.0,3.0,3.0,3.0,3.0,3.0,3.0,3.0,3.0,0.0,0.0,0.0,0.0,0.0,0.0,0.0,0.0,0.0,0.0,0.0,10.0,,6.0,1.0,10.0,,5.0,,,,3.0,2.0,,2.0,5.0,4.0,1.0,1.0,1.0,1.0,2.0,2.0,2.0,2.0,3.0,3.0,4.0,4.0,4.0,4.0,4.0,4.0,4.0,1.0,1.0,2.0,1.0,1.0,2.0,2.0,1.0,1.0,,1.0,1.0,,10.0,10.0,10.0,10.0,10.0,5.0,,2.0,2.0,2.0,2.0,3.0,2.0,7.0,8.0,1.0,1.0,,5.0,1.0,5.0,1.0,5.0,1.0,5.0,5.0,5.0,5.0,5.0,1.0,1.0,1.0,1.0,1.0,1.0,1.0,1.0,1.0,3.0,3.0,3.0,4.0,3.0,5.0,1.0,1.0,1.0,5.0,5.0,5.0,1.0,3.0,3.0,3.0,3.0,3.0,3.0,3.0,1.0,3.0,3.0,3.0,3.0,,1.0,1.0,,,,,,,,1.0,1.0,1.0,4.0,1.0,4.0,4.0,1.0,4.0,,1.0,1.0,10.0,10.0,5.0,10.0,10.0,10.0,10.0,10.0,,,3.0,2.0,1.0,,,,
909070252,1.0,2.0,2.0,4.0,3.0,3.0,1.0,1.0,1.0,2.0,2.0,1.0,2.0,2.0,2.0,1.0,2.0,1.0,2.0,2.0,2.0,2.0,2.0,1.0,2.0,2.0,2.0,3.0,3.0,3.0,3.0,2.0,4.0,2.0,2.0,2.0,3.0,3.0,3.0,3.0,4.0,2.0,2.0,2.0,2.0,1.0,8.0,7.0,8.0,4.0,4.0,4.0,4.0,4.0,1.0,2.0,,2.0,2.0,4.0,2.0,2.0,3.0,2.0,,3.0,3.0,3.0,3.0,3.0,3.0,3.0,3.0,3.0,3.0,4.0,4.0,3.0,3.0,3.0,1.0,0.0,0.0,0.0,0.0,0.0,0.0,0.0,0.0,0.0,0.0,3.0,5.0,5.0,5.0,6.0,1.0,5.0,3.0,3.0,2.0,2.0,2.0,2.0,,5.0,3.0,1.0,2.0,1.0,1.0,1.0,1.0,1.0,2.0,3.0,2.0,3.0,3.0,3.0,3.0,3.0,3.0,3.0,,,,3.0,2.0,,,2.0,2.0,3.0,1.0,1.0,,5.0,5.0,5.0,7.0,4.0,5.0,7.0,1.0,1.0,1.0,1.0,3.0,3.0,4.0,7.0,2.0,,,4.0,2.0,5.0,2.0,2.0,1.0,10.0,5.0,4.0,10.0,10.0,6.0,4.0,,1.0,1.0,1.0,7.0,1.0,3.0,1.0,3.0,4.0,3.0,2.0,5.0,1.0,1.0,1.0,,3.0,1.0,2.0,1.0,2.0,2.0,,1.0,1.0,3.0,1.0,1.0,2.0,2.0,3.0,1.0,1.0,2.0,2.0,3.0,3.0,3.0,2.0,3.0,3.0,2.0,2.0,2.0,4.0,4.0,4.0,4.0,2.0,4.0,6.0,7.0,2.0,9.0,7.0,5.0,9.0,6.0,2.0,10.0,10.0,8.0,1.0,2.0,,2.0,2.0,2.0,3.0,3.0
608070295,1.0,1.0,2.0,1.0,1.0,1.0,1.0,2.0,2.0,1.0,1.0,2.0,2.0,2.0,1.0,2.0,1.0,1.0,2.0,1.0,2.0,1.0,1.0,1.0,2.0,2.0,1.0,3.0,3.0,3.0,3.0,2.0,4.0,3.0,4.0,4.0,1.0,2.0,4.0,2.0,3.0,1.0,1.0,1.0,1.0,1.0,8.0,9.0,9.0,3.0,3.0,3.0,4.0,4.0,1.0,2.0,1.0,2.0,2.0,3.0,3.0,3.0,1.0,1.0,3.0,3.0,3.0,1.0,1.0,1.0,3.0,2.0,3.0,2.0,1.0,3.0,3.0,2.0,1.0,1.0,2.0,0.0,0.0,0.0,0.0,0.0,0.0,0.0,0.0,0.0,0.0,8.0,10.0,10.0,10.0,1.0,1.0,6.0,2.0,2.0,2.0,2.0,3.0,2.0,4.0,6.0,4.0,2.0,0.0,0.0,0.0,0.0,0.0,0.0,0.0,3.0,1.0,3.0,3.0,4.0,3.0,4.0,4.0,4.0,1.0,1.0,2.0,2.0,2.0,2.0,2.0,3.0,2.0,2.0,2.0,2.0,1.0,7.0,10.0,10.0,6.0,3.0,10.0,10.0,1.0,1.0,1.0,1.0,2.0,2.0,2.0,1.0,2.0,2.0,2.0,8.0,8.0,1.0,1.0,1.0,1.0,1.0,1.0,1.0,1.0,1.0,1.0,1.0,1.0,3.0,1.0,1.0,1.0,1.0,10.0,1.0,1.0,4.0,1.0,1.0,2.0,2.0,2.0,1.0,2.0,1.0,1.0,1.0,2.0,2.0,2.0,3.0,2.0,2.0,3.0,1.0,1.0,3.0,1.0,3.0,1.0,1.0,2.0,2.0,2.0,2.0,3.0,3.0,2.0,3.0,2.0,4.0,1.0,1.0,1.0,2.0,3.0,2.0,2.0,10.0,10.0,6.0,10.0,7.0,6.0,10.0,6.0,6.0,10.0,10.0,7.0,10.0,1.0,1.0,1.0,1.0,1.0,1.0,2.0
558070635,1.0,1.0,1.0,4.0,1.0,1.0,1.0,2.0,1.0,1.0,2.0,1.0,2.0,2.0,1.0,2.0,2.0,2.0,2.0,2.0,2.0,2.0,2.0,2.0,2.0,2.0,1.0,3.0,3.0,3.0,3.0,1.0,4.0,1.0,4.0,2.0,4.0,2.0,2.0,2.0,2.0,3.0,2.0,1.0,2.0,2.0,8.0,8.0,6.0,2.0,4.0,2.0,2.0,4.0,2.0,2.0,1.0,2.0,1.0,4.0,2.0,2.0,1.0,1.0,3.0,3.0,3.0,2.0,2.0,1.0,3.0,3.0,3.0,1.0,2.0,3.0,1.0,3.0,3.0,3.0,1.0,1.0,1.0,0.0,0.0,0.0,0.0,0.0,0.0,0.0,0.0,10.0,2.0,9.0,10.0,9.0,1.0,7.0,2.0,2.0,2.0,2.0,2.0,2.0,4.0,8.0,2.0,1.0,2.0,0.0,2.0,2.0,0.0,2.0,0.0,2.0,2.0,3.0,3.0,3.0,4.0,4.0,4.0,3.0,1.0,1.0,2.0,1.0,1.0,2.0,1.0,1.0,1.0,1.0,1.0,1.0,2.0,8.0,8.0,6.0,6.0,2.0,2.0,10.0,2.0,1.0,2.0,2.0,2.0,3.0,2.0,1.0,1.0,2.0,1.0,8.0,1.0,1.0,1.0,1.0,1.0,4.0,4.0,1.0,6.0,4.0,1.0,1.0,1.0,1.0,1.0,1.0,1.0,1.0,1.0,,,,4.0,1.0,5.0,1.0,5.0,1.0,5.0,1.0,1.0,5.0,3.0,3.0,3.0,3.0,3.0,3.0,3.0,3.0,1.0,3.0,3.0,3.0,2.0,2.0,2.0,4.0,1.0,4.0,1.0,2.0,4.0,4.0,1.0,2.0,1.0,1.0,4.0,4.0,4.0,2.0,4.0,8.0,8.0,4.0,5.0,2.0,1.0,5.0,2.0,4.0,5.0,10.0,10.0,4.0,1.0,1.0,1.0,1.0,1.0,1.0,2.0
764071175,1.0,1.0,1.0,2.0,1.0,1.0,1.0,1.0,1.0,1.0,2.0,2.0,2.0,1.0,2.0,2.0,2.0,1.0,2.0,2.0,2.0,2.0,2.0,2.0,2.0,2.0,1.0,2.0,2.0,3.0,2.0,2.0,2.0,1.0,2.0,4.0,4.0,1.0,4.0,4.0,4.0,1.0,1.0,3.0,1.0,2.0,10.0,7.0,5.0,4.0,2.0,4.0,4.0,4.0,2.0,2.0,1.0,2.0,2.0,4.0,4.0,4.0,1.0,1.0,2.0,2.0,2.0,2.0,1.0,2.0,2.0,2.0,2.0,2.0,2.0,2.0,2.0,,,,0.0,0.0,0.0,0.0,0.0,0.0,0.0,0.0,0.0,0.0,0.0,10.0,5.0,5.0,5.0,1.0,1.0,10.0,3.0,3.0,3.0,3.0,3.0,1.0,2.0,9.0,3.0,2.0,2.0,2.0,0.0,2.0,2.0,2.0,2.0,3.0,2.0,4.0,2.0,4.0,4.0,1.0,4.0,4.0,2.0,2.0,2.0,2.0,2.0,2.0,2.0,2.0,2.0,2.0,1.0,2.0,2.0,5.0,5.0,5.0,5.0,5.0,5.0,1.0,2.0,1.0,1.0,1.0,3.0,2.0,6.0,2.0,2.0,2.0,2.0,8.0,1.0,1.0,1.0,1.0,1.0,1.0,1.0,1.0,10.0,10.0,1.0,10.0,1.0,1.0,1.0,1.0,1.0,1.0,10.0,1.0,4.0,4.0,3.0,3.0,5.0,1.0,5.0,5.0,5.0,5.0,5.0,5.0,3.0,3.0,3.0,3.0,2.0,1.0,3.0,3.0,3.0,3.0,3.0,3.0,1.0,1.0,,,,,,,,,,,1.0,,1.0,3.0,3.0,1.0,3.0,,,,,,,,,,,10.0,4.0,4.0,3.0,1.0,1.0,2.0,3.0,3.0,3.0
124070983,1.0,3.0,1.0,2.0,3.0,2.0,2.0,1.0,1.0,1.0,2.0,1.0,2.0,1.0,2.0,2.0,2.0,1.0,2.0,2.0,2.0,2.0,2.0,1.0,2.0,2.0,3.0,3.0,4.0,4.0,4.0,2.0,5.0,3.0,4.0,3.0,4.0,4.0,4.0,2.0,5.0,2.0,1.0,1.0,1.0,1.0,8.0,9.0,9.0,4.0,4.0,4.0,4.0,4.0,1.0,2.0,1.0,2.0,1.0,3.0,2.0,2.0,2.0,1.0,2.0,3.0,3.0,2.0,2.0,2.0,3.0,2.0,1.0,2.0,2.0,3.0,2.0,2.0,2.0,2.0,1.0,0.0,0.0,1.0,0.0,0.0,0.0,0.0,0.0,0.0,0.0,5.0,4.0,4.0,5.0,3.0,1.0,7.0,2.0,3.0,2.0,1.0,2.0,2.0,2.0,5.0,4.0,2.0,2.0,0.0,2.0,0.0,2.0,1.0,2.0,2.0,2.0,4.0,4.0,4.0,4.0,4.0,4.0,4.0,2.0,1.0,2.0,4.0,4.0,2.0,2.0,3.0,3.0,4.0,1.0,1.0,2.0,9.0,9.0,3.0,5.0,2.0,8.0,9.0,1.0,1.0,1.0,1.0,4.0,4.0,7.0,3.0,1.0,2.0,2.0,7.0,1.0,1.0,2.0,1.0,2.0,8.0,2.0,6.0,8.0,8.0,2.0,8.0,1.0,1.0,1.0,1.0,3.0,1.0,5.0,4.0,4.0,4.0,1.0,2.0,1.0,1.0,5.0,2.0,5.0,1.0,2.0,2.0,1.0,2.0,3.0,1.0,1.0,2.0,3.0,2.0,1.0,2.0,3.0,3.0,1.0,1.0,1.0,3.0,3.0,3.0,2.0,1.0,2.0,4.0,1.0,3.0,1.0,3.0,4.0,2.0,4.0,1.0,4.0,3.0,8.0,1.0,10.0,9.0,3.0,9.0,7.0,6.0,10.0,10.0,9.0,9.0,2.0,1.0,1.0,1.0,1.0,3.0,2.0
68071675,1.0,3.0,3.0,4.0,2.0,2.0,2.0,2.0,2.0,1.0,2.0,2.0,1.0,2.0,2.0,1.0,1.0,1.0,2.0,1.0,2.0,1.0,2.0,2.0,2.0,2.0,1.0,1.0,4.0,4.0,4.0,4.0,5.0,4.0,3.0,4.0,3.0,1.0,1.0,1.0,1.0,3.0,1.0,1.0,2.0,1.0,8.0,9.0,6.0,4.0,2.0,4.0,4.0,4.0,1.0,2.0,1.0,2.0,1.0,2.0,2.0,2.0,2.0,2.0,1.0,3.0,2.0,2.0,2.0,3.0,4.0,3.0,3.0,3.0,3.0,3.0,3.0,3.0,3.0,3.0,1.0,0.0,0.0,0.0,0.0,0.0,0.0,0.0,0.0,0.0,0.0,5.0,5.0,5.0,5.0,5.0,1.0,10.0,3.0,,2.0,3.0,3.0,2.0,1.0,9.0,3.0,0.0,2.0,1.0,2.0,0.0,0.0,0.0,1.0,3.0,3.0,3.0,3.0,3.0,4.0,,2.0,3.0,1.0,2.0,2.0,2.0,3.0,2.0,2.0,4.0,3.0,2.0,1.0,2.0,2.0,10.0,10.0,8.0,8.0,2.0,8.0,10.0,1.0,1.0,1.0,1.0,2.0,4.0,2.0,4.0,1.0,2.0,1.0,1.0,9.0,1.0,1.0,1.0,1.0,5.0,5.0,6.0,7.0,5.0,1.0,8.0,4.0,1.0,3.0,1.0,5.0,3.0,9.0,2.0,4.0,2.0,3.0,2.0,3.0,2.0,4.0,5.0,5.0,1.0,1.0,1.0,2.0,2.0,2.0,2.0,1.0,3.0,2.0,1.0,1.0,2.0,2.0,2.0,1.0,1.0,3.0,1.0,1.0,2.0,2.0,3.0,2.0,2.0,2.0,2.0,2.0,,2.0,2.0,,2.0,1.0,7.0,7.0,2.0,7.0,2.0,2.0,7.0,4.0,4.0,10.0,10.0,5.0,5.0,3.0,2.0,3.0,3.0,2.0,4.0,4.0
909070182,1.0,1.0,1.0,3.0,1.0,1.0,2.0,2.0,2.0,2.0,1.0,1.0,2.0,1.0,1.0,1.0,2.0,1.0,2.0,1.0,2.0,2.0,2.0,1.0,2.0,2.0,3.0,2.0,2.0,4.0,,2.0,4.0,4.0,4.0,5.0,4.0,4.0,4.0,4.0,4.0,3.0,2.0,2.0,1.0,1.0,8.0,7.0,9.0,4.0,4.0,4.0,4.0,4.0,2.0,1.0,1.0,1.0,1.0,2.0,1.0,2.0,1.0,,2.0,3.0,2.0,1.0,1.0,2.0,2.0,2.0,2.0,1.0,1.0,,1.0,1.0,1.0,1.0,2.0,0.0,2.0,0.0,2.0,2.0,2.0,2.0,0.0,0.0,0.0,5.0,7.0,6.0,6.0,4.0,1.0,4.0,2.0,2.0,1.0,2.0,2.0,1.0,,9.0,4.0,2.0,2.0,2.0,2.0,0.0,2.0,0.0,0.0,1.0,1.0,3.0,3.0,4.0,4.0,4.0,3.0,4.0,,,,,,,,3.0,4.0,3.0,1.0,1.0,,7.0,7.0,5.0,1.0,3.0,9.0,10.0,1.0,1.0,2.0,1.0,3.0,4.0,2.0,,1.0,,,10.0,1.0,1.0,1.0,1.0,1.0,7.0,1.0,8.0,7.0,5.0,,6.0,,1.0,3.0,1.0,1.0,1.0,1.0,1.0,4.0,4.0,2.0,1.0,2.0,1.0,1.0,5.0,5.0,5.0,5.0,2.0,1.0,2.0,1.0,3.0,1.0,1.0,2.0,1.0,3.0,3.0,3.0,3.0,1.0,1.0,2.0,4.0,4.0,4.0,1.0,1.0,4.0,4.0,3.0,1.0,1.0,2.0,4.0,4.0,4.0,1.0,4.0,4.0,7.0,4.0,8.0,8.0,2.0,8.0,,2.0,10.0,10.0,8.0,8.0,2.0,3.0,1.0,1.0,3.0,3.0,3.0
158070450,1.0,2.0,2.0,3.0,1.0,2.0,1.0,1.0,1.0,1.0,2.0,1.0,2.0,2.0,2.0,2.0,2.0,1.0,2.0,1.0,2.0,1.0,2.0,1.0,2.0,2.0,2.0,3.0,3.0,3.0,3.0,2.0,4.0,2.0,3.0,2.0,3.0,3.0,2.0,4.0,4.0,3.0,1.0,3.0,2.0,2.0,6.0,6.0,6.0,4.0,4.0,3.0,3.0,4.0,2.0,2.0,1.0,2.0,2.0,3.0,3.0,3.0,2.0,2.0,2.0,2.0,2.0,2.0,2.0,2.0,2.0,3.0,2.0,2.0,3.0,2.0,2.0,3.0,2.0,2.0,1.0,1.0,1.0,0.0,0.0,0.0,0.0,0.0,0.0,0.0,0.0,7.0,8.0,7.0,4.0,6.0,1.0,8.0,2.0,2.0,2.0,2.0,2.0,1.0,2.0,8.0,4.0,2.0,2.0,2.0,2.0,2.0,0.0,2.0,2.0,3.0,1.0,3.0,3.0,4.0,3.0,4.0,3.0,3.0,1.0,2.0,2.0,2.0,2.0,2.0,2.0,2.0,2.0,2.0,2.0,1.0,1.0,4.0,4.0,5.0,5.0,4.0,6.0,4.0,1.0,2.0,1.0,1.0,3.0,3.0,6.0,7.0,2.0,2.0,2.0,5.0,5.0,3.0,1.0,1.0,1.0,4.0,2.0,1.0,3.0,3.0,1.0,3.0,2.0,4.0,2.0,1.0,2.0,1.0,6.0,2.0,3.0,4.0,3.0,2.0,4.0,1.0,4.0,1.0,1.0,1.0,1.0,1.0,2.0,3.0,3.0,3.0,3.0,2.0,3.0,2.0,2.0,3.0,3.0,3.0,2.0,2.0,2.0,2.0,2.0,2.0,2.0,2.0,2.0,3.0,2.0,1.0,1.0,3.0,2.0,2.0,3.0,1.0,3.0,7.0,6.0,3.0,8.0,4.0,2.0,8.0,3.0,6.0,7.0,8.0,7.0,5.0,2.0,3.0,2.0,2.0,2.0,3.0,3.0
586071570,1.0,2.0,2.0,1.0,2.0,1.0,1.0,2.0,1.0,1.0,1.0,2.0,2.0,2.0,2.0,2.0,1.0,1.0,2.0,2.0,2.0,2.0,2.0,2.0,2.0,2.0,1.0,1.0,4.0,2.0,2.0,4.0,1.0,1.0,5.0,1.0,1.0,1.0,1.0,1.0,2.0,3.0,1.0,1.0,2.0,4.0,10.0,5.0,10.0,2.0,4.0,2.0,1.0,4.0,3.0,2.0,1.0,2.0,2.0,2.0,2.0,2.0,1.0,1.0,1.0,1.0,1.0,1.0,1.0,2.0,1.0,1.0,1.0,1.0,1.0,1.0,1.0,1.0,1.0,1.0,,1.0,,1.0,,1.0,,,,,,10.0,10.0,10.0,1.0,1.0,2.0,5.0,1.0,1.0,1.0,1.0,2.0,2.0,1.0,1.0,5.0,1.0,2.0,2.0,2.0,,2.0,,,2.0,1.0,3.0,4.0,4.0,2.0,4.0,4.0,4.0,2.0,2.0,2.0,1.0,1.0,2.0,2.0,1.0,1.0,1.0,2.0,2.0,1.0,10.0,10.0,1.0,10.0,1.0,10.0,10.0,1.0,2.0,1.0,1.0,1.0,1.0,1.0,3.0,1.0,1.0,1.0,,10.0,1.0,1.0,1.0,1.0,1.0,1.0,10.0,1.0,1.0,1.0,1.0,10.0,1.0,1.0,1.0,1.0,1.0,1.0,1.0,1.0,1.0,1.0,2.0,2.0,2.0,3.0,1.0,5.0,5.0,5.0,2.0,,1.0,1.0,3.0,2.0,2.0,2.0,1.0,3.0,3.0,2.0,,1.0,1.0,1.0,4.0,4.0,4.0,1.0,1.0,4.0,4.0,1.0,1.0,1.0,3.0,1.0,2.0,1.0,4.0,3.0,,10.0,10.0,10.0,10.0,10.0,10.0,10.0,10.0,10.0,10.0,10.0,10.0,2.0,1.0,2.0,1.0,1.0,2.0,2.0
702070294,1.0,2.0,2.0,2.0,2.0,2.0,1.0,1.0,1.0,1.0,2.0,1.0,2.0,2.0,2.0,2.0,2.0,1.0,2.0,2.0,2.0,2.0,2.0,1.0,2.0,2.0,2.0,3.0,3.0,3.0,3.0,2.0,4.0,4.0,4.0,2.0,3.0,2.0,3.0,3.0,3.0,2.0,1.0,2.0,2.0,2.0,8.0,7.0,7.0,4.0,3.0,4.0,4.0,4.0,1.0,1.0,1.0,2.0,2.0,3.0,2.0,2.0,3.0,1.0,2.0,2.0,3.0,1.0,1.0,2.0,2.0,2.0,2.0,2.0,2.0,2.0,3.0,2.0,2.0,2.0,0.0,0.0,0.0,0.0,0.0,0.0,0.0,0.0,0.0,0.0,0.0,7.0,4.0,5.0,6.0,6.0,1.0,3.0,2.0,2.0,,2.0,2.0,1.0,3.0,10.0,4.0,2.0,2.0,1.0,0.0,1.0,2.0,1.0,1.0,3.0,2.0,4.0,4.0,4.0,4.0,4.0,4.0,4.0,1.0,2.0,,1.0,1.0,2.0,2.0,1.0,1.0,1.0,2.0,2.0,1.0,9.0,9.0,4.0,2.0,4.0,7.0,8.0,1.0,1.0,1.0,1.0,3.0,1.0,4.0,7.0,2.0,2.0,1.0,4.0,1.0,1.0,1.0,1.0,1.0,5.0,1.0,1.0,1.0,1.0,1.0,1.0,1.0,6.0,1.0,1.0,1.0,1.0,9.0,2.0,3.0,3.0,2.0,2.0,2.0,1.0,2.0,1.0,4.0,1.0,1.0,2.0,1.0,3.0,3.0,3.0,2.0,2.0,3.0,2.0,2.0,3.0,3.0,3.0,,1.0,2.0,4.0,4.0,4.0,2.0,2.0,4.0,4.0,2.0,2.0,1.0,2.0,3.0,3.0,3.0,1.0,3.0,7.0,8.0,9.0,8.0,8.0,9.0,8.0,10.0,9.0,9.0,10.0,7.0,7.0,2.0,1.0,,,2.0,2.0,3.0
124070731,2.0,1.0,1.0,3.0,2.0,4.0,2.0,2.0,2.0,1.0,2.0,1.0,2.0,2.0,2.0,2.0,2.0,1.0,2.0,2.0,2.0,2.0,2.0,1.0,2.0,2.0,3.0,3.0,4.0,4.0,4.0,3.0,5.0,1.0,3.0,2.0,4.0,2.0,3.0,4.0,4.0,1.0,2.0,1.0,3.0,4.0,5.0,5.0,4.0,2.0,1.0,2.0,1.0,2.0,3.0,2.0,2.0,3.0,2.0,3.0,2.0,2.0,3.0,3.0,3.0,3.0,3.0,3.0,3.0,3.0,3.0,3.0,3.0,3.0,3.0,3.0,3.0,3.0,3.0,3.0,0.0,0.0,0.0,0.0,0.0,0.0,0.0,0.0,0.0,0.0,0.0,3.0,3.0,8.0,3.0,3.0,1.0,10.0,3.0,3.0,3.0,3.0,3.0,3.0,2.0,4.0,2.0,1.0,0.0,2.0,0.0,2.0,2.0,2.0,2.0,3.0,4.0,1.0,2.0,2.0,1.0,1.0,2.0,2.0,1.0,1.0,1.0,2.0,4.0,1.0,2.0,2.0,1.0,3.0,1.0,1.0,1.0,7.0,5.0,1.0,5.0,8.0,7.0,1.0,2.0,2.0,2.0,2.0,4.0,4.0,7.0,8.0,2.0,1.0,1.0,9.0,1.0,1.0,1.0,1.0,1.0,9.0,5.0,9.0,8.0,10.0,5.0,7.0,1.0,2.0,1.0,1.0,5.0,1.0,6.0,3.0,4.0,3.0,2.0,1.0,4.0,1.0,1.0,1.0,1.0,1.0,1.0,1.0,1.0,1.0,2.0,3.0,3.0,1.0,1.0,1.0,1.0,1.0,1.0,2.0,1.0,1.0,2.0,3.0,3.0,1.0,3.0,2.0,2.0,2.0,3.0,2.0,2.0,5.0,3.0,2.0,4.0,2.0,4.0,5.0,5.0,1.0,10.0,5.0,3.0,5.0,5.0,5.0,10.0,10.0,6.0,3.0,2.0,2.0,4.0,4.0,3.0,3.0,4.0
462070005,1.0,1.0,2.0,4.0,1.0,1.0,1.0,2.0,1.0,1.0,2.0,1.0,2.0,2.0,1.0,2.0,2.0,1.0,2.0,2.0,2.0,1.0,1.0,1.0,1.0,2.0,1.0,3.0,3.0,4.0,3.0,3.0,4.0,2.0,4.0,5.0,4.0,1.0,3.0,4.0,4.0,3.0,1.0,1.0,2.0,3.0,10.0,6.0,9.0,4.0,4.0,4.0,3.0,4.0,1.0,2.0,2.0,2.0,2.0,4.0,4.0,4.0,2.0,2.0,3.0,3.0,2.0,3.0,3.0,3.0,4.0,4.0,2.0,2.0,3.0,3.0,2.0,2.0,2.0,2.0,0.0,0.0,0.0,0.0,2.0,0.0,0.0,0.0,0.0,0.0,0.0,6.0,5.0,4.0,6.0,2.0,2.0,10.0,3.0,3.0,3.0,3.0,3.0,1.0,3.0,2.0,2.0,1.0,1.0,2.0,1.0,2.0,1.0,2.0,2.0,3.0,2.0,4.0,4.0,4.0,4.0,4.0,4.0,4.0,1.0,2.0,2.0,1.0,1.0,2.0,2.0,,1.0,1.0,1.0,1.0,1.0,10.0,10.0,7.0,8.0,10.0,10.0,10.0,1.0,1.0,1.0,1.0,1.0,1.0,5.0,1.0,1.0,2.0,1.0,6.0,1.0,10.0,1.0,1.0,1.0,2.0,1.0,1.0,10.0,1.0,1.0,1.0,1.0,1.0,1.0,1.0,1.0,1.0,1.0,1.0,3.0,4.0,3.0,3.0,1.0,1.0,5.0,1.0,2.0,1.0,1.0,1.0,2.0,3.0,3.0,3.0,3.0,2.0,3.0,3.0,2.0,3.0,3.0,3.0,1.0,1.0,3.0,3.0,3.0,1.0,2.0,3.0,1.0,1.0,2.0,2.0,1.0,4.0,3.0,1.0,3.0,2.0,2.0,1.0,10.0,10.0,10.0,10.0,8.0,10.0,10.0,10.0,10.0,10.0,1.0,1.0,3.0,1.0,1.0,2.0,2.0,3.0,3.0
50070454,2.0,2.0,2.0,3.0,1.0,1.0,1.0,2.0,2.0,2.0,2.0,1.0,2.0,2.0,1.0,1.0,2.0,1.0,2.0,1.0,1.0,1.0,2.0,1.0,1.0,1.0,1.0,2.0,1.0,3.0,1.0,1.0,1.0,1.0,2.0,4.0,1.0,1.0,1.0,1.0,2.0,3.0,1.0,1.0,2.0,3.0,9.0,5.0,3.0,2.0,4.0,2.0,2.0,3.0,1.0,2.0,1.0,2.0,3.0,3.0,3.0,3.0,1.0,2.0,2.0,2.0,2.0,3.0,3.0,3.0,3.0,2.0,2.0,1.0,3.0,2.0,2.0,2.0,2.0,2.0,0.0,0.0,0.0,0.0,0.0,0.0,0.0,0.0,0.0,0.0,0.0,1.0,1.0,10.0,1.0,1.0,2.0,10.0,3.0,2.0,2.0,3.0,2.0,2.0,2.0,4.0,4.0,1.0,2.0,0.0,2.0,1.0,2.0,2.0,0.0,2.0,2.0,4.0,4.0,2.0,4.0,3.0,3.0,3.0,2.0,2.0,2.0,1.0,,2.0,2.0,1.0,2.0,1.0,2.0,2.0,1.0,10.0,10.0,1.0,2.0,1.0,10.0,10.0,1.0,1.0,1.0,1.0,1.0,1.0,2.0,2.0,1.0,1.0,1.0,9.0,1.0,1.0,1.0,1.0,1.0,1.0,1.0,1.0,1.0,1.0,1.0,1.0,1.0,1.0,1.0,1.0,1.0,1.0,1.0,1.0,3.0,2.0,2.0,2.0,3.0,1.0,5.0,2.0,2.0,2.0,2.0,1.0,2.0,2.0,2.0,3.0,3.0,3.0,2.0,1.0,2.0,3.0,2.0,2.0,2.0,1.0,3.0,3.0,2.0,1.0,3.0,4.0,1.0,3.0,3.0,2.0,1.0,3.0,4.0,3.0,3.0,1.0,3.0,10.0,10.0,10.0,9.0,10.0,10.0,10.0,9.0,10.0,10.0,10.0,4.0,6.0,3.0,1.0,1.0,1.0,2.0,2.0,3.0
218070232,1.0,3.0,1.0,3.0,1.0,1.0,1.0,2.0,2.0,2.0,2.0,1.0,2.0,2.0,1.0,1.0,1.0,1.0,2.0,1.0,2.0,1.0,2.0,2.0,2.0,2.0,1.0,2.0,3.0,2.0,2.0,2.0,1.0,1.0,2.0,2.0,3.0,1.0,1.0,2.0,1.0,1.0,1.0,1.0,1.0,3.0,2.0,7.0,5.0,4.0,3.0,4.0,3.0,4.0,2.0,2.0,1.0,2.0,3.0,3.0,3.0,3.0,1.0,2.0,3.0,3.0,3.0,1.0,3.0,3.0,2.0,2.0,3.0,2.0,2.0,2.0,3.0,3.0,2.0,2.0,2.0,0.0,0.0,0.0,0.0,0.0,0.0,0.0,0.0,0.0,0.0,10.0,3.0,5.0,1.0,3.0,1.0,10.0,2.0,2.0,2.0,2.0,2.0,4.0,4.0,2.0,4.0,0.0,0.0,2.0,2.0,2.0,2.0,2.0,2.0,1.0,1.0,3.0,3.0,1.0,2.0,3.0,3.0,4.0,2.0,2.0,2.0,1.0,2.0,2.0,2.0,1.0,3.0,3.0,2.0,2.0,1.0,3.0,1.0,3.0,5.0,6.0,7.0,10.0,1.0,1.0,1.0,1.0,1.0,1.0,2.0,2.0,1.0,2.0,2.0,2.0,1.0,3.0,1.0,1.0,4.0,4.0,1.0,1.0,1.0,6.0,3.0,1.0,1.0,1.0,1.0,1.0,1.0,1.0,1.0,1.0,2.0,1.0,3.0,2.0,1.0,1.0,5.0,1.0,5.0,2.0,5.0,2.0,3.0,3.0,3.0,3.0,1.0,2.0,2.0,2.0,2.0,3.0,3.0,3.0,1.0,1.0,2.0,4.0,1.0,2.0,1.0,1.0,4.0,3.0,3.0,3.0,2.0,,1.0,1.0,1.0,2.0,2.0,1.0,9.0,7.0,3.0,5.0,8.0,4.0,10.0,9.0,7.0,10.0,8.0,2.0,1.0,1.0,1.0,2.0,1.0,3.0,1.0
792070573,1.0,2.0,2.0,4.0,2.0,1.0,1.0,1.0,2.0,2.0,2.0,1.0,1.0,2.0,1.0,2.0,2.0,1.0,2.0,2.0,2.0,1.0,2.0,1.0,1.0,2.0,1.0,2.0,1.0,2.0,2.0,2.0,1.0,1.0,1.0,,4.0,1.0,1.0,1.0,2.0,2.0,3.0,1.0,2.0,3.0,8.0,3.0,8.0,3.0,4.0,4.0,2.0,4.0,2.0,2.0,1.0,2.0,2.0,2.0,2.0,2.0,1.0,1.0,2.0,2.0,2.0,1.0,1.0,1.0,2.0,1.0,1.0,1.0,1.0,,,2.0,2.0,1.0,1.0,0.0,0.0,1.0,0.0,0.0,0.0,0.0,0.0,0.0,0.0,5.0,6.0,8.0,7.0,8.0,1.0,6.0,2.0,2.0,3.0,2.0,1.0,2.0,2.0,10.0,3.0,2.0,2.0,2.0,2.0,2.0,2.0,2.0,2.0,3.0,1.0,4.0,4.0,4.0,4.0,4.0,4.0,4.0,2.0,2.0,2.0,3.0,1.0,2.0,2.0,2.0,2.0,3.0,2.0,2.0,1.0,7.0,3.0,10.0,6.0,5.0,1.0,10.0,1.0,1.0,1.0,1.0,1.0,1.0,1.0,1.0,2.0,2.0,1.0,1.0,1.0,4.0,1.0,1.0,1.0,1.0,1.0,1.0,5.0,1.0,1.0,5.0,1.0,3.0,1.0,,7.0,,1.0,3.0,4.0,4.0,4.0,3.0,1.0,1.0,2.0,1.0,4.0,1.0,2.0,2.0,2.0,2.0,2.0,2.0,1.0,2.0,3.0,3.0,2.0,1.0,2.0,3.0,1.0,1.0,2.0,2.0,2.0,2.0,2.0,2.0,2.0,2.0,2.0,2.0,1.0,,2.0,2.0,,2.0,2.0,8.0,8.0,10.0,8.0,4.0,,10.0,5.0,5.0,10.0,10.0,9.0,9.0,4.0,2.0,2.0,4.0,3.0,3.0,3.0
826072303,1.0,1.0,1.0,2.0,2.0,3.0,1.0,1.0,1.0,1.0,2.0,1.0,2.0,2.0,2.0,2.0,2.0,1.0,2.0,2.0,2.0,2.0,2.0,2.0,2.0,2.0,3.0,4.0,4.0,4.0,4.0,1.0,5.0,4.0,5.0,1.0,5.0,4.0,3.0,2.0,4.0,1.0,1.0,1.0,2.0,2.0,8.0,8.0,9.0,4.0,3.0,4.0,4.0,4.0,1.0,2.0,1.0,2.0,2.0,3.0,3.0,3.0,3.0,1.0,4.0,3.0,3.0,2.0,2.0,3.0,3.0,3.0,2.0,2.0,3.0,2.0,2.0,2.0,2.0,3.0,1.0,0.0,0.0,0.0,0.0,0.0,2.0,0.0,0.0,0.0,0.0,5.0,5.0,3.0,3.0,2.0,1.0,7.0,2.0,2.0,1.0,2.0,2.0,1.0,,6.0,4.0,2.0,2.0,1.0,1.0,1.0,2.0,0.0,2.0,2.0,2.0,3.0,4.0,4.0,4.0,4.0,4.0,4.0,,,,3.0,4.0,,,3.0,2.0,4.0,1.0,1.0,,,6.0,3.0,2.0,2.0,8.0,2.0,1.0,1.0,2.0,2.0,3.0,4.0,7.0,8.0,2.0,,,10.0,1.0,,1.0,1.0,1.0,10.0,2.0,6.0,10.0,10.0,10.0,7.0,,1.0,1.0,1.0,8.0,1.0,2.0,3.0,3.0,3.0,2.0,2.0,5.0,1.0,1.0,1.0,1.0,1.0,1.0,2.0,1.0,2.0,2.0,1.0,2.0,2.0,3.0,2.0,2.0,1.0,3.0,3.0,2.0,1.0,1.0,4.0,2.0,4.0,2.0,1.0,4.0,4.0,1.0,1.0,2.0,3.0,4.0,2.0,4.0,1.0,4.0,6.0,8.0,1.0,,8.0,1.0,10.0,7.0,1.0,10.0,10.0,8.0,8.0,1.0,2.0,2.0,2.0,2.0,2.0,2.0
203070285,1.0,1.0,1.0,2.0,2.0,4.0,2.0,2.0,2.0,1.0,1.0,1.0,2.0,1.0,2.0,2.0,2.0,1.0,2.0,2.0,2.0,1.0,2.0,1.0,1.0,2.0,2.0,3.0,2.0,3.0,2.0,1.0,4.0,2.0,4.0,5.0,2.0,2.0,2.0,2.0,4.0,3.0,1.0,1.0,1.0,3.0,7.0,9.0,10.0,4.0,4.0,4.0,4.0,4.0,1.0,2.0,1.0,2.0,2.0,2.0,2.0,2.0,2.0,,3.0,3.0,4.0,2.0,2.0,2.0,3.0,3.0,3.0,2.0,2.0,2.0,2.0,4.0,4.0,3.0,0.0,0.0,0.0,0.0,0.0,0.0,0.0,0.0,0.0,0.0,0.0,10.0,5.0,10.0,1.0,10.0,,10.0,2.0,2.0,2.0,2.0,3.0,2.0,2.0,10.0,2.0,0.0,2.0,1.0,2.0,0.0,2.0,0.0,2.0,2.0,2.0,4.0,4.0,4.0,4.0,4.0,4.0,4.0,2.0,2.0,2.0,4.0,4.0,2.0,2.0,2.0,4.0,4.0,1.0,2.0,2.0,6.0,7.0,8.0,9.0,10.0,3.0,1.0,2.0,2.0,2.0,2.0,3.0,3.0,7.0,8.0,3.0,1.0,2.0,6.0,2.0,1.0,1.0,2.0,1.0,1.0,3.0,8.0,5.0,10.0,5.0,9.0,1.0,3.0,2.0,1.0,10.0,1.0,10.0,1.0,4.0,2.0,2.0,2.0,5.0,1.0,1.0,5.0,5.0,1.0,5.0,2.0,2.0,2.0,3.0,3.0,3.0,1.0,,1.0,1.0,2.0,3.0,3.0,1.0,1.0,1.0,4.0,1.0,4.0,4.0,1.0,4.0,4.0,1.0,1.0,1.0,4.0,3.0,3.0,3.0,3.0,4.0,6.0,5.0,1.0,10.0,10.0,4.0,10.0,1.0,1.0,10.0,9.0,7.0,1.0,3.0,2.0,1.0,1.0,1.0,2.0,1.0
528071809,2.0,1.0,2.0,3.0,,4.0,1.0,2.0,2.0,1.0,2.0,1.0,2.0,2.0,2.0,1.0,2.0,1.0,2.0,2.0,2.0,2.0,2.0,1.0,2.0,2.0,4.0,3.0,3.0,3.0,3.0,,4.0,4.0,3.0,2.0,4.0,,4.0,3.0,,2.0,1.0,1.0,3.0,2.0,6.0,7.0,7.0,4.0,4.0,4.0,4.0,4.0,1.0,1.0,1.0,1.0,1.0,,,,3.0,,,3.0,2.0,2.0,2.0,3.0,3.0,3.0,2.0,2.0,3.0,3.0,2.0,2.0,,2.0,0.0,2.0,0.0,0.0,0.0,1.0,0.0,0.0,0.0,0.0,0.0,1.0,,1.0,3.0,,,7.0,2.0,,2.0,2.0,2.0,2.0,3.0,6.0,3.0,2.0,2.0,,2.0,,2.0,,,,1.0,4.0,4.0,4.0,4.0,4.0,4.0,4.0,1.0,1.0,2.0,,,2.0,2.0,3.0,,4.0,1.0,1.0,,8.0,6.0,3.0,3.0,5.0,7.0,1.0,2.0,2.0,2.0,2.0,4.0,,,,2.0,2.0,,9.0,1.0,1.0,1.0,1.0,1.0,10.0,5.0,5.0,7.0,7.0,6.0,7.0,1.0,1.0,1.0,1.0,9.0,1.0,1.0,3.0,4.0,4.0,2.0,2.0,1.0,1.0,1.0,5.0,,,5.0,2.0,2.0,2.0,3.0,3.0,,3.0,,2.0,2.0,3.0,3.0,3.0,1.0,1.0,1.0,,3.0,4.0,2.0,2.0,4.0,4.0,2.0,2.0,2.0,3.0,4.0,4.0,4.0,1.0,4.0,4.0,,1.0,10.0,10.0,1.0,10.0,5.0,1.0,10.0,10.0,8.0,6.0,2.0,2.0,3.0,2.0,2.0,2.0,3.0
446070625,1.0,1.0,2.0,3.0,2.0,2.0,1.0,1.0,1.0,2.0,2.0,2.0,1.0,1.0,2.0,2.0,2.0,1.0,2.0,2.0,2.0,2.0,2.0,1.0,2.0,2.0,2.0,2.0,3.0,3.0,3.0,2.0,4.0,2.0,3.0,2.0,2.0,2.0,2.0,2.0,2.0,2.0,1.0,3.0,2.0,2.0,8.0,8.0,8.0,4.0,4.0,4.0,4.0,4.0,1.0,2.0,2.0,2.0,2.0,3.0,2.0,2.0,2.0,2.0,2.0,2.0,2.0,2.0,2.0,2.0,2.0,2.0,2.0,2.0,2.0,2.0,2.0,2.0,2.0,2.0,1.0,0.0,0.0,0.0,0.0,0.0,0.0,0.0,0.0,0.0,1.0,5.0,5.0,5.0,5.0,7.0,1.0,5.0,2.0,2.0,2.0,2.0,2.0,2.0,4.0,5.0,3.0,2.0,2.0,0.0,0.0,0.0,2.0,1.0,0.0,2.0,1.0,4.0,3.0,4.0,4.0,4.0,4.0,4.0,2.0,2.0,2.0,3.0,2.0,2.0,2.0,4.0,4.0,4.0,1.0,2.0,1.0,7.0,9.0,4.0,3.0,3.0,8.0,7.0,1.0,2.0,2.0,2.0,3.0,3.0,4.0,4.0,1.0,2.0,2.0,5.0,1.0,1.0,1.0,1.0,1.0,5.0,1.0,1.0,5.0,5.0,3.0,7.0,1.0,3.0,1.0,1.0,1.0,1.0,3.0,2.0,3.0,3.0,3.0,2.0,1.0,2.0,4.0,1.0,1.0,1.0,1.0,1.0,2.0,2.0,2.0,2.0,1.0,2.0,2.0,2.0,2.0,2.0,2.0,2.0,1.0,,2.0,3.0,3.0,3.0,2.0,2.0,3.0,4.0,2.0,2.0,2.0,3.0,4.0,3.0,4.0,1.0,3.0,5.0,7.0,1.0,10.0,5.0,2.0,10.0,3.0,2.0,10.0,8.0,7.0,7.0,2.0,2.0,1.0,2.0,2.0,3.0,3.0
231071174,1.0,4.0,2.0,1.0,1.0,1.0,1.0,2.0,2.0,1.0,2.0,2.0,2.0,1.0,1.0,1.0,2.0,1.0,2.0,2.0,2.0,1.0,2.0,1.0,2.0,2.0,1.0,4.0,1.0,4.0,4.0,1.0,5.0,1.0,5.0,5.0,1.0,1.0,3.0,1.0,1.0,3.0,1.0,3.0,2.0,2.0,10.0,5.0,5.0,3.0,4.0,2.0,3.0,4.0,1.0,2.0,1.0,3.0,2.0,2.0,4.0,4.0,1.0,1.0,2.0,1.0,2.0,2.0,1.0,1.0,2.0,2.0,2.0,1.0,1.0,1.0,1.0,1.0,1.0,2.0,0.0,0.0,0.0,0.0,0.0,0.0,0.0,0.0,0.0,0.0,,10.0,5.0,1.0,1.0,1.0,1.0,10.0,2.0,2.0,2.0,2.0,3.0,3.0,1.0,10.0,2.0,2.0,2.0,2.0,2.0,2.0,0.0,0.0,2.0,3.0,3.0,3.0,4.0,2.0,2.0,2.0,3.0,1.0,1.0,1.0,2.0,2.0,1.0,2.0,1.0,1.0,1.0,1.0,2.0,2.0,1.0,10.0,10.0,10.0,1.0,1.0,10.0,10.0,1.0,1.0,1.0,1.0,1.0,2.0,1.0,3.0,1.0,1.0,1.0,1.0,1.0,1.0,1.0,1.0,1.0,1.0,1.0,1.0,1.0,1.0,1.0,1.0,1.0,8.0,1.0,1.0,1.0,1.0,1.0,1.0,3.0,4.0,1.0,2.0,5.0,1.0,5.0,1.0,5.0,5.0,1.0,1.0,1.0,3.0,1.0,1.0,2.0,3.0,3.0,1.0,1.0,2.0,3.0,3.0,3.0,3.0,2.0,4.0,2.0,1.0,2.0,2.0,4.0,2.0,1.0,1.0,1.0,4.0,4.0,2.0,1.0,1.0,4.0,,1.0,10.0,10.0,7.0,1.0,10.0,10.0,10.0,10.0,10.0,5.0,6.0,2.0,1.0,2.0,2.0,2.0,3.0,3.0
643070736,1.0,1.0,1.0,3.0,2.0,,2.0,1.0,1.0,1.0,1.0,2.0,1.0,2.0,2.0,2.0,2.0,1.0,2.0,1.0,2.0,2.0,2.0,1.0,2.0,2.0,3.0,3.0,2.0,4.0,2.0,,3.0,3.0,4.0,2.0,2.0,2.0,2.0,2.0,4.0,2.0,1.0,2.0,1.0,2.0,8.0,8.0,7.0,4.0,4.0,4.0,4.0,4.0,2.0,2.0,1.0,2.0,2.0,3.0,3.0,3.0,3.0,2.0,3.0,3.0,3.0,2.0,3.0,3.0,3.0,3.0,3.0,2.0,3.0,3.0,3.0,2.0,2.0,2.0,0.0,1.0,1.0,0.0,0.0,0.0,0.0,1.0,0.0,0.0,0.0,8.0,5.0,4.0,4.0,3.0,1.0,8.0,2.0,3.0,2.0,3.0,3.0,2.0,3.0,6.0,,2.0,0.0,2.0,1.0,2.0,2.0,2.0,2.0,3.0,2.0,4.0,3.0,3.0,4.0,4.0,3.0,4.0,1.0,1.0,2.0,2.0,1.0,2.0,2.0,2.0,2.0,3.0,,2.0,1.0,5.0,6.0,3.0,5.0,3.0,6.0,5.0,1.0,1.0,2.0,2.0,4.0,4.0,7.0,,1.0,2.0,,7.0,4.0,7.0,3.0,4.0,3.0,,5.0,5.0,6.0,6.0,2.0,6.0,3.0,2.0,2.0,2.0,2.0,3.0,7.0,2.0,2.0,2.0,3.0,2.0,4.0,2.0,5.0,5.0,5.0,2.0,2.0,2.0,1.0,2.0,2.0,,1.0,2.0,2.0,2.0,1.0,1.0,,,2.0,1.0,3.0,3.0,2.0,2.0,,2.0,,,2.0,2.0,1.0,,2.0,,3.0,2.0,3.0,5.0,6.0,2.0,8.0,6.0,6.0,9.0,7.0,5.0,5.0,6.0,,5.0,2.0,2.0,1.0,2.0,2.0,3.0,2.0
642070284,1.0,3.0,2.0,4.0,1.0,2.0,1.0,2.0,2.0,2.0,2.0,1.0,1.0,1.0,1.0,2.0,2.0,1.0,1.0,1.0,1.0,1.0,2.0,1.0,2.0,2.0,1.0,3.0,1.0,4.0,4.0,1.0,1.0,1.0,4.0,5.0,2.0,2.0,2.0,2.0,2.0,2.0,1.0,1.0,1.0,2.0,9.0,10.0,8.0,4.0,4.0,4.0,4.0,4.0,1.0,2.0,2.0,3.0,4.0,4.0,4.0,4.0,1.0,2.0,3.0,2.0,4.0,2.0,3.0,4.0,3.0,3.0,3.0,2.0,3.0,3.0,3.0,3.0,1.0,1.0,0.0,0.0,0.0,0.0,0.0,0.0,0.0,0.0,0.0,0.0,0.0,10.0,10.0,10.0,5.0,1.0,2.0,10.0,3.0,4.0,4.0,3.0,2.0,1.0,2.0,8.0,2.0,2.0,2.0,2.0,2.0,2.0,2.0,2.0,2.0,2.0,2.0,4.0,2.0,2.0,4.0,4.0,4.0,4.0,2.0,2.0,2.0,1.0,1.0,2.0,2.0,1.0,1.0,1.0,1.0,2.0,1.0,10.0,10.0,10.0,3.0,3.0,7.0,10.0,1.0,1.0,1.0,1.0,2.0,2.0,4.0,2.0,1.0,2.0,2.0,1.0,1.0,1.0,1.0,1.0,1.0,1.0,1.0,1.0,1.0,1.0,1.0,1.0,1.0,1.0,1.0,1.0,1.0,1.0,1.0,1.0,1.0,1.0,3.0,1.0,1.0,1.0,2.0,1.0,5.0,5.0,2.0,2.0,3.0,3.0,3.0,3.0,3.0,3.0,3.0,3.0,3.0,3.0,3.0,3.0,1.0,1.0,3.0,2.0,2.0,2.0,2.0,3.0,2.0,2.0,2.0,2.0,1.0,,1.0,1.0,2.0,1.0,3.0,5.0,6.0,6.0,6.0,6.0,6.0,8.0,4.0,7.0,6.0,10.0,10.0,4.0,3.0,2.0,1.0,2.0,2.0,2.0,3.0
68070571,1.0,3.0,1.0,3.0,1.0,3.0,1.0,2.0,1.0,1.0,2.0,1.0,2.0,2.0,2.0,2.0,2.0,2.0,2.0,2.0,2.0,2.0,2.0,1.0,2.0,2.0,1.0,2.0,2.0,2.0,3.0,2.0,2.0,,2.0,,1.0,1.0,1.0,1.0,1.0,3.0,1.0,1.0,3.0,3.0,7.0,10.0,6.0,2.0,1.0,2.0,2.0,4.0,2.0,2.0,2.0,4.0,4.0,4.0,4.0,4.0,3.0,3.0,3.0,2.0,3.0,4.0,3.0,3.0,3.0,3.0,3.0,3.0,3.0,2.0,3.0,3.0,3.0,3.0,0.0,0.0,0.0,0.0,0.0,0.0,0.0,0.0,0.0,0.0,0.0,10.0,5.0,10.0,10.0,10.0,2.0,9.0,2.0,2.0,2.0,2.0,2.0,4.0,2.0,4.0,3.0,0.0,2.0,2.0,2.0,2.0,2.0,2.0,2.0,3.0,2.0,3.0,3.0,3.0,3.0,,3.0,3.0,1.0,,,3.0,3.0,1.0,1.0,1.0,2.0,2.0,2.0,2.0,1.0,6.0,7.0,,1.0,6.0,6.0,10.0,1.0,2.0,2.0,1.0,2.0,2.0,5.0,1.0,1.0,2.0,2.0,1.0,1.0,1.0,1.0,5.0,1.0,8.0,,1.0,,,1.0,10.0,1.0,1.0,1.0,1.0,,1.0,1.0,1.0,2.0,4.0,4.0,2.0,3.0,1.0,2.0,5.0,5.0,5.0,5.0,2.0,3.0,3.0,1.0,2.0,1.0,3.0,3.0,3.0,3.0,3.0,3.0,3.0,1.0,1.0,,,1.0,2.0,2.0,,2.0,2.0,2.0,2.0,3.0,,3.0,2.0,3.0,2.0,3.0,5.0,4.0,8.0,7.0,5.0,4.0,7.0,8.0,8.0,8.0,9.0,5.0,5.0,3.0,2.0,1.0,3.0,1.0,1.0,1.0
642070329,1.0,1.0,2.0,3.0,2.0,1.0,1.0,2.0,1.0,1.0,1.0,2.0,2.0,2.0,1.0,2.0,2.0,1.0,2.0,1.0,2.0,1.0,2.0,1.0,2.0,2.0,2.0,4.0,,1.0,1.0,4.0,1.0,1.0,5.0,5.0,4.0,2.0,1.0,2.0,1.0,3.0,1.0,1.0,1.0,1.0,10.0,8.0,10.0,4.0,4.0,4.0,4.0,4.0,1.0,2.0,1.0,2.0,2.0,4.0,4.0,4.0,1.0,1.0,2.0,2.0,,1.0,2.0,3.0,3.0,3.0,2.0,2.0,2.0,4.0,4.0,4.0,3.0,3.0,0.0,0.0,0.0,0.0,0.0,0.0,0.0,0.0,0.0,0.0,0.0,1.0,9.0,3.0,5.0,2.0,2.0,9.0,4.0,4.0,2.0,1.0,1.0,1.0,4.0,,1.0,0.0,0.0,0.0,0.0,0.0,0.0,0.0,0.0,2.0,1.0,4.0,2.0,3.0,4.0,4.0,4.0,4.0,1.0,2.0,2.0,2.0,,2.0,2.0,2.0,3.0,3.0,2.0,2.0,1.0,9.0,10.0,9.0,,2.0,10.0,10.0,1.0,,,,1.0,1.0,6.0,4.0,1.0,2.0,2.0,8.0,1.0,1.0,1.0,2.0,1.0,1.0,3.0,1.0,3.0,1.0,1.0,1.0,1.0,1.0,1.0,1.0,2.0,,,2.0,4.0,4.0,4.0,3.0,2.0,1.0,4.0,2.0,2.0,2.0,2.0,4.0,1.0,3.0,2.0,2.0,3.0,3.0,3.0,2.0,3.0,3.0,3.0,3.0,3.0,3.0,2.0,4.0,,3.0,,4.0,,4.0,,3.0,1.0,,2.0,2.0,4.0,2.0,2.0,8.0,8.0,8.0,4.0,7.0,7.0,3.0,1.0,,1.0,8.0,8.0,5.0,3.0,1.0,2.0,2.0,2.0,2.0,2.0
36071187,1.0,1.0,1.0,3.0,1.0,3.0,1.0,2.0,1.0,1.0,2.0,1.0,2.0,2.0,2.0,1.0,2.0,1.0,2.0,2.0,2.0,2.0,2.0,1.0,2.0,2.0,2.0,2.0,4.0,4.0,4.0,1.0,5.0,1.0,3.0,3.0,2.0,2.0,2.0,2.0,3.0,1.0,1.0,1.0,1.0,2.0,8.0,8.0,8.0,4.0,4.0,4.0,4.0,4.0,1.0,1.0,1.0,2.0,1.0,3.0,2.0,2.0,4.0,2.0,3.0,3.0,3.0,2.0,2.0,3.0,3.0,3.0,3.0,3.0,3.0,3.0,3.0,3.0,3.0,3.0,0.0,0.0,0.0,0.0,0.0,0.0,0.0,0.0,0.0,0.0,0.0,5.0,1.0,5.0,5.0,1.0,2.0,8.0,2.0,2.0,2.0,2.0,2.0,2.0,2.0,5.0,3.0,,2.0,1.0,1.0,1.0,2.0,2.0,1.0,2.0,2.0,3.0,3.0,4.0,4.0,4.0,4.0,4.0,2.0,1.0,2.0,3.0,2.0,2.0,2.0,3.0,2.0,3.0,1.0,2.0,2.0,7.0,8.0,5.0,4.0,3.0,9.0,1.0,1.0,2.0,2.0,2.0,3.0,3.0,7.0,8.0,2.0,2.0,2.0,8.0,1.0,1.0,1.0,1.0,1.0,9.0,3.0,5.0,5.0,5.0,5.0,7.0,1.0,1.0,1.0,1.0,3.0,1.0,5.0,1.0,3.0,4.0,3.0,2.0,2.0,1.0,4.0,4.0,4.0,4.0,,2.0,1.0,2.0,2.0,2.0,2.0,2.0,3.0,2.0,3.0,2.0,3.0,3.0,,,1.0,3.0,4.0,4.0,2.0,2.0,2.0,4.0,1.0,4.0,1.0,3.0,2.0,2.0,4.0,,4.0,5.0,8.0,1.0,9.0,4.0,1.0,2.0,7.0,6.0,10.0,9.0,8.0,5.0,2.0,,2.0,2.0,2.0,2.0,3.0
218070346,1.0,2.0,1.0,2.0,1.0,1.0,1.0,2.0,2.0,2.0,2.0,2.0,1.0,1.0,1.0,2.0,1.0,2.0,2.0,2.0,2.0,2.0,2.0,2.0,2.0,2.0,1.0,3.0,4.0,3.0,3.0,3.0,4.0,4.0,3.0,2.0,4.0,2.0,2.0,2.0,2.0,3.0,1.0,1.0,2.0,3.0,7.0,8.0,8.0,4.0,4.0,4.0,3.0,4.0,3.0,2.0,1.0,2.0,3.0,4.0,2.0,2.0,3.0,2.0,2.0,2.0,2.0,2.0,3.0,3.0,3.0,3.0,3.0,3.0,3.0,2.0,3.0,3.0,2.0,2.0,0.0,0.0,0.0,0.0,0.0,0.0,0.0,0.0,0.0,0.0,0.0,7.0,7.0,7.0,7.0,7.0,1.0,10.0,4.0,4.0,4.0,4.0,4.0,2.0,4.0,8.0,3.0,0.0,0.0,0.0,2.0,0.0,0.0,2.0,2.0,3.0,2.0,3.0,1.0,3.0,3.0,3.0,3.0,3.0,1.0,2.0,2.0,1.0,1.0,2.0,2.0,3.0,3.0,3.0,2.0,1.0,2.0,7.0,5.0,5.0,1.0,7.0,7.0,10.0,1.0,2.0,1.0,1.0,3.0,2.0,7.0,8.0,2.0,2.0,2.0,6.0,5.0,5.0,1.0,1.0,1.0,5.0,5.0,1.0,5.0,3.0,1.0,1.0,1.0,7.0,1.0,1.0,1.0,1.0,1.0,1.0,4.0,3.0,2.0,2.0,4.0,3.0,4.0,1.0,2.0,1.0,1.0,1.0,2.0,2.0,3.0,3.0,3.0,2.0,3.0,3.0,2.0,2.0,3.0,3.0,2.0,3.0,4.0,3.0,1.0,1.0,2.0,4.0,1.0,1.0,1.0,1.0,2.0,,2.0,2.0,4.0,3.0,4.0,,1.0,1.0,6.0,1.0,5.0,5.0,5.0,6.0,10.0,7.0,5.0,1.0,3.0,2.0,3.0,2.0,1.0,3.0,3.0
764070871,1.0,1.0,1.0,1.0,1.0,2.0,1.0,1.0,1.0,1.0,2.0,2.0,1.0,2.0,2.0,2.0,2.0,1.0,1.0,1.0,1.0,1.0,2.0,1.0,1.0,2.0,2.0,2.0,2.0,1.0,1.0,1.0,2.0,2.0,2.0,2.0,2.0,1.0,1.0,1.0,2.0,2.0,1.0,2.0,2.0,1.0,4.0,4.0,5.0,1.0,1.0,2.0,2.0,2.0,2.0,1.0,1.0,1.0,1.0,2.0,3.0,4.0,2.0,2.0,1.0,2.0,1.0,2.0,2.0,2.0,2.0,1.0,1.0,2.0,2.0,1.0,2.0,2.0,2.0,1.0,2.0,2.0,2.0,2.0,2.0,1.0,2.0,2.0,2.0,1.0,1.0,7.0,7.0,7.0,7.0,6.0,1.0,4.0,1.0,2.0,1.0,1.0,1.0,3.0,1.0,4.0,3.0,2.0,2.0,1.0,2.0,1.0,1.0,2.0,2.0,2.0,2.0,1.0,2.0,2.0,2.0,2.0,2.0,2.0,2.0,2.0,2.0,2.0,2.0,2.0,2.0,1.0,1.0,2.0,2.0,1.0,1.0,1.0,2.0,2.0,3.0,3.0,6.0,7.0,1.0,1.0,1.0,1.0,1.0,1.0,5.0,5.0,2.0,,,3.0,1.0,1.0,2.0,2.0,2.0,1.0,2.0,2.0,1.0,2.0,1.0,1.0,2.0,2.0,2.0,1.0,2.0,1.0,1.0,1.0,1.0,1.0,1.0,1.0,2.0,2.0,1.0,1.0,2.0,1.0,1.0,1.0,1.0,1.0,1.0,1.0,1.0,1.0,2.0,2.0,1.0,1.0,1.0,1.0,2.0,2.0,2.0,2.0,2.0,1.0,1.0,3.0,3.0,1.0,1.0,1.0,3.0,,2.0,1.0,1.0,2.0,2.0,7.0,1.0,1.0,2.0,1.0,1.0,2.0,2.0,3.0,6.0,8.0,7.0,4.0,1.0,1.0,1.0,2.0,2.0,1.0,4.0
124070909,1.0,1.0,2.0,2.0,1.0,3.0,2.0,1.0,2.0,1.0,2.0,1.0,1.0,2.0,2.0,1.0,2.0,1.0,2.0,2.0,2.0,2.0,2.0,1.0,2.0,2.0,2.0,3.0,4.0,4.0,4.0,2.0,5.0,3.0,4.0,1.0,4.0,4.0,4.0,2.0,4.0,1.0,3.0,2.0,2.0,2.0,8.0,6.0,9.0,4.0,4.0,4.0,4.0,4.0,1.0,1.0,1.0,2.0,2.0,3.0,2.0,2.0,2.0,2.0,2.0,2.0,2.0,2.0,2.0,2.0,2.0,2.0,2.0,2.0,2.0,2.0,2.0,2.0,2.0,2.0,0.0,0.0,0.0,0.0,0.0,0.0,0.0,0.0,0.0,0.0,0.0,4.0,4.0,8.0,3.0,7.0,1.0,8.0,2.0,3.0,2.0,2.0,2.0,1.0,2.0,7.0,4.0,1.0,2.0,0.0,2.0,0.0,2.0,1.0,0.0,3.0,2.0,3.0,3.0,3.0,3.0,4.0,4.0,3.0,2.0,2.0,2.0,4.0,4.0,2.0,2.0,2.0,2.0,2.0,1.0,1.0,2.0,8.0,5.0,6.0,3.0,3.0,7.0,3.0,2.0,1.0,2.0,2.0,3.0,4.0,7.0,3.0,2.0,2.0,2.0,7.0,1.0,2.0,1.0,2.0,1.0,10.0,4.0,8.0,9.0,10.0,2.0,8.0,1.0,1.0,2.0,1.0,10.0,1.0,4.0,1.0,4.0,4.0,3.0,2.0,2.0,1.0,5.0,1.0,1.0,1.0,1.0,2.0,1.0,1.0,1.0,1.0,1.0,2.0,2.0,2.0,2.0,1.0,2.0,3.0,1.0,1.0,1.0,4.0,3.0,4.0,1.0,2.0,3.0,4.0,1.0,1.0,1.0,3.0,4.0,3.0,4.0,2.0,4.0,7.0,9.0,2.0,9.0,9.0,1.0,9.0,5.0,8.0,10.0,9.0,9.0,8.0,2.0,1.0,1.0,1.0,2.0,2.0,3.0
792070997,1.0,1.0,1.0,3.0,3.0,3.0,1.0,2.0,1.0,1.0,2.0,1.0,1.0,2.0,2.0,2.0,2.0,1.0,2.0,1.0,2.0,1.0,2.0,2.0,2.0,2.0,1.0,1.0,3.0,3.0,3.0,3.0,3.0,3.0,3.0,3.0,3.0,3.0,3.0,3.0,3.0,2.0,1.0,1.0,2.0,1.0,4.0,5.0,5.0,4.0,4.0,4.0,4.0,4.0,1.0,2.0,1.0,2.0,2.0,4.0,4.0,3.0,3.0,1.0,3.0,3.0,4.0,1.0,3.0,3.0,3.0,3.0,3.0,3.0,3.0,3.0,3.0,3.0,3.0,2.0,0.0,0.0,0.0,0.0,0.0,0.0,0.0,0.0,0.0,0.0,0.0,3.0,3.0,1.0,4.0,3.0,2.0,7.0,3.0,3.0,3.0,3.0,3.0,2.0,3.0,5.0,3.0,1.0,1.0,2.0,2.0,2.0,2.0,2.0,2.0,3.0,3.0,3.0,3.0,3.0,3.0,3.0,3.0,3.0,,,,4.0,4.0,2.0,2.0,1.0,1.0,1.0,2.0,1.0,1.0,3.0,5.0,5.0,4.0,5.0,5.0,6.0,1.0,1.0,1.0,1.0,3.0,3.0,4.0,5.0,2.0,2.0,1.0,6.0,4.0,4.0,3.0,2.0,2.0,1.0,1.0,1.0,1.0,1.0,1.0,2.0,1.0,4.0,3.0,,2.0,,3.0,3.0,3.0,3.0,2.0,2.0,2.0,1.0,4.0,1.0,4.0,1.0,1.0,1.0,2.0,2.0,2.0,2.0,2.0,2.0,2.0,2.0,2.0,2.0,2.0,2.0,1.0,1.0,3.0,3.0,3.0,3.0,3.0,3.0,3.0,3.0,3.0,3.0,3.0,,3.0,1.0,,1.0,3.0,3.0,5.0,3.0,7.0,7.0,,6.0,6.0,4.0,5.0,6.0,5.0,8.0,3.0,2.0,2.0,2.0,2.0,2.0,2.0
124070406,1.0,2.0,1.0,2.0,1.0,2.0,1.0,2.0,2.0,1.0,1.0,2.0,2.0,2.0,1.0,2.0,1.0,1.0,2.0,1.0,2.0,1.0,2.0,2.0,2.0,2.0,2.0,3.0,2.0,4.0,3.0,3.0,5.0,2.0,5.0,5.0,3.0,2.0,1.0,2.0,3.0,3.0,3.0,3.0,4.0,2.0,6.0,6.0,6.0,4.0,2.0,4.0,4.0,4.0,1.0,2.0,2.0,3.0,3.0,3.0,3.0,3.0,2.0,3.0,4.0,3.0,2.0,3.0,2.0,2.0,3.0,3.0,2.0,3.0,3.0,3.0,3.0,2.0,2.0,2.0,1.0,0.0,0.0,0.0,0.0,0.0,0.0,1.0,0.0,0.0,0.0,6.0,3.0,2.0,5.0,6.0,1.0,4.0,2.0,2.0,2.0,2.0,3.0,3.0,1.0,6.0,4.0,1.0,2.0,0.0,2.0,1.0,2.0,1.0,1.0,3.0,3.0,3.0,3.0,4.0,1.0,3.0,4.0,3.0,1.0,1.0,2.0,1.0,4.0,2.0,2.0,2.0,2.0,2.0,1.0,2.0,2.0,2.0,1.0,10.0,6.0,2.0,3.0,10.0,1.0,1.0,1.0,1.0,3.0,1.0,7.0,7.0,2.0,2.0,2.0,3.0,5.0,5.0,5.0,1.0,1.0,1.0,1.0,5.0,5.0,5.0,1.0,1.0,1.0,5.0,5.0,1.0,5.0,1.0,5.0,4.0,3.0,3.0,4.0,3.0,5.0,5.0,5.0,1.0,5.0,5.0,5.0,1.0,1.0,1.0,2.0,3.0,3.0,3.0,3.0,3.0,3.0,1.0,2.0,3.0,3.0,3.0,3.0,2.0,3.0,3.0,3.0,4.0,1.0,4.0,4.0,3.0,2.0,4.0,3.0,3.0,3.0,3.0,3.0,5.0,5.0,5.0,5.0,5.0,5.0,5.0,5.0,5.0,5.0,8.0,7.0,7.0,3.0,1.0,2.0,2.0,2.0,2.0,2.0
792071824,1.0,1.0,1.0,1.0,1.0,1.0,2.0,1.0,2.0,1.0,1.0,1.0,2.0,2.0,1.0,2.0,2.0,1.0,1.0,1.0,1.0,1.0,1.0,1.0,1.0,1.0,1.0,2.0,2.0,2.0,2.0,2.0,3.0,1.0,4.0,4.0,4.0,1.0,2.0,2.0,2.0,2.0,3.0,2.0,2.0,2.0,3.0,4.0,3.0,2.0,3.0,3.0,1.0,4.0,1.0,2.0,1.0,3.0,2.0,3.0,3.0,3.0,1.0,1.0,2.0,2.0,2.0,1.0,1.0,3.0,3.0,3.0,2.0,2.0,2.0,2.0,2.0,3.0,3.0,3.0,0.0,0.0,0.0,0.0,0.0,0.0,0.0,0.0,0.0,0.0,0.0,7.0,3.0,4.0,10.0,10.0,1.0,8.0,3.0,3.0,2.0,3.0,3.0,1.0,4.0,5.0,4.0,1.0,1.0,1.0,1.0,2.0,0.0,2.0,2.0,3.0,3.0,3.0,3.0,3.0,3.0,3.0,3.0,3.0,,,,1.0,1.0,2.0,1.0,1.0,1.0,1.0,1.0,1.0,1.0,9.0,8.0,9.0,10.0,10.0,7.0,10.0,1.0,1.0,1.0,1.0,1.0,1.0,4.0,3.0,1.0,2.0,2.0,8.0,1.0,1.0,1.0,1.0,1.0,1.0,1.0,1.0,6.0,1.0,1.0,1.0,1.0,1.0,1.0,,1.0,,1.0,3.0,3.0,3.0,2.0,2.0,1.0,1.0,1.0,1.0,3.0,1.0,1.0,2.0,2.0,2.0,2.0,2.0,2.0,2.0,2.0,2.0,2.0,2.0,2.0,2.0,1.0,1.0,2.0,3.0,2.0,3.0,3.0,2.0,2.0,3.0,1.0,1.0,2.0,,2.0,3.0,,3.0,3.0,5.0,9.0,9.0,9.0,9.0,,10.0,9.0,9.0,10.0,10.0,5.0,6.0,2.0,2.0,2.0,2.0,2.0,2.0,2.0
458071244,1.0,2.0,1.0,2.0,1.0,1.0,1.0,1.0,1.0,1.0,2.0,2.0,2.0,2.0,1.0,2.0,2.0,1.0,2.0,1.0,2.0,1.0,2.0,1.0,1.0,2.0,1.0,3.0,1.0,4.0,2.0,2.0,4.0,1.0,2.0,5.0,2.0,1.0,1.0,1.0,1.0,3.0,3.0,3.0,2.0,2.0,10.0,8.0,7.0,4.0,2.0,3.0,2.0,4.0,1.0,2.0,1.0,2.0,2.0,3.0,3.0,3.0,2.0,2.0,3.0,3.0,3.0,3.0,2.0,2.0,2.0,2.0,2.0,2.0,2.0,3.0,2.0,2.0,2.0,2.0,1.0,1.0,2.0,2.0,0.0,1.0,1.0,1.0,1.0,1.0,1.0,6.0,7.0,7.0,7.0,7.0,2.0,5.0,2.0,3.0,3.0,2.0,2.0,3.0,4.0,8.0,3.0,1.0,1.0,2.0,2.0,2.0,1.0,2.0,2.0,3.0,2.0,2.0,2.0,3.0,3.0,3.0,3.0,3.0,1.0,1.0,1.0,1.0,1.0,2.0,2.0,2.0,2.0,2.0,1.0,2.0,1.0,9.0,9.0,6.0,5.0,7.0,7.0,9.0,1.0,1.0,1.0,1.0,1.0,1.0,2.0,1.0,1.0,2.0,2.0,6.0,5.0,6.0,9.0,7.0,5.0,8.0,8.0,4.0,6.0,6.0,6.0,6.0,5.0,5.0,5.0,5.0,5.0,6.0,6.0,2.0,2.0,2.0,2.0,2.0,2.0,2.0,1.0,1.0,1.0,1.0,1.0,1.0,3.0,3.0,3.0,3.0,2.0,2.0,3.0,2.0,2.0,2.0,2.0,2.0,2.0,3.0,2.0,3.0,3.0,2.0,2.0,3.0,3.0,3.0,3.0,2.0,2.0,2.0,2.0,2.0,2.0,2.0,2.0,6.0,8.0,6.0,7.0,5.0,5.0,6.0,6.0,6.0,6.0,6.0,8.0,8.0,2.0,1.0,1.0,2.0,1.0,2.0,3.0
566070057,1.0,1.0,1.0,1.0,1.0,1.0,1.0,2.0,2.0,2.0,2.0,1.0,2.0,1.0,1.0,2.0,1.0,1.0,2.0,1.0,2.0,1.0,2.0,1.0,2.0,2.0,1.0,4.0,1.0,4.0,1.0,4.0,2.0,2.0,2.0,,1.0,1.0,1.0,1.0,1.0,3.0,1.0,1.0,3.0,2.0,10.0,6.0,1.0,1.0,1.0,2.0,1.0,4.0,1.0,2.0,1.0,3.0,2.0,3.0,3.0,3.0,1.0,4.0,1.0,1.0,3.0,4.0,2.0,3.0,4.0,3.0,3.0,3.0,4.0,2.0,2.0,3.0,2.0,2.0,1.0,0.0,1.0,0.0,2.0,0.0,0.0,1.0,1.0,1.0,0.0,1.0,10.0,1.0,1.0,1.0,1.0,10.0,3.0,2.0,2.0,3.0,2.0,2.0,1.0,1.0,5.0,2.0,0.0,2.0,1.0,2.0,0.0,0.0,0.0,3.0,3.0,1.0,1.0,3.0,1.0,2.0,1.0,3.0,2.0,1.0,2.0,1.0,1.0,2.0,2.0,1.0,1.0,1.0,1.0,1.0,1.0,10.0,10.0,10.0,1.0,1.0,10.0,10.0,1.0,2.0,2.0,2.0,1.0,2.0,3.0,1.0,1.0,1.0,2.0,1.0,1.0,1.0,1.0,1.0,1.0,1.0,1.0,1.0,6.0,10.0,1.0,1.0,1.0,3.0,1.0,1.0,5.0,1.0,7.0,1.0,1.0,4.0,1.0,2.0,1.0,2.0,1.0,1.0,1.0,1.0,1.0,1.0,1.0,1.0,1.0,1.0,1.0,2.0,2.0,1.0,1.0,3.0,3.0,3.0,1.0,1.0,1.0,4.0,1.0,1.0,3.0,3.0,1.0,1.0,4.0,1.0,1.0,5.0,3.0,4.0,4.0,1.0,1.0,10.0,1.0,,2.0,1.0,1.0,10.0,10.0,10.0,5.0,10.0,10.0,1.0,4.0,1.0,1.0,1.0,1.0,1.0,1.0
703070872,1.0,2.0,2.0,3.0,3.0,3.0,1.0,2.0,1.0,1.0,2.0,2.0,2.0,2.0,2.0,1.0,1.0,1.0,1.0,1.0,1.0,2.0,1.0,1.0,2.0,2.0,2.0,3.0,3.0,3.0,3.0,3.0,3.0,1.0,2.0,3.0,2.0,3.0,1.0,2.0,4.0,3.0,1.0,1.0,4.0,5.0,3.0,3.0,3.0,4.0,4.0,4.0,4.0,4.0,1.0,2.0,1.0,2.0,2.0,3.0,3.0,3.0,3.0,2.0,2.0,2.0,2.0,3.0,3.0,3.0,3.0,3.0,3.0,2.0,2.0,3.0,3.0,,2.0,2.0,0.0,0.0,0.0,0.0,0.0,0.0,0.0,0.0,0.0,0.0,0.0,1.0,5.0,2.0,4.0,2.0,1.0,6.0,2.0,2.0,2.0,2.0,2.0,2.0,4.0,9.0,1.0,2.0,2.0,2.0,2.0,2.0,2.0,2.0,2.0,3.0,3.0,2.0,2.0,3.0,3.0,3.0,3.0,3.0,1.0,1.0,2.0,4.0,4.0,2.0,2.0,2.0,3.0,2.0,2.0,2.0,2.0,5.0,5.0,4.0,5.0,8.0,5.0,2.0,2.0,1.0,2.0,2.0,3.0,2.0,7.0,6.0,1.0,2.0,1.0,5.0,5.0,5.0,2.0,1.0,1.0,7.0,5.0,10.0,9.0,9.0,4.0,4.0,1.0,1.0,1.0,1.0,6.0,1.0,2.0,2.0,3.0,3.0,3.0,2.0,5.0,1.0,1.0,5.0,5.0,5.0,5.0,4.0,2.0,3.0,3.0,3.0,3.0,3.0,3.0,3.0,3.0,3.0,3.0,3.0,2.0,2.0,1.0,,2.0,3.0,2.0,1.0,2.0,3.0,1.0,1.0,1.0,2.0,3.0,2.0,3.0,3.0,3.0,1.0,1.0,5.0,7.0,7.0,8.0,2.0,1.0,7.0,8.0,1.0,2.0,1.0,3.0,3.0,1.0,2.0,2.0,3.0,4.0
344070345,1.0,2.0,3.0,3.0,2.0,3.0,1.0,2.0,1.0,1.0,2.0,1.0,2.0,1.0,2.0,2.0,2.0,1.0,2.0,1.0,2.0,2.0,2.0,1.0,2.0,2.0,3.0,3.0,3.0,3.0,3.0,2.0,4.0,2.0,4.0,2.0,3.0,2.0,4.0,3.0,2.0,2.0,1.0,1.0,1.0,1.0,8.0,8.0,8.0,4.0,3.0,4.0,4.0,4.0,1.0,2.0,1.0,2.0,2.0,3.0,3.0,3.0,2.0,2.0,2.0,3.0,2.0,2.0,1.0,2.0,3.0,3.0,3.0,2.0,2.0,3.0,2.0,2.0,2.0,3.0,0.0,0.0,0.0,0.0,0.0,0.0,0.0,0.0,0.0,0.0,0.0,4.0,7.0,8.0,3.0,3.0,1.0,3.0,2.0,2.0,2.0,2.0,2.0,2.0,4.0,10.0,4.0,0.0,2.0,0.0,0.0,0.0,2.0,0.0,0.0,2.0,2.0,3.0,3.0,4.0,3.0,3.0,2.0,3.0,1.0,2.0,2.0,3.0,4.0,2.0,2.0,4.0,3.0,3.0,1.0,2.0,1.0,8.0,8.0,3.0,2.0,2.0,8.0,3.0,2.0,2.0,2.0,2.0,3.0,3.0,6.0,7.0,2.0,1.0,2.0,4.0,1.0,1.0,1.0,1.0,1.0,4.0,1.0,4.0,9.0,7.0,1.0,8.0,1.0,2.0,1.0,1.0,1.0,1.0,3.0,2.0,4.0,4.0,2.0,2.0,1.0,1.0,1.0,1.0,1.0,1.0,2.0,2.0,2.0,3.0,2.0,2.0,2.0,1.0,3.0,2.0,2.0,2.0,3.0,3.0,1.0,1.0,1.0,3.0,3.0,3.0,1.0,1.0,3.0,3.0,1.0,1.0,1.0,3.0,4.0,4.0,4.0,2.0,4.0,5.0,8.0,1.0,10.0,8.0,1.0,9.0,3.0,2.0,10.0,8.0,7.0,5.0,2.0,2.0,1.0,,1.0,2.0,2.0
788070773,1.0,2.0,3.0,4.0,1.0,1.0,1.0,2.0,1.0,1.0,2.0,1.0,2.0,2.0,2.0,2.0,1.0,2.0,2.0,2.0,2.0,2.0,2.0,1.0,2.0,2.0,3.0,2.0,2.0,4.0,3.0,2.0,1.0,1.0,3.0,,3.0,1.0,1.0,2.0,1.0,3.0,1.0,2.0,3.0,3.0,4.0,4.0,2.0,3.0,3.0,2.0,2.0,3.0,3.0,2.0,1.0,2.0,2.0,3.0,3.0,3.0,2.0,1.0,3.0,3.0,3.0,3.0,3.0,4.0,4.0,3.0,2.0,2.0,2.0,3.0,3.0,1.0,2.0,2.0,0.0,0.0,0.0,0.0,0.0,0.0,0.0,0.0,0.0,0.0,0.0,2.0,8.0,3.0,5.0,1.0,2.0,9.0,2.0,2.0,3.0,2.0,2.0,3.0,2.0,8.0,3.0,0.0,1.0,0.0,2.0,0.0,1.0,0.0,0.0,2.0,2.0,3.0,2.0,2.0,3.0,2.0,2.0,3.0,1.0,2.0,2.0,2.0,2.0,2.0,2.0,3.0,2.0,3.0,2.0,2.0,1.0,4.0,9.0,4.0,3.0,8.0,3.0,10.0,1.0,1.0,1.0,1.0,2.0,3.0,1.0,1.0,1.0,1.0,2.0,4.0,3.0,3.0,1.0,1.0,1.0,1.0,1.0,4.0,5.0,3.0,4.0,5.0,1.0,2.0,1.0,1.0,2.0,1.0,3.0,3.0,4.0,4.0,3.0,2.0,4.0,1.0,4.0,1.0,4.0,1.0,1.0,1.0,3.0,2.0,2.0,2.0,2.0,3.0,3.0,3.0,3.0,3.0,3.0,3.0,3.0,3.0,1.0,3.0,2.0,1.0,1.0,1.0,3.0,3.0,2.0,3.0,2.0,3.0,4.0,2.0,3.0,2.0,3.0,4.0,9.0,3.0,10.0,10.0,8.0,8.0,7.0,4.0,5.0,7.0,5.0,5.0,2.0,2.0,1.0,2.0,2.0,3.0,3.0
276070096,1.0,1.0,1.0,2.0,1.0,3.0,1.0,1.0,1.0,2.0,2.0,1.0,2.0,1.0,2.0,2.0,2.0,1.0,2.0,2.0,2.0,2.0,2.0,2.0,2.0,2.0,3.0,3.0,3.0,4.0,3.0,2.0,5.0,5.0,5.0,4.0,3.0,2.0,1.0,2.0,1.0,3.0,1.0,3.0,2.0,2.0,8.0,9.0,8.0,4.0,4.0,4.0,4.0,4.0,1.0,2.0,1.0,2.0,2.0,4.0,3.0,2.0,2.0,2.0,3.0,2.0,2.0,1.0,1.0,2.0,2.0,2.0,2.0,2.0,2.0,3.0,3.0,3.0,3.0,3.0,0.0,0.0,0.0,0.0,0.0,0.0,0.0,0.0,0.0,0.0,0.0,5.0,5.0,6.0,5.0,6.0,1.0,6.0,2.0,2.0,1.0,1.0,1.0,1.0,4.0,8.0,2.0,2.0,2.0,2.0,2.0,2.0,2.0,2.0,2.0,3.0,2.0,4.0,4.0,4.0,4.0,4.0,4.0,4.0,2.0,2.0,2.0,2.0,3.0,2.0,2.0,3.0,2.0,2.0,1.0,1.0,1.0,10.0,10.0,1.0,1.0,10.0,9.0,4.0,1.0,2.0,2.0,1.0,4.0,3.0,7.0,7.0,2.0,2.0,2.0,10.0,1.0,2.0,1.0,2.0,1.0,5.0,5.0,5.0,5.0,5.0,5.0,6.0,1.0,1.0,1.0,1.0,1.0,1.0,1.0,1.0,1.0,2.0,1.0,2.0,4.0,1.0,1.0,5.0,5.0,3.0,5.0,2.0,3.0,3.0,3.0,3.0,2.0,2.0,2.0,2.0,3.0,3.0,3.0,3.0,1.0,1.0,1.0,4.0,4.0,4.0,1.0,1.0,4.0,4.0,1.0,1.0,1.0,,4.0,2.0,4.0,1.0,4.0,6.0,5.0,1.0,10.0,10.0,1.0,10.0,5.0,4.0,8.0,10.0,10.0,10.0,1.0,1.0,1.0,1.0,1.0,1.0,2.0
400070086,1.0,1.0,1.0,1.0,1.0,1.0,2.0,2.0,1.0,1.0,2.0,1.0,2.0,1.0,1.0,2.0,2.0,1.0,2.0,1.0,2.0,1.0,2.0,1.0,1.0,2.0,1.0,1.0,3.0,3.0,3.0,2.0,1.0,1.0,4.0,,2.0,1.0,1.0,1.0,1.0,1.0,1.0,1.0,2.0,2.0,7.0,10.0,7.0,4.0,1.0,4.0,2.0,4.0,3.0,2.0,1.0,4.0,2.0,4.0,4.0,4.0,3.0,1.0,2.0,2.0,2.0,1.0,1.0,3.0,3.0,4.0,2.0,2.0,2.0,2.0,2.0,2.0,2.0,2.0,0.0,0.0,0.0,0.0,0.0,0.0,0.0,0.0,0.0,0.0,0.0,7.0,5.0,5.0,3.0,1.0,1.0,4.0,2.0,2.0,1.0,1.0,1.0,1.0,2.0,8.0,2.0,2.0,2.0,2.0,2.0,2.0,2.0,2.0,2.0,3.0,1.0,4.0,4.0,4.0,4.0,4.0,4.0,4.0,1.0,2.0,2.0,1.0,4.0,2.0,2.0,4.0,2.0,4.0,2.0,2.0,1.0,10.0,10.0,8.0,7.0,1.0,9.0,8.0,1.0,1.0,1.0,1.0,1.0,1.0,5.0,6.0,1.0,1.0,2.0,3.0,9.0,,1.0,1.0,1.0,1.0,,1.0,1.0,1.0,1.0,1.0,1.0,5.0,1.0,1.0,,1.0,9.0,1.0,1.0,1.0,2.0,2.0,5.0,2.0,5.0,1.0,1.0,1.0,1.0,1.0,3.0,3.0,3.0,3.0,3.0,3.0,3.0,3.0,3.0,3.0,3.0,3.0,3.0,1.0,4.0,,,1.0,1.0,3.0,3.0,4.0,,1.0,2.0,2.0,2.0,2.0,2.0,3.0,3.0,,8.0,7.0,7.0,1.0,,6.0,4.0,4.0,7.0,8.0,9.0,9.0,1.0,1.0,1.0,1.0,1.0,1.0,1.0
504070672,1.0,2.0,1.0,2.0,1.0,1.0,1.0,2.0,1.0,1.0,2.0,1.0,2.0,2.0,1.0,2.0,2.0,1.0,2.0,2.0,2.0,1.0,2.0,1.0,1.0,2.0,1.0,2.0,3.0,2.0,2.0,2.0,1.0,1.0,1.0,,4.0,1.0,1.0,1.0,1.0,3.0,3.0,1.0,1.0,2.0,10.0,10.0,10.0,4.0,4.0,4.0,4.0,4.0,1.0,1.0,1.0,1.0,1.0,1.0,1.0,1.0,1.0,1.0,2.0,2.0,2.0,1.0,1.0,2.0,2.0,2.0,2.0,2.0,2.0,2.0,2.0,2.0,2.0,2.0,2.0,2.0,2.0,2.0,2.0,2.0,2.0,2.0,2.0,2.0,2.0,10.0,5.0,10.0,5.0,5.0,1.0,7.0,2.0,2.0,2.0,2.0,2.0,2.0,3.0,2.0,1.0,0.0,0.0,0.0,0.0,0.0,0.0,2.0,0.0,4.0,1.0,3.0,3.0,3.0,3.0,3.0,2.0,2.0,1.0,1.0,2.0,2.0,2.0,2.0,2.0,1.0,1.0,1.0,1.0,2.0,1.0,1.0,1.0,5.0,5.0,5.0,5.0,10.0,1.0,1.0,1.0,1.0,2.0,1.0,1.0,1.0,1.0,1.0,2.0,10.0,5.0,5.0,5.0,5.0,5.0,5.0,5.0,5.0,5.0,5.0,5.0,5.0,6.0,6.0,5.0,5.0,5.0,5.0,6.0,2.0,2.0,2.0,2.0,2.0,5.0,1.0,1.0,4.0,5.0,4.0,5.0,2.0,3.0,3.0,3.0,3.0,1.0,3.0,3.0,3.0,2.0,3.0,3.0,3.0,2.0,2.0,2.0,2.0,2.0,2.0,2.0,2.0,2.0,3.0,3.0,2.0,1.0,3.0,2.0,2.0,3.0,2.0,2.0,6.0,10.0,6.0,3.0,8.0,3.0,3.0,3.0,3.0,7.0,5.0,3.0,5.0,2.0,1.0,1.0,1.0,1.0,1.0,1.0
104070612,1.0,1.0,1.0,1.0,1.0,1.0,1.0,1.0,1.0,1.0,1.0,2.0,2.0,2.0,2.0,2.0,2.0,1.0,1.0,1.0,1.0,1.0,1.0,1.0,1.0,1.0,1.0,1.0,1.0,1.0,1.0,1.0,1.0,2.0,2.0,4.0,2.0,2.0,2.0,2.0,2.0,3.0,1.0,1.0,1.0,4.0,10.0,10.0,10.0,4.0,4.0,4.0,4.0,4.0,1.0,2.0,1.0,2.0,3.0,3.0,4.0,3.0,1.0,3.0,4.0,3.0,3.0,3.0,3.0,1.0,3.0,3.0,3.0,3.0,3.0,3.0,3.0,3.0,3.0,3.0,2.0,0.0,2.0,0.0,0.0,1.0,0.0,0.0,0.0,0.0,1.0,1.0,10.0,10.0,1.0,1.0,1.0,1.0,2.0,2.0,3.0,2.0,2.0,1.0,2.0,10.0,1.0,1.0,0.0,0.0,1.0,1.0,0.0,1.0,0.0,2.0,1.0,4.0,4.0,4.0,4.0,4.0,4.0,4.0,1.0,1.0,2.0,1.0,1.0,2.0,2.0,1.0,1.0,1.0,1.0,1.0,1.0,1.0,10.0,1.0,1.0,1.0,10.0,10.0,1.0,1.0,1.0,1.0,1.0,1.0,4.0,1.0,1.0,1.0,2.0,10.0,10.0,10.0,1.0,1.0,1.0,1.0,1.0,1.0,1.0,1.0,1.0,1.0,1.0,1.0,1.0,1.0,1.0,1.0,1.0,1.0,1.0,1.0,4.0,3.0,5.0,5.0,5.0,5.0,5.0,5.0,5.0,5.0,3.0,3.0,3.0,3.0,3.0,3.0,,3.0,3.0,,,,3.0,3.0,1.0,2.0,4.0,4.0,4.0,4.0,4.0,4.0,1.0,2.0,1.0,1.0,1.0,3.0,1.0,1.0,3.0,,10.0,10.0,10.0,10.0,10.0,10.0,10.0,10.0,10.0,10.0,10.0,10.0,1.0,1.0,1.0,1.0,1.0,1.0,1.0
196070106,1.0,2.0,2.0,1.0,2.0,1.0,2.0,2.0,1.0,1.0,2.0,1.0,2.0,2.0,2.0,2.0,1.0,2.0,2.0,2.0,2.0,2.0,2.0,2.0,2.0,2.0,2.0,2.0,,3.0,,3.0,4.0,4.0,4.0,4.0,2.0,1.0,1.0,1.0,1.0,1.0,2.0,1.0,1.0,1.0,10.0,10.0,9.0,4.0,3.0,4.0,4.0,4.0,1.0,1.0,1.0,1.0,1.0,2.0,2.0,1.0,1.0,1.0,3.0,3.0,2.0,3.0,2.0,2.0,3.0,2.0,,2.0,2.0,,3.0,4.0,2.0,2.0,0.0,0.0,0.0,0.0,1.0,0.0,0.0,0.0,,1.0,0.0,1.0,,1.0,2.0,1.0,2.0,10.0,4.0,,,,2.0,2.0,5.0,3.0,,,,1.0,1.0,0.0,1.0,0.0,0.0,3.0,3.0,3.0,3.0,4.0,4.0,4.0,4.0,4.0,2.0,1.0,2.0,4.0,4.0,,2.0,4.0,4.0,4.0,2.0,2.0,2.0,10.0,10.0,10.0,,,,,1.0,,,,2.0,,2.0,1.0,1.0,2.0,1.0,2.0,9.0,7.0,1.0,1.0,2.0,2.0,3.0,3.0,4.0,4.0,1.0,1.0,2.0,3.0,2.0,3.0,6.0,1.0,1.0,4.0,4.0,4.0,2.0,2.0,4.0,1.0,1.0,1.0,5.0,5.0,,5.0,3.0,3.0,3.0,3.0,3.0,3.0,2.0,3.0,2.0,3.0,3.0,2.0,2.0,2.0,2.0,2.0,3.0,3.0,3.0,3.0,3.0,4.0,3.0,3.0,2.0,5.0,,,4.0,4.0,4.0,5.0,4.0,9.0,2.0,1.0,1.0,3.0,3.0,4.0,5.0,1.0,8.0,9.0,2.0,1.0,2.0,3.0,2.0,2.0,2.0
792070089,1.0,1.0,2.0,4.0,2.0,2.0,1.0,2.0,2.0,1.0,2.0,2.0,2.0,1.0,1.0,2.0,1.0,1.0,2.0,2.0,2.0,2.0,2.0,1.0,2.0,2.0,2.0,3.0,3.0,3.0,3.0,3.0,4.0,2.0,3.0,3.0,3.0,3.0,2.0,2.0,2.0,2.0,2.0,2.0,2.0,2.0,6.0,6.0,5.0,4.0,4.0,4.0,4.0,4.0,3.0,2.0,1.0,2.0,2.0,3.0,3.0,3.0,2.0,2.0,3.0,3.0,3.0,2.0,2.0,2.0,3.0,3.0,2.0,2.0,2.0,3.0,2.0,3.0,3.0,2.0,0.0,0.0,0.0,0.0,0.0,0.0,0.0,0.0,0.0,0.0,0.0,6.0,6.0,6.0,6.0,3.0,1.0,6.0,,,,,,1.0,4.0,9.0,2.0,0.0,0.0,1.0,2.0,1.0,1.0,2.0,1.0,2.0,2.0,1.0,2.0,2.0,2.0,2.0,2.0,2.0,1.0,1.0,1.0,2.0,3.0,2.0,2.0,2.0,2.0,2.0,2.0,2.0,1.0,8.0,7.0,3.0,7.0,5.0,6.0,7.0,1.0,1.0,1.0,1.0,,2.0,2.0,4.0,1.0,1.0,1.0,6.0,2.0,2.0,1.0,1.0,1.0,1.0,2.0,1.0,8.0,1.0,3.0,1.0,2.0,3.0,2.0,,3.0,,7.0,4.0,4.0,4.0,3.0,3.0,5.0,1.0,5.0,1.0,5.0,1.0,1.0,4.0,2.0,3.0,3.0,3.0,3.0,3.0,3.0,3.0,3.0,3.0,3.0,3.0,2.0,2.0,2.0,4.0,4.0,,,2.0,4.0,4.0,3.0,4.0,2.0,,,,,,,,8.0,9.0,9.0,9.0,,8.0,7.0,7.0,9.0,,6.0,7.0,2.0,2.0,1.0,2.0,2.0,3.0,3.0
792070402,1.0,1.0,1.0,1.0,1.0,1.0,1.0,1.0,1.0,1.0,1.0,2.0,2.0,2.0,2.0,2.0,2.0,2.0,2.0,2.0,2.0,2.0,2.0,2.0,2.0,2.0,3.0,4.0,3.0,3.0,3.0,3.0,3.0,3.0,3.0,3.0,3.0,3.0,3.0,3.0,3.0,2.0,2.0,2.0,3.0,2.0,7.0,7.0,7.0,1.0,4.0,4.0,4.0,4.0,3.0,2.0,1.0,1.0,1.0,1.0,1.0,1.0,2.0,2.0,1.0,2.0,3.0,3.0,2.0,2.0,2.0,2.0,3.0,2.0,2.0,2.0,3.0,2.0,2.0,2.0,0.0,0.0,0.0,0.0,0.0,0.0,0.0,0.0,0.0,0.0,0.0,7.0,7.0,6.0,7.0,6.0,2.0,7.0,3.0,3.0,3.0,3.0,3.0,3.0,5.0,6.0,4.0,1.0,0.0,0.0,0.0,0.0,0.0,0.0,1.0,2.0,3.0,1.0,1.0,1.0,1.0,1.0,1.0,1.0,1.0,1.0,1.0,1.0,1.0,2.0,2.0,1.0,1.0,1.0,2.0,2.0,2.0,7.0,7.0,5.0,6.0,7.0,7.0,7.0,1.0,1.0,1.0,1.0,3.0,4.0,7.0,8.0,1.0,2.0,2.0,8.0,7.0,7.0,7.0,8.0,7.0,7.0,7.0,7.0,7.0,7.0,7.0,7.0,6.0,7.0,6.0,,7.0,,8.0,2.0,3.0,2.0,2.0,2.0,5.0,1.0,5.0,1.0,5.0,1.0,4.0,2.0,2.0,2.0,2.0,2.0,3.0,2.0,2.0,2.0,2.0,2.0,2.0,2.0,2.0,2.0,3.0,3.0,3.0,3.0,3.0,3.0,2.0,3.0,3.0,4.0,2.0,,2.0,2.0,,3.0,4.0,7.0,8.0,6.0,6.0,6.0,,7.0,7.0,7.0,,7.0,6.0,7.0,3.0,3.0,3.0,3.0,3.0,3.0,3.0
462070302,3.0,1.0,1.0,4.0,1.0,1.0,1.0,1.0,1.0,2.0,1.0,2.0,2.0,2.0,1.0,2.0,2.0,1.0,2.0,2.0,2.0,1.0,2.0,1.0,1.0,1.0,1.0,3.0,1.0,1.0,1.0,1.0,1.0,1.0,4.0,5.0,3.0,1.0,1.0,3.0,1.0,3.0,2.0,1.0,3.0,3.0,7.0,8.0,3.0,4.0,4.0,4.0,4.0,4.0,1.0,2.0,3.0,2.0,2.0,3.0,3.0,3.0,1.0,2.0,3.0,3.0,2.0,2.0,4.0,4.0,4.0,4.0,4.0,1.0,1.0,1.0,1.0,1.0,1.0,1.0,0.0,0.0,0.0,0.0,0.0,0.0,0.0,0.0,0.0,0.0,0.0,7.0,5.0,6.0,4.0,7.0,2.0,10.0,2.0,2.0,2.0,2.0,2.0,1.0,1.0,9.0,3.0,1.0,1.0,1.0,1.0,2.0,2.0,2.0,2.0,2.0,2.0,4.0,4.0,3.0,4.0,4.0,4.0,4.0,1.0,2.0,2.0,1.0,1.0,1.0,1.0,,2.0,3.0,2.0,1.0,1.0,6.0,6.0,5.0,5.0,6.0,6.0,10.0,1.0,1.0,1.0,1.0,2.0,1.0,3.0,7.0,2.0,2.0,1.0,7.0,1.0,1.0,1.0,1.0,1.0,1.0,1.0,1.0,1.0,1.0,1.0,1.0,1.0,1.0,1.0,1.0,1.0,1.0,10.0,3.0,3.0,4.0,3.0,3.0,5.0,5.0,5.0,1.0,1.0,1.0,1.0,1.0,3.0,3.0,3.0,3.0,3.0,3.0,3.0,3.0,3.0,3.0,3.0,3.0,1.0,1.0,3.0,2.0,2.0,2.0,3.0,3.0,3.0,2.0,2.0,3.0,1.0,4.0,3.0,2.0,2.0,1.0,1.0,8.0,6.0,6.0,6.0,7.0,6.0,6.0,7.0,6.0,6.0,7.0,8.0,8.0,1.0,1.0,1.0,1.0,2.0,2.0,2.0
716070725,1.0,2.0,1.0,4.0,1.0,1.0,1.0,2.0,1.0,2.0,2.0,1.0,2.0,2.0,1.0,2.0,1.0,1.0,2.0,2.0,2.0,1.0,2.0,1.0,1.0,2.0,1.0,4.0,1.0,4.0,3.0,4.0,1.0,1.0,1.0,5.0,1.0,3.0,1.0,1.0,1.0,3.0,1.0,1.0,3.0,3.0,10.0,1.0,1.0,1.0,4.0,1.0,1.0,4.0,3.0,2.0,1.0,2.0,3.0,3.0,3.0,3.0,1.0,1.0,4.0,3.0,1.0,3.0,3.0,1.0,1.0,1.0,3.0,1.0,4.0,2.0,4.0,1.0,1.0,1.0,1.0,0.0,0.0,0.0,0.0,0.0,0.0,0.0,0.0,0.0,0.0,10.0,10.0,5.0,1.0,1.0,1.0,10.0,3.0,3.0,2.0,2.0,2.0,3.0,2.0,10.0,2.0,2.0,0.0,1.0,1.0,1.0,1.0,0.0,1.0,2.0,1.0,1.0,4.0,4.0,4.0,4.0,4.0,4.0,2.0,2.0,2.0,1.0,1.0,2.0,2.0,1.0,2.0,1.0,1.0,2.0,2.0,10.0,10.0,1.0,5.0,10.0,10.0,10.0,1.0,1.0,1.0,1.0,1.0,1.0,2.0,1.0,1.0,2.0,1.0,1.0,1.0,1.0,1.0,1.0,1.0,1.0,1.0,1.0,1.0,1.0,1.0,1.0,1.0,1.0,1.0,1.0,1.0,1.0,1.0,3.0,3.0,3.0,4.0,3.0,5.0,5.0,1.0,5.0,5.0,5.0,5.0,5.0,3.0,3.0,3.0,3.0,3.0,3.0,3.0,3.0,3.0,3.0,3.0,3.0,1.0,1.0,,4.0,1.0,4.0,4.0,,4.0,4.0,4.0,1.0,1.0,3.0,4.0,4.0,4.0,2.0,4.0,,5.0,1.0,9.0,10.0,5.0,9.0,9.0,9.0,9.0,10.0,1.0,1.0,4.0,1.0,2.0,2.0,2.0,2.0,2.0
704071067,1.0,3.0,3.0,2.0,2.0,2.0,2.0,2.0,1.0,1.0,2.0,1.0,2.0,1.0,2.0,2.0,1.0,1.0,1.0,1.0,2.0,2.0,2.0,1.0,2.0,2.0,1.0,3.0,3.0,3.0,4.0,3.0,3.0,2.0,4.0,3.0,2.0,2.0,3.0,1.0,4.0,2.0,1.0,2.0,2.0,3.0,10.0,10.0,10.0,4.0,2.0,4.0,3.0,4.0,2.0,2.0,2.0,4.0,2.0,4.0,4.0,4.0,2.0,2.0,2.0,3.0,3.0,2.0,2.0,3.0,3.0,,4.0,2.0,,,2.0,2.0,2.0,2.0,0.0,0.0,0.0,0.0,0.0,0.0,0.0,0.0,0.0,0.0,0.0,10.0,1.0,1.0,10.0,10.0,2.0,10.0,2.0,2.0,3.0,3.0,4.0,3.0,4.0,10.0,3.0,1.0,0.0,1.0,0.0,1.0,0.0,2.0,0.0,1.0,2.0,2.0,2.0,3.0,4.0,3.0,2.0,3.0,1.0,2.0,2.0,3.0,1.0,2.0,2.0,2.0,1.0,2.0,1.0,2.0,1.0,10.0,10.0,1.0,1.0,1.0,10.0,10.0,1.0,2.0,1.0,1.0,3.0,2.0,4.0,5.0,1.0,2.0,2.0,10.0,1.0,1.0,1.0,1.0,1.0,1.0,1.0,1.0,10.0,1.0,1.0,1.0,1.0,1.0,1.0,10.0,10.0,1.0,1.0,4.0,3.0,3.0,2.0,3.0,4.0,4.0,5.0,1.0,5.0,3.0,1.0,1.0,3.0,3.0,2.0,3.0,2.0,3.0,3.0,3.0,3.0,3.0,,,3.0,,3.0,3.0,2.0,3.0,3.0,3.0,3.0,3.0,2.0,3.0,3.0,4.0,2.0,2.0,2.0,3.0,3.0,,10.0,9.0,1.0,4.0,6.0,6.0,5.0,6.0,5.0,10.0,10.0,10.0,2.0,2.0,3.0,4.0,1.0,3.0,3.0
826070956,1.0,2.0,1.0,4.0,1.0,2.0,1.0,1.0,2.0,1.0,2.0,2.0,2.0,2.0,2.0,1.0,1.0,1.0,2.0,2.0,2.0,2.0,2.0,2.0,2.0,2.0,1.0,4.0,4.0,1.0,3.0,4.0,5.0,1.0,1.0,1.0,5.0,5.0,1.0,1.0,1.0,3.0,1.0,1.0,1.0,1.0,10.0,10.0,7.0,4.0,4.0,4.0,1.0,4.0,1.0,1.0,1.0,1.0,1.0,2.0,1.0,1.0,1.0,1.0,3.0,3.0,,1.0,,1.0,,,2.0,2.0,,2.0,2.0,2.0,2.0,1.0,0.0,0.0,0.0,0.0,0.0,0.0,0.0,0.0,0.0,0.0,0.0,10.0,1.0,10.0,1.0,1.0,2.0,1.0,1.0,1.0,1.0,1.0,1.0,1.0,,1.0,3.0,2.0,2.0,1.0,2.0,1.0,2.0,0.0,0.0,2.0,1.0,4.0,4.0,4.0,4.0,4.0,4.0,4.0,,,,4.0,,,,3.0,4.0,4.0,1.0,2.0,,5.0,1.0,5.0,1.0,3.0,8.0,10.0,1.0,,2.0,1.0,3.0,4.0,6.0,,1.0,,,10.0,1.0,1.0,1.0,1.0,1.0,10.0,10.0,10.0,10.0,10.0,5.0,10.0,,2.0,1.0,1.0,10.0,1.0,10.0,1.0,4.0,4.0,4.0,3.0,3.0,5.0,1.0,1.0,5.0,1.0,1.0,1.0,2.0,2.0,2.0,2.0,2.0,2.0,2.0,3.0,3.0,3.0,3.0,3.0,2.0,2.0,1.0,4.0,,4.0,2.0,2.0,4.0,4.0,2.0,1.0,3.0,3.0,4.0,4.0,4.0,1.0,4.0,5.0,1.0,1.0,10.0,5.0,1.0,10.0,1.0,10.0,10.0,10.0,10.0,10.0,1.0,1.0,2.0,1.0,1.0,3.0,3.0
218070548,1.0,2.0,1.0,4.0,1.0,2.0,1.0,2.0,2.0,1.0,2.0,1.0,2.0,2.0,1.0,2.0,1.0,1.0,2.0,2.0,2.0,2.0,2.0,2.0,2.0,2.0,4.0,1.0,4.0,4.0,4.0,2.0,5.0,1.0,5.0,5.0,3.0,1.0,1.0,2.0,1.0,3.0,2.0,1.0,2.0,2.0,10.0,8.0,5.0,2.0,1.0,3.0,2.0,4.0,2.0,2.0,2.0,3.0,3.0,3.0,3.0,4.0,2.0,2.0,4.0,2.0,4.0,3.0,4.0,3.0,4.0,4.0,4.0,3.0,4.0,2.0,4.0,2.0,2.0,2.0,0.0,0.0,0.0,,0.0,0.0,0.0,0.0,0.0,0.0,0.0,1.0,6.0,7.0,1.0,7.0,1.0,10.0,3.0,3.0,3.0,3.0,2.0,4.0,1.0,10.0,5.0,2.0,2.0,2.0,2.0,2.0,2.0,1.0,0.0,3.0,2.0,3.0,3.0,4.0,4.0,4.0,3.0,4.0,1.0,1.0,2.0,1.0,3.0,2.0,1.0,1.0,1.0,1.0,1.0,2.0,1.0,8.0,10.0,9.0,9.0,5.0,10.0,10.0,1.0,1.0,1.0,1.0,3.0,3.0,3.0,1.0,2.0,2.0,2.0,9.0,1.0,1.0,1.0,1.0,1.0,3.0,1.0,1.0,5.0,6.0,1.0,5.0,1.0,5.0,1.0,1.0,6.0,1.0,1.0,4.0,4.0,1.0,3.0,2.0,2.0,1.0,1.0,1.0,1.0,1.0,1.0,2.0,3.0,3.0,2.0,2.0,1.0,2.0,3.0,2.0,,3.0,3.0,3.0,1.0,1.0,3.0,3.0,2.0,2.0,2.0,4.0,1.0,1.0,2.0,1.0,1.0,,3.0,2.0,3.0,1.0,2.0,5.0,8.0,8.0,10.0,7.0,1.0,8.0,5.0,8.0,10.0,10.0,7.0,7.0,4.0,1.0,1.0,1.0,1.0,2.0,2.0
368071118,1.0,1.0,1.0,4.0,1.0,1.0,1.0,2.0,1.0,1.0,2.0,1.0,2.0,2.0,1.0,2.0,2.0,1.0,2.0,1.0,2.0,1.0,2.0,1.0,2.0,2.0,1.0,1.0,1.0,3.0,1.0,3.0,1.0,1.0,1.0,,1.0,1.0,1.0,1.0,1.0,3.0,1.0,1.0,4.0,3.0,5.0,1.0,1.0,4.0,1.0,4.0,3.0,1.0,3.0,2.0,2.0,3.0,3.0,3.0,1.0,3.0,4.0,3.0,4.0,4.0,,4.0,4.0,4.0,4.0,4.0,4.0,4.0,4.0,3.0,4.0,4.0,4.0,4.0,1.0,0.0,1.0,0.0,0.0,0.0,0.0,0.0,0.0,2.0,0.0,1.0,1.0,10.0,5.0,10.0,,10.0,4.0,4.0,4.0,4.0,2.0,4.0,5.0,10.0,1.0,0.0,0.0,1.0,1.0,1.0,1.0,1.0,1.0,3.0,3.0,1.0,1.0,4.0,1.0,4.0,1.0,1.0,2.0,2.0,2.0,1.0,1.0,1.0,2.0,1.0,1.0,1.0,1.0,2.0,1.0,10.0,10.0,1.0,1.0,1.0,7.0,,,,,,3.0,1.0,4.0,1.0,1.0,2.0,2.0,10.0,1.0,1.0,1.0,1.0,1.0,1.0,,1.0,10.0,,1.0,1.0,1.0,1.0,1.0,1.0,,1.0,1.0,1.0,1.0,1.0,1.0,1.0,1.0,1.0,4.0,3.0,5.0,4.0,1.0,1.0,1.0,3.0,1.0,3.0,1.0,3.0,3.0,1.0,3.0,3.0,1.0,3.0,3.0,3.0,4.0,3.0,,1.0,3.0,4.0,1.0,3.0,2.0,1.0,1.0,1.0,4.0,4.0,4.0,1.0,4.0,,10.0,6.0,10.0,9.0,6.0,10.0,10.0,10.0,10.0,1.0,1.0,1.0,4.0,4.0,4.0,3.0,3.0,2.0,1.0
608070750,1.0,1.0,1.0,4.0,1.0,1.0,1.0,1.0,1.0,2.0,2.0,1.0,2.0,2.0,1.0,2.0,2.0,1.0,2.0,1.0,2.0,2.0,2.0,1.0,2.0,2.0,2.0,4.0,4.0,3.0,2.0,1.0,1.0,2.0,4.0,2.0,2.0,1.0,1.0,2.0,2.0,1.0,1.0,1.0,1.0,3.0,2.0,8.0,8.0,4.0,4.0,4.0,4.0,4.0,2.0,2.0,1.0,1.0,1.0,4.0,3.0,3.0,1.0,3.0,3.0,1.0,4.0,3.0,3.0,2.0,2.0,3.0,4.0,3.0,4.0,2.0,3.0,3.0,2.0,3.0,0.0,0.0,0.0,0.0,0.0,0.0,0.0,0.0,0.0,0.0,0.0,1.0,6.0,5.0,6.0,6.0,1.0,8.0,3.0,2.0,2.0,3.0,3.0,2.0,2.0,6.0,4.0,2.0,0.0,0.0,2.0,2.0,2.0,1.0,2.0,2.0,1.0,3.0,1.0,3.0,3.0,1.0,1.0,3.0,2.0,2.0,2.0,3.0,3.0,2.0,2.0,1.0,1.0,1.0,2.0,2.0,1.0,10.0,9.0,6.0,2.0,8.0,10.0,9.0,1.0,1.0,1.0,1.0,3.0,3.0,6.0,1.0,1.0,1.0,1.0,6.0,8.0,2.0,2.0,5.0,6.0,2.0,5.0,5.0,5.0,5.0,5.0,5.0,2.0,5.0,8.0,8.0,2.0,2.0,2.0,1.0,2.0,2.0,4.0,3.0,4.0,4.0,4.0,4.0,5.0,5.0,5.0,2.0,3.0,3.0,3.0,3.0,3.0,3.0,3.0,3.0,3.0,3.0,3.0,3.0,1.0,1.0,1.0,2.0,2.0,1.0,3.0,2.0,2.0,1.0,1.0,2.0,1.0,1.0,1.0,1.0,1.0,2.0,2.0,6.0,2.0,2.0,7.0,5.0,2.0,2.0,4.0,4.0,3.0,7.0,7.0,7.0,1.0,1.0,1.0,1.0,2.0,2.0,3.0
276071229,1.0,2.0,2.0,1.0,1.0,1.0,1.0,1.0,1.0,2.0,2.0,2.0,1.0,2.0,1.0,2.0,2.0,2.0,2.0,2.0,2.0,2.0,2.0,2.0,2.0,2.0,2.0,3.0,3.0,3.0,3.0,3.0,5.0,5.0,2.0,,4.0,2.0,2.0,2.0,2.0,1.0,,,2.0,3.0,3.0,10.0,8.0,4.0,4.0,4.0,4.0,4.0,2.0,1.0,1.0,2.0,2.0,,,,2.0,3.0,2.0,3.0,,3.0,3.0,2.0,3.0,2.0,2.0,,2.0,,2.0,2.0,,,2.0,0.0,0.0,0.0,0.0,0.0,0.0,0.0,0.0,0.0,0.0,3.0,5.0,7.0,4.0,4.0,1.0,5.0,3.0,3.0,2.0,2.0,2.0,1.0,,5.0,3.0,,2.0,0.0,2.0,0.0,2.0,0.0,2.0,3.0,2.0,4.0,4.0,4.0,4.0,4.0,4.0,4.0,1.0,2.0,2.0,4.0,4.0,1.0,1.0,3.0,2.0,4.0,1.0,2.0,,5.0,3.0,10.0,5.0,10.0,7.0,10.0,1.0,1.0,2.0,2.0,,,2.0,2.0,1.0,1.0,1.0,2.0,1.0,1.0,1.0,1.0,1.0,10.0,5.0,2.0,5.0,10.0,,5.0,1.0,1.0,1.0,1.0,,1.0,1.0,2.0,2.0,2.0,1.0,2.0,1.0,1.0,1.0,5.0,5.0,5.0,5.0,4.0,,,2.0,3.0,,,,1.0,3.0,3.0,3.0,3.0,1.0,1.0,1.0,4.0,1.0,3.0,3.0,2.0,,4.0,2.0,4.0,2.0,,2.0,3.0,4.0,1.0,4.0,5.0,5.0,1.0,10.0,10.0,1.0,5.0,5.0,1.0,10.0,10.0,8.0,8.0,2.0,2.0,2.0,2.0,1.0,2.0,2.0
422070975,1.0,1.0,1.0,4.0,1.0,1.0,2.0,2.0,1.0,2.0,2.0,1.0,2.0,2.0,1.0,2.0,2.0,2.0,2.0,2.0,2.0,2.0,2.0,2.0,2.0,2.0,1.0,3.0,3.0,4.0,3.0,4.0,2.0,1.0,5.0,,2.0,1.0,5.0,2.0,4.0,1.0,1.0,1.0,2.0,1.0,6.0,7.0,5.0,4.0,4.0,4.0,4.0,4.0,1.0,2.0,1.0,3.0,3.0,4.0,3.0,4.0,1.0,1.0,3.0,1.0,3.0,2.0,3.0,3.0,4.0,4.0,3.0,2.0,3.0,3.0,3.0,3.0,2.0,3.0,0.0,0.0,0.0,0.0,0.0,0.0,0.0,0.0,0.0,0.0,0.0,6.0,5.0,3.0,7.0,4.0,2.0,4.0,3.0,2.0,4.0,2.0,3.0,2.0,2.0,4.0,2.0,2.0,0.0,0.0,0.0,0.0,0.0,0.0,0.0,2.0,3.0,2.0,1.0,4.0,1.0,3.0,1.0,3.0,1.0,1.0,2.0,2.0,2.0,2.0,2.0,2.0,1.0,1.0,2.0,1.0,1.0,6.0,4.0,6.0,6.0,6.0,6.0,10.0,1.0,1.0,1.0,1.0,1.0,4.0,7.0,4.0,2.0,1.0,1.0,5.0,5.0,,3.0,5.0,7.0,4.0,,5.0,7.0,3.0,5.0,3.0,7.0,5.0,3.0,6.0,6.0,4.0,5.0,2.0,3.0,3.0,3.0,2.0,5.0,2.0,4.0,5.0,5.0,5.0,4.0,1.0,3.0,3.0,3.0,3.0,3.0,3.0,3.0,3.0,3.0,3.0,3.0,3.0,1.0,1.0,1.0,1.0,,2.0,3.0,2.0,3.0,2.0,3.0,2.0,3.0,2.0,2.0,1.0,3.0,1.0,2.0,,5.0,3.0,6.0,6.0,4.0,8.0,5.0,6.0,5.0,3.0,6.0,6.0,2.0,1.0,1.0,1.0,1.0,1.0,1.0
360072207,1.0,3.0,1.0,3.0,1.0,1.0,1.0,1.0,2.0,1.0,2.0,1.0,2.0,2.0,1.0,2.0,2.0,1.0,2.0,2.0,2.0,1.0,2.0,2.0,1.0,2.0,1.0,3.0,3.0,4.0,3.0,3.0,2.0,2.0,2.0,,2.0,4.0,1.0,4.0,2.0,1.0,1.0,3.0,2.0,3.0,10.0,10.0,8.0,4.0,4.0,3.0,3.0,4.0,1.0,2.0,2.0,3.0,3.0,4.0,2.0,2.0,2.0,2.0,3.0,3.0,2.0,2.0,2.0,2.0,3.0,3.0,2.0,2.0,3.0,2.0,2.0,2.0,2.0,2.0,0.0,0.0,0.0,0.0,0.0,0.0,0.0,0.0,0.0,0.0,0.0,10.0,1.0,1.0,1.0,1.0,1.0,10.0,3.0,2.0,3.0,3.0,2.0,1.0,4.0,10.0,4.0,2.0,2.0,0.0,2.0,2.0,2.0,0.0,0.0,3.0,1.0,3.0,4.0,4.0,4.0,4.0,4.0,4.0,1.0,1.0,2.0,1.0,,2.0,2.0,1.0,1.0,1.0,1.0,2.0,1.0,8.0,9.0,1.0,3.0,1.0,8.0,10.0,1.0,2.0,2.0,2.0,2.0,3.0,4.0,1.0,1.0,2.0,2.0,1.0,9.0,1.0,1.0,1.0,1.0,1.0,1.0,1.0,9.0,1.0,1.0,1.0,1.0,1.0,1.0,1.0,1.0,1.0,8.0,1.0,4.0,4.0,4.0,3.0,2.0,1.0,1.0,1.0,1.0,1.0,1.0,1.0,3.0,3.0,3.0,3.0,3.0,3.0,3.0,3.0,3.0,3.0,3.0,3.0,3.0,3.0,3.0,3.0,2.0,1.0,2.0,3.0,3.0,3.0,2.0,1.0,1.0,3.0,2.0,2.0,3.0,2.0,3.0,6.0,5.0,3.0,6.0,6.0,6.0,9.0,6.0,5.0,9.0,8.0,4.0,5.0,1.0,2.0,2.0,2.0,2.0,2.0,2.0
36070860,2.0,2.0,3.0,,2.0,4.0,1.0,2.0,1.0,1.0,2.0,1.0,2.0,1.0,2.0,2.0,2.0,1.0,2.0,2.0,2.0,2.0,2.0,1.0,2.0,1.0,1.0,2.0,3.0,4.0,2.0,2.0,5.0,1.0,5.0,2.0,4.0,2.0,2.0,2.0,2.0,1.0,2.0,1.0,1.0,1.0,10.0,8.0,7.0,4.0,4.0,4.0,4.0,4.0,2.0,1.0,1.0,2.0,2.0,2.0,2.0,3.0,3.0,2.0,3.0,4.0,3.0,2.0,1.0,1.0,2.0,1.0,1.0,2.0,1.0,2.0,2.0,2.0,1.0,3.0,0.0,0.0,0.0,0.0,0.0,0.0,0.0,0.0,0.0,0.0,0.0,8.0,7.0,7.0,1.0,3.0,1.0,3.0,2.0,2.0,2.0,1.0,2.0,1.0,5.0,9.0,3.0,2.0,2.0,2.0,2.0,2.0,2.0,0.0,2.0,3.0,1.0,3.0,4.0,4.0,4.0,4.0,4.0,4.0,1.0,1.0,2.0,2.0,2.0,2.0,2.0,4.0,3.0,4.0,1.0,1.0,1.0,8.0,8.0,1.0,1.0,1.0,10.0,1.0,2.0,2.0,2.0,2.0,4.0,4.0,7.0,8.0,3.0,1.0,2.0,10.0,1.0,1.0,1.0,3.0,2.0,10.0,10.0,8.0,8.0,10.0,8.0,8.0,1.0,3.0,3.0,1.0,10.0,1.0,6.0,1.0,3.0,2.0,2.0,2.0,5.0,1.0,2.0,1.0,5.0,1.0,,2.0,1.0,2.0,2.0,2.0,1.0,2.0,2.0,3.0,1.0,1.0,3.0,3.0,1.0,1.0,1.0,4.0,3.0,4.0,2.0,1.0,4.0,4.0,2.0,2.0,1.0,2.0,4.0,2.0,4.0,1.0,4.0,7.0,7.0,1.0,10.0,7.0,1.0,8.0,1.0,5.0,4.0,8.0,8.0,8.0,2.0,2.0,2.0,2.0,1.0,3.0,2.0
368070477,1.0,2.0,2.0,1.0,1.0,1.0,1.0,2.0,1.0,1.0,2.0,2.0,2.0,2.0,1.0,2.0,1.0,1.0,2.0,1.0,2.0,1.0,2.0,1.0,1.0,2.0,1.0,1.0,1.0,3.0,3.0,3.0,1.0,1.0,4.0,,1.0,1.0,1.0,1.0,1.0,3.0,1.0,1.0,1.0,2.0,9.0,3.0,3.0,1.0,4.0,1.0,1.0,4.0,3.0,2.0,1.0,4.0,2.0,4.0,4.0,4.0,4.0,1.0,4.0,4.0,4.0,4.0,4.0,4.0,4.0,4.0,4.0,4.0,4.0,4.0,4.0,4.0,4.0,4.0,0.0,0.0,0.0,0.0,0.0,0.0,0.0,0.0,0.0,0.0,0.0,1.0,1.0,10.0,9.0,10.0,1.0,9.0,4.0,4.0,4.0,2.0,3.0,4.0,1.0,10.0,1.0,1.0,1.0,1.0,1.0,1.0,1.0,1.0,1.0,3.0,1.0,4.0,4.0,4.0,4.0,4.0,3.0,4.0,2.0,,2.0,1.0,1.0,2.0,2.0,1.0,1.0,2.0,1.0,2.0,1.0,10.0,10.0,10.0,10.0,1.0,10.0,,,,,,3.0,1.0,2.0,1.0,,2.0,2.0,9.0,1.0,1.0,1.0,1.0,1.0,1.0,,1.0,1.0,,1.0,1.0,1.0,1.0,1.0,1.0,,1.0,7.0,4.0,2.0,1.0,4.0,2.0,5.0,1.0,1.0,5.0,5.0,5.0,5.0,1.0,3.0,3.0,3.0,3.0,1.0,3.0,1.0,1.0,1.0,3.0,3.0,3.0,1.0,1.0,4.0,,,1.0,4.0,4.0,1.0,4.0,1.0,1.0,4.0,5.0,1.0,1.0,1.0,1.0,1.0,,10.0,1.0,1.0,1.0,10.0,1.0,10.0,10.0,1.0,10.0,2.0,2.0,4.0,1.0,1.0,1.0,1.0,1.0,1.0
604071319,1.0,2.0,1.0,1.0,1.0,1.0,1.0,2.0,2.0,1.0,2.0,1.0,2.0,2.0,2.0,2.0,2.0,1.0,2.0,2.0,2.0,2.0,2.0,1.0,2.0,2.0,1.0,1.0,3.0,2.0,4.0,1.0,3.0,3.0,4.0,3.0,3.0,2.0,4.0,3.0,4.0,2.0,1.0,1.0,1.0,3.0,6.0,8.0,7.0,3.0,2.0,3.0,2.0,4.0,1.0,2.0,2.0,2.0,4.0,3.0,2.0,3.0,1.0,2.0,3.0,2.0,4.0,4.0,4.0,4.0,4.0,4.0,4.0,3.0,3.0,3.0,3.0,,,4.0,1.0,2.0,2.0,0.0,0.0,0.0,0.0,2.0,0.0,2.0,2.0,6.0,4.0,6.0,7.0,5.0,1.0,10.0,3.0,4.0,3.0,4.0,3.0,4.0,4.0,7.0,3.0,2.0,0.0,0.0,2.0,2.0,1.0,0.0,2.0,3.0,4.0,1.0,2.0,2.0,1.0,2.0,3.0,2.0,1.0,2.0,2.0,3.0,2.0,2.0,2.0,3.0,3.0,3.0,2.0,2.0,,6.0,4.0,8.0,5.0,7.0,7.0,10.0,1.0,2.0,1.0,1.0,4.0,3.0,6.0,2.0,1.0,1.0,2.0,5.0,6.0,4.0,3.0,3.0,2.0,5.0,4.0,2.0,3.0,10.0,6.0,5.0,4.0,5.0,6.0,4.0,8.0,3.0,6.0,2.0,2.0,3.0,2.0,2.0,2.0,1.0,1.0,1.0,4.0,1.0,1.0,1.0,2.0,3.0,2.0,3.0,2.0,2.0,3.0,2.0,3.0,2.0,3.0,,1.0,1.0,3.0,4.0,3.0,2.0,3.0,4.0,3.0,2.0,2.0,3.0,1.0,2.0,4.0,3.0,2.0,3.0,2.0,6.0,9.0,7.0,5.0,6.0,8.0,5.0,4.0,7.0,6.0,10.0,5.0,6.0,3.0,1.0,1.0,1.0,1.0,2.0,2.0
762070990,1.0,2.0,2.0,2.0,2.0,2.0,2.0,2.0,1.0,2.0,1.0,1.0,2.0,2.0,2.0,1.0,2.0,1.0,1.0,1.0,1.0,,2.0,1.0,1.0,2.0,1.0,3.0,2.0,2.0,3.0,2.0,2.0,2.0,2.0,,2.0,2.0,2.0,2.0,2.0,1.0,1.0,1.0,2.0,2.0,10.0,10.0,10.0,3.0,4.0,4.0,3.0,4.0,1.0,2.0,1.0,3.0,3.0,4.0,4.0,4.0,2.0,2.0,3.0,3.0,,3.0,2.0,2.0,3.0,3.0,3.0,3.0,2.0,3.0,3.0,,,4.0,1.0,0.0,1.0,0.0,0.0,0.0,0.0,0.0,0.0,0.0,0.0,10.0,10.0,2.0,2.0,10.0,1.0,5.0,,,,,,2.0,1.0,,4.0,2.0,2.0,2.0,2.0,0.0,2.0,0.0,0.0,2.0,1.0,3.0,4.0,4.0,4.0,4.0,4.0,4.0,1.0,2.0,2.0,3.0,2.0,2.0,2.0,3.0,3.0,3.0,1.0,2.0,1.0,5.0,5.0,5.0,5.0,5.0,5.0,10.0,1.0,2.0,1.0,1.0,2.0,2.0,2.0,1.0,2.0,2.0,1.0,3.0,2.0,2.0,2.0,2.0,2.0,,2.0,5.0,5.0,2.0,2.0,2.0,2.0,2.0,2.0,2.0,2.0,2.0,2.0,3.0,1.0,4.0,3.0,2.0,4.0,2.0,3.0,1.0,3.0,1.0,5.0,2.0,3.0,3.0,2.0,3.0,2.0,3.0,3.0,3.0,3.0,3.0,3.0,3.0,2.0,2.0,3.0,4.0,4.0,4.0,3.0,3.0,3.0,3.0,1.0,1.0,2.0,3.0,2.0,3.0,3.0,1.0,4.0,10.0,10.0,2.0,10.0,10.0,2.0,10.0,10.0,10.0,10.0,10.0,10.0,6.0,3.0,1.0,2.0,2.0,2.0,3.0,2.0
404070972,1.0,2.0,3.0,1.0,1.0,1.0,1.0,1.0,1.0,1.0,2.0,2.0,2.0,2.0,1.0,2.0,2.0,2.0,2.0,2.0,2.0,1.0,2.0,2.0,2.0,2.0,1.0,3.0,4.0,3.0,4.0,2.0,5.0,2.0,2.0,5.0,2.0,1.0,1.0,2.0,4.0,1.0,1.0,1.0,2.0,2.0,7.0,,5.0,3.0,2.0,4.0,3.0,1.0,1.0,2.0,1.0,2.0,3.0,3.0,2.0,3.0,1.0,1.0,1.0,2.0,3.0,1.0,2.0,3.0,4.0,2.0,2.0,3.0,4.0,2.0,1.0,1.0,2.0,1.0,2.0,1.0,2.0,1.0,2.0,2.0,1.0,2.0,1.0,0.0,2.0,6.0,7.0,7.0,2.0,2.0,2.0,5.0,1.0,2.0,1.0,3.0,2.0,2.0,2.0,7.0,1.0,2.0,2.0,2.0,1.0,0.0,2.0,0.0,2.0,3.0,2.0,3.0,2.0,1.0,2.0,4.0,3.0,2.0,1.0,2.0,1.0,1.0,2.0,1.0,1.0,1.0,2.0,1.0,1.0,1.0,1.0,4.0,4.0,4.0,7.0,7.0,4.0,9.0,1.0,1.0,1.0,1.0,1.0,2.0,2.0,1.0,1.0,2.0,1.0,4.0,8.0,3.0,2.0,7.0,3.0,4.0,3.0,2.0,7.0,3.0,3.0,7.0,6.0,7.0,3.0,3.0,2.0,3.0,2.0,1.0,1.0,1.0,2.0,1.0,1.0,1.0,1.0,1.0,3.0,1.0,2.0,1.0,2.0,1.0,2.0,3.0,1.0,2.0,2.0,1.0,1.0,2.0,1.0,2.0,1.0,2.0,3.0,2.0,3.0,2.0,3.0,2.0,1.0,1.0,2.0,1.0,3.0,3.0,1.0,2.0,1.0,2.0,1.0,4.0,3.0,7.0,8.0,3.0,6.0,4.0,4.0,8.0,7.0,6.0,6.0,4.0,2.0,1.0,1.0,1.0,2.0,3.0,3.0
360071441,1.0,1.0,2.0,3.0,1.0,1.0,1.0,2.0,2.0,1.0,2.0,2.0,2.0,1.0,1.0,2.0,1.0,1.0,2.0,1.0,2.0,1.0,2.0,1.0,2.0,2.0,2.0,3.0,1.0,2.0,2.0,2.0,1.0,2.0,4.0,4.0,4.0,2.0,4.0,4.0,2.0,3.0,1.0,1.0,2.0,2.0,9.0,9.0,8.0,3.0,4.0,2.0,4.0,4.0,1.0,2.0,1.0,2.0,4.0,4.0,2.0,2.0,1.0,1.0,2.0,2.0,2.0,1.0,1.0,1.0,2.0,2.0,1.0,2.0,2.0,2.0,2.0,2.0,2.0,1.0,2.0,1.0,0.0,0.0,0.0,0.0,1.0,2.0,0.0,0.0,0.0,9.0,9.0,9.0,10.0,8.0,1.0,10.0,3.0,3.0,3.0,3.0,2.0,1.0,1.0,10.0,4.0,2.0,2.0,0.0,0.0,0.0,2.0,0.0,0.0,3.0,1.0,4.0,4.0,4.0,4.0,4.0,4.0,4.0,1.0,2.0,2.0,2.0,1.0,2.0,2.0,2.0,2.0,2.0,1.0,2.0,1.0,10.0,10.0,3.0,3.0,6.0,9.0,10.0,1.0,1.0,1.0,1.0,1.0,1.0,3.0,1.0,1.0,2.0,1.0,1.0,1.0,1.0,1.0,1.0,1.0,1.0,1.0,1.0,1.0,1.0,1.0,1.0,1.0,1.0,1.0,1.0,1.0,1.0,8.0,3.0,3.0,3.0,2.0,3.0,5.0,3.0,4.0,5.0,5.0,5.0,5.0,5.0,3.0,3.0,3.0,3.0,3.0,3.0,2.0,3.0,,,,,2.0,2.0,1.0,4.0,3.0,3.0,3.0,2.0,3.0,4.0,3.0,3.0,1.0,1.0,2.0,2.0,2.0,1.0,2.0,10.0,10.0,10.0,8.0,3.0,5.0,8.0,8.0,9.0,8.0,9.0,9.0,9.0,2.0,1.0,2.0,3.0,3.0,3.0,1.0
218071001,2.0,3.0,2.0,2.0,2.0,2.0,2.0,1.0,1.0,2.0,2.0,2.0,2.0,2.0,2.0,2.0,2.0,2.0,2.0,2.0,2.0,2.0,2.0,2.0,2.0,2.0,3.0,2.0,3.0,4.0,1.0,2.0,5.0,2.0,3.0,1.0,4.0,3.0,2.0,1.0,5.0,1.0,3.0,2.0,,2.0,10.0,5.0,8.0,3.0,2.0,4.0,3.0,2.0,2.0,2.0,2.0,3.0,4.0,3.0,4.0,2.0,3.0,3.0,2.0,1.0,3.0,2.0,4.0,3.0,2.0,4.0,1.0,1.0,3.0,4.0,3.0,2.0,1.0,3.0,2.0,0.0,1.0,2.0,1.0,0.0,2.0,1.0,0.0,2.0,1.0,8.0,9.0,10.0,7.0,5.0,2.0,9.0,3.0,4.0,2.0,1.0,2.0,2.0,2.0,8.0,4.0,2.0,1.0,0.0,2.0,1.0,2.0,0.0,2.0,4.0,3.0,2.0,3.0,2.0,1.0,4.0,1.0,2.0,2.0,1.0,2.0,2.0,3.0,1.0,2.0,4.0,3.0,2.0,1.0,2.0,1.0,7.0,8.0,9.0,7.0,7.0,9.0,8.0,1.0,1.0,2.0,1.0,2.0,3.0,3.0,7.0,1.0,2.0,2.0,6.0,8.0,9.0,1.0,1.0,2.0,5.0,1.0,1.0,1.0,2.0,1.0,2.0,1.0,1.0,2.0,1.0,1.0,3.0,2.0,3.0,2.0,1.0,3.0,3.0,3.0,4.0,1.0,2.0,3.0,5.0,2.0,3.0,2.0,1.0,3.0,2.0,2.0,1.0,3.0,2.0,2.0,1.0,3.0,2.0,2.0,,2.0,3.0,1.0,4.0,3.0,2.0,4.0,3.0,2.0,1.0,2.0,,2.0,3.0,1.0,4.0,2.0,5.0,6.0,8.0,3.0,9.0,8.0,7.0,5.0,6.0,9.0,9.0,8.0,8.0,3.0,1.0,3.0,1.0,4.0,2.0,3.0
300071162,1.0,1.0,1.0,3.0,1.0,2.0,1.0,2.0,1.0,1.0,2.0,1.0,2.0,1.0,2.0,2.0,2.0,2.0,1.0,2.0,1.0,2.0,2.0,2.0,2.0,2.0,1.0,,4.0,4.0,4.0,1.0,3.0,1.0,3.0,3.0,3.0,3.0,1.0,3.0,2.0,,,3.0,3.0,1.0,8.0,6.0,5.0,4.0,3.0,4.0,3.0,4.0,3.0,1.0,1.0,2.0,1.0,4.0,3.0,4.0,3.0,3.0,3.0,3.0,3.0,3.0,3.0,3.0,3.0,3.0,3.0,3.0,3.0,3.0,3.0,3.0,3.0,3.0,0.0,0.0,0.0,0.0,0.0,0.0,0.0,0.0,0.0,0.0,0.0,5.0,5.0,4.0,3.0,7.0,2.0,9.0,4.0,4.0,4.0,4.0,4.0,,,10.0,2.0,1.0,2.0,2.0,1.0,1.0,1.0,1.0,1.0,4.0,3.0,,2.0,3.0,4.0,4.0,4.0,4.0,2.0,2.0,2.0,4.0,3.0,2.0,,4.0,4.0,4.0,2.0,2.0,,7.0,9.0,5.0,2.0,5.0,8.0,5.0,1.0,2.0,2.0,2.0,3.0,3.0,6.0,7.0,1.0,,,6.0,1.0,1.0,1.0,1.0,1.0,10.0,2.0,10.0,10.0,10.0,5.0,5.0,1.0,1.0,1.0,1.0,10.0,1.0,,4.0,4.0,4.0,3.0,2.0,5.0,5.0,5.0,1.0,1.0,1.0,1.0,1.0,,,,,2.0,2.0,3.0,3.0,,,,,1.0,2.0,3.0,3.0,3.0,3.0,3.0,3.0,3.0,3.0,3.0,3.0,1.0,,,,,,,,2.0,1.0,8.0,9.0,2.0,5.0,5.0,5.0,8.0,10.0,1.0,1.0,4.0,,1.0,1.0,1.0,1.0,1.0
68071394,1.0,3.0,2.0,4.0,1.0,1.0,1.0,2.0,1.0,1.0,2.0,1.0,2.0,2.0,2.0,2.0,1.0,1.0,2.0,2.0,2.0,2.0,2.0,1.0,2.0,2.0,2.0,3.0,3.0,2.0,3.0,2.0,4.0,2.0,4.0,,2.0,2.0,2.0,2.0,2.0,3.0,1.0,1.0,3.0,3.0,10.0,5.0,3.0,4.0,4.0,4.0,2.0,4.0,2.0,2.0,4.0,3.0,3.0,4.0,4.0,4.0,1.0,4.0,4.0,4.0,4.0,4.0,4.0,4.0,4.0,4.0,4.0,4.0,4.0,4.0,3.0,3.0,3.0,3.0,1.0,0.0,0.0,0.0,0.0,0.0,0.0,0.0,0.0,0.0,0.0,,,5.0,6.0,3.0,1.0,9.0,3.0,3.0,3.0,3.0,1.0,,4.0,5.0,3.0,1.0,0.0,0.0,1.0,2.0,2.0,2.0,2.0,2.0,1.0,4.0,3.0,3.0,,,4.0,4.0,1.0,1.0,2.0,3.0,4.0,2.0,2.0,3.0,,,2.0,2.0,1.0,7.0,5.0,6.0,6.0,6.0,6.0,10.0,1.0,1.0,1.0,1.0,2.0,2.0,2.0,2.0,1.0,2.0,1.0,8.0,7.0,9.0,1.0,1.0,1.0,1.0,1.0,1.0,8.0,1.0,1.0,1.0,1.0,1.0,1.0,1.0,1.0,1.0,1.0,1.0,3.0,3.0,4.0,2.0,3.0,1.0,1.0,5.0,5.0,5.0,5.0,2.0,3.0,,2.0,3.0,1.0,1.0,3.0,3.0,3.0,3.0,3.0,3.0,1.0,1.0,4.0,1.0,1.0,2.0,1.0,4.0,2.0,1.0,1.0,1.0,2.0,,,3.0,2.0,2.0,2.0,10.0,10.0,10.0,10.0,2.0,8.0,,8.0,3.0,9.0,8.0,1.0,2.0,4.0,1.0,1.0,2.0,3.0,4.0,4.0
36071577,1.0,1.0,2.0,2.0,2.0,2.0,1.0,1.0,2.0,2.0,1.0,1.0,2.0,1.0,2.0,2.0,2.0,1.0,2.0,2.0,2.0,2.0,2.0,2.0,2.0,2.0,1.0,3.0,3.0,4.0,4.0,2.0,4.0,3.0,4.0,3.0,3.0,3.0,3.0,3.0,4.0,2.0,2.0,2.0,1.0,2.0,9.0,9.0,8.0,4.0,3.0,4.0,4.0,4.0,1.0,1.0,1.0,1.0,1.0,2.0,2.0,2.0,2.0,2.0,3.0,3.0,4.0,2.0,3.0,2.0,3.0,2.0,3.0,2.0,2.0,2.0,3.0,3.0,2.0,2.0,1.0,0.0,2.0,0.0,2.0,0.0,2.0,2.0,0.0,0.0,2.0,7.0,2.0,8.0,5.0,5.0,2.0,6.0,2.0,2.0,2.0,2.0,2.0,1.0,3.0,9.0,1.0,2.0,2.0,1.0,1.0,0.0,2.0,0.0,1.0,2.0,2.0,3.0,3.0,4.0,3.0,3.0,2.0,3.0,2.0,2.0,2.0,4.0,4.0,2.0,2.0,4.0,3.0,4.0,1.0,1.0,1.0,8.0,7.0,2.0,2.0,1.0,9.0,6.0,1.0,2.0,2.0,2.0,3.0,4.0,6.0,3.0,1.0,2.0,2.0,6.0,1.0,2.0,1.0,2.0,1.0,10.0,4.0,4.0,9.0,10.0,5.0,6.0,1.0,1.0,1.0,1.0,5.0,1.0,1.0,1.0,3.0,3.0,1.0,2.0,1.0,4.0,1.0,1.0,1.0,1.0,,1.0,1.0,2.0,2.0,3.0,1.0,1.0,1.0,1.0,1.0,1.0,1.0,1.0,1.0,1.0,1.0,3.0,3.0,4.0,2.0,1.0,3.0,4.0,1.0,1.0,1.0,1.0,4.0,3.0,4.0,1.0,4.0,8.0,5.0,1.0,10.0,9.0,1.0,10.0,1.0,1.0,10.0,10.0,10.0,8.0,1.0,1.0,1.0,2.0,1.0,2.0,2.0
484070289,1.0,3.0,1.0,4.0,1.0,4.0,1.0,1.0,2.0,1.0,2.0,2.0,2.0,1.0,2.0,2.0,1.0,2.0,2.0,2.0,2.0,2.0,2.0,2.0,2.0,2.0,1.0,4.0,2.0,4.0,3.0,2.0,5.0,2.0,2.0,3.0,3.0,1.0,2.0,3.0,1.0,3.0,2.0,2.0,1.0,2.0,10.0,8.0,8.0,4.0,2.0,4.0,3.0,4.0,2.0,2.0,2.0,3.0,3.0,4.0,3.0,3.0,3.0,2.0,3.0,2.0,4.0,3.0,4.0,4.0,4.0,4.0,4.0,2.0,4.0,3.0,2.0,2.0,3.0,2.0,1.0,1.0,0.0,0.0,0.0,1.0,1.0,1.0,1.0,0.0,0.0,3.0,9.0,1.0,5.0,4.0,2.0,10.0,3.0,3.0,3.0,3.0,2.0,2.0,3.0,6.0,3.0,1.0,0.0,1.0,2.0,2.0,1.0,2.0,1.0,2.0,2.0,3.0,2.0,4.0,4.0,,3.0,4.0,1.0,1.0,2.0,1.0,1.0,2.0,2.0,1.0,1.0,1.0,2.0,2.0,1.0,6.0,7.0,5.0,4.0,6.0,7.0,8.0,1.0,1.0,1.0,1.0,2.0,3.0,4.0,7.0,2.0,2.0,2.0,6.0,5.0,8.0,1.0,1.0,1.0,8.0,1.0,1.0,1.0,1.0,1.0,7.0,5.0,5.0,1.0,1.0,3.0,1.0,7.0,4.0,4.0,4.0,3.0,3.0,1.0,2.0,2.0,2.0,2.0,2.0,2.0,5.0,2.0,,3.0,3.0,3.0,3.0,3.0,3.0,3.0,3.0,3.0,3.0,2.0,2.0,3.0,3.0,2.0,1.0,,2.0,2.0,2.0,3.0,3.0,3.0,4.0,2.0,2.0,2.0,3.0,3.0,,5.0,6.0,4.0,3.0,4.0,5.0,6.0,5.0,6.0,7.0,5.0,2.0,3.0,1.0,1.0,1.0,1.0,2.0,2.0
458070284,1.0,1.0,1.0,2.0,1.0,1.0,1.0,2.0,2.0,1.0,2.0,2.0,1.0,1.0,1.0,2.0,2.0,1.0,1.0,1.0,1.0,1.0,1.0,1.0,1.0,1.0,1.0,4.0,2.0,2.0,1.0,2.0,1.0,1.0,2.0,2.0,1.0,1.0,1.0,1.0,1.0,1.0,1.0,1.0,1.0,1.0,10.0,8.0,8.0,4.0,4.0,4.0,4.0,4.0,1.0,2.0,1.0,2.0,2.0,4.0,3.0,3.0,1.0,2.0,2.0,2.0,3.0,3.0,2.0,3.0,2.0,2.0,2.0,2.0,2.0,2.0,2.0,2.0,2.0,2.0,1.0,1.0,0.0,0.0,1.0,0.0,0.0,0.0,0.0,0.0,0.0,3.0,2.0,4.0,5.0,1.0,2.0,8.0,3.0,3.0,2.0,3.0,3.0,1.0,1.0,8.0,2.0,2.0,2.0,1.0,1.0,1.0,1.0,1.0,1.0,3.0,2.0,4.0,4.0,4.0,4.0,4.0,4.0,4.0,1.0,1.0,1.0,1.0,1.0,2.0,2.0,1.0,1.0,1.0,2.0,2.0,2.0,10.0,10.0,10.0,9.0,9.0,10.0,9.0,1.0,1.0,1.0,1.0,2.0,1.0,6.0,1.0,1.0,2.0,2.0,2.0,8.0,7.0,7.0,8.0,7.0,3.0,3.0,3.0,2.0,3.0,3.0,3.0,3.0,3.0,3.0,2.0,3.0,3.0,3.0,1.0,1.0,1.0,1.0,2.0,2.0,1.0,2.0,1.0,4.0,1.0,1.0,5.0,3.0,3.0,1.0,3.0,2.0,1.0,1.0,1.0,1.0,3.0,1.0,1.0,1.0,1.0,2.0,2.0,1.0,1.0,2.0,2.0,2.0,2.0,2.0,2.0,1.0,1.0,1.0,1.0,2.0,1.0,1.0,6.0,7.0,6.0,7.0,7.0,7.0,7.0,7.0,7.0,8.0,9.0,9.0,9.0,2.0,1.0,2.0,2.0,2.0,2.0,2.0
404070418,1.0,2.0,1.0,4.0,1.0,3.0,2.0,1.0,2.0,2.0,2.0,2.0,1.0,1.0,2.0,1.0,1.0,,,,,,,,,,2.0,3.0,3.0,2.0,3.0,3.0,2.0,3.0,4.0,4.0,3.0,4.0,5.0,3.0,2.0,1.0,2.0,,3.0,2.0,6.0,2.0,2.0,2.0,3.0,1.0,1.0,4.0,3.0,1.0,1.0,2.0,3.0,4.0,3.0,4.0,3.0,4.0,1.0,2.0,,4.0,4.0,4.0,4.0,4.0,3.0,2.0,4.0,3.0,4.0,3.0,4.0,,0.0,0.0,0.0,0.0,0.0,0.0,0.0,0.0,0.0,1.0,0.0,7.0,2.0,3.0,7.0,10.0,2.0,10.0,4.0,1.0,4.0,4.0,1.0,3.0,5.0,3.0,5.0,2.0,0.0,2.0,,2.0,1.0,2.0,2.0,4.0,2.0,3.0,2.0,4.0,4.0,1.0,3.0,3.0,1.0,2.0,1.0,2.0,2.0,2.0,2.0,3.0,3.0,3.0,1.0,1.0,2.0,10.0,8.0,,6.0,2.0,7.0,6.0,1.0,2.0,2.0,2.0,,3.0,4.0,4.0,2.0,,,2.0,10.0,9.0,9.0,9.0,10.0,2.0,2.0,3.0,3.0,2.0,8.0,9.0,6.0,9.0,10.0,9.0,7.0,8.0,9.0,3.0,,,4.0,3.0,1.0,1.0,1.0,1.0,,,,,,,,,,,3.0,3.0,3.0,3.0,3.0,3.0,3.0,3.0,3.0,4.0,4.0,4.0,,,4.0,,4.0,,4.0,5.0,4.0,4.0,3.0,4.0,4.0,,8.0,8.0,7.0,8.0,8.0,9.0,8.0,8.0,7.0,5.0,1.0,1.0,3.0,4.0,1.0,1.0,2.0,2.0,2.0
764070660,1.0,2.0,2.0,3.0,1.0,2.0,1.0,1.0,1.0,2.0,2.0,2.0,2.0,1.0,1.0,2.0,2.0,1.0,2.0,1.0,2.0,2.0,2.0,1.0,2.0,2.0,3.0,4.0,4.0,4.0,3.0,4.0,4.0,5.0,4.0,3.0,4.0,3.0,2.0,5.0,4.0,3.0,2.0,3.0,3.0,1.0,5.0,8.0,6.0,2.0,3.0,1.0,1.0,2.0,1.0,2.0,1.0,2.0,3.0,3.0,2.0,3.0,1.0,2.0,2.0,3.0,2.0,1.0,2.0,3.0,2.0,3.0,2.0,1.0,2.0,2.0,1.0,2.0,3.0,4.0,1.0,2.0,2.0,1.0,1.0,1.0,2.0,1.0,1.0,2.0,1.0,8.0,5.0,6.0,5.0,8.0,1.0,6.0,1.0,2.0,2.0,1.0,3.0,3.0,2.0,8.0,3.0,1.0,2.0,0.0,1.0,1.0,0.0,1.0,1.0,1.0,2.0,2.0,3.0,2.0,1.0,2.0,3.0,2.0,1.0,1.0,1.0,1.0,2.0,2.0,2.0,1.0,2.0,2.0,1.0,1.0,2.0,2.0,4.0,5.0,3.0,4.0,8.0,4.0,2.0,2.0,1.0,1.0,3.0,4.0,6.0,6.0,2.0,2.0,2.0,4.0,1.0,2.0,3.0,3.0,2.0,3.0,1.0,1.0,2.0,1.0,2.0,1.0,2.0,1.0,1.0,2.0,2.0,4.0,9.0,3.0,2.0,3.0,2.0,2.0,2.0,1.0,5.0,1.0,5.0,1.0,1.0,1.0,2.0,1.0,2.0,2.0,2.0,1.0,2.0,2.0,2.0,3.0,2.0,1.0,3.0,2.0,2.0,3.0,4.0,3.0,2.0,1.0,2.0,3.0,2.0,3.0,2.0,,2.0,3.0,2.0,3.0,2.0,7.0,3.0,4.0,5.0,4.0,3.0,7.0,8.0,7.0,5.0,8.0,7.0,5.0,1.0,1.0,1.0,1.0,2.0,3.0,4.0
360072149,1.0,3.0,2.0,2.0,1.0,1.0,1.0,1.0,2.0,1.0,2.0,2.0,2.0,2.0,1.0,2.0,1.0,1.0,2.0,1.0,2.0,1.0,2.0,2.0,1.0,2.0,2.0,3.0,2.0,3.0,3.0,3.0,4.0,2.0,2.0,4.0,2.0,2.0,2.0,4.0,2.0,3.0,1.0,1.0,2.0,3.0,5.0,5.0,6.0,3.0,3.0,4.0,3.0,4.0,1.0,2.0,1.0,3.0,2.0,4.0,4.0,3.0,1.0,2.0,3.0,2.0,2.0,2.0,2.0,3.0,2.0,2.0,1.0,2.0,2.0,3.0,1.0,2.0,2.0,1.0,2.0,0.0,0.0,0.0,0.0,2.0,2.0,2.0,2.0,0.0,2.0,4.0,6.0,4.0,10.0,1.0,1.0,10.0,3.0,4.0,2.0,2.0,1.0,1.0,4.0,5.0,2.0,0.0,2.0,0.0,0.0,0.0,2.0,0.0,0.0,3.0,3.0,2.0,1.0,3.0,4.0,2.0,2.0,1.0,2.0,1.0,2.0,1.0,1.0,2.0,1.0,2.0,1.0,2.0,2.0,2.0,2.0,10.0,10.0,1.0,7.0,3.0,6.0,10.0,1.0,2.0,2.0,1.0,2.0,3.0,2.0,1.0,1.0,2.0,2.0,5.0,1.0,1.0,1.0,4.0,1.0,1.0,1.0,1.0,10.0,1.0,1.0,5.0,1.0,1.0,2.0,1.0,1.0,1.0,1.0,3.0,2.0,1.0,3.0,3.0,5.0,1.0,1.0,1.0,2.0,1.0,1.0,4.0,3.0,3.0,2.0,3.0,3.0,1.0,3.0,2.0,1.0,3.0,3.0,3.0,3.0,3.0,3.0,2.0,1.0,2.0,3.0,4.0,2.0,4.0,2.0,3.0,1.0,3.0,1.0,2.0,3.0,3.0,3.0,1.0,10.0,5.0,1.0,5.0,7.0,10.0,1.0,7.0,10.0,6.0,5.0,8.0,2.0,1.0,2.0,3.0,3.0,4.0,1.0
68071046,1.0,2.0,1.0,2.0,1.0,2.0,,,,,,,,,,,,1.0,2.0,2.0,2.0,2.0,2.0,1.0,2.0,2.0,1.0,2.0,3.0,,2.0,,,2.0,2.0,,4.0,2.0,2.0,2.0,2.0,3.0,1.0,1.0,2.0,2.0,9.0,10.0,8.0,4.0,3.0,4.0,3.0,4.0,1.0,1.0,1.0,1.0,1.0,3.0,1.0,1.0,1.0,3.0,3.0,3.0,3.0,3.0,3.0,3.0,3.0,4.0,3.0,3.0,2.0,3.0,1.0,1.0,1.0,1.0,2.0,2.0,0.0,2.0,0.0,0.0,2.0,0.0,0.0,0.0,0.0,10.0,10.0,5.0,1.0,1.0,1.0,9.0,2.0,2.0,2.0,3.0,2.0,1.0,,10.0,3.0,0.0,0.0,0.0,2.0,0.0,2.0,2.0,0.0,1.0,1.0,4.0,2.0,4.0,4.0,4.0,2.0,4.0,,,,1.0,1.0,2.0,2.0,4.0,4.0,3.0,2.0,2.0,1.0,1.0,1.0,10.0,10.0,1.0,4.0,8.0,1.0,2.0,2.0,1.0,3.0,3.0,5.0,3.0,1.0,2.0,2.0,1.0,1.0,1.0,1.0,1.0,1.0,1.0,1.0,1.0,5.0,10.0,1.0,5.0,1.0,1.0,1.0,1.0,1.0,1.0,1.0,2.0,3.0,2.0,2.0,1.0,1.0,1.0,1.0,1.0,3.0,1.0,3.0,1.0,2.0,3.0,2.0,2.0,1.0,3.0,3.0,2.0,1.0,2.0,2.0,3.0,1.0,1.0,2.0,3.0,3.0,3.0,1.0,3.0,4.0,4.0,2.0,2.0,1.0,,3.0,2.0,3.0,1.0,4.0,5.0,10.0,1.0,10.0,1.0,1.0,10.0,10.0,1.0,10.0,10.0,10.0,7.0,2.0,1.0,1.0,1.0,1.0,1.0,1.0
20070656,2.0,1.0,2.0,3.0,1.0,4.0,2.0,1.0,2.0,2.0,1.0,1.0,2.0,1.0,2.0,1.0,2.0,1.0,2.0,2.0,2.0,2.0,2.0,1.0,2.0,2.0,1.0,4.0,4.0,4.0,4.0,3.0,5.0,3.0,5.0,1.0,5.0,2.0,2.0,2.0,5.0,1.0,2.0,3.0,1.0,3.0,7.0,6.0,9.0,4.0,4.0,4.0,3.0,4.0,1.0,1.0,1.0,2.0,2.0,2.0,2.0,2.0,3.0,,2.0,4.0,2.0,3.0,3.0,3.0,4.0,3.0,3.0,3.0,4.0,4.0,4.0,2.0,2.0,3.0,0.0,0.0,2.0,0.0,0.0,0.0,0.0,2.0,0.0,0.0,0.0,4.0,7.0,1.0,5.0,5.0,1.0,10.0,3.0,3.0,4.0,2.0,3.0,3.0,4.0,7.0,4.0,2.0,2.0,0.0,2.0,0.0,2.0,2.0,2.0,2.0,1.0,4.0,4.0,4.0,4.0,4.0,3.0,4.0,2.0,2.0,2.0,3.0,1.0,2.0,2.0,4.0,3.0,4.0,2.0,1.0,2.0,8.0,9.0,3.0,2.0,3.0,7.0,1.0,2.0,2.0,2.0,2.0,4.0,4.0,7.0,8.0,2.0,2.0,2.0,2.0,3.0,1.0,1.0,4.0,1.0,10.0,5.0,10.0,10.0,10.0,5.0,10.0,1.0,1.0,1.0,1.0,10.0,1.0,1.0,2.0,3.0,4.0,2.0,2.0,2.0,4.0,3.0,5.0,5.0,2.0,2.0,2.0,1.0,2.0,1.0,2.0,1.0,3.0,1.0,1.0,1.0,1.0,1.0,2.0,1.0,1.0,3.0,2.0,1.0,1.0,3.0,3.0,1.0,4.0,4.0,2.0,1.0,5.0,4.0,1.0,4.0,1.0,4.0,4.0,2.0,1.0,10.0,10.0,1.0,10.0,5.0,1.0,10.0,10.0,4.0,4.0,1.0,1.0,3.0,3.0,2.0,4.0,4.0
630070528,1.0,2.0,1.0,4.0,1.0,1.0,1.0,2.0,1.0,1.0,2.0,1.0,2.0,2.0,1.0,2.0,2.0,2.0,2.0,2.0,2.0,2.0,2.0,2.0,2.0,2.0,2.0,2.0,3.0,3.0,3.0,2.0,4.0,4.0,4.0,2.0,4.0,2.0,3.0,2.0,2.0,3.0,1.0,1.0,2.0,3.0,8.0,8.0,5.0,2.0,4.0,1.0,2.0,4.0,1.0,2.0,1.0,1.0,3.0,4.0,4.0,4.0,2.0,3.0,4.0,4.0,4.0,2.0,4.0,4.0,4.0,3.0,4.0,1.0,4.0,3.0,4.0,1.0,1.0,1.0,2.0,1.0,0.0,1.0,1.0,0.0,0.0,0.0,0.0,0.0,0.0,10.0,1.0,7.0,1.0,5.0,1.0,10.0,3.0,3.0,3.0,3.0,1.0,3.0,5.0,7.0,4.0,0.0,1.0,0.0,2.0,1.0,0.0,0.0,1.0,3.0,2.0,4.0,3.0,4.0,4.0,4.0,4.0,4.0,1.0,1.0,2.0,1.0,1.0,2.0,2.0,1.0,1.0,1.0,,,1.0,8.0,8.0,7.0,6.0,2.0,5.0,10.0,1.0,1.0,1.0,1.0,3.0,3.0,3.0,1.0,1.0,2.0,2.0,,1.0,1.0,1.0,1.0,1.0,5.0,5.0,1.0,6.0,8.0,1.0,1.0,1.0,1.0,1.0,1.0,10.0,1.0,6.0,4.0,4.0,4.0,4.0,3.0,1.0,1.0,1.0,4.0,4.0,4.0,4.0,1.0,2.0,3.0,2.0,2.0,3.0,3.0,3.0,3.0,3.0,2.0,3.0,3.0,1.0,1.0,3.0,4.0,4.0,1.0,4.0,4.0,1.0,4.0,1.0,1.0,1.0,,1.0,1.0,3.0,1.0,3.0,3.0,10.0,10.0,10.0,10.0,10.0,10.0,1.0,1.0,10.0,10.0,1.0,1.0,1.0,1.0,1.0,1.0,1.0,3.0,3.0
51070628,1.0,2.0,2.0,3.0,1.0,1.0,1.0,2.0,2.0,1.0,2.0,1.0,2.0,1.0,2.0,1.0,2.0,1.0,2.0,2.0,2.0,1.0,2.0,1.0,2.0,2.0,1.0,2.0,1.0,3.0,2.0,2.0,3.0,4.0,3.0,4.0,4.0,4.0,2.0,4.0,1.0,3.0,1.0,1.0,2.0,3.0,9.0,9.0,6.0,4.0,4.0,4.0,4.0,4.0,2.0,2.0,1.0,2.0,2.0,2.0,3.0,2.0,2.0,2.0,4.0,4.0,3.0,3.0,2.0,2.0,2.0,3.0,2.0,2.0,2.0,2.0,2.0,2.0,2.0,2.0,0.0,0.0,0.0,0.0,0.0,0.0,0.0,0.0,0.0,0.0,0.0,10.0,1.0,5.0,5.0,5.0,2.0,10.0,3.0,3.0,3.0,3.0,4.0,1.0,5.0,5.0,4.0,2.0,2.0,1.0,1.0,1.0,2.0,2.0,1.0,1.0,2.0,3.0,4.0,4.0,4.0,4.0,3.0,4.0,1.0,1.0,2.0,1.0,1.0,2.0,2.0,1.0,2.0,1.0,1.0,2.0,1.0,10.0,10.0,6.0,6.0,5.0,7.0,10.0,1.0,1.0,1.0,1.0,3.0,1.0,5.0,1.0,1.0,2.0,2.0,8.0,1.0,1.0,1.0,1.0,1.0,1.0,1.0,5.0,6.0,1.0,1.0,1.0,1.0,2.0,1.0,1.0,1.0,1.0,1.0,2.0,2.0,2.0,2.0,1.0,5.0,1.0,5.0,5.0,5.0,1.0,1.0,2.0,3.0,3.0,3.0,3.0,1.0,2.0,3.0,1.0,1.0,3.0,3.0,3.0,3.0,3.0,3.0,4.0,3.0,,4.0,3.0,1.0,4.0,2.0,1.0,1.0,2.0,3.0,1.0,3.0,2.0,3.0,1.0,10.0,7.0,10.0,10.0,8.0,10.0,10.0,7.0,10.0,10.0,6.0,5.0,3.0,1.0,1.0,2.0,1.0,2.0,2.0
76071276,1.0,2.0,2.0,4.0,1.0,1.0,1.0,1.0,1.0,1.0,2.0,2.0,2.0,2.0,1.0,2.0,2.0,1.0,2.0,1.0,2.0,2.0,2.0,1.0,2.0,1.0,1.0,1.0,3.0,4.0,3.0,3.0,4.0,2.0,2.0,2.0,2.0,2.0,2.0,2.0,2.0,1.0,1.0,1.0,1.0,3.0,10.0,10.0,1.0,2.0,3.0,2.0,3.0,2.0,3.0,2.0,1.0,4.0,3.0,4.0,4.0,4.0,3.0,4.0,4.0,4.0,4.0,4.0,4.0,4.0,4.0,4.0,4.0,4.0,4.0,4.0,4.0,4.0,4.0,4.0,2.0,0.0,0.0,0.0,0.0,0.0,0.0,0.0,0.0,2.0,0.0,1.0,1.0,1.0,10.0,1.0,1.0,10.0,3.0,2.0,2.0,2.0,2.0,3.0,2.0,10.0,1.0,2.0,2.0,2.0,0.0,2.0,2.0,2.0,2.0,2.0,4.0,1.0,1.0,4.0,1.0,1.0,2.0,2.0,1.0,1.0,2.0,1.0,1.0,1.0,1.0,1.0,1.0,2.0,2.0,1.0,1.0,10.0,10.0,1.0,1.0,1.0,10.0,10.0,1.0,1.0,1.0,1.0,3.0,3.0,1.0,1.0,1.0,2.0,2.0,10.0,10.0,10.0,10.0,10.0,10.0,10.0,10.0,10.0,10.0,10.0,10.0,10.0,1.0,10.0,10.0,1.0,10.0,1.0,10.0,1.0,1.0,4.0,2.0,3.0,1.0,1.0,5.0,5.0,5.0,5.0,5.0,5.0,2.0,3.0,3.0,3.0,3.0,3.0,1.0,3.0,1.0,3.0,3.0,1.0,1.0,1.0,2.0,2.0,2.0,2.0,1.0,2.0,2.0,2.0,2.0,2.0,1.0,4.0,2.0,2.0,4.0,3.0,2.0,10.0,10.0,1.0,10.0,10.0,1.0,10.0,10.0,10.0,1.0,10.0,1.0,1.0,4.0,1.0,1.0,3.0,3.0,4.0,3.0
558070084,1.0,3.0,3.0,4.0,1.0,1.0,1.0,1.0,2.0,1.0,2.0,2.0,1.0,2.0,2.0,2.0,1.0,2.0,2.0,2.0,2.0,2.0,2.0,2.0,2.0,2.0,1.0,3.0,3.0,3.0,3.0,3.0,3.0,1.0,2.0,2.0,2.0,2.0,2.0,2.0,2.0,3.0,1.0,1.0,1.0,2.0,10.0,10.0,5.0,4.0,4.0,4.0,4.0,4.0,3.0,2.0,1.0,1.0,1.0,3.0,4.0,4.0,1.0,4.0,3.0,3.0,4.0,4.0,4.0,4.0,4.0,4.0,4.0,3.0,4.0,4.0,3.0,4.0,4.0,4.0,0.0,0.0,0.0,0.0,0.0,0.0,0.0,0.0,0.0,0.0,0.0,5.0,5.0,5.0,6.0,10.0,,1.0,3.0,1.0,1.0,1.0,3.0,1.0,3.0,1.0,3.0,1.0,1.0,1.0,1.0,2.0,1.0,2.0,1.0,3.0,2.0,3.0,2.0,3.0,4.0,4.0,3.0,4.0,1.0,1.0,2.0,4.0,4.0,2.0,2.0,4.0,4.0,4.0,2.0,2.0,2.0,10.0,10.0,10.0,5.0,1.0,10.0,10.0,1.0,2.0,2.0,2.0,4.0,3.0,6.0,2.0,1.0,2.0,2.0,1.0,1.0,1.0,1.0,1.0,1.0,1.0,1.0,1.0,5.0,1.0,1.0,1.0,1.0,10.0,1.0,1.0,1.0,2.0,1.0,1.0,4.0,4.0,4.0,2.0,2.0,1.0,5.0,5.0,5.0,5.0,5.0,5.0,3.0,3.0,3.0,3.0,3.0,3.0,3.0,3.0,,,,,3.0,3.0,4.0,4.0,4.0,4.0,4.0,4.0,4.0,4.0,4.0,4.0,1.0,5.0,4.0,4.0,4.0,4.0,4.0,5.0,10.0,1.0,10.0,1.0,10.0,1.0,1.0,1.0,10.0,10.0,1.0,1.0,4.0,1.0,2.0,2.0,2.0,2.0,3.0
36071436,2.0,1.0,2.0,2.0,2.0,4.0,1.0,1.0,1.0,1.0,2.0,1.0,2.0,2.0,2.0,2.0,2.0,1.0,2.0,2.0,2.0,2.0,2.0,1.0,2.0,2.0,2.0,3.0,3.0,3.0,3.0,2.0,4.0,2.0,4.0,2.0,4.0,3.0,,2.0,3.0,3.0,1.0,1.0,2.0,3.0,7.0,5.0,8.0,4.0,3.0,4.0,4.0,4.0,1.0,2.0,1.0,2.0,1.0,4.0,2.0,2.0,4.0,2.0,3.0,3.0,3.0,2.0,2.0,3.0,3.0,3.0,3.0,3.0,2.0,3.0,3.0,3.0,3.0,3.0,0.0,0.0,0.0,1.0,0.0,0.0,0.0,0.0,0.0,0.0,0.0,1.0,4.0,9.0,3.0,3.0,1.0,7.0,2.0,2.0,2.0,2.0,2.0,1.0,4.0,2.0,3.0,1.0,2.0,2.0,2.0,1.0,2.0,1.0,1.0,3.0,2.0,3.0,3.0,4.0,3.0,4.0,4.0,4.0,2.0,2.0,2.0,4.0,4.0,1.0,2.0,4.0,2.0,4.0,1.0,2.0,2.0,8.0,6.0,2.0,9.0,4.0,3.0,1.0,2.0,2.0,2.0,2.0,4.0,4.0,7.0,8.0,2.0,2.0,2.0,4.0,1.0,1.0,1.0,1.0,1.0,10.0,7.0,10.0,10.0,10.0,1.0,10.0,1.0,1.0,1.0,1.0,10.0,1.0,2.0,1.0,4.0,3.0,3.0,2.0,5.0,1.0,2.0,2.0,2.0,2.0,,1.0,1.0,1.0,3.0,3.0,2.0,2.0,2.0,1.0,2.0,1.0,2.0,3.0,1.0,1.0,1.0,4.0,3.0,4.0,2.0,2.0,2.0,4.0,2.0,2.0,2.0,4.0,3.0,2.0,4.0,1.0,4.0,7.0,6.0,1.0,10.0,6.0,1.0,8.0,3.0,2.0,1.0,10.0,9.0,7.0,1.0,1.0,1.0,1.0,1.0,3.0,3.0
566070119,1.0,2.0,1.0,1.0,1.0,1.0,1.0,2.0,1.0,1.0,2.0,1.0,2.0,2.0,1.0,2.0,2.0,1.0,2.0,2.0,2.0,1.0,2.0,1.0,2.0,2.0,1.0,4.0,1.0,4.0,4.0,4.0,4.0,4.0,4.0,5.0,1.0,5.0,2.0,2.0,1.0,3.0,1.0,1.0,3.0,1.0,8.0,3.0,4.0,3.0,4.0,2.0,2.0,4.0,1.0,2.0,1.0,3.0,3.0,3.0,4.0,4.0,3.0,1.0,3.0,1.0,3.0,3.0,1.0,3.0,3.0,3.0,3.0,1.0,3.0,1.0,1.0,3.0,3.0,1.0,1.0,0.0,1.0,0.0,0.0,0.0,,0.0,0.0,0.0,0.0,10.0,8.0,7.0,1.0,1.0,2.0,10.0,4.0,2.0,2.0,2.0,2.0,3.0,2.0,4.0,4.0,2.0,2.0,0.0,2.0,0.0,2.0,0.0,2.0,2.0,2.0,3.0,2.0,3.0,4.0,3.0,3.0,3.0,1.0,1.0,2.0,1.0,1.0,2.0,2.0,1.0,1.0,1.0,2.0,2.0,1.0,7.0,8.0,1.0,1.0,10.0,10.0,10.0,1.0,1.0,1.0,1.0,1.0,2.0,1.0,1.0,1.0,2.0,1.0,7.0,1.0,1.0,1.0,1.0,1.0,1.0,1.0,5.0,1.0,6.0,1.0,1.0,2.0,7.0,1.0,1.0,7.0,1.0,4.0,1.0,4.0,4.0,3.0,2.0,3.0,2.0,3.0,2.0,5.0,2.0,4.0,2.0,1.0,1.0,1.0,2.0,2.0,2.0,3.0,2.0,2.0,3.0,3.0,3.0,3.0,3.0,1.0,3.0,2.0,3.0,1.0,1.0,3.0,3.0,3.0,3.0,1.0,5.0,1.0,1.0,1.0,2.0,2.0,8.0,10.0,2.0,10.0,3.0,10.0,3.0,2.0,9.0,9.0,4.0,3.0,1.0,3.0,1.0,1.0,1.0,1.0,2.0,2.0
703071117,1.0,1.0,1.0,3.0,1.0,1.0,1.0,2.0,2.0,1.0,2.0,1.0,2.0,2.0,1.0,2.0,2.0,1.0,2.0,2.0,2.0,1.0,2.0,2.0,2.0,2.0,2.0,4.0,2.0,1.0,2.0,4.0,1.0,1.0,2.0,4.0,3.0,3.0,1.0,1.0,1.0,1.0,1.0,1.0,2.0,2.0,10.0,7.0,5.0,4.0,4.0,4.0,4.0,4.0,1.0,2.0,1.0,2.0,2.0,4.0,3.0,3.0,3.0,3.0,4.0,4.0,4.0,2.0,2.0,4.0,4.0,4.0,2.0,2.0,2.0,3.0,2.0,2.0,,2.0,2.0,0.0,0.0,0.0,0.0,0.0,0.0,0.0,0.0,0.0,0.0,10.0,1.0,10.0,8.0,10.0,1.0,10.0,2.0,2.0,2.0,2.0,2.0,3.0,4.0,5.0,3.0,2.0,2.0,2.0,0.0,2.0,2.0,2.0,2.0,3.0,2.0,4.0,4.0,4.0,4.0,4.0,4.0,4.0,2.0,2.0,2.0,1.0,1.0,2.0,2.0,1.0,1.0,1.0,1.0,2.0,2.0,10.0,10.0,10.0,10.0,4.0,10.0,10.0,1.0,1.0,1.0,1.0,1.0,1.0,2.0,1.0,1.0,2.0,2.0,3.0,10.0,10.0,4.0,3.0,4.0,8.0,8.0,5.0,7.0,10.0,2.0,2.0,1.0,1.0,1.0,1.0,10.0,1.0,1.0,4.0,4.0,4.0,3.0,2.0,5.0,1.0,1.0,1.0,1.0,1.0,1.0,1.0,1.0,3.0,3.0,3.0,3.0,3.0,3.0,3.0,1.0,1.0,3.0,3.0,2.0,2.0,1.0,2.0,1.0,1.0,1.0,2.0,1.0,2.0,2.0,1.0,1.0,4.0,2.0,3.0,3.0,2.0,2.0,5.0,1.0,1.0,10.0,10.0,1.0,10.0,10.0,10.0,10.0,7.0,4.0,3.0,3.0,2.0,1.0,2.0,2.0,2.0,2.0
792070290,1.0,1.0,2.0,1.0,1.0,2.0,1.0,2.0,1.0,2.0,2.0,1.0,2.0,1.0,2.0,2.0,1.0,1.0,2.0,1.0,2.0,1.0,2.0,1.0,2.0,2.0,1.0,3.0,2.0,3.0,3.0,1.0,2.0,1.0,3.0,5.0,3.0,1.0,2.0,2.0,2.0,2.0,1.0,3.0,2.0,2.0,9.0,9.0,5.0,4.0,4.0,4.0,4.0,4.0,1.0,2.0,1.0,1.0,1.0,2.0,2.0,2.0,2.0,2.0,1.0,2.0,2.0,2.0,1.0,2.0,2.0,2.0,2.0,1.0,2.0,2.0,2.0,2.0,2.0,2.0,0.0,0.0,0.0,0.0,0.0,0.0,0.0,0.0,0.0,0.0,0.0,6.0,6.0,7.0,2.0,2.0,1.0,9.0,3.0,4.0,3.0,2.0,3.0,1.0,,9.0,1.0,0.0,0.0,2.0,2.0,2.0,2.0,2.0,2.0,3.0,2.0,4.0,3.0,4.0,4.0,4.0,3.0,4.0,2.0,2.0,2.0,,,2.0,2.0,2.0,1.0,2.0,1.0,2.0,2.0,9.0,10.0,6.0,9.0,4.0,8.0,10.0,1.0,1.0,1.0,1.0,,1.0,4.0,1.0,1.0,,2.0,9.0,1.0,1.0,1.0,1.0,1.0,1.0,1.0,1.0,1.0,1.0,1.0,1.0,8.0,8.0,6.0,,2.0,,1.0,4.0,4.0,4.0,2.0,2.0,1.0,2.0,2.0,,,,,2.0,3.0,3.0,3.0,3.0,3.0,3.0,3.0,3.0,3.0,3.0,3.0,3.0,1.0,1.0,1.0,3.0,1.0,4.0,1.0,2.0,2.0,2.0,2.0,1.0,2.0,,2.0,2.0,,2.0,3.0,7.0,1.0,1.0,1.0,1.0,,1.0,1.0,1.0,1.0,9.0,8.0,8.0,2.0,1.0,1.0,2.0,1.0,3.0,3.0
462070577,1.0,1.0,2.0,2.0,1.0,1.0,1.0,2.0,1.0,2.0,2.0,1.0,2.0,2.0,1.0,2.0,1.0,1.0,1.0,1.0,2.0,1.0,1.0,1.0,2.0,1.0,2.0,3.0,2.0,3.0,2.0,1.0,4.0,2.0,4.0,5.0,2.0,1.0,1.0,3.0,3.0,2.0,1.0,1.0,2.0,2.0,8.0,5.0,3.0,3.0,2.0,2.0,3.0,4.0,3.0,2.0,1.0,3.0,1.0,3.0,4.0,3.0,2.0,3.0,1.0,1.0,2.0,2.0,1.0,3.0,2.0,3.0,1.0,3.0,1.0,2.0,1.0,1.0,1.0,3.0,0.0,1.0,1.0,1.0,0.0,1.0,1.0,1.0,1.0,0.0,0.0,5.0,9.0,9.0,2.0,1.0,2.0,4.0,2.0,3.0,2.0,1.0,1.0,1.0,5.0,5.0,4.0,2.0,0.0,0.0,2.0,1.0,2.0,2.0,0.0,1.0,3.0,3.0,4.0,4.0,2.0,2.0,3.0,4.0,2.0,1.0,2.0,3.0,2.0,2.0,2.0,,2.0,3.0,2.0,2.0,2.0,9.0,8.0,5.0,6.0,1.0,10.0,10.0,1.0,1.0,2.0,1.0,2.0,3.0,3.0,7.0,1.0,2.0,1.0,6.0,4.0,2.0,1.0,8.0,8.0,1.0,1.0,9.0,9.0,9.0,10.0,10.0,10.0,8.0,10.0,9.0,10.0,7.0,4.0,3.0,2.0,2.0,3.0,3.0,2.0,2.0,3.0,2.0,2.0,3.0,2.0,2.0,2.0,3.0,2.0,2.0,2.0,2.0,2.0,2.0,2.0,2.0,3.0,2.0,2.0,2.0,1.0,2.0,2.0,3.0,2.0,2.0,2.0,3.0,1.0,2.0,3.0,4.0,2.0,4.0,2.0,3.0,4.0,5.0,3.0,4.0,4.0,3.0,3.0,4.0,9.0,2.0,9.0,4.0,8.0,9.0,3.0,2.0,2.0,2.0,2.0,2.0,4.0
909070123,1.0,1.0,1.0,4.0,4.0,2.0,1.0,2.0,2.0,2.0,1.0,1.0,2.0,2.0,2.0,1.0,1.0,1.0,2.0,2.0,2.0,2.0,2.0,1.0,2.0,2.0,1.0,4.0,4.0,4.0,4.0,,5.0,1.0,4.0,2.0,5.0,2.0,1.0,1.0,3.0,3.0,3.0,2.0,2.0,3.0,10.0,3.0,10.0,4.0,4.0,4.0,4.0,4.0,1.0,2.0,2.0,2.0,2.0,3.0,2.0,3.0,3.0,3.0,3.0,3.0,2.0,,,4.0,4.0,4.0,3.0,2.0,4.0,3.0,3.0,2.0,2.0,2.0,2.0,0.0,0.0,0.0,0.0,0.0,0.0,0.0,0.0,0.0,0.0,10.0,1.0,10.0,5.0,1.0,1.0,7.0,3.0,3.0,3.0,3.0,3.0,3.0,,10.0,3.0,1.0,1.0,2.0,1.0,2.0,2.0,2.0,2.0,3.0,2.0,4.0,3.0,4.0,4.0,4.0,4.0,4.0,,,,4.0,4.0,,,4.0,4.0,4.0,2.0,1.0,,1.0,7.0,8.0,10.0,7.0,4.0,8.0,1.0,1.0,1.0,1.0,,4.0,4.0,1.0,1.0,,,1.0,1.0,1.0,1.0,1.0,1.0,6.0,4.0,8.0,9.0,8.0,3.0,7.0,,1.0,1.0,1.0,6.0,1.0,8.0,1.0,4.0,4.0,4.0,3.0,2.0,1.0,4.0,5.0,5.0,5.0,5.0,5.0,3.0,3.0,3.0,3.0,2.0,2.0,3.0,3.0,3.0,3.0,3.0,3.0,1.0,1.0,,,,,,4.0,,4.0,2.0,1.0,1.0,5.0,2.0,2.0,4.0,1.0,4.0,3.0,10.0,10.0,10.0,5.0,1.0,10.0,6.0,10.0,10.0,10.0,4.0,1.0,4.0,,1.0,1.0,3.0,1.0,2.0
826070722,1.0,1.0,2.0,2.0,4.0,3.0,,,,,,,,,,,,2.0,2.0,2.0,2.0,2.0,2.0,1.0,2.0,2.0,1.0,4.0,4.0,4.0,4.0,2.0,5.0,5.0,3.0,1.0,4.0,2.0,2.0,2.0,3.0,3.0,1.0,1.0,3.0,5.0,10.0,9.0,10.0,4.0,4.0,4.0,4.0,4.0,1.0,2.0,1.0,1.0,1.0,3.0,,,,1.0,4.0,4.0,3.0,3.0,3.0,4.0,4.0,4.0,,2.0,2.0,4.0,3.0,3.0,,3.0,2.0,0.0,0.0,0.0,0.0,0.0,0.0,1.0,0.0,0.0,0.0,10.0,5.0,6.0,1.0,1.0,1.0,10.0,2.0,2.0,2.0,2.0,3.0,1.0,,1.0,5.0,2.0,2.0,0.0,2.0,1.0,2.0,1.0,1.0,2.0,3.0,,,4.0,2.0,,,,,,,,,,,1.0,2.0,3.0,1.0,,,8.0,10.0,1.0,1.0,1.0,10.0,1.0,2.0,1.0,2.0,1.0,4.0,,5.0,8.0,3.0,,,10.0,1.0,1.0,1.0,1.0,1.0,10.0,8.0,10.0,10.0,10.0,1.0,10.0,,1.0,1.0,1.0,1.0,1.0,1.0,1.0,2.0,4.0,2.0,3.0,5.0,1.0,2.0,5.0,5.0,2.0,5.0,5.0,1.0,2.0,2.0,3.0,3.0,1.0,3.0,1.0,3.0,3.0,3.0,3.0,1.0,1.0,2.0,2.0,1.0,4.0,,1.0,4.0,2.0,,2.0,1.0,4.0,4.0,4.0,4.0,1.0,4.0,5.0,8.0,1.0,4.0,10.0,1.0,10.0,10.0,10.0,10.0,10.0,1.0,1.0,1.0,1.0,3.0,3.0,2.0,2.0,2.0
764071408,1.0,1.0,3.0,3.0,1.0,1.0,2.0,2.0,1.0,1.0,2.0,2.0,1.0,1.0,1.0,2.0,2.0,1.0,2.0,1.0,2.0,2.0,2.0,1.0,2.0,2.0,1.0,3.0,2.0,4.0,,4.0,5.0,2.0,3.0,,4.0,1.0,2.0,,3.0,2.0,1.0,3.0,2.0,3.0,5.0,6.0,5.0,4.0,4.0,4.0,4.0,4.0,2.0,1.0,1.0,2.0,2.0,4.0,3.0,4.0,1.0,3.0,3.0,3.0,,3.0,,3.0,3.0,,,2.0,3.0,2.0,2.0,,,,2.0,2.0,2.0,0.0,0.0,0.0,0.0,0.0,0.0,0.0,0.0,2.0,3.0,1.0,4.0,1.0,2.0,6.0,3.0,3.0,3.0,3.0,3.0,3.0,3.0,6.0,3.0,0.0,2.0,1.0,0.0,1.0,2.0,0.0,0.0,3.0,2.0,3.0,4.0,2.0,3.0,3.0,3.0,3.0,1.0,1.0,2.0,1.0,2.0,2.0,2.0,2.0,1.0,3.0,2.0,2.0,1.0,10.0,7.0,8.0,6.0,1.0,5.0,10.0,1.0,1.0,1.0,1.0,1.0,1.0,4.0,1.0,1.0,1.0,1.0,4.0,4.0,2.0,1.0,2.0,1.0,2.0,1.0,1.0,4.0,4.0,4.0,2.0,1.0,2.0,1.0,1.0,2.0,4.0,7.0,2.0,4.0,2.0,3.0,2.0,5.0,2.0,5.0,4.0,4.0,2.0,2.0,2.0,3.0,3.0,3.0,3.0,1.0,2.0,3.0,2.0,1.0,3.0,3.0,3.0,1.0,1.0,2.0,,2.0,2.0,,2.0,2.0,3.0,2.0,2.0,2.0,,1.0,2.0,3.0,1.0,2.0,5.0,5.0,5.0,10.0,5.0,3.0,7.0,5.0,5.0,7.0,10.0,7.0,3.0,2.0,1.0,1.0,3.0,3.0,4.0,4.0
788070657,1.0,2.0,1.0,4.0,1.0,1.0,1.0,2.0,2.0,1.0,2.0,1.0,2.0,2.0,1.0,2.0,1.0,1.0,2.0,2.0,1.0,1.0,1.0,1.0,1.0,2.0,1.0,3.0,1.0,4.0,4.0,1.0,5.0,1.0,1.0,,5.0,1.0,1.0,1.0,3.0,3.0,1.0,1.0,2.0,3.0,7.0,8.0,5.0,2.0,4.0,4.0,2.0,4.0,1.0,2.0,2.0,2.0,2.0,2.0,4.0,4.0,2.0,4.0,4.0,3.0,4.0,4.0,2.0,4.0,4.0,4.0,2.0,2.0,4.0,3.0,3.0,4.0,4.0,3.0,0.0,2.0,0.0,0.0,0.0,0.0,0.0,0.0,0.0,0.0,0.0,10.0,10.0,1.0,1.0,1.0,1.0,10.0,2.0,3.0,2.0,4.0,2.0,1.0,4.0,9.0,3.0,2.0,2.0,2.0,2.0,2.0,2.0,1.0,2.0,2.0,2.0,3.0,1.0,2.0,2.0,1.0,1.0,1.0,2.0,1.0,2.0,1.0,,2.0,2.0,1.0,1.0,1.0,2.0,2.0,1.0,6.0,5.0,1.0,,1.0,1.0,10.0,1.0,2.0,1.0,1.0,3.0,1.0,4.0,1.0,1.0,1.0,1.0,1.0,1.0,1.0,1.0,1.0,1.0,1.0,1.0,1.0,1.0,1.0,1.0,1.0,1.0,1.0,1.0,1.0,1.0,1.0,10.0,2.0,4.0,1.0,4.0,3.0,3.0,1.0,5.0,5.0,5.0,5.0,1.0,2.0,3.0,3.0,1.0,2.0,1.0,3.0,3.0,2.0,2.0,3.0,3.0,3.0,3.0,3.0,2.0,3.0,2.0,1.0,1.0,4.0,1.0,3.0,3.0,1.0,2.0,4.0,3.0,3.0,1.0,1.0,3.0,10.0,10.0,1.0,10.0,10.0,10.0,10.0,10.0,1.0,10.0,10.0,1.0,1.0,2.0,1.0,1.0,1.0,1.0,2.0,2.0
792070975,1.0,1.0,1.0,,1.0,1.0,1.0,2.0,1.0,2.0,2.0,1.0,1.0,2.0,1.0,2.0,2.0,1.0,1.0,1.0,2.0,1.0,1.0,1.0,1.0,1.0,3.0,3.0,2.0,3.0,1.0,1.0,4.0,3.0,3.0,4.0,4.0,4.0,4.0,4.0,2.0,3.0,1.0,1.0,2.0,2.0,4.0,5.0,6.0,4.0,4.0,4.0,4.0,4.0,2.0,2.0,1.0,2.0,3.0,3.0,3.0,3.0,1.0,2.0,3.0,3.0,4.0,3.0,3.0,4.0,3.0,4.0,3.0,2.0,2.0,4.0,3.0,3.0,2.0,3.0,0.0,0.0,0.0,0.0,0.0,0.0,0.0,0.0,0.0,0.0,0.0,4.0,6.0,5.0,5.0,5.0,2.0,5.0,3.0,1.0,2.0,3.0,3.0,2.0,4.0,6.0,2.0,0.0,0.0,2.0,2.0,2.0,0.0,2.0,2.0,4.0,2.0,4.0,4.0,4.0,2.0,4.0,4.0,4.0,2.0,2.0,2.0,2.0,2.0,2.0,2.0,2.0,2.0,3.0,1.0,2.0,2.0,6.0,8.0,3.0,6.0,5.0,6.0,8.0,1.0,1.0,1.0,1.0,2.0,2.0,2.0,4.0,1.0,1.0,1.0,4.0,1.0,1.0,1.0,1.0,1.0,1.0,1.0,1.0,1.0,1.0,1.0,7.0,1.0,1.0,1.0,,1.0,,4.0,4.0,4.0,4.0,2.0,2.0,1.0,1.0,5.0,5.0,5.0,5.0,5.0,4.0,2.0,2.0,2.0,2.0,2.0,3.0,2.0,2.0,2.0,2.0,2.0,2.0,2.0,2.0,3.0,2.0,2.0,2.0,3.0,3.0,3.0,3.0,3.0,2.0,2.0,,2.0,2.0,,2.0,1.0,6.0,6.0,7.0,7.0,4.0,,7.0,6.0,5.0,5.0,8.0,4.0,6.0,2.0,1.0,2.0,2.0,2.0,4.0,4.0
124075852,1.0,2.0,2.0,2.0,1.0,3.0,2.0,2.0,2.0,2.0,2.0,2.0,2.0,2.0,2.0,1.0,2.0,1.0,2.0,1.0,2.0,1.0,2.0,1.0,2.0,2.0,2.0,1.0,2.0,2.0,2.0,2.0,2.0,3.0,2.0,3.0,2.0,3.0,3.0,3.0,2.0,2.0,1.0,2.0,2.0,2.0,7.0,8.0,8.0,3.0,2.0,2.0,2.0,3.0,2.0,2.0,1.0,2.0,1.0,3.0,3.0,2.0,4.0,1.0,3.0,3.0,3.0,2.0,2.0,3.0,4.0,3.0,3.0,2.0,3.0,3.0,3.0,3.0,3.0,3.0,0.0,0.0,0.0,0.0,0.0,0.0,0.0,0.0,0.0,1.0,0.0,7.0,7.0,7.0,6.0,8.0,2.0,8.0,2.0,2.0,3.0,2.0,2.0,2.0,4.0,6.0,4.0,2.0,2.0,1.0,1.0,0.0,2.0,2.0,0.0,2.0,2.0,2.0,2.0,3.0,3.0,2.0,3.0,3.0,2.0,1.0,2.0,3.0,2.0,2.0,2.0,3.0,2.0,3.0,1.0,2.0,1.0,5.0,7.0,6.0,5.0,6.0,7.0,4.0,2.0,2.0,2.0,2.0,2.0,2.0,2.0,2.0,2.0,2.0,2.0,7.0,5.0,6.0,8.0,7.0,4.0,4.0,6.0,5.0,7.0,4.0,5.0,7.0,5.0,6.0,7.0,6.0,5.0,4.0,6.0,3.0,3.0,3.0,2.0,2.0,1.0,1.0,2.0,1.0,1.0,1.0,2.0,1.0,3.0,3.0,3.0,3.0,3.0,2.0,2.0,3.0,3.0,3.0,3.0,3.0,3.0,2.0,2.0,3.0,2.0,3.0,3.0,2.0,2.0,3.0,3.0,2.0,2.0,3.0,2.0,3.0,3.0,2.0,2.0,6.0,5.0,4.0,6.0,6.0,6.0,6.0,5.0,6.0,6.0,5.0,5.0,6.0,2.0,2.0,2.0,1.0,1.0,2.0,3.0
76071397,1.0,3.0,2.0,2.0,2.0,1.0,1.0,1.0,2.0,1.0,2.0,1.0,2.0,2.0,1.0,2.0,2.0,2.0,2.0,2.0,2.0,2.0,2.0,2.0,2.0,2.0,2.0,3.0,1.0,4.0,3.0,2.0,4.0,4.0,4.0,4.0,4.0,2.0,3.0,2.0,2.0,3.0,1.0,1.0,2.0,1.0,10.0,10.0,10.0,4.0,4.0,4.0,4.0,4.0,1.0,2.0,1.0,1.0,1.0,4.0,3.0,,3.0,1.0,2.0,2.0,,2.0,3.0,4.0,4.0,4.0,3.0,3.0,2.0,3.0,2.0,,,,2.0,0.0,0.0,0.0,1.0,0.0,0.0,2.0,0.0,0.0,2.0,5.0,5.0,3.0,5.0,6.0,1.0,10.0,2.0,2.0,1.0,2.0,,1.0,4.0,8.0,3.0,1.0,2.0,0.0,2.0,0.0,2.0,0.0,0.0,2.0,2.0,4.0,4.0,4.0,4.0,,,4.0,1.0,2.0,2.0,4.0,2.0,2.0,2.0,3.0,4.0,2.0,2.0,2.0,1.0,10.0,10.0,10.0,1.0,7.0,10.0,10.0,1.0,1.0,1.0,1.0,2.0,4.0,1.0,1.0,1.0,2.0,2.0,1.0,1.0,1.0,1.0,1.0,1.0,1.0,1.0,1.0,10.0,6.0,1.0,5.0,1.0,9.0,1.0,1.0,,1.0,7.0,3.0,3.0,3.0,2.0,2.0,5.0,1.0,2.0,5.0,5.0,5.0,5.0,3.0,1.0,2.0,2.0,1.0,1.0,1.0,1.0,1.0,2.0,2.0,1.0,1.0,1.0,1.0,1.0,4.0,2.0,1.0,3.0,2.0,3.0,4.0,2.0,1.0,1.0,4.0,3.0,1.0,4.0,1.0,2.0,,10.0,1.0,10.0,10.0,1.0,10.0,7.0,4.0,10.0,10.0,7.0,1.0,4.0,4.0,1.0,4.0,2.0,3.0,1.0
484071497,1.0,3.0,3.0,3.0,1.0,1.0,1.0,2.0,2.0,2.0,2.0,1.0,2.0,2.0,1.0,2.0,1.0,1.0,2.0,2.0,2.0,2.0,2.0,2.0,2.0,2.0,2.0,2.0,3.0,3.0,2.0,2.0,3.0,2.0,3.0,4.0,2.0,2.0,2.0,2.0,2.0,2.0,2.0,2.0,2.0,3.0,5.0,5.0,5.0,2.0,2.0,2.0,2.0,2.0,3.0,2.0,1.0,2.0,3.0,3.0,2.0,2.0,1.0,3.0,3.0,2.0,3.0,3.0,3.0,4.0,4.0,3.0,3.0,2.0,3.0,3.0,3.0,3.0,2.0,3.0,2.0,0.0,0.0,0.0,0.0,0.0,0.0,0.0,0.0,0.0,0.0,1.0,3.0,1.0,5.0,1.0,1.0,8.0,2.0,2.0,3.0,3.0,3.0,2.0,4.0,10.0,4.0,2.0,2.0,2.0,2.0,2.0,2.0,2.0,2.0,4.0,3.0,4.0,2.0,4.0,4.0,4.0,3.0,4.0,1.0,1.0,2.0,1.0,1.0,2.0,2.0,1.0,1.0,1.0,2.0,2.0,1.0,6.0,8.0,7.0,6.0,5.0,8.0,10.0,1.0,1.0,1.0,1.0,2.0,2.0,6.0,1.0,1.0,2.0,2.0,4.0,5.0,4.0,10.0,8.0,7.0,8.0,1.0,9.0,9.0,7.0,7.0,7.0,5.0,1.0,1.0,1.0,7.0,1.0,8.0,3.0,3.0,3.0,3.0,2.0,5.0,1.0,2.0,5.0,5.0,5.0,5.0,2.0,3.0,3.0,2.0,3.0,3.0,2.0,3.0,3.0,2.0,2.0,3.0,2.0,1.0,1.0,2.0,2.0,1.0,1.0,2.0,2.0,2.0,2.0,3.0,2.0,1.0,4.0,2.0,3.0,3.0,3.0,2.0,2.0,3.0,4.0,4.0,5.0,6.0,6.0,5.0,5.0,4.0,10.0,3.0,5.0,3.0,1.0,2.0,2.0,2.0,3.0,3.0
788070419,1.0,3.0,2.0,3.0,1.0,1.0,1.0,1.0,1.0,1.0,1.0,1.0,1.0,1.0,1.0,1.0,1.0,1.0,2.0,1.0,1.0,1.0,1.0,1.0,1.0,2.0,2.0,2.0,2.0,2.0,2.0,2.0,2.0,2.0,2.0,,3.0,1.0,1.0,2.0,2.0,3.0,1.0,1.0,3.0,4.0,6.0,7.0,6.0,3.0,3.0,3.0,4.0,4.0,1.0,2.0,1.0,1.0,1.0,2.0,2.0,2.0,2.0,2.0,3.0,3.0,3.0,2.0,2.0,3.0,3.0,3.0,3.0,2.0,3.0,3.0,3.0,3.0,3.0,3.0,0.0,0.0,0.0,0.0,0.0,0.0,0.0,0.0,0.0,0.0,0.0,7.0,7.0,7.0,3.0,10.0,2.0,8.0,3.0,3.0,2.0,2.0,3.0,2.0,4.0,7.0,2.0,2.0,0.0,2.0,0.0,2.0,0.0,2.0,2.0,3.0,2.0,2.0,2.0,3.0,3.0,3.0,2.0,3.0,1.0,2.0,2.0,3.0,1.0,2.0,2.0,2.0,2.0,2.0,2.0,2.0,1.0,10.0,10.0,7.0,6.0,4.0,10.0,10.0,1.0,1.0,1.0,1.0,1.0,1.0,1.0,1.0,1.0,2.0,2.0,3.0,8.0,3.0,1.0,1.0,1.0,1.0,1.0,1.0,3.0,1.0,1.0,1.0,1.0,1.0,1.0,1.0,1.0,1.0,3.0,2.0,4.0,4.0,3.0,2.0,3.0,1.0,1.0,5.0,5.0,5.0,5.0,5.0,2.0,2.0,3.0,3.0,2.0,3.0,3.0,3.0,3.0,3.0,3.0,3.0,1.0,1.0,1.0,3.0,3.0,3.0,2.0,1.0,3.0,4.0,1.0,1.0,1.0,3.0,3.0,1.0,2.0,1.0,2.0,10.0,8.0,8.0,10.0,8.0,5.0,10.0,7.0,10.0,10.0,10.0,6.0,7.0,2.0,2.0,1.0,1.0,1.0,2.0,2.0
360070620,1.0,2.0,1.0,3.0,1.0,1.0,2.0,1.0,1.0,1.0,1.0,1.0,2.0,2.0,2.0,2.0,2.0,1.0,2.0,1.0,2.0,1.0,2.0,1.0,1.0,2.0,2.0,3.0,4.0,2.0,2.0,1.0,3.0,2.0,4.0,4.0,4.0,1.0,4.0,4.0,2.0,3.0,1.0,2.0,3.0,3.0,7.0,5.0,2.0,3.0,1.0,3.0,3.0,3.0,1.0,2.0,1.0,3.0,3.0,4.0,3.0,4.0,1.0,1.0,1.0,2.0,1.0,2.0,3.0,1.0,3.0,2.0,1.0,1.0,1.0,2.0,1.0,1.0,2.0,1.0,2.0,1.0,1.0,2.0,0.0,0.0,0.0,0.0,0.0,0.0,,8.0,1.0,1.0,9.0,2.0,1.0,9.0,3.0,2.0,3.0,3.0,2.0,1.0,4.0,9.0,3.0,0.0,0.0,0.0,0.0,0.0,2.0,0.0,0.0,4.0,4.0,2.0,4.0,4.0,4.0,4.0,4.0,4.0,1.0,1.0,2.0,1.0,1.0,2.0,2.0,1.0,1.0,1.0,1.0,2.0,1.0,9.0,10.0,9.0,2.0,9.0,2.0,10.0,1.0,1.0,1.0,1.0,1.0,1.0,2.0,1.0,1.0,1.0,1.0,9.0,3.0,2.0,1.0,8.0,2.0,1.0,1.0,1.0,3.0,1.0,1.0,1.0,1.0,2.0,2.0,1.0,1.0,1.0,1.0,1.0,3.0,4.0,3.0,3.0,5.0,1.0,3.0,5.0,5.0,5.0,5.0,2.0,3.0,1.0,3.0,1.0,3.0,3.0,3.0,3.0,,,,,1.0,1.0,1.0,4.0,3.0,4.0,3.0,2.0,4.0,4.0,1.0,3.0,1.0,4.0,4.0,1.0,1.0,1.0,4.0,2.0,2.0,9.0,10.0,9.0,8.0,10.0,10.0,9.0,9.0,8.0,2.0,2.0,2.0,1.0,1.0,1.0,1.0,3.0,1.0
458070439,1.0,2.0,3.0,2.0,1.0,1.0,1.0,2.0,2.0,1.0,2.0,1.0,2.0,2.0,1.0,2.0,1.0,1.0,2.0,2.0,1.0,1.0,2.0,1.0,1.0,2.0,1.0,2.0,1.0,2.0,2.0,2.0,2.0,1.0,2.0,4.0,2.0,1.0,1.0,2.0,2.0,3.0,1.0,2.0,2.0,3.0,8.0,8.0,5.0,3.0,2.0,2.0,1.0,3.0,3.0,2.0,1.0,2.0,2.0,3.0,2.0,2.0,2.0,2.0,3.0,3.0,3.0,3.0,3.0,3.0,3.0,3.0,3.0,2.0,3.0,3.0,2.0,2.0,2.0,2.0,2.0,2.0,2.0,1.0,2.0,2.0,0.0,2.0,1.0,2.0,0.0,6.0,9.0,9.0,9.0,10.0,1.0,9.0,3.0,3.0,3.0,3.0,2.0,3.0,4.0,5.0,2.0,1.0,0.0,2.0,1.0,1.0,1.0,2.0,2.0,3.0,3.0,2.0,3.0,2.0,2.0,2.0,3.0,2.0,1.0,2.0,2.0,1.0,1.0,1.0,1.0,3.0,3.0,3.0,2.0,2.0,1.0,6.0,7.0,8.0,8.0,4.0,4.0,10.0,1.0,1.0,1.0,1.0,1.0,1.0,1.0,1.0,1.0,2.0,1.0,5.0,4.0,3.0,1.0,2.0,1.0,4.0,1.0,1.0,1.0,1.0,1.0,3.0,3.0,3.0,1.0,1.0,5.0,1.0,3.0,3.0,3.0,2.0,2.0,2.0,4.0,2.0,3.0,1.0,1.0,1.0,1.0,2.0,1.0,1.0,1.0,2.0,1.0,1.0,1.0,1.0,1.0,1.0,1.0,2.0,1.0,1.0,3.0,2.0,1.0,2.0,3.0,3.0,2.0,2.0,3.0,2.0,1.0,4.0,4.0,2.0,4.0,1.0,4.0,3.0,2.0,3.0,3.0,3.0,8.0,2.0,2.0,4.0,2.0,10.0,3.0,2.0,2.0,1.0,2.0,2.0,1.0,3.0,2.0
484071194,1.0,1.0,2.0,3.0,1.0,2.0,1.0,1.0,2.0,1.0,2.0,1.0,2.0,2.0,2.0,1.0,2.0,1.0,2.0,2.0,2.0,2.0,2.0,1.0,2.0,2.0,2.0,3.0,4.0,4.0,4.0,4.0,4.0,2.0,2.0,2.0,4.0,4.0,2.0,2.0,2.0,1.0,1.0,1.0,1.0,2.0,7.0,8.0,6.0,4.0,3.0,4.0,4.0,4.0,1.0,2.0,1.0,4.0,3.0,3.0,2.0,3.0,2.0,2.0,4.0,4.0,4.0,2.0,3.0,4.0,4.0,4.0,4.0,2.0,3.0,3.0,3.0,2.0,1.0,2.0,0.0,0.0,0.0,0.0,0.0,0.0,0.0,0.0,0.0,0.0,0.0,6.0,5.0,5.0,5.0,5.0,1.0,10.0,3.0,3.0,3.0,3.0,3.0,3.0,2.0,4.0,3.0,0.0,1.0,2.0,2.0,2.0,1.0,2.0,2.0,3.0,2.0,3.0,1.0,3.0,4.0,4.0,3.0,3.0,1.0,2.0,2.0,1.0,1.0,2.0,2.0,4.0,3.0,2.0,1.0,1.0,1.0,5.0,7.0,8.0,8.0,1.0,9.0,9.0,1.0,2.0,2.0,2.0,3.0,3.0,7.0,2.0,2.0,2.0,2.0,10.0,2.0,1.0,1.0,1.0,1.0,5.0,7.0,5.0,5.0,5.0,1.0,5.0,1.0,1.0,1.0,1.0,5.0,1.0,6.0,2.0,3.0,2.0,3.0,2.0,1.0,3.0,2.0,1.0,5.0,1.0,3.0,1.0,3.0,3.0,2.0,2.0,3.0,2.0,3.0,3.0,3.0,3.0,3.0,3.0,1.0,1.0,2.0,4.0,1.0,,2.0,2.0,,4.0,1.0,3.0,1.0,2.0,3.0,3.0,3.0,1.0,3.0,5.0,8.0,1.0,9.0,9.0,7.0,10.0,9.0,7.0,10.0,10.0,1.0,1.0,3.0,1.0,1.0,1.0,1.0,1.0,3.0
203070267,1.0,1.0,1.0,3.0,2.0,2.0,1.0,2.0,2.0,2.0,2.0,2.0,1.0,1.0,1.0,2.0,2.0,2.0,2.0,1.0,2.0,2.0,2.0,1.0,2.0,2.0,2.0,3.0,3.0,4.0,3.0,2.0,,2.0,3.0,3.0,3.0,2.0,3.0,3.0,,2.0,2.0,1.0,2.0,3.0,6.0,6.0,5.0,4.0,4.0,4.0,4.0,4.0,2.0,2.0,1.0,2.0,1.0,2.0,3.0,3.0,3.0,3.0,3.0,3.0,4.0,3.0,3.0,4.0,3.0,4.0,3.0,3.0,3.0,3.0,3.0,3.0,3.0,3.0,0.0,0.0,0.0,0.0,0.0,0.0,0.0,0.0,0.0,0.0,0.0,5.0,5.0,5.0,6.0,5.0,2.0,5.0,3.0,3.0,2.0,4.0,2.0,2.0,4.0,5.0,3.0,1.0,1.0,1.0,1.0,,1.0,1.0,1.0,2.0,2.0,,2.0,3.0,3.0,3.0,3.0,3.0,2.0,2.0,2.0,3.0,3.0,2.0,2.0,3.0,2.0,2.0,2.0,2.0,2.0,5.0,4.0,4.0,6.0,5.0,5.0,6.0,2.0,1.0,,2.0,3.0,3.0,6.0,7.0,,2.0,1.0,6.0,5.0,6.0,6.0,4.0,4.0,4.0,5.0,4.0,4.0,5.0,6.0,5.0,6.0,6.0,6.0,6.0,4.0,6.0,5.0,,4.0,,2.0,2.0,1.0,1.0,1.0,1.0,1.0,1.0,1.0,1.0,,2.0,,2.0,,,,,,,,,2.0,2.0,3.0,2.0,2.0,2.0,3.0,2.0,3.0,2.0,2.0,3.0,2.0,4.0,3.0,3.0,3.0,3.0,3.0,6.0,5.0,4.0,6.0,6.0,5.0,5.0,7.0,4.0,4.0,6.0,5.0,5.0,3.0,3.0,2.0,3.0,2.0,2.0,4.0
566070174,1.0,1.0,1.0,3.0,1.0,1.0,1.0,2.0,2.0,2.0,2.0,1.0,2.0,1.0,1.0,1.0,2.0,1.0,2.0,1.0,2.0,2.0,1.0,1.0,2.0,1.0,1.0,2.0,3.0,3.0,2.0,3.0,4.0,2.0,2.0,5.0,1.0,1.0,1.0,2.0,1.0,3.0,1.0,1.0,3.0,1.0,10.0,5.0,1.0,2.0,2.0,2.0,1.0,4.0,2.0,2.0,1.0,3.0,3.0,4.0,4.0,3.0,3.0,4.0,2.0,3.0,,4.0,2.0,3.0,3.0,2.0,3.0,2.0,3.0,3.0,3.0,3.0,3.0,2.0,2.0,0.0,2.0,0.0,0.0,0.0,2.0,0.0,2.0,2.0,2.0,10.0,10.0,5.0,5.0,10.0,1.0,10.0,3.0,2.0,3.0,3.0,3.0,3.0,1.0,10.0,5.0,2.0,2.0,0.0,1.0,0.0,2.0,0.0,0.0,2.0,3.0,3.0,3.0,1.0,4.0,1.0,3.0,2.0,1.0,1.0,2.0,1.0,1.0,2.0,2.0,1.0,1.0,1.0,1.0,2.0,2.0,10.0,9.0,5.0,8.0,1.0,10.0,10.0,1.0,1.0,2.0,1.0,1.0,3.0,2.0,1.0,1.0,2.0,1.0,1.0,1.0,1.0,1.0,1.0,1.0,1.0,1.0,1.0,5.0,2.0,1.0,1.0,1.0,5.0,1.0,1.0,1.0,1.0,1.0,1.0,4.0,1.0,1.0,2.0,4.0,1.0,1.0,1.0,5.0,1.0,1.0,1.0,2.0,3.0,2.0,2.0,3.0,2.0,3.0,1.0,3.0,3.0,2.0,3.0,1.0,1.0,2.0,3.0,1.0,1.0,2.0,3.0,1.0,3.0,2.0,2.0,1.0,5.0,1.0,1.0,4.0,1.0,1.0,1.0,1.0,1.0,10.0,10.0,10.0,10.0,1.0,10.0,10.0,10.0,1.0,1.0,4.0,3.0,1.0,1.0,1.0,1.0,1.0
36070579,1.0,2.0,2.0,1.0,1.0,1.0,1.0,2.0,2.0,1.0,1.0,2.0,2.0,2.0,1.0,1.0,2.0,1.0,2.0,2.0,2.0,2.0,2.0,1.0,2.0,2.0,2.0,2.0,3.0,4.0,4.0,1.0,5.0,4.0,4.0,3.0,2.0,1.0,2.0,2.0,3.0,1.0,1.0,1.0,1.0,1.0,1.0,3.0,2.0,2.0,3.0,3.0,3.0,3.0,2.0,2.0,1.0,3.0,3.0,3.0,3.0,3.0,1.0,2.0,2.0,3.0,2.0,2.0,2.0,2.0,2.0,2.0,3.0,2.0,3.0,3.0,2.0,3.0,2.0,2.0,2.0,1.0,2.0,1.0,1.0,1.0,1.0,1.0,1.0,1.0,1.0,1.0,4.0,4.0,5.0,5.0,1.0,4.0,2.0,2.0,2.0,2.0,2.0,2.0,2.0,2.0,2.0,2.0,2.0,2.0,2.0,2.0,2.0,2.0,2.0,3.0,2.0,2.0,2.0,2.0,2.0,2.0,2.0,2.0,2.0,1.0,2.0,2.0,2.0,2.0,2.0,2.0,2.0,2.0,1.0,1.0,,1.0,1.0,2.0,1.0,1.0,2.0,3.0,1.0,1.0,1.0,1.0,2.0,2.0,2.0,1.0,1.0,1.0,1.0,3.0,2.0,3.0,2.0,2.0,3.0,2.0,3.0,2.0,2.0,2.0,2.0,2.0,3.0,2.0,3.0,2.0,3.0,2.0,2.0,2.0,2.0,2.0,2.0,1.0,2.0,2.0,2.0,1.0,1.0,1.0,,3.0,1.0,1.0,1.0,1.0,1.0,1.0,1.0,1.0,1.0,1.0,1.0,1.0,3.0,2.0,2.0,2.0,3.0,3.0,2.0,3.0,2.0,2.0,2.0,2.0,3.0,3.0,2.0,2.0,2.0,2.0,2.0,4.0,5.0,5.0,4.0,4.0,5.0,6.0,4.0,5.0,5.0,6.0,6.0,6.0,3.0,3.0,2.0,2.0,3.0,3.0,2.0
862070148,1.0,3.0,2.0,4.0,1.0,2.0,1.0,1.0,2.0,2.0,2.0,1.0,2.0,2.0,1.0,2.0,1.0,1.0,2.0,2.0,2.0,2.0,2.0,1.0,2.0,1.0,2.0,2.0,2.0,2.0,2.0,2.0,2.0,2.0,2.0,4.0,2.0,1.0,2.0,2.0,2.0,3.0,1.0,1.0,2.0,2.0,8.0,7.0,5.0,3.0,4.0,2.0,4.0,4.0,2.0,2.0,2.0,3.0,4.0,4.0,4.0,4.0,2.0,3.0,3.0,3.0,3.0,3.0,3.0,3.0,3.0,3.0,3.0,3.0,3.0,3.0,3.0,3.0,3.0,3.0,0.0,0.0,0.0,0.0,0.0,0.0,0.0,0.0,0.0,0.0,0.0,9.0,1.0,3.0,1.0,1.0,1.0,9.0,3.0,3.0,3.0,3.0,3.0,3.0,4.0,3.0,3.0,0.0,2.0,1.0,0.0,2.0,1.0,0.0,0.0,2.0,2.0,3.0,2.0,4.0,4.0,4.0,4.0,4.0,2.0,2.0,2.0,2.0,2.0,2.0,2.0,2.0,2.0,2.0,1.0,1.0,1.0,,,,,,,10.0,1.0,1.0,1.0,1.0,4.0,4.0,7.0,2.0,2.0,2.0,2.0,6.0,8.0,3.0,3.0,1.0,3.0,3.0,5.0,5.0,5.0,5.0,3.0,5.0,5.0,5.0,5.0,5.0,5.0,5.0,5.0,4.0,4.0,4.0,4.0,3.0,5.0,1.0,1.0,1.0,1.0,1.0,1.0,2.0,3.0,3.0,1.0,1.0,2.0,2.0,2.0,2.0,3.0,3.0,3.0,3.0,2.0,2.0,3.0,3.0,2.0,1.0,3.0,2.0,3.0,3.0,2.0,3.0,3.0,3.0,2.0,1.0,2.0,1.0,3.0,3.0,2.0,8.0,7.0,9.0,7.0,7.0,8.0,7.0,6.0,9.0,2.0,2.0,3.0,2.0,1.0,1.0,1.0,2.0,2.0
36071589,2.0,1.0,1.0,3.0,4.0,4.0,1.0,2.0,1.0,1.0,2.0,2.0,2.0,1.0,2.0,1.0,2.0,1.0,2.0,2.0,2.0,2.0,2.0,1.0,2.0,2.0,2.0,3.0,4.0,4.0,4.0,2.0,4.0,4.0,3.0,2.0,4.0,4.0,4.0,4.0,4.0,2.0,2.0,1.0,2.0,2.0,9.0,8.0,7.0,4.0,4.0,4.0,4.0,4.0,1.0,1.0,1.0,2.0,1.0,3.0,2.0,2.0,3.0,3.0,4.0,3.0,3.0,2.0,3.0,4.0,4.0,4.0,4.0,2.0,2.0,3.0,3.0,2.0,2.0,2.0,0.0,1.0,0.0,1.0,0.0,0.0,0.0,1.0,0.0,0.0,0.0,4.0,7.0,8.0,4.0,7.0,1.0,8.0,2.0,2.0,2.0,2.0,2.0,2.0,5.0,3.0,2.0,0.0,2.0,1.0,2.0,1.0,2.0,1.0,1.0,3.0,2.0,4.0,4.0,4.0,4.0,4.0,4.0,4.0,1.0,1.0,2.0,4.0,4.0,2.0,2.0,3.0,3.0,4.0,1.0,1.0,2.0,6.0,7.0,4.0,9.0,7.0,6.0,1.0,2.0,2.0,2.0,2.0,4.0,4.0,7.0,8.0,2.0,1.0,1.0,4.0,2.0,5.0,1.0,2.0,1.0,10.0,8.0,8.0,8.0,10.0,8.0,8.0,1.0,2.0,1.0,1.0,8.0,1.0,7.0,2.0,3.0,3.0,3.0,2.0,5.0,1.0,1.0,1.0,1.0,1.0,,1.0,1.0,1.0,2.0,1.0,1.0,2.0,1.0,1.0,2.0,2.0,2.0,3.0,1.0,1.0,1.0,4.0,3.0,4.0,3.0,1.0,3.0,4.0,1.0,2.0,1.0,4.0,4.0,2.0,4.0,1.0,4.0,4.0,8.0,1.0,10.0,9.0,1.0,10.0,1.0,1.0,10.0,10.0,10.0,3.0,2.0,2.0,2.0,2.0,2.0,3.0,3.0
32070707,1.0,1.0,2.0,2.0,1.0,2.0,1.0,2.0,1.0,2.0,2.0,1.0,2.0,2.0,2.0,1.0,1.0,1.0,2.0,2.0,2.0,2.0,2.0,2.0,2.0,2.0,1.0,3.0,4.0,4.0,4.0,1.0,4.0,2.0,4.0,,,3.0,2.0,2.0,2.0,3.0,1.0,1.0,1.0,4.0,8.0,10.0,8.0,3.0,4.0,4.0,3.0,4.0,3.0,2.0,1.0,2.0,2.0,3.0,3.0,3.0,2.0,3.0,4.0,3.0,3.0,3.0,4.0,2.0,4.0,3.0,3.0,1.0,4.0,3.0,3.0,1.0,2.0,1.0,2.0,0.0,0.0,0.0,0.0,0.0,0.0,0.0,0.0,0.0,0.0,7.0,7.0,8.0,1.0,1.0,1.0,8.0,4.0,4.0,4.0,4.0,4.0,1.0,2.0,9.0,3.0,1.0,0.0,0.0,,0.0,2.0,0.0,0.0,2.0,1.0,4.0,4.0,4.0,4.0,4.0,4.0,4.0,1.0,1.0,2.0,4.0,4.0,1.0,2.0,2.0,2.0,2.0,1.0,1.0,1.0,7.0,9.0,9.0,7.0,9.0,8.0,8.0,1.0,1.0,1.0,1.0,3.0,3.0,2.0,1.0,1.0,1.0,2.0,5.0,1.0,1.0,1.0,1.0,1.0,5.0,5.0,5.0,9.0,7.0,1.0,1.0,1.0,1.0,1.0,1.0,,1.0,1.0,4.0,4.0,4.0,1.0,2.0,5.0,1.0,2.0,1.0,5.0,5.0,,2.0,2.0,3.0,2.0,2.0,2.0,1.0,2.0,2.0,2.0,3.0,3.0,2.0,2.0,1.0,3.0,4.0,2.0,2.0,,4.0,,4.0,1.0,1.0,1.0,,2.0,4.0,4.0,1.0,4.0,7.0,4.0,5.0,10.0,2.0,2.0,1.0,1.0,4.0,4.0,10.0,10.0,10.0,4.0,1.0,1.0,1.0,1.0,1.0,1.0
32070521,1.0,1.0,2.0,4.0,2.0,3.0,1.0,2.0,1.0,1.0,1.0,2.0,2.0,2.0,2.0,1.0,2.0,1.0,2.0,2.0,2.0,2.0,2.0,2.0,2.0,2.0,1.0,2.0,4.0,4.0,4.0,4.0,4.0,2.0,3.0,2.0,2.0,2.0,2.0,2.0,2.0,1.0,1.0,1.0,2.0,2.0,8.0,9.0,9.0,4.0,4.0,4.0,4.0,4.0,2.0,1.0,1.0,2.0,2.0,3.0,2.0,2.0,2.0,3.0,2.0,2.0,3.0,4.0,3.0,2.0,2.0,3.0,3.0,1.0,3.0,1.0,2.0,3.0,3.0,2.0,0.0,0.0,0.0,0.0,0.0,0.0,0.0,0.0,0.0,0.0,0.0,7.0,4.0,8.0,2.0,9.0,1.0,7.0,2.0,3.0,2.0,3.0,3.0,1.0,2.0,8.0,4.0,2.0,2.0,1.0,2.0,2.0,2.0,2.0,2.0,3.0,2.0,3.0,4.0,4.0,3.0,4.0,4.0,4.0,1.0,1.0,2.0,3.0,3.0,2.0,2.0,4.0,4.0,3.0,1.0,2.0,2.0,8.0,10.0,9.0,9.0,8.0,8.0,8.0,1.0,1.0,1.0,1.0,4.0,2.0,4.0,3.0,1.0,2.0,2.0,7.0,1.0,2.0,1.0,1.0,1.0,2.0,1.0,1.0,5.0,7.0,1.0,1.0,1.0,1.0,1.0,1.0,1.0,1.0,1.0,4.0,4.0,4.0,3.0,2.0,5.0,1.0,3.0,5.0,5.0,3.0,5.0,2.0,2.0,2.0,2.0,2.0,2.0,1.0,2.0,2.0,2.0,3.0,2.0,2.0,1.0,1.0,1.0,3.0,2.0,4.0,2.0,2.0,4.0,3.0,1.0,1.0,3.0,3.0,2.0,1.0,4.0,3.0,2.0,8.0,7.0,5.0,9.0,8.0,1.0,8.0,9.0,8.0,9.0,7.0,7.0,9.0,2.0,2.0,1.0,1.0,1.0,1.0,1.0
608070923,1.0,2.0,3.0,2.0,1.0,1.0,1.0,1.0,2.0,1.0,2.0,1.0,2.0,2.0,1.0,2.0,2.0,1.0,1.0,2.0,2.0,1.0,1.0,2.0,1.0,2.0,1.0,2.0,3.0,3.0,3.0,2.0,1.0,4.0,4.0,1.0,1.0,1.0,4.0,1.0,4.0,1.0,1.0,2.0,1.0,3.0,7.0,9.0,8.0,4.0,4.0,3.0,3.0,4.0,2.0,2.0,1.0,2.0,3.0,3.0,3.0,3.0,2.0,2.0,3.0,3.0,2.0,2.0,2.0,2.0,3.0,3.0,2.0,3.0,3.0,3.0,2.0,3.0,2.0,2.0,2.0,1.0,0.0,2.0,0.0,0.0,1.0,1.0,2.0,0.0,0.0,9.0,9.0,10.0,4.0,7.0,2.0,8.0,2.0,2.0,2.0,2.0,2.0,2.0,4.0,7.0,4.0,2.0,2.0,0.0,0.0,0.0,2.0,2.0,2.0,3.0,2.0,3.0,3.0,3.0,3.0,3.0,3.0,3.0,2.0,2.0,2.0,3.0,1.0,2.0,2.0,1.0,1.0,1.0,1.0,1.0,1.0,7.0,7.0,3.0,2.0,8.0,8.0,10.0,1.0,1.0,2.0,1.0,3.0,3.0,3.0,1.0,1.0,2.0,2.0,5.0,7.0,3.0,3.0,4.0,7.0,7.0,2.0,1.0,1.0,10.0,1.0,1.0,1.0,1.0,1.0,6.0,6.0,1.0,7.0,1.0,3.0,3.0,2.0,2.0,1.0,1.0,5.0,1.0,4.0,1.0,1.0,1.0,1.0,3.0,1.0,3.0,3.0,1.0,1.0,1.0,1.0,3.0,1.0,3.0,1.0,1.0,1.0,2.0,2.0,1.0,3.0,3.0,1.0,2.0,3.0,1.0,1.0,1.0,2.0,1.0,1.0,1.0,2.0,9.0,7.0,1.0,9.0,9.0,1.0,9.0,9.0,9.0,10.0,10.0,8.0,9.0,2.0,1.0,1.0,1.0,1.0,2.0,1.0
630070689,1.0,3.0,1.0,3.0,2.0,1.0,1.0,2.0,2.0,1.0,2.0,2.0,2.0,2.0,1.0,1.0,1.0,2.0,2.0,2.0,2.0,2.0,2.0,2.0,2.0,2.0,1.0,4.0,4.0,4.0,4.0,1.0,5.0,5.0,5.0,1.0,1.0,1.0,1.0,1.0,1.0,3.0,1.0,1.0,2.0,3.0,7.0,10.0,4.0,4.0,4.0,4.0,1.0,4.0,3.0,2.0,1.0,4.0,2.0,4.0,1.0,1.0,2.0,3.0,4.0,4.0,2.0,2.0,2.0,4.0,4.0,4.0,1.0,1.0,2.0,1.0,1.0,1.0,1.0,1.0,2.0,0.0,0.0,0.0,0.0,0.0,0.0,2.0,0.0,2.0,2.0,9.0,9.0,2.0,1.0,1.0,1.0,10.0,3.0,2.0,3.0,2.0,2.0,3.0,4.0,10.0,5.0,0.0,0.0,2.0,0.0,0.0,2.0,2.0,2.0,2.0,2.0,4.0,4.0,4.0,4.0,4.0,4.0,4.0,2.0,2.0,2.0,4.0,4.0,2.0,2.0,1.0,1.0,1.0,2.0,2.0,1.0,2.0,9.0,10.0,10.0,1.0,10.0,10.0,1.0,2.0,1.0,1.0,1.0,4.0,1.0,1.0,1.0,2.0,2.0,1.0,1.0,1.0,1.0,1.0,1.0,10.0,10.0,1.0,1.0,10.0,1.0,1.0,1.0,10.0,1.0,1.0,10.0,1.0,1.0,1.0,4.0,4.0,3.0,2.0,4.0,1.0,5.0,5.0,5.0,5.0,5.0,3.0,3.0,3.0,3.0,3.0,1.0,1.0,1.0,1.0,,,,,1.0,3.0,1.0,4.0,2.0,1.0,1.0,1.0,1.0,3.0,1.0,1.0,2.0,,4.0,1.0,4.0,1.0,4.0,8.0,8.0,6.0,10.0,10.0,8.0,10.0,2.0,10.0,10.0,10.0,1.0,1.0,4.0,1.0,1.0,1.0,1.0,1.0,1.0
702070028,1.0,2.0,2.0,2.0,2.0,1.0,1.0,1.0,1.0,1.0,2.0,2.0,1.0,2.0,2.0,2.0,2.0,1.0,2.0,2.0,2.0,1.0,2.0,1.0,2.0,2.0,2.0,3.0,3.0,3.0,3.0,3.0,4.0,4.0,2.0,3.0,2.0,2.0,2.0,2.0,3.0,1.0,1.0,1.0,1.0,2.0,7.0,6.0,4.0,4.0,4.0,4.0,4.0,4.0,1.0,2.0,1.0,2.0,2.0,2.0,2.0,2.0,1.0,1.0,2.0,2.0,1.0,1.0,1.0,1.0,1.0,1.0,1.0,1.0,1.0,1.0,1.0,1.0,3.0,1.0,1.0,0.0,0.0,0.0,0.0,0.0,0.0,0.0,0.0,0.0,0.0,7.0,3.0,2.0,3.0,5.0,2.0,1.0,2.0,1.0,,1.0,1.0,1.0,2.0,9.0,4.0,2.0,2.0,0.0,0.0,0.0,2.0,2.0,0.0,2.0,2.0,4.0,4.0,4.0,4.0,4.0,4.0,4.0,2.0,2.0,,1.0,2.0,2.0,2.0,3.0,3.0,3.0,2.0,1.0,1.0,10.0,10.0,2.0,8.0,10.0,7.0,10.0,1.0,1.0,1.0,1.0,2.0,,3.0,3.0,2.0,1.0,1.0,3.0,1.0,1.0,1.0,1.0,1.0,1.0,1.0,1.0,5.0,5.0,1.0,1.0,1.0,7.0,1.0,1.0,1.0,1.0,5.0,2.0,4.0,3.0,3.0,3.0,5.0,2.0,1.0,1.0,2.0,1.0,1.0,1.0,3.0,3.0,3.0,3.0,3.0,3.0,3.0,3.0,3.0,3.0,3.0,3.0,,3.0,2.0,3.0,3.0,4.0,1.0,1.0,4.0,4.0,1.0,1.0,1.0,2.0,3.0,3.0,4.0,1.0,3.0,8.0,1.0,10.0,10.0,1.0,10.0,5.0,1.0,5.0,10.0,10.0,9.0,8.0,2.0,1.0,,,3.0,3.0,3.0
716071021,1.0,2.0,2.0,1.0,1.0,1.0,1.0,2.0,1.0,1.0,2.0,1.0,2.0,1.0,2.0,2.0,2.0,1.0,2.0,2.0,2.0,1.0,2.0,2.0,2.0,2.0,1.0,3.0,3.0,2.0,2.0,3.0,4.0,1.0,2.0,4.0,2.0,1.0,4.0,1.0,2.0,3.0,1.0,1.0,4.0,4.0,5.0,1.0,1.0,4.0,3.0,1.0,3.0,4.0,1.0,2.0,1.0,2.0,2.0,4.0,2.0,4.0,2.0,3.0,3.0,3.0,4.0,3.0,3.0,3.0,4.0,3.0,1.0,3.0,4.0,4.0,3.0,3.0,2.0,1.0,1.0,1.0,0.0,0.0,0.0,0.0,0.0,0.0,0.0,0.0,0.0,5.0,4.0,5.0,10.0,5.0,1.0,10.0,4.0,3.0,3.0,4.0,1.0,4.0,1.0,10.0,4.0,0.0,1.0,2.0,2.0,2.0,1.0,2.0,0.0,2.0,2.0,2.0,2.0,3.0,4.0,1.0,3.0,2.0,2.0,1.0,2.0,2.0,2.0,2.0,2.0,2.0,1.0,1.0,1.0,2.0,1.0,10.0,10.0,1.0,10.0,1.0,10.0,10.0,1.0,2.0,2.0,1.0,1.0,3.0,3.0,1.0,1.0,2.0,1.0,10.0,4.0,4.0,1.0,3.0,4.0,1.0,1.0,1.0,4.0,5.0,5.0,1.0,1.0,2.0,1.0,1.0,1.0,1.0,1.0,4.0,1.0,4.0,4.0,3.0,2.0,5.0,2.0,1.0,2.0,4.0,4.0,4.0,3.0,2.0,2.0,3.0,2.0,2.0,3.0,2.0,3.0,3.0,3.0,3.0,3.0,3.0,4.0,2.0,1.0,1.0,3.0,3.0,1.0,4.0,4.0,1.0,1.0,5.0,1.0,1.0,1.0,1.0,2.0,1.0,10.0,1.0,10.0,10.0,10.0,10.0,4.0,4.0,10.0,10.0,1.0,1.0,4.0,1.0,2.0,1.0,1.0,2.0,1.0
792070124,1.0,2.0,1.0,3.0,1.0,1.0,1.0,2.0,1.0,1.0,2.0,1.0,2.0,2.0,2.0,2.0,2.0,1.0,2.0,1.0,2.0,1.0,2.0,1.0,1.0,2.0,1.0,3.0,3.0,3.0,3.0,2.0,2.0,2.0,2.0,5.0,5.0,1.0,2.0,2.0,2.0,3.0,1.0,,2.0,2.0,8.0,8.0,7.0,4.0,4.0,4.0,2.0,3.0,2.0,2.0,1.0,2.0,2.0,4.0,3.0,2.0,2.0,1.0,1.0,1.0,1.0,1.0,1.0,1.0,1.0,1.0,1.0,3.0,1.0,1.0,1.0,1.0,1.0,1.0,0.0,0.0,0.0,0.0,0.0,0.0,0.0,0.0,0.0,0.0,0.0,8.0,5.0,8.0,9.0,2.0,1.0,10.0,4.0,4.0,3.0,3.0,3.0,1.0,4.0,9.0,1.0,0.0,0.0,2.0,1.0,2.0,2.0,2.0,2.0,3.0,3.0,2.0,2.0,3.0,4.0,2.0,2.0,3.0,1.0,1.0,1.0,2.0,,2.0,2.0,1.0,1.0,2.0,2.0,1.0,1.0,9.0,8.0,5.0,6.0,6.0,8.0,10.0,1.0,1.0,1.0,1.0,2.0,1.0,5.0,1.0,1.0,,,9.0,1.0,1.0,1.0,1.0,1.0,1.0,1.0,5.0,8.0,4.0,1.0,3.0,1.0,1.0,1.0,,1.0,,1.0,4.0,4.0,4.0,3.0,2.0,1.0,1.0,4.0,1.0,2.0,2.0,2.0,2.0,3.0,3.0,3.0,3.0,3.0,3.0,3.0,3.0,3.0,3.0,3.0,3.0,1.0,1.0,4.0,2.0,2.0,1.0,4.0,4.0,4.0,2.0,1.0,3.0,1.0,,2.0,2.0,,2.0,4.0,4.0,1.0,1.0,9.0,9.0,,9.0,7.0,9.0,9.0,10.0,3.0,9.0,2.0,1.0,2.0,1.0,2.0,2.0,2.0
703070110,1.0,1.0,2.0,3.0,1.0,4.0,1.0,2.0,1.0,1.0,2.0,2.0,1.0,2.0,2.0,2.0,1.0,1.0,2.0,2.0,2.0,1.0,2.0,2.0,2.0,2.0,2.0,3.0,3.0,1.0,3.0,2.0,4.0,2.0,3.0,3.0,2.0,1.0,2.0,3.0,2.0,1.0,1.0,2.0,1.0,2.0,9.0,8.0,7.0,4.0,4.0,4.0,4.0,4.0,1.0,2.0,1.0,2.0,2.0,3.0,3.0,3.0,3.0,3.0,3.0,3.0,2.0,3.0,3.0,4.0,4.0,4.0,2.0,2.0,3.0,3.0,2.0,3.0,2.0,2.0,0.0,0.0,0.0,2.0,0.0,0.0,0.0,0.0,0.0,0.0,0.0,8.0,6.0,4.0,5.0,6.0,1.0,6.0,3.0,2.0,2.0,2.0,2.0,1.0,1.0,6.0,1.0,2.0,0.0,2.0,0.0,2.0,2.0,2.0,2.0,4.0,1.0,4.0,4.0,4.0,4.0,4.0,4.0,4.0,1.0,1.0,1.0,3.0,4.0,2.0,2.0,1.0,1.0,1.0,1.0,2.0,2.0,10.0,10.0,5.0,7.0,6.0,8.0,3.0,2.0,2.0,2.0,2.0,3.0,3.0,6.0,5.0,2.0,2.0,2.0,4.0,1.0,1.0,1.0,1.0,1.0,4.0,1.0,6.0,6.0,6.0,1.0,1.0,1.0,1.0,1.0,1.0,8.0,1.0,1.0,4.0,3.0,4.0,3.0,2.0,4.0,1.0,3.0,1.0,3.0,1.0,2.0,2.0,1.0,3.0,3.0,3.0,3.0,3.0,3.0,3.0,3.0,3.0,3.0,3.0,1.0,2.0,2.0,3.0,2.0,3.0,3.0,2.0,3.0,2.0,2.0,3.0,1.0,3.0,3.0,2.0,3.0,2.0,3.0,5.0,5.0,1.0,8.0,10.0,8.0,7.0,1.0,4.0,6.0,6.0,5.0,7.0,2.0,1.0,1.0,1.0,1.0,2.0,3.0
170075227,1.0,4.0,4.0,4.0,1.0,1.0,1.0,2.0,2.0,1.0,2.0,1.0,1.0,1.0,2.0,2.0,2.0,2.0,2.0,2.0,2.0,2.0,1.0,2.0,2.0,2.0,2.0,2.0,3.0,3.0,4.0,3.0,4.0,2.0,3.0,4.0,2.0,2.0,2.0,2.0,2.0,1.0,1.0,1.0,1.0,2.0,9.0,10.0,10.0,4.0,4.0,4.0,3.0,4.0,1.0,2.0,3.0,3.0,3.0,3.0,3.0,3.0,1.0,3.0,3.0,3.0,3.0,3.0,3.0,3.0,3.0,3.0,3.0,1.0,3.0,2.0,2.0,2.0,2.0,3.0,0.0,0.0,0.0,0.0,0.0,0.0,0.0,0.0,0.0,0.0,2.0,10.0,10.0,1.0,1.0,1.0,1.0,10.0,2.0,2.0,2.0,2.0,2.0,2.0,2.0,10.0,3.0,2.0,2.0,1.0,1.0,2.0,2.0,1.0,2.0,2.0,1.0,3.0,4.0,1.0,4.0,4.0,4.0,4.0,2.0,2.0,1.0,3.0,2.0,2.0,2.0,1.0,1.0,1.0,2.0,2.0,1.0,10.0,10.0,10.0,10.0,10.0,10.0,10.0,1.0,1.0,2.0,1.0,2.0,2.0,3.0,2.0,1.0,2.0,2.0,1.0,1.0,10.0,1.0,1.0,1.0,1.0,1.0,1.0,1.0,10.0,1.0,1.0,1.0,1.0,1.0,1.0,1.0,1.0,1.0,4.0,4.0,4.0,4.0,3.0,3.0,1.0,5.0,1.0,5.0,5.0,5.0,5.0,3.0,3.0,3.0,3.0,3.0,1.0,3.0,1.0,3.0,3.0,1.0,1.0,1.0,1.0,4.0,3.0,2.0,1.0,2.0,2.0,3.0,3.0,2.0,3.0,4.0,4.0,4.0,1.0,2.0,4.0,3.0,5.0,4.0,4.0,6.0,6.0,6.0,7.0,6.0,7.0,6.0,1.0,8.0,6.0,3.0,1.0,1.0,1.0,1.0,2.0,2.0
364071492,1.0,1.0,2.0,1.0,1.0,1.0,1.0,2.0,1.0,2.0,2.0,1.0,2.0,1.0,2.0,1.0,2.0,1.0,2.0,1.0,2.0,,2.0,1.0,1.0,2.0,2.0,1.0,3.0,3.0,2.0,2.0,2.0,4.0,4.0,,4.0,4.0,2.0,4.0,4.0,3.0,1.0,1.0,1.0,2.0,5.0,8.0,5.0,2.0,4.0,4.0,1.0,4.0,2.0,2.0,1.0,3.0,2.0,2.0,2.0,2.0,2.0,1.0,2.0,2.0,1.0,1.0,2.0,2.0,1.0,2.0,2.0,2.0,2.0,3.0,2.0,2.0,2.0,1.0,0.0,0.0,0.0,0.0,0.0,0.0,0.0,0.0,0.0,0.0,0.0,10.0,1.0,1.0,1.0,10.0,1.0,6.0,3.0,4.0,2.0,2.0,2.0,3.0,4.0,10.0,5.0,2.0,0.0,1.0,0.0,0.0,0.0,0.0,0.0,1.0,2.0,3.0,3.0,4.0,4.0,2.0,3.0,3.0,1.0,2.0,2.0,1.0,3.0,2.0,2.0,3.0,2.0,3.0,2.0,2.0,1.0,10.0,10.0,5.0,1.0,1.0,10.0,10.0,1.0,1.0,1.0,1.0,2.0,2.0,7.0,8.0,1.0,1.0,1.0,1.0,3.0,4.0,1.0,3.0,1.0,10.0,,5.0,4.0,3.0,1.0,1.0,1.0,1.0,1.0,1.0,,1.0,4.0,2.0,2.0,2.0,1.0,3.0,5.0,1.0,3.0,1.0,5.0,5.0,5.0,2.0,2.0,3.0,3.0,3.0,2.0,2.0,3.0,2.0,3.0,3.0,3.0,3.0,2.0,2.0,3.0,2.0,2.0,2.0,4.0,1.0,3.0,2.0,2.0,2.0,1.0,2.0,1.0,1.0,3.0,1.0,1.0,,10.0,10.0,7.0,10.0,10.0,8.0,10.0,10.0,10.0,10.0,10.0,7.0,2.0,1.0,1.0,1.0,1.0,2.0,1.0
792071935,4.0,4.0,4.0,4.0,4.0,4.0,1.0,1.0,1.0,1.0,1.0,2.0,2.0,2.0,2.0,2.0,2.0,1.0,1.0,1.0,1.0,1.0,1.0,1.0,1.0,1.0,1.0,3.0,1.0,2.0,1.0,2.0,2.0,2.0,2.0,2.0,2.0,2.0,5.0,5.0,4.0,1.0,1.0,3.0,2.0,2.0,1.0,2.0,1.0,4.0,4.0,4.0,4.0,4.0,1.0,2.0,2.0,2.0,2.0,2.0,2.0,2.0,2.0,2.0,2.0,2.0,2.0,2.0,2.0,2.0,2.0,2.0,2.0,2.0,2.0,2.0,2.0,2.0,2.0,2.0,0.0,0.0,0.0,0.0,0.0,0.0,0.0,0.0,0.0,0.0,0.0,1.0,10.0,1.0,10.0,10.0,2.0,7.0,3.0,3.0,3.0,2.0,2.0,3.0,5.0,10.0,4.0,2.0,2.0,2.0,2.0,2.0,2.0,2.0,2.0,3.0,2.0,4.0,4.0,4.0,4.0,3.0,4.0,4.0,2.0,2.0,2.0,2.0,1.0,2.0,2.0,3.0,1.0,1.0,2.0,2.0,1.0,3.0,5.0,5.0,5.0,5.0,5.0,10.0,1.0,1.0,1.0,1.0,1.0,1.0,2.0,1.0,1.0,1.0,1.0,9.0,1.0,6.0,1.0,1.0,1.0,1.0,1.0,1.0,1.0,1.0,1.0,1.0,1.0,1.0,1.0,,1.0,,1.0,4.0,4.0,4.0,4.0,3.0,4.0,1.0,5.0,3.0,5.0,1.0,1.0,3.0,3.0,3.0,3.0,3.0,1.0,3.0,2.0,3.0,1.0,3.0,2.0,3.0,1.0,1.0,1.0,4.0,4.0,4.0,2.0,1.0,4.0,4.0,1.0,1.0,1.0,,2.0,2.0,,1.0,1.0,,10.0,10.0,10.0,10.0,,10.0,10.0,10.0,10.0,10.0,10.0,10.0,1.0,1.0,2.0,3.0,1.0,4.0,3.0
50070174,1.0,1.0,3.0,3.0,1.0,1.0,1.0,1.0,1.0,1.0,2.0,2.0,2.0,1.0,2.0,2.0,2.0,1.0,2.0,2.0,2.0,1.0,2.0,1.0,2.0,2.0,1.0,1.0,3.0,3.0,3.0,3.0,1.0,1.0,2.0,5.0,1.0,1.0,1.0,1.0,2.0,3.0,1.0,1.0,2.0,3.0,7.0,8.0,5.0,4.0,4.0,4.0,2.0,4.0,1.0,2.0,1.0,1.0,1.0,4.0,3.0,4.0,1.0,1.0,1.0,1.0,2.0,2.0,2.0,2.0,1.0,2.0,2.0,2.0,2.0,3.0,2.0,2.0,2.0,2.0,0.0,0.0,0.0,0.0,0.0,0.0,0.0,0.0,0.0,0.0,0.0,5.0,5.0,5.0,6.0,6.0,1.0,7.0,,,,2.0,,2.0,2.0,7.0,3.0,1.0,1.0,2.0,0.0,2.0,2.0,2.0,2.0,1.0,2.0,4.0,4.0,4.0,4.0,4.0,4.0,4.0,2.0,1.0,2.0,2.0,2.0,2.0,2.0,4.0,4.0,3.0,1.0,2.0,1.0,10.0,10.0,9.0,5.0,5.0,9.0,10.0,1.0,1.0,1.0,1.0,1.0,1.0,5.0,3.0,1.0,1.0,1.0,5.0,2.0,1.0,1.0,1.0,1.0,1.0,1.0,1.0,3.0,1.0,2.0,1.0,1.0,2.0,1.0,1.0,1.0,1.0,1.0,1.0,2.0,4.0,2.0,2.0,5.0,1.0,5.0,1.0,5.0,5.0,5.0,2.0,2.0,,,,,2.0,2.0,2.0,2.0,2.0,2.0,2.0,1.0,1.0,1.0,,,,,1.0,,,1.0,1.0,2.0,1.0,4.0,3.0,3.0,1.0,1.0,8.0,5.0,10.0,10.0,10.0,5.0,10.0,10.0,10.0,10.0,9.0,9.0,8.0,2.0,1.0,1.0,2.0,2.0,,
364071977,1.0,2.0,1.0,1.0,1.0,2.0,2.0,1.0,2.0,2.0,2.0,1.0,1.0,1.0,2.0,1.0,2.0,1.0,2.0,2.0,2.0,,2.0,1.0,2.0,2.0,2.0,3.0,2.0,2.0,4.0,3.0,5.0,1.0,2.0,,5.0,3.0,1.0,2.0,2.0,3.0,1.0,1.0,3.0,1.0,4.0,6.0,4.0,4.0,4.0,4.0,3.0,4.0,3.0,2.0,1.0,2.0,3.0,2.0,2.0,3.0,3.0,1.0,4.0,1.0,3.0,3.0,3.0,4.0,2.0,3.0,3.0,2.0,2.0,2.0,4.0,2.0,2.0,4.0,0.0,0.0,0.0,0.0,0.0,0.0,2.0,0.0,0.0,0.0,0.0,4.0,7.0,3.0,1.0,8.0,1.0,2.0,3.0,3.0,2.0,2.0,2.0,2.0,2.0,7.0,4.0,2.0,2.0,0.0,0.0,0.0,2.0,2.0,0.0,2.0,2.0,2.0,3.0,3.0,4.0,2.0,3.0,3.0,1.0,2.0,2.0,4.0,,1.0,2.0,2.0,2.0,3.0,2.0,2.0,1.0,3.0,3.0,4.0,8.0,8.0,7.0,10.0,1.0,1.0,2.0,1.0,,2.0,7.0,1.0,1.0,2.0,1.0,3.0,3.0,4.0,1.0,1.0,1.0,1.0,,1.0,4.0,9.0,5.0,1.0,1.0,1.0,1.0,1.0,,1.0,9.0,1.0,2.0,4.0,2.0,2.0,5.0,1.0,5.0,4.0,4.0,1.0,1.0,3.0,2.0,3.0,3.0,2.0,1.0,2.0,3.0,2.0,1.0,2.0,1.0,2.0,1.0,1.0,1.0,1.0,1.0,2.0,3.0,1.0,1.0,3.0,2.0,1.0,2.0,3.0,1.0,1.0,2.0,2.0,2.0,,5.0,5.0,1.0,8.0,10.0,4.0,5.0,10.0,10.0,10.0,4.0,1.0,3.0,2.0,2.0,2.0,2.0,3.0,2.0
170074636,2.0,2.0,2.0,2.0,2.0,2.0,1.0,2.0,2.0,1.0,2.0,2.0,2.0,2.0,1.0,2.0,1.0,1.0,2.0,2.0,1.0,2.0,2.0,1.0,2.0,2.0,2.0,2.0,2.0,3.0,3.0,3.0,2.0,2.0,2.0,2.0,4.0,2.0,2.0,2.0,2.0,3.0,1.0,2.0,1.0,3.0,10.0,10.0,10.0,4.0,4.0,4.0,4.0,4.0,2.0,2.0,1.0,2.0,2.0,4.0,2.0,2.0,1.0,2.0,3.0,3.0,3.0,3.0,3.0,3.0,3.0,3.0,3.0,1.0,3.0,3.0,3.0,3.0,1.0,4.0,2.0,2.0,2.0,2.0,2.0,2.0,2.0,2.0,2.0,2.0,2.0,1.0,1.0,1.0,1.0,10.0,2.0,10.0,4.0,2.0,2.0,2.0,1.0,3.0,2.0,10.0,3.0,0.0,0.0,0.0,0.0,1.0,0.0,2.0,2.0,3.0,2.0,3.0,1.0,3.0,3.0,3.0,3.0,3.0,1.0,1.0,2.0,1.0,1.0,2.0,2.0,1.0,1.0,1.0,2.0,2.0,1.0,1.0,1.0,1.0,10.0,1.0,5.0,10.0,1.0,2.0,1.0,1.0,2.0,2.0,5.0,1.0,1.0,2.0,2.0,1.0,10.0,10.0,10.0,1.0,1.0,1.0,1.0,1.0,1.0,1.0,1.0,1.0,1.0,1.0,1.0,1.0,1.0,1.0,1.0,1.0,3.0,2.0,3.0,3.0,5.0,1.0,4.0,5.0,5.0,5.0,5.0,5.0,3.0,3.0,3.0,3.0,3.0,3.0,3.0,3.0,3.0,3.0,3.0,3.0,1.0,1.0,1.0,3.0,4.0,1.0,1.0,1.0,1.0,1.0,1.0,3.0,3.0,4.0,1.0,1.0,1.0,2.0,1.0,10.0,10.0,10.0,10.0,10.0,10.0,10.0,10.0,1.0,10.0,1.0,1.0,10.0,3.0,1.0,3.0,1.0,1.0,3.0,3.0
643071570,1.0,2.0,2.0,4.0,3.0,2.0,2.0,2.0,1.0,1.0,2.0,2.0,1.0,2.0,2.0,1.0,2.0,1.0,1.0,1.0,1.0,1.0,2.0,1.0,2.0,2.0,2.0,1.0,2.0,3.0,3.0,1.0,3.0,1.0,3.0,2.0,2.0,1.0,2.0,2.0,3.0,1.0,1.0,1.0,2.0,2.0,7.0,8.0,6.0,4.0,4.0,4.0,4.0,4.0,1.0,1.0,1.0,2.0,2.0,2.0,2.0,2.0,1.0,1.0,3.0,2.0,2.0,1.0,2.0,1.0,2.0,2.0,2.0,1.0,2.0,2.0,2.0,2.0,,,2.0,,,,,,,,,,,4.0,10.0,1.0,5.0,,1.0,9.0,3.0,4.0,3.0,3.0,3.0,2.0,2.0,,3.0,0.0,0.0,2.0,2.0,2.0,2.0,2.0,2.0,3.0,1.0,4.0,3.0,4.0,4.0,4.0,4.0,4.0,1.0,1.0,2.0,3.0,3.0,2.0,2.0,2.0,2.0,3.0,1.0,2.0,1.0,10.0,10.0,5.0,4.0,4.0,9.0,10.0,1.0,1.0,1.0,1.0,3.0,3.0,1.0,1.0,1.0,2.0,2.0,10.0,5.0,8.0,1.0,5.0,3.0,7.0,7.0,9.0,10.0,9.0,1.0,6.0,1.0,1.0,1.0,1.0,10.0,1.0,,2.0,2.0,3.0,3.0,2.0,5.0,1.0,5.0,5.0,5.0,2.0,5.0,2.0,2.0,2.0,1.0,,2.0,1.0,2.0,2.0,2.0,,,,1.0,1.0,2.0,3.0,1.0,3.0,1.0,2.0,4.0,4.0,1.0,1.0,1.0,,,,4.0,2.0,,9.0,8.0,6.0,9.0,9.0,9.0,9.0,9.0,9.0,10.0,8.0,,9.0,2.0,1.0,1.0,1.0,1.0,3.0,4.0
152070725,1.0,1.0,1.0,2.0,2.0,2.0,1.0,2.0,1.0,1.0,2.0,1.0,2.0,2.0,2.0,2.0,2.0,2.0,2.0,1.0,1.0,1.0,2.0,1.0,2.0,2.0,1.0,3.0,3.0,,2.0,,3.0,1.0,3.0,,3.0,2.0,3.0,3.0,3.0,1.0,1.0,1.0,2.0,2.0,7.0,7.0,7.0,4.0,3.0,4.0,4.0,4.0,2.0,2.0,1.0,1.0,2.0,3.0,3.0,3.0,4.0,3.0,2.0,1.0,2.0,3.0,3.0,3.0,3.0,3.0,2.0,2.0,2.0,2.0,2.0,3.0,3.0,3.0,0.0,0.0,0.0,0.0,0.0,0.0,0.0,0.0,0.0,0.0,0.0,5.0,5.0,5.0,5.0,5.0,1.0,5.0,3.0,3.0,3.0,,,,5.0,6.0,3.0,1.0,2.0,2.0,1.0,0.0,0.0,2.0,2.0,3.0,2.0,3.0,1.0,3.0,3.0,2.0,3.0,,2.0,2.0,2.0,1.0,1.0,2.0,2.0,1.0,1.0,1.0,1.0,2.0,,7.0,8.0,6.0,5.0,7.0,7.0,2.0,1.0,1.0,1.0,1.0,3.0,3.0,7.0,8.0,2.0,1.0,,2.0,4.0,5.0,1.0,1.0,1.0,2.0,1.0,3.0,5.0,6.0,3.0,5.0,1.0,1.0,1.0,1.0,3.0,1.0,6.0,4.0,4.0,4.0,2.0,2.0,2.0,1.0,1.0,1.0,2.0,1.0,1.0,1.0,2.0,3.0,2.0,2.0,,,,2.0,2.0,2.0,,3.0,1.0,1.0,1.0,,4.0,4.0,2.0,1.0,4.0,4.0,1.0,2.0,2.0,,3.0,3.0,3.0,1.0,3.0,4.0,7.0,2.0,8.0,7.0,1.0,7.0,7.0,7.0,10.0,7.0,7.0,7.0,2.0,2.0,1.0,1.0,1.0,2.0,3.0
344070323,1.0,2.0,2.0,3.0,2.0,4.0,1.0,2.0,1.0,2.0,2.0,2.0,2.0,1.0,2.0,2.0,2.0,1.0,2.0,1.0,2.0,1.0,2.0,1.0,2.0,2.0,3.0,3.0,3.0,3.0,3.0,2.0,4.0,2.0,4.0,2.0,3.0,2.0,2.0,2.0,2.0,2.0,2.0,2.0,2.0,2.0,8.0,9.0,10.0,4.0,4.0,4.0,4.0,4.0,1.0,2.0,1.0,2.0,2.0,3.0,3.0,3.0,2.0,2.0,2.0,2.0,2.0,2.0,2.0,2.0,2.0,2.0,2.0,2.0,2.0,2.0,2.0,2.0,2.0,2.0,0.0,0.0,0.0,0.0,0.0,0.0,0.0,0.0,0.0,0.0,0.0,5.0,5.0,6.0,4.0,4.0,1.0,3.0,2.0,2.0,2.0,2.0,2.0,2.0,4.0,1.0,2.0,0.0,2.0,2.0,1.0,1.0,1.0,2.0,2.0,3.0,2.0,4.0,3.0,4.0,4.0,4.0,3.0,4.0,2.0,2.0,2.0,3.0,3.0,2.0,2.0,3.0,3.0,3.0,2.0,2.0,2.0,8.0,5.0,1.0,2.0,2.0,6.0,5.0,1.0,2.0,1.0,1.0,4.0,4.0,7.0,8.0,3.0,2.0,2.0,7.0,1.0,1.0,1.0,1.0,1.0,5.0,5.0,5.0,5.0,5.0,5.0,6.0,1.0,3.0,2.0,1.0,5.0,1.0,5.0,4.0,4.0,4.0,4.0,3.0,3.0,1.0,5.0,1.0,5.0,1.0,2.0,5.0,3.0,3.0,3.0,3.0,2.0,3.0,3.0,3.0,3.0,3.0,3.0,3.0,2.0,2.0,2.0,3.0,2.0,3.0,2.0,2.0,3.0,3.0,2.0,2.0,2.0,4.0,3.0,3.0,3.0,2.0,3.0,,7.0,3.0,7.0,7.0,2.0,7.0,7.0,2.0,7.0,8.0,6.0,5.0,2.0,1.0,2.0,,2.0,3.0,3.0
496070916,1.0,2.0,2.0,2.0,1.0,3.0,1.0,1.0,1.0,1.0,1.0,1.0,1.0,1.0,1.0,1.0,1.0,2.0,2.0,2.0,2.0,2.0,2.0,2.0,2.0,2.0,2.0,2.0,2.0,2.0,2.0,2.0,3.0,3.0,3.0,3.0,3.0,3.0,3.0,3.0,3.0,2.0,2.0,2.0,2.0,2.0,8.0,5.0,7.0,4.0,4.0,4.0,4.0,4.0,2.0,2.0,1.0,1.0,2.0,2.0,2.0,3.0,3.0,3.0,3.0,3.0,3.0,3.0,3.0,3.0,3.0,3.0,3.0,3.0,3.0,3.0,3.0,3.0,3.0,3.0,0.0,0.0,0.0,0.0,0.0,0.0,0.0,0.0,0.0,0.0,0.0,8.0,6.0,4.0,7.0,5.0,2.0,9.0,3.0,3.0,3.0,3.0,3.0,3.0,2.0,8.0,3.0,1.0,1.0,1.0,1.0,1.0,1.0,1.0,1.0,3.0,2.0,3.0,3.0,3.0,3.0,3.0,3.0,3.0,2.0,2.0,2.0,2.0,1.0,2.0,2.0,3.0,3.0,3.0,1.0,2.0,1.0,8.0,8.0,6.0,8.0,6.0,7.0,8.0,1.0,2.0,1.0,2.0,3.0,3.0,4.0,1.0,1.0,2.0,2.0,7.0,6.0,5.0,5.0,4.0,4.0,3.0,3.0,4.0,5.0,7.0,7.0,7.0,6.0,6.0,7.0,7.0,6.0,7.0,6.0,3.0,3.0,3.0,3.0,1.0,3.0,2.0,3.0,2.0,2.0,1.0,1.0,1.0,2.0,2.0,2.0,2.0,2.0,2.0,2.0,2.0,2.0,2.0,2.0,2.0,2.0,2.0,2.0,2.0,2.0,2.0,2.0,2.0,2.0,2.0,2.0,2.0,2.0,2.0,2.0,2.0,2.0,2.0,2.0,2.0,8.0,7.0,8.0,7.0,6.0,5.0,9.0,9.0,10.0,2.0,9.0,10.0,2.0,1.0,1.0,1.0,1.0,2.0,3.0
231070978,1.0,1.0,2.0,2.0,1.0,1.0,2.0,2.0,1.0,2.0,2.0,2.0,2.0,1.0,2.0,2.0,1.0,1.0,2.0,2.0,2.0,1.0,2.0,2.0,2.0,2.0,2.0,3.0,3.0,3.0,3.0,3.0,4.0,4.0,1.0,5.0,4.0,1.0,1.0,2.0,2.0,3.0,1.0,3.0,2.0,2.0,9.0,6.0,2.0,4.0,4.0,4.0,3.0,4.0,1.0,2.0,1.0,2.0,2.0,2.0,2.0,2.0,2.0,2.0,,,3.0,2.0,2.0,4.0,4.0,4.0,2.0,2.0,2.0,3.0,2.0,2.0,,2.0,2.0,0.0,2.0,2.0,1.0,1.0,2.0,0.0,2.0,1.0,,1.0,10.0,10.0,1.0,1.0,2.0,10.0,3.0,3.0,3.0,3.0,3.0,2.0,2.0,10.0,4.0,0.0,0.0,0.0,0.0,0.0,0.0,0.0,0.0,1.0,2.0,3.0,4.0,3.0,4.0,3.0,4.0,3.0,2.0,2.0,2.0,2.0,2.0,2.0,2.0,2.0,2.0,2.0,1.0,2.0,,9.0,9.0,2.0,2.0,2.0,10.0,10.0,1.0,1.0,1.0,1.0,2.0,3.0,2.0,3.0,1.0,1.0,1.0,1.0,1.0,1.0,1.0,1.0,1.0,1.0,1.0,1.0,1.0,1.0,1.0,1.0,1.0,1.0,1.0,1.0,1.0,1.0,1.0,4.0,4.0,4.0,4.0,1.0,5.0,5.0,5.0,5.0,5.0,5.0,5.0,5.0,2.0,3.0,2.0,3.0,2.0,3.0,2.0,3.0,2.0,3.0,2.0,3.0,2.0,2.0,3.0,4.0,3.0,4.0,4.0,4.0,3.0,4.0,3.0,4.0,1.0,2.0,4.0,4.0,4.0,1.0,4.0,5.0,9.0,1.0,9.0,1.0,1.0,8.0,1.0,9.0,7.0,10.0,2.0,1.0,4.0,1.0,2.0,3.0,4.0,4.0,4.0
586070014,1.0,1.0,2.0,4.0,4.0,1.0,2.0,2.0,2.0,2.0,2.0,1.0,1.0,2.0,1.0,2.0,1.0,1.0,2.0,2.0,2.0,2.0,2.0,2.0,2.0,2.0,1.0,2.0,2.0,2.0,2.0,2.0,3.0,5.0,2.0,1.0,1.0,1.0,2.0,1.0,1.0,2.0,1.0,3.0,2.0,2.0,7.0,7.0,7.0,4.0,3.0,3.0,2.0,2.0,3.0,1.0,1.0,2.0,2.0,4.0,3.0,4.0,1.0,1.0,1.0,1.0,3.0,2.0,2.0,1.0,2.0,2.0,2.0,1.0,2.0,1.0,1.0,1.0,2.0,1.0,0.0,0.0,0.0,0.0,0.0,0.0,0.0,0.0,0.0,0.0,0.0,6.0,3.0,3.0,2.0,3.0,1.0,9.0,4.0,2.0,4.0,2.0,2.0,3.0,1.0,4.0,4.0,1.0,1.0,1.0,1.0,1.0,2.0,2.0,0.0,3.0,2.0,4.0,4.0,4.0,4.0,4.0,4.0,4.0,1.0,1.0,2.0,2.0,1.0,2.0,1.0,3.0,2.0,2.0,1.0,2.0,1.0,9.0,9.0,7.0,9.0,8.0,8.0,10.0,1.0,1.0,1.0,1.0,1.0,1.0,5.0,2.0,1.0,1.0,2.0,2.0,3.0,2.0,3.0,3.0,3.0,4.0,3.0,4.0,2.0,1.0,3.0,3.0,2.0,6.0,1.0,2.0,2.0,2.0,2.0,1.0,2.0,2.0,3.0,3.0,5.0,1.0,5.0,5.0,5.0,5.0,5.0,4.0,3.0,3.0,3.0,3.0,3.0,3.0,,3.0,3.0,3.0,3.0,3.0,1.0,1.0,1.0,1.0,1.0,1.0,1.0,3.0,2.0,2.0,2.0,2.0,2.0,2.0,2.0,2.0,3.0,3.0,2.0,,8.0,8.0,5.0,8.0,8.0,6.0,8.0,9.0,7.0,9.0,7.0,8.0,1.0,1.0,1.0,1.0,1.0,2.0,2.0
702070278,1.0,1.0,2.0,1.0,1.0,2.0,2.0,2.0,1.0,1.0,2.0,1.0,1.0,2.0,1.0,2.0,2.0,1.0,2.0,2.0,2.0,2.0,2.0,1.0,2.0,2.0,2.0,2.0,2.0,2.0,2.0,2.0,2.0,2.0,2.0,3.0,4.0,2.0,2.0,2.0,2.0,1.0,2.0,2.0,1.0,1.0,5.0,10.0,10.0,4.0,4.0,4.0,4.0,4.0,1.0,1.0,1.0,2.0,2.0,3.0,2.0,3.0,2.0,2.0,3.0,2.0,3.0,2.0,2.0,2.0,3.0,2.0,3.0,2.0,3.0,3.0,3.0,2.0,2.0,3.0,1.0,0.0,0.0,0.0,0.0,0.0,0.0,0.0,0.0,0.0,0.0,7.0,6.0,6.0,6.0,6.0,2.0,3.0,2.0,2.0,,1.0,2.0,1.0,4.0,6.0,3.0,1.0,2.0,2.0,0.0,2.0,1.0,2.0,0.0,3.0,2.0,3.0,3.0,4.0,4.0,4.0,3.0,4.0,1.0,2.0,,2.0,2.0,2.0,2.0,1.0,1.0,1.0,2.0,2.0,1.0,6.0,6.0,7.0,7.0,4.0,5.0,6.0,1.0,1.0,1.0,1.0,2.0,2.0,2.0,2.0,1.0,2.0,1.0,3.0,2.0,2.0,2.0,2.0,2.0,3.0,1.0,1.0,3.0,2.0,1.0,3.0,2.0,3.0,2.0,1.0,2.0,1.0,1.0,2.0,3.0,4.0,3.0,2.0,5.0,4.0,1.0,2.0,5.0,5.0,4.0,4.0,3.0,3.0,3.0,3.0,3.0,3.0,3.0,2.0,3.0,3.0,3.0,3.0,,1.0,,,3.0,,1.0,,,4.0,1.0,1.0,1.0,4.0,3.0,4.0,3.0,2.0,2.0,3.0,4.0,2.0,2.0,2.0,2.0,5.0,7.0,6.0,6.0,7.0,6.0,5.0,2.0,1.0,,,2.0,3.0,4.0
344071654,1.0,2.0,2.0,2.0,1.0,2.0,1.0,1.0,1.0,1.0,2.0,2.0,1.0,2.0,2.0,2.0,2.0,1.0,2.0,2.0,2.0,1.0,2.0,1.0,2.0,2.0,1.0,2.0,3.0,3.0,3.0,1.0,2.0,1.0,3.0,2.0,2.0,1.0,1.0,1.0,2.0,2.0,1.0,2.0,2.0,2.0,7.0,7.0,7.0,4.0,4.0,4.0,4.0,4.0,1.0,1.0,1.0,2.0,2.0,3.0,2.0,2.0,3.0,2.0,3.0,3.0,3.0,2.0,3.0,2.0,4.0,3.0,2.0,3.0,3.0,2.0,2.0,3.0,3.0,3.0,0.0,0.0,0.0,1.0,0.0,0.0,0.0,0.0,0.0,0.0,0.0,8.0,6.0,8.0,2.0,2.0,2.0,4.0,2.0,2.0,2.0,2.0,2.0,2.0,2.0,7.0,3.0,1.0,2.0,2.0,2.0,2.0,1.0,2.0,2.0,3.0,2.0,3.0,3.0,4.0,3.0,4.0,3.0,3.0,2.0,2.0,2.0,3.0,3.0,2.0,2.0,3.0,3.0,3.0,1.0,2.0,2.0,10.0,10.0,8.0,1.0,2.0,9.0,1.0,1.0,1.0,1.0,1.0,3.0,2.0,6.0,8.0,2.0,2.0,1.0,8.0,2.0,1.0,1.0,1.0,1.0,1.0,1.0,1.0,1.0,2.0,1.0,2.0,1.0,4.0,2.0,1.0,6.0,1.0,2.0,2.0,3.0,4.0,2.0,2.0,1.0,1.0,3.0,1.0,1.0,1.0,1.0,1.0,2.0,2.0,1.0,2.0,2.0,1.0,3.0,3.0,2.0,2.0,2.0,3.0,1.0,1.0,1.0,3.0,4.0,3.0,3.0,1.0,3.0,3.0,1.0,1.0,1.0,3.0,2.0,4.0,3.0,2.0,4.0,5.0,8.0,1.0,8.0,6.0,6.0,7.0,1.0,5.0,9.0,7.0,8.0,8.0,1.0,1.0,2.0,,2.0,2.0,2.0
462070619,1.0,1.0,1.0,4.0,1.0,1.0,1.0,2.0,1.0,1.0,2.0,2.0,1.0,2.0,1.0,2.0,1.0,1.0,2.0,2.0,1.0,1.0,1.0,1.0,1.0,2.0,1.0,3.0,3.0,3.0,3.0,1.0,1.0,1.0,1.0,5.0,1.0,1.0,1.0,1.0,3.0,3.0,1.0,1.0,1.0,1.0,7.0,9.0,8.0,4.0,4.0,2.0,4.0,4.0,1.0,2.0,1.0,2.0,2.0,4.0,3.0,3.0,2.0,1.0,4.0,4.0,3.0,2.0,3.0,3.0,4.0,4.0,2.0,1.0,3.0,3.0,4.0,4.0,4.0,4.0,0.0,0.0,0.0,0.0,0.0,0.0,0.0,0.0,0.0,0.0,0.0,1.0,5.0,5.0,5.0,5.0,2.0,10.0,3.0,3.0,3.0,3.0,4.0,1.0,1.0,9.0,2.0,2.0,1.0,2.0,1.0,2.0,2.0,2.0,2.0,3.0,2.0,2.0,4.0,4.0,4.0,4.0,4.0,4.0,1.0,2.0,2.0,1.0,1.0,2.0,2.0,3.0,3.0,3.0,1.0,2.0,1.0,1.0,1.0,5.0,4.0,2.0,6.0,10.0,1.0,1.0,1.0,1.0,1.0,1.0,1.0,1.0,1.0,,,1.0,1.0,1.0,1.0,1.0,1.0,1.0,1.0,1.0,10.0,1.0,1.0,1.0,1.0,1.0,1.0,1.0,1.0,1.0,10.0,1.0,4.0,1.0,4.0,2.0,1.0,1.0,5.0,1.0,5.0,1.0,1.0,1.0,2.0,2.0,2.0,3.0,3.0,3.0,3.0,3.0,1.0,3.0,3.0,3.0,1.0,1.0,,1.0,1.0,1.0,2.0,2.0,1.0,4.0,1.0,1.0,1.0,3.0,2.0,1.0,4.0,1.0,1.0,1.0,1.0,5.0,1.0,1.0,5.0,5.0,5.0,5.0,5.0,10.0,1.0,1.0,2.0,1.0,1.0,1.0,1.0,3.0,3.0
792072360,1.0,2.0,1.0,4.0,1.0,1.0,,,,,,1.0,1.0,1.0,1.0,2.0,,1.0,2.0,2.0,2.0,1.0,2.0,1.0,1.0,2.0,1.0,4.0,2.0,3.0,2.0,2.0,2.0,3.0,4.0,5.0,,1.0,1.0,1.0,1.0,3.0,1.0,1.0,1.0,1.0,10.0,10.0,6.0,4.0,4.0,3.0,3.0,4.0,2.0,2.0,1.0,3.0,2.0,4.0,2.0,2.0,2.0,1.0,3.0,3.0,3.0,1.0,1.0,1.0,3.0,2.0,2.0,3.0,2.0,2.0,2.0,,3.0,3.0,0.0,0.0,0.0,0.0,0.0,0.0,0.0,0.0,0.0,0.0,0.0,7.0,,,,10.0,2.0,5.0,,,,,,1.0,4.0,,,0.0,0.0,0.0,0.0,0.0,0.0,0.0,2.0,2.0,3.0,3.0,3.0,,,,,,,,,2.0,2.0,2.0,2.0,2.0,2.0,2.0,2.0,1.0,1.0,10.0,10.0,10.0,10.0,10.0,10.0,10.0,,1.0,1.0,1.0,2.0,2.0,7.0,5.0,1.0,1.0,1.0,,,,5.0,5.0,1.0,1.0,1.0,1.0,1.0,1.0,1.0,1.0,1.0,1.0,1.0,,1.0,,1.0,,,,3.0,3.0,5.0,2.0,5.0,1.0,1.0,1.0,1.0,2.0,,3.0,3.0,3.0,3.0,3.0,3.0,3.0,3.0,3.0,3.0,3.0,2.0,2.0,,,,,,,,,,,,,,,,,,,10.0,10.0,,,,,,,,,,,2.0,1.0,1.0,4.0,1.0,4.0,
360072442,1.0,1.0,3.0,2.0,1.0,1.0,1.0,1.0,2.0,2.0,2.0,2.0,2.0,2.0,1.0,2.0,2.0,1.0,2.0,1.0,2.0,1.0,2.0,2.0,1.0,2.0,1.0,3.0,4.0,4.0,4.0,1.0,4.0,1.0,5.0,4.0,1.0,1.0,4.0,1.0,1.0,3.0,1.0,1.0,1.0,1.0,10.0,10.0,7.0,4.0,4.0,2.0,4.0,4.0,1.0,2.0,1.0,2.0,3.0,4.0,1.0,4.0,1.0,1.0,1.0,3.0,2.0,1.0,1.0,1.0,2.0,1.0,1.0,1.0,1.0,2.0,2.0,1.0,1.0,2.0,2.0,0.0,0.0,0.0,0.0,0.0,2.0,0.0,0.0,2.0,,10.0,10.0,10.0,10.0,3.0,2.0,10.0,2.0,2.0,2.0,1.0,1.0,1.0,1.0,7.0,4.0,0.0,0.0,0.0,,0.0,2.0,0.0,0.0,3.0,1.0,4.0,4.0,4.0,4.0,4.0,4.0,4.0,1.0,1.0,2.0,1.0,1.0,2.0,2.0,1.0,1.0,1.0,2.0,2.0,1.0,8.0,10.0,5.0,1.0,1.0,8.0,10.0,1.0,2.0,2.0,2.0,3.0,3.0,4.0,1.0,1.0,1.0,2.0,3.0,4.0,1.0,1.0,1.0,1.0,1.0,1.0,1.0,2.0,1.0,1.0,1.0,1.0,1.0,1.0,1.0,1.0,1.0,7.0,1.0,1.0,3.0,3.0,3.0,5.0,1.0,5.0,5.0,5.0,5.0,5.0,1.0,3.0,3.0,3.0,3.0,3.0,3.0,3.0,3.0,,,,,1.0,1.0,1.0,,4.0,3.0,2.0,1.0,3.0,4.0,1.0,1.0,1.0,3.0,4.0,2.0,1.0,1.0,4.0,7.0,9.0,4.0,8.0,9.0,10.0,10.0,5.0,10.0,10.0,10.0,8.0,8.0,1.0,1.0,1.0,1.0,1.0,3.0,4.0
231071117,1.0,1.0,2.0,2.0,1.0,1.0,1.0,1.0,2.0,2.0,2.0,1.0,2.0,1.0,2.0,2.0,1.0,1.0,2.0,2.0,2.0,1.0,2.0,1.0,2.0,2.0,1.0,3.0,3.0,3.0,3.0,3.0,4.0,4.0,4.0,5.0,4.0,2.0,1.0,1.0,1.0,3.0,1.0,1.0,2.0,1.0,7.0,7.0,7.0,4.0,4.0,4.0,2.0,4.0,2.0,2.0,1.0,3.0,3.0,3.0,3.0,3.0,1.0,1.0,3.0,3.0,3.0,4.0,3.0,3.0,3.0,3.0,3.0,3.0,3.0,3.0,2.0,3.0,3.0,1.0,1.0,1.0,0.0,0.0,0.0,0.0,0.0,0.0,0.0,0.0,0.0,10.0,1.0,10.0,1.0,1.0,2.0,10.0,2.0,3.0,3.0,3.0,2.0,2.0,1.0,10.0,5.0,0.0,2.0,2.0,1.0,1.0,1.0,2.0,2.0,3.0,3.0,1.0,1.0,2.0,3.0,3.0,3.0,4.0,1.0,1.0,2.0,1.0,1.0,1.0,1.0,1.0,1.0,1.0,2.0,2.0,1.0,10.0,10.0,1.0,6.0,1.0,1.0,10.0,1.0,1.0,1.0,1.0,1.0,4.0,2.0,1.0,2.0,2.0,2.0,7.0,1.0,1.0,1.0,1.0,1.0,1.0,1.0,1.0,1.0,1.0,1.0,1.0,1.0,1.0,1.0,1.0,1.0,1.0,1.0,2.0,2.0,2.0,2.0,2.0,5.0,1.0,1.0,1.0,5.0,1.0,1.0,1.0,3.0,3.0,3.0,3.0,3.0,3.0,3.0,3.0,3.0,3.0,3.0,3.0,3.0,3.0,4.0,1.0,1.0,1.0,4.0,4.0,4.0,2.0,4.0,2.0,1.0,2.0,4.0,2.0,4.0,2.0,4.0,1.0,1.0,1.0,10.0,10.0,1.0,1.0,1.0,10.0,10.0,8.0,8.0,8.0,3.0,1.0,1.0,1.0,2.0,2.0,2.0
792070728,1.0,1.0,2.0,1.0,2.0,1.0,1.0,2.0,2.0,1.0,1.0,1.0,2.0,2.0,2.0,1.0,2.0,1.0,1.0,1.0,2.0,1.0,1.0,1.0,1.0,1.0,3.0,3.0,2.0,2.0,3.0,2.0,1.0,5.0,2.0,2.0,1.0,2.0,2.0,5.0,3.0,2.0,1.0,1.0,2.0,3.0,4.0,7.0,6.0,4.0,3.0,4.0,3.0,4.0,1.0,2.0,1.0,1.0,1.0,1.0,2.0,2.0,1.0,1.0,2.0,2.0,2.0,1.0,2.0,2.0,2.0,2.0,2.0,4.0,2.0,2.0,1.0,2.0,3.0,2.0,0.0,0.0,0.0,0.0,0.0,0.0,0.0,0.0,0.0,0.0,0.0,3.0,6.0,6.0,5.0,5.0,2.0,5.0,2.0,1.0,2.0,3.0,2.0,1.0,3.0,7.0,3.0,0.0,0.0,2.0,2.0,2.0,0.0,2.0,2.0,4.0,3.0,3.0,3.0,3.0,2.0,4.0,3.0,3.0,,,1.0,4.0,3.0,2.0,2.0,2.0,2.0,3.0,1.0,2.0,2.0,8.0,3.0,6.0,5.0,4.0,7.0,5.0,1.0,1.0,1.0,1.0,3.0,2.0,2.0,5.0,1.0,1.0,1.0,4.0,1.0,1.0,1.0,1.0,1.0,1.0,1.0,1.0,4.0,1.0,1.0,5.0,1.0,2.0,1.0,,1.0,,3.0,3.0,3.0,3.0,2.0,2.0,1.0,1.0,5.0,1.0,2.0,2.0,2.0,3.0,2.0,2.0,2.0,2.0,1.0,2.0,3.0,3.0,2.0,2.0,2.0,3.0,1.0,1.0,1.0,4.0,4.0,4.0,1.0,1.0,3.0,4.0,1.0,2.0,2.0,,3.0,2.0,,2.0,2.0,,7.0,5.0,5.0,6.0,,7.0,8.0,6.0,5.0,8.0,6.0,5.0,2.0,1.0,2.0,2.0,2.0,,
643070360,1.0,2.0,3.0,1.0,1.0,3.0,1.0,1.0,1.0,2.0,2.0,2.0,2.0,2.0,2.0,2.0,2.0,1.0,2.0,2.0,2.0,1.0,2.0,2.0,2.0,1.0,2.0,2.0,1.0,3.0,2.0,2.0,2.0,2.0,4.0,4.0,2.0,2.0,4.0,2.0,2.0,2.0,3.0,2.0,2.0,3.0,1.0,1.0,1.0,1.0,1.0,1.0,3.0,3.0,3.0,2.0,1.0,2.0,1.0,4.0,3.0,4.0,2.0,1.0,3.0,3.0,4.0,2.0,3.0,3.0,4.0,3.0,4.0,3.0,4.0,2.0,3.0,4.0,3.0,2.0,0.0,0.0,0.0,0.0,0.0,0.0,0.0,0.0,0.0,0.0,0.0,1.0,10.0,1.0,10.0,1.0,1.0,10.0,3.0,3.0,3.0,3.0,2.0,2.0,5.0,1.0,3.0,2.0,0.0,2.0,2.0,2.0,2.0,2.0,2.0,3.0,4.0,2.0,2.0,4.0,1.0,2.0,3.0,4.0,2.0,1.0,2.0,3.0,1.0,2.0,2.0,1.0,1.0,1.0,1.0,2.0,1.0,10.0,10.0,10.0,10.0,10.0,10.0,10.0,1.0,2.0,2.0,1.0,3.0,2.0,1.0,4.0,1.0,2.0,2.0,1.0,1.0,10.0,1.0,10.0,1.0,1.0,1.0,10.0,10.0,10.0,1.0,10.0,1.0,1.0,1.0,1.0,10.0,1.0,10.0,2.0,3.0,4.0,3.0,1.0,3.0,2.0,1.0,5.0,5.0,4.0,3.0,1.0,3.0,3.0,3.0,3.0,3.0,3.0,3.0,3.0,3.0,3.0,3.0,3.0,1.0,1.0,1.0,1.0,1.0,3.0,3.0,2.0,2.0,4.0,1.0,1.0,3.0,,2.0,4.0,3.0,1.0,4.0,10.0,10.0,1.0,10.0,10.0,10.0,10.0,10.0,1.0,10.0,10.0,10.0,1.0,4.0,1.0,2.0,1.0,2.0,4.0,3.0
392071342,1.0,2.0,2.0,2.0,2.0,3.0,1.0,1.0,2.0,1.0,1.0,1.0,2.0,2.0,2.0,2.0,2.0,1.0,2.0,2.0,2.0,2.0,2.0,2.0,2.0,2.0,,3.0,3.0,3.0,3.0,3.0,3.0,1.0,4.0,2.0,2.0,4.0,3.0,3.0,4.0,1.0,1.0,3.0,1.0,3.0,8.0,4.0,1.0,3.0,4.0,3.0,3.0,4.0,2.0,2.0,2.0,3.0,3.0,3.0,3.0,3.0,,,,,,,,,,,,,,,,,,,0.0,0.0,0.0,0.0,0.0,0.0,0.0,0.0,0.0,0.0,0.0,7.0,5.0,1.0,3.0,10.0,2.0,8.0,2.0,2.0,2.0,2.0,2.0,2.0,2.0,4.0,4.0,2.0,2.0,2.0,0.0,2.0,2.0,2.0,2.0,3.0,2.0,4.0,3.0,,,3.0,3.0,2.0,1.0,2.0,,1.0,1.0,2.0,2.0,2.0,2.0,3.0,1.0,1.0,1.0,,,,,,,3.0,1.0,,,,,3.0,4.0,7.0,2.0,,,3.0,1.0,1.0,1.0,1.0,1.0,8.0,8.0,8.0,8.0,8.0,,,1.0,1.0,1.0,10.0,8.0,1.0,1.0,2.0,3.0,3.0,1.0,2.0,1.0,1.0,1.0,5.0,5.0,1.0,1.0,1.0,1.0,2.0,2.0,2.0,,2.0,2.0,1.0,1.0,2.0,2.0,,2.0,2.0,1.0,,,2.0,3.0,,3.0,3.0,2.0,2.0,1.0,2.0,2.0,,4.0,1.0,4.0,7.0,1.0,1.0,10.0,5.0,1.0,10.0,1.0,1.0,10.0,10.0,6.0,4.0,3.0,2.0,2.0,2.0,2.0,3.0,4.0
586071298,1.0,1.0,2.0,3.0,1.0,1.0,1.0,2.0,2.0,1.0,2.0,1.0,1.0,2.0,1.0,2.0,2.0,1.0,2.0,1.0,1.0,2.0,2.0,1.0,2.0,2.0,1.0,2.0,1.0,3.0,1.0,4.0,1.0,1.0,1.0,,1.0,1.0,1.0,1.0,1.0,3.0,1.0,3.0,1.0,1.0,10.0,10.0,10.0,4.0,4.0,4.0,4.0,4.0,1.0,2.0,1.0,1.0,1.0,2.0,2.0,4.0,1.0,1.0,1.0,1.0,1.0,2.0,2.0,1.0,2.0,2.0,1.0,1.0,1.0,2.0,1.0,1.0,1.0,1.0,2.0,2.0,0.0,0.0,,0.0,0.0,0.0,0.0,2.0,0.0,10.0,1.0,1.0,9.0,1.0,1.0,10.0,2.0,2.0,2.0,3.0,1.0,3.0,2.0,10.0,4.0,0.0,2.0,2.0,2.0,2.0,0.0,1.0,2.0,4.0,2.0,3.0,4.0,3.0,4.0,4.0,4.0,4.0,1.0,1.0,2.0,1.0,1.0,2.0,2.0,1.0,1.0,1.0,1.0,2.0,1.0,9.0,,1.0,5.0,1.0,10.0,9.0,1.0,1.0,1.0,1.0,1.0,1.0,1.0,1.0,1.0,2.0,1.0,1.0,1.0,1.0,1.0,1.0,1.0,1.0,1.0,1.0,1.0,1.0,1.0,1.0,1.0,1.0,1.0,1.0,1.0,1.0,10.0,1.0,1.0,1.0,2.0,3.0,2.0,1.0,5.0,5.0,5.0,5.0,5.0,1.0,2.0,2.0,2.0,2.0,1.0,1.0,1.0,1.0,3.0,3.0,3.0,3.0,1.0,2.0,1.0,4.0,1.0,4.0,1.0,1.0,2.0,2.0,1.0,1.0,2.0,4.0,2.0,1.0,2.0,2.0,1.0,,10.0,10.0,10.0,10.0,10.0,8.0,3.0,10.0,10.0,10.0,5.0,4.0,2.0,1.0,1.0,1.0,1.0,1.0,1.0
276071148,1.0,1.0,1.0,2.0,1.0,4.0,1.0,1.0,2.0,1.0,2.0,1.0,2.0,2.0,2.0,2.0,1.0,2.0,2.0,2.0,2.0,2.0,2.0,1.0,2.0,2.0,2.0,1.0,4.0,4.0,4.0,3.0,5.0,5.0,2.0,5.0,4.0,4.0,1.0,3.0,3.0,,1.0,1.0,1.0,2.0,6.0,8.0,3.0,2.0,3.0,4.0,4.0,4.0,1.0,2.0,1.0,2.0,1.0,3.0,1.0,1.0,3.0,3.0,3.0,3.0,2.0,1.0,2.0,3.0,3.0,3.0,3.0,2.0,4.0,3.0,3.0,2.0,3.0,,0.0,0.0,0.0,0.0,0.0,0.0,0.0,0.0,0.0,0.0,0.0,10.0,5.0,1.0,5.0,9.0,,6.0,,,,,,2.0,3.0,5.0,3.0,,2.0,2.0,2.0,2.0,2.0,0.0,2.0,3.0,3.0,2.0,4.0,4.0,4.0,4.0,4.0,3.0,1.0,1.0,2.0,4.0,2.0,2.0,2.0,2.0,1.0,4.0,1.0,,,5.0,8.0,5.0,5.0,1.0,5.0,2.0,2.0,2.0,2.0,2.0,3.0,3.0,7.0,7.0,2.0,2.0,2.0,7.0,1.0,1.0,1.0,1.0,1.0,8.0,5.0,5.0,5.0,10.0,5.0,10.0,1.0,1.0,1.0,1.0,5.0,1.0,1.0,1.0,3.0,4.0,2.0,2.0,4.0,1.0,1.0,4.0,5.0,4.0,5.0,4.0,1.0,3.0,1.0,3.0,1.0,3.0,3.0,3.0,3.0,3.0,3.0,3.0,1.0,1.0,2.0,4.0,2.0,3.0,,1.0,4.0,4.0,1.0,3.0,2.0,,4.0,4.0,4.0,1.0,4.0,5.0,7.0,1.0,10.0,10.0,1.0,10.0,10.0,1.0,10.0,10.0,5.0,5.0,2.0,2.0,1.0,1.0,1.0,3.0,3.0
826071488,1.0,1.0,1.0,3.0,2.0,2.0,1.0,1.0,2.0,2.0,2.0,2.0,2.0,1.0,2.0,1.0,1.0,1.0,2.0,2.0,2.0,2.0,2.0,2.0,2.0,2.0,1.0,3.0,4.0,4.0,4.0,4.0,5.0,4.0,5.0,1.0,5.0,3.0,1.0,2.0,4.0,1.0,1.0,2.0,2.0,3.0,7.0,7.0,5.0,4.0,4.0,4.0,4.0,4.0,1.0,2.0,1.0,3.0,1.0,3.0,1.0,1.0,3.0,1.0,2.0,3.0,2.0,1.0,1.0,1.0,2.0,1.0,1.0,1.0,1.0,1.0,1.0,1.0,1.0,1.0,0.0,0.0,0.0,0.0,0.0,0.0,2.0,0.0,0.0,0.0,0.0,3.0,5.0,1.0,3.0,1.0,1.0,2.0,1.0,1.0,1.0,1.0,1.0,1.0,,10.0,5.0,1.0,2.0,0.0,1.0,0.0,2.0,1.0,1.0,2.0,2.0,4.0,2.0,4.0,4.0,4.0,4.0,4.0,,,,3.0,,,,4.0,4.0,4.0,2.0,1.0,,10.0,10.0,3.0,9.0,10.0,10.0,5.0,1.0,2.0,2.0,2.0,3.0,4.0,6.0,7.0,2.0,,,2.0,8.0,1.0,1.0,1.0,1.0,10.0,10.0,10.0,10.0,10.0,1.0,5.0,,1.0,1.0,1.0,10.0,1.0,5.0,3.0,4.0,4.0,2.0,2.0,5.0,5.0,5.0,1.0,5.0,1.0,1.0,1.0,3.0,3.0,3.0,3.0,2.0,2.0,3.0,2.0,1.0,3.0,3.0,3.0,2.0,2.0,1.0,4.0,3.0,4.0,1.0,1.0,4.0,2.0,1.0,2.0,1.0,3.0,2.0,1.0,3.0,1.0,4.0,5.0,8.0,9.0,9.0,6.0,2.0,10.0,7.0,8.0,10.0,10.0,10.0,8.0,2.0,2.0,3.0,3.0,2.0,3.0,4.0
203070978,1.0,1.0,1.0,2.0,2.0,4.0,1.0,2.0,2.0,1.0,2.0,1.0,1.0,2.0,2.0,2.0,2.0,1.0,2.0,2.0,2.0,2.0,2.0,1.0,2.0,2.0,4.0,4.0,3.0,4.0,3.0,3.0,4.0,2.0,4.0,2.0,4.0,2.0,2.0,2.0,4.0,3.0,1.0,1.0,2.0,2.0,7.0,9.0,7.0,4.0,4.0,4.0,4.0,4.0,1.0,2.0,1.0,2.0,2.0,3.0,2.0,2.0,3.0,2.0,3.0,3.0,3.0,3.0,2.0,3.0,3.0,3.0,2.0,2.0,3.0,2.0,2.0,2.0,2.0,2.0,0.0,0.0,2.0,0.0,0.0,2.0,0.0,2.0,0.0,0.0,0.0,8.0,2.0,4.0,3.0,3.0,1.0,8.0,2.0,2.0,2.0,2.0,2.0,2.0,2.0,6.0,3.0,2.0,2.0,1.0,2.0,1.0,2.0,2.0,1.0,2.0,2.0,3.0,3.0,3.0,3.0,3.0,3.0,3.0,1.0,2.0,2.0,2.0,2.0,2.0,2.0,2.0,3.0,3.0,1.0,2.0,2.0,7.0,8.0,6.0,3.0,8.0,8.0,3.0,2.0,1.0,2.0,2.0,3.0,3.0,4.0,8.0,3.0,1.0,2.0,3.0,4.0,3.0,3.0,5.0,3.0,10.0,1.0,7.0,10.0,10.0,6.0,6.0,1.0,5.0,1.0,1.0,7.0,1.0,7.0,3.0,3.0,3.0,2.0,2.0,1.0,1.0,1.0,1.0,1.0,1.0,1.0,1.0,1.0,2.0,1.0,2.0,2.0,1.0,2.0,2.0,2.0,2.0,2.0,2.0,2.0,2.0,2.0,3.0,2.0,3.0,2.0,2.0,2.0,3.0,2.0,2.0,2.0,2.0,3.0,2.0,3.0,2.0,3.0,6.0,6.0,3.0,9.0,8.0,3.0,8.0,3.0,5.0,8.0,8.0,6.0,6.0,2.0,2.0,1.0,1.0,2.0,2.0,2.0
364071733,1.0,2.0,1.0,2.0,1.0,1.0,2.0,2.0,2.0,2.0,1.0,2.0,1.0,1.0,1.0,1.0,2.0,1.0,1.0,1.0,1.0,,1.0,1.0,1.0,1.0,1.0,2.0,2.0,3.0,2.0,2.0,2.0,2.0,3.0,,1.0,2.0,2.0,2.0,4.0,3.0,1.0,2.0,2.0,2.0,8.0,8.0,7.0,3.0,4.0,2.0,2.0,2.0,1.0,1.0,1.0,2.0,2.0,2.0,2.0,4.0,1.0,2.0,1.0,1.0,1.0,1.0,1.0,2.0,1.0,1.0,2.0,1.0,1.0,2.0,1.0,1.0,2.0,2.0,0.0,0.0,0.0,0.0,0.0,0.0,0.0,0.0,0.0,0.0,0.0,8.0,9.0,10.0,3.0,1.0,1.0,10.0,2.0,2.0,2.0,2.0,1.0,3.0,2.0,6.0,4.0,2.0,2.0,0.0,2.0,2.0,2.0,2.0,2.0,3.0,1.0,3.0,4.0,4.0,4.0,4.0,4.0,4.0,1.0,2.0,2.0,4.0,4.0,2.0,2.0,4.0,4.0,4.0,1.0,2.0,1.0,10.0,8.0,5.0,1.0,1.0,9.0,10.0,1.0,1.0,1.0,1.0,,1.0,2.0,1.0,1.0,,1.0,1.0,1.0,1.0,1.0,1.0,1.0,1.0,,1.0,1.0,1.0,1.0,1.0,1.0,1.0,1.0,1.0,,1.0,10.0,2.0,1.0,2.0,2.0,2.0,5.0,2.0,1.0,5.0,5.0,5.0,5.0,3.0,3.0,3.0,3.0,3.0,3.0,3.0,3.0,2.0,3.0,3.0,3.0,3.0,1.0,1.0,1.0,4.0,4.0,4.0,1.0,1.0,2.0,4.0,1.0,1.0,1.0,1.0,2.0,4.0,4.0,1.0,1.0,,10.0,8.0,10.0,8.0,5.0,10.0,10.0,10.0,5.0,10.0,9.0,10.0,2.0,1.0,1.0,1.0,1.0,2.0,1.0
368070802,1.0,1.0,1.0,4.0,1.0,1.0,1.0,2.0,1.0,1.0,2.0,2.0,1.0,2.0,2.0,2.0,1.0,2.0,1.0,1.0,1.0,2.0,1.0,2.0,1.0,1.0,1.0,1.0,1.0,4.0,1.0,2.0,1.0,1.0,5.0,,1.0,1.0,1.0,1.0,1.0,3.0,1.0,1.0,2.0,2.0,5.0,4.0,4.0,4.0,2.0,3.0,3.0,4.0,2.0,2.0,1.0,1.0,2.0,4.0,2.0,2.0,1.0,1.0,3.0,4.0,3.0,2.0,2.0,4.0,4.0,4.0,4.0,4.0,4.0,4.0,4.0,4.0,4.0,4.0,0.0,0.0,0.0,0.0,0.0,0.0,0.0,0.0,0.0,0.0,0.0,1.0,9.0,9.0,9.0,1.0,1.0,10.0,4.0,4.0,4.0,4.0,4.0,3.0,4.0,2.0,1.0,0.0,1.0,1.0,0.0,1.0,0.0,1.0,1.0,2.0,1.0,3.0,3.0,4.0,4.0,4.0,3.0,4.0,2.0,2.0,1.0,3.0,2.0,2.0,2.0,1.0,1.0,1.0,2.0,2.0,1.0,9.0,7.0,1.0,9.0,2.0,5.0,,,,,,1.0,4.0,1.0,1.0,1.0,2.0,2.0,2.0,2.0,2.0,2.0,1.0,1.0,,,1.0,1.0,,1.0,1.0,1.0,5.0,1.0,1.0,,1.0,5.0,1.0,4.0,1.0,1.0,1.0,5.0,1.0,5.0,1.0,5.0,1.0,1.0,1.0,3.0,3.0,1.0,1.0,1.0,2.0,3.0,1.0,1.0,3.0,3.0,2.0,1.0,3.0,4.0,4.0,,1.0,4.0,4.0,1.0,4.0,4.0,4.0,1.0,3.0,3.0,3.0,3.0,3.0,2.0,,9.0,10.0,10.0,10.0,2.0,2.0,2.0,10.0,1.0,10.0,1.0,1.0,4.0,1.0,1.0,1.0,1.0,1.0,1.0
704070116,1.0,2.0,2.0,3.0,1.0,2.0,1.0,2.0,1.0,1.0,2.0,2.0,2.0,2.0,2.0,1.0,1.0,1.0,2.0,1.0,2.0,2.0,2.0,1.0,2.0,2.0,1.0,2.0,2.0,3.0,3.0,3.0,4.0,4.0,4.0,2.0,2.0,1.0,4.0,2.0,2.0,3.0,1.0,1.0,2.0,2.0,10.0,10.0,10.0,4.0,4.0,4.0,4.0,4.0,1.0,2.0,1.0,1.0,2.0,2.0,2.0,2.0,1.0,2.0,2.0,2.0,2.0,2.0,2.0,2.0,1.0,2.0,2.0,2.0,2.0,2.0,2.0,2.0,1.0,2.0,2.0,0.0,0.0,0.0,0.0,0.0,0.0,0.0,0.0,0.0,0.0,1.0,1.0,1.0,10.0,1.0,2.0,1.0,2.0,2.0,2.0,2.0,1.0,1.0,2.0,10.0,3.0,2.0,2.0,2.0,2.0,2.0,0.0,2.0,0.0,2.0,2.0,4.0,2.0,4.0,4.0,2.0,4.0,2.0,2.0,2.0,2.0,3.0,2.0,2.0,2.0,2.0,2.0,2.0,2.0,2.0,1.0,10.0,7.0,8.0,10.0,7.0,10.0,10.0,1.0,2.0,1.0,1.0,2.0,2.0,6.0,7.0,1.0,1.0,1.0,10.0,4.0,6.0,5.0,4.0,6.0,5.0,6.0,4.0,6.0,5.0,6.0,5.0,7.0,6.0,5.0,6.0,5.0,6.0,5.0,3.0,3.0,3.0,4.0,3.0,3.0,3.0,3.0,3.0,3.0,2.0,2.0,2.0,3.0,3.0,3.0,3.0,3.0,3.0,3.0,3.0,3.0,3.0,,,2.0,2.0,3.0,3.0,3.0,4.0,4.0,3.0,4.0,3.0,3.0,4.0,3.0,4.0,2.0,3.0,2.0,3.0,2.0,,8.0,9.0,7.0,6.0,8.0,6.0,8.0,6.0,7.0,10.0,1.0,5.0,2.0,1.0,1.0,2.0,2.0,3.0,3.0
276071469,2.0,2.0,3.0,1.0,4.0,2.0,1.0,2.0,1.0,2.0,2.0,2.0,1.0,2.0,2.0,2.0,2.0,1.0,2.0,2.0,2.0,1.0,2.0,1.0,2.0,2.0,2.0,2.0,4.0,1.0,3.0,1.0,1.0,1.0,2.0,5.0,2.0,4.0,2.0,1.0,1.0,3.0,3.0,1.0,2.0,5.0,10.0,8.0,8.0,4.0,3.0,4.0,4.0,4.0,1.0,2.0,1.0,1.0,3.0,3.0,2.0,3.0,3.0,3.0,4.0,4.0,4.0,2.0,3.0,3.0,3.0,3.0,2.0,,,4.0,1.0,4.0,2.0,3.0,0.0,0.0,0.0,0.0,0.0,0.0,1.0,0.0,0.0,0.0,0.0,7.0,5.0,10.0,3.0,8.0,2.0,9.0,3.0,3.0,3.0,2.0,2.0,1.0,3.0,3.0,1.0,0.0,0.0,2.0,0.0,2.0,2.0,2.0,2.0,3.0,1.0,4.0,4.0,4.0,3.0,4.0,4.0,4.0,2.0,2.0,2.0,4.0,4.0,1.0,2.0,1.0,1.0,4.0,1.0,2.0,2.0,8.0,8.0,5.0,7.0,8.0,1.0,2.0,2.0,2.0,2.0,2.0,4.0,4.0,4.0,8.0,1.0,1.0,2.0,3.0,3.0,1.0,1.0,8.0,1.0,1.0,1.0,5.0,1.0,8.0,8.0,10.0,1.0,5.0,1.0,1.0,5.0,1.0,8.0,1.0,4.0,4.0,2.0,1.0,1.0,1.0,1.0,5.0,5.0,5.0,5.0,3.0,1.0,3.0,3.0,3.0,1.0,2.0,3.0,1.0,3.0,3.0,3.0,3.0,1.0,1.0,1.0,2.0,1.0,3.0,2.0,1.0,4.0,4.0,1.0,1.0,1.0,,3.0,1.0,4.0,1.0,4.0,9.0,8.0,1.0,10.0,7.0,1.0,8.0,1.0,1.0,10.0,10.0,5.0,4.0,2.0,2.0,1.0,1.0,1.0,,4.0
124071234,2.0,1.0,2.0,3.0,4.0,3.0,1.0,2.0,2.0,2.0,1.0,1.0,2.0,1.0,2.0,1.0,2.0,1.0,2.0,1.0,2.0,2.0,2.0,1.0,2.0,2.0,2.0,3.0,4.0,4.0,4.0,3.0,5.0,3.0,4.0,2.0,5.0,3.0,2.0,2.0,4.0,2.0,2.0,2.0,2.0,2.0,8.0,8.0,8.0,4.0,4.0,4.0,4.0,4.0,1.0,1.0,1.0,2.0,1.0,3.0,2.0,2.0,4.0,3.0,3.0,3.0,2.0,3.0,3.0,3.0,3.0,3.0,3.0,3.0,3.0,3.0,3.0,3.0,3.0,3.0,0.0,0.0,0.0,1.0,0.0,0.0,0.0,0.0,0.0,0.0,0.0,3.0,5.0,5.0,1.0,5.0,2.0,7.0,2.0,3.0,2.0,2.0,2.0,2.0,2.0,6.0,5.0,2.0,2.0,0.0,2.0,0.0,2.0,0.0,0.0,2.0,1.0,2.0,3.0,4.0,3.0,2.0,4.0,3.0,2.0,2.0,2.0,4.0,4.0,2.0,2.0,4.0,4.0,4.0,2.0,2.0,2.0,9.0,9.0,1.0,2.0,5.0,10.0,1.0,2.0,2.0,2.0,2.0,4.0,,7.0,8.0,3.0,2.0,2.0,5.0,1.0,1.0,1.0,1.0,1.0,10.0,10.0,10.0,10.0,10.0,3.0,10.0,1.0,1.0,1.0,1.0,1.0,1.0,1.0,4.0,4.0,4.0,2.0,2.0,2.0,1.0,5.0,5.0,1.0,1.0,5.0,4.0,1.0,2.0,3.0,1.0,1.0,2.0,3.0,1.0,2.0,2.0,3.0,3.0,1.0,1.0,1.0,3.0,1.0,3.0,2.0,2.0,1.0,4.0,2.0,1.0,1.0,3.0,4.0,3.0,4.0,1.0,4.0,2.0,8.0,1.0,10.0,10.0,1.0,9.0,4.0,8.0,10.0,10.0,9.0,9.0,2.0,1.0,1.0,1.0,1.0,3.0,3.0
484071102,1.0,1.0,1.0,2.0,1.0,2.0,1.0,2.0,2.0,1.0,2.0,1.0,2.0,1.0,2.0,2.0,1.0,1.0,1.0,1.0,1.0,1.0,1.0,2.0,1.0,1.0,1.0,2.0,4.0,4.0,4.0,1.0,5.0,5.0,1.0,2.0,5.0,2.0,1.0,1.0,1.0,3.0,1.0,2.0,1.0,2.0,10.0,10.0,10.0,4.0,1.0,3.0,3.0,3.0,2.0,2.0,1.0,2.0,3.0,4.0,2.0,2.0,1.0,3.0,3.0,2.0,4.0,4.0,4.0,4.0,4.0,4.0,4.0,2.0,3.0,2.0,2.0,2.0,2.0,1.0,1.0,1.0,0.0,0.0,0.0,0.0,0.0,1.0,0.0,1.0,0.0,1.0,1.0,1.0,1.0,1.0,1.0,10.0,3.0,2.0,3.0,3.0,2.0,3.0,5.0,1.0,3.0,0.0,1.0,1.0,0.0,0.0,2.0,0.0,0.0,3.0,3.0,1.0,1.0,3.0,2.0,1.0,1.0,1.0,1.0,1.0,2.0,1.0,2.0,1.0,1.0,2.0,3.0,3.0,2.0,2.0,1.0,10.0,10.0,1.0,1.0,1.0,1.0,10.0,1.0,1.0,2.0,1.0,3.0,3.0,6.0,2.0,1.0,2.0,2.0,10.0,10.0,10.0,9.0,7.0,8.0,5.0,10.0,1.0,1.0,1.0,10.0,1.0,1.0,1.0,1.0,1.0,10.0,1.0,1.0,4.0,4.0,4.0,3.0,3.0,1.0,1.0,2.0,1.0,4.0,1.0,1.0,1.0,2.0,3.0,1.0,1.0,3.0,3.0,2.0,2.0,3.0,3.0,2.0,2.0,2.0,,3.0,2.0,1.0,1.0,2.0,4.0,2.0,2.0,1.0,1.0,1.0,4.0,1.0,2.0,4.0,2.0,3.0,1.0,1.0,1.0,10.0,10.0,10.0,10.0,10.0,1.0,10.0,10.0,1.0,1.0,3.0,1.0,3.0,3.0,3.0,4.0,4.0
484071581,1.0,1.0,1.0,3.0,1.0,1.0,1.0,2.0,2.0,2.0,2.0,1.0,2.0,2.0,1.0,1.0,1.0,1.0,2.0,2.0,2.0,2.0,2.0,1.0,2.0,2.0,2.0,3.0,4.0,4.0,4.0,1.0,4.0,4.0,1.0,2.0,3.0,2.0,1.0,4.0,4.0,3.0,1.0,1.0,2.0,2.0,9.0,9.0,10.0,4.0,4.0,4.0,4.0,4.0,1.0,2.0,1.0,2.0,2.0,4.0,2.0,2.0,1.0,1.0,2.0,2.0,2.0,4.0,4.0,4.0,4.0,2.0,2.0,2.0,4.0,2.0,2.0,2.0,2.0,2.0,0.0,0.0,0.0,0.0,0.0,0.0,0.0,0.0,0.0,0.0,0.0,1.0,1.0,7.0,2.0,4.0,1.0,10.0,4.0,4.0,4.0,4.0,4.0,4.0,5.0,2.0,4.0,2.0,0.0,0.0,2.0,0.0,2.0,0.0,0.0,2.0,3.0,1.0,2.0,4.0,4.0,2.0,2.0,2.0,1.0,1.0,2.0,1.0,1.0,1.0,2.0,1.0,1.0,1.0,1.0,2.0,2.0,10.0,10.0,5.0,5.0,1.0,10.0,10.0,1.0,2.0,2.0,1.0,4.0,4.0,3.0,1.0,1.0,2.0,2.0,8.0,6.0,6.0,5.0,1.0,7.0,4.0,4.0,1.0,9.0,1.0,1.0,1.0,1.0,1.0,1.0,1.0,1.0,1.0,1.0,4.0,4.0,4.0,3.0,3.0,5.0,3.0,5.0,5.0,5.0,5.0,5.0,5.0,3.0,3.0,3.0,3.0,3.0,3.0,3.0,3.0,3.0,3.0,3.0,3.0,1.0,1.0,4.0,3.0,2.0,1.0,1.0,2.0,3.0,2.0,2.0,2.0,2.0,2.0,2.0,2.0,2.0,2.0,2.0,2.0,7.0,6.0,6.0,8.0,5.0,4.0,7.0,7.0,8.0,10.0,8.0,10.0,4.0,1.0,1.0,1.0,1.0,1.0,1.0
344070129,1.0,1.0,1.0,2.0,2.0,3.0,1.0,1.0,1.0,1.0,2.0,1.0,2.0,2.0,2.0,2.0,2.0,1.0,2.0,1.0,2.0,2.0,2.0,1.0,2.0,2.0,1.0,1.0,1.0,2.0,1.0,2.0,1.0,1.0,4.0,2.0,2.0,2.0,2.0,2.0,2.0,2.0,1.0,2.0,2.0,3.0,7.0,5.0,5.0,4.0,4.0,4.0,4.0,4.0,2.0,2.0,1.0,2.0,1.0,3.0,2.0,2.0,2.0,2.0,2.0,2.0,3.0,2.0,2.0,2.0,3.0,3.0,2.0,1.0,2.0,3.0,2.0,2.0,2.0,2.0,0.0,0.0,0.0,0.0,0.0,0.0,0.0,0.0,0.0,0.0,0.0,4.0,7.0,5.0,1.0,2.0,1.0,3.0,2.0,2.0,1.0,1.0,1.0,1.0,4.0,10.0,4.0,2.0,2.0,2.0,2.0,0.0,2.0,2.0,2.0,3.0,2.0,3.0,2.0,3.0,4.0,4.0,3.0,3.0,1.0,2.0,1.0,2.0,2.0,2.0,2.0,4.0,1.0,1.0,1.0,2.0,1.0,10.0,10.0,7.0,6.0,2.0,9.0,2.0,2.0,2.0,2.0,2.0,3.0,3.0,7.0,8.0,3.0,1.0,2.0,8.0,1.0,1.0,1.0,1.0,1.0,8.0,1.0,1.0,5.0,1.0,1.0,7.0,1.0,2.0,1.0,1.0,1.0,1.0,1.0,2.0,4.0,3.0,2.0,2.0,1.0,1.0,1.0,1.0,2.0,2.0,5.0,4.0,3.0,3.0,2.0,3.0,1.0,3.0,3.0,1.0,3.0,3.0,3.0,3.0,1.0,1.0,1.0,2.0,2.0,3.0,2.0,2.0,3.0,4.0,2.0,1.0,1.0,2.0,4.0,4.0,4.0,1.0,4.0,8.0,5.0,1.0,10.0,10.0,2.0,9.0,7.0,2.0,10.0,10.0,6.0,4.0,2.0,1.0,2.0,,2.0,3.0,3.0
762070072,1.0,1.0,2.0,4.0,2.0,1.0,2.0,2.0,1.0,2.0,2.0,2.0,2.0,2.0,1.0,2.0,1.0,1.0,2.0,1.0,2.0,,2.0,1.0,1.0,2.0,1.0,3.0,2.0,3.0,2.0,1.0,4.0,4.0,4.0,,1.0,1.0,1.0,1.0,2.0,3.0,1.0,3.0,1.0,2.0,10.0,8.0,6.0,4.0,4.0,4.0,4.0,4.0,1.0,2.0,1.0,2.0,3.0,2.0,4.0,3.0,1.0,2.0,3.0,3.0,,2.0,2.0,2.0,3.0,3.0,3.0,2.0,1.0,,,,,,0.0,0.0,0.0,0.0,1.0,0.0,0.0,0.0,0.0,0.0,0.0,10.0,1.0,10.0,5.0,5.0,1.0,5.0,,,,,,3.0,2.0,,3.0,0.0,2.0,1.0,0.0,0.0,2.0,0.0,2.0,2.0,1.0,4.0,4.0,4.0,4.0,4.0,4.0,4.0,2.0,2.0,2.0,3.0,2.0,2.0,2.0,1.0,1.0,1.0,1.0,1.0,1.0,10.0,10.0,1.0,1.0,10.0,10.0,10.0,1.0,1.0,1.0,1.0,2.0,1.0,7.0,1.0,2.0,1.0,1.0,5.0,1.0,1.0,1.0,1.0,1.0,,1.0,1.0,1.0,1.0,1.0,1.0,1.0,1.0,1.0,1.0,1.0,1.0,1.0,2.0,2.0,2.0,3.0,2.0,5.0,1.0,4.0,1.0,5.0,5.0,5.0,2.0,2.0,3.0,2.0,3.0,1.0,2.0,3.0,2.0,3.0,3.0,3.0,3.0,1.0,1.0,3.0,4.0,1.0,4.0,4.0,1.0,1.0,4.0,4.0,1.0,2.0,4.0,1.0,1.0,1.0,1.0,2.0,10.0,5.0,4.0,5.0,8.0,10.0,1.0,10.0,10.0,10.0,10.0,10.0,6.0,1.0,1.0,1.0,1.0,1.0,3.0,2.0
604071183,1.0,3.0,1.0,1.0,1.0,,1.0,2.0,2.0,1.0,2.0,1.0,2.0,1.0,2.0,2.0,1.0,1.0,2.0,2.0,2.0,2.0,2.0,2.0,2.0,2.0,1.0,1.0,1.0,3.0,3.0,1.0,1.0,1.0,4.0,2.0,5.0,1.0,1.0,4.0,4.0,2.0,2.0,2.0,2.0,3.0,7.0,8.0,6.0,4.0,1.0,4.0,4.0,4.0,1.0,2.0,1.0,3.0,2.0,4.0,,,4.0,3.0,4.0,4.0,3.0,3.0,4.0,4.0,4.0,4.0,4.0,3.0,4.0,3.0,3.0,1.0,1.0,2.0,0.0,0.0,0.0,0.0,0.0,2.0,0.0,0.0,0.0,0.0,0.0,10.0,10.0,1.0,1.0,1.0,,10.0,4.0,2.0,4.0,3.0,3.0,3.0,2.0,1.0,2.0,2.0,2.0,2.0,2.0,2.0,2.0,2.0,2.0,3.0,4.0,3.0,2.0,2.0,3.0,2.0,2.0,3.0,1.0,1.0,2.0,1.0,1.0,1.0,2.0,1.0,1.0,1.0,1.0,1.0,1.0,1.0,10.0,10.0,6.0,1.0,3.0,1.0,2.0,2.0,2.0,2.0,4.0,,7.0,8.0,3.0,2.0,2.0,4.0,7.0,1.0,1.0,1.0,1.0,1.0,3.0,1.0,10.0,8.0,1.0,6.0,1.0,1.0,1.0,1.0,1.0,1.0,1.0,4.0,4.0,4.0,3.0,3.0,5.0,1.0,5.0,1.0,5.0,1.0,1.0,5.0,2.0,3.0,2.0,2.0,3.0,3.0,2.0,3.0,2.0,2.0,2.0,3.0,1.0,1.0,2.0,2.0,1.0,1.0,4.0,3.0,1.0,4.0,1.0,1.0,1.0,3.0,2.0,1.0,2.0,1.0,4.0,1.0,10.0,5.0,10.0,6.0,10.0,9.0,1.0,1.0,10.0,10.0,10.0,1.0,3.0,1.0,1.0,1.0,1.0,1.0,1.0
124075283,1.0,1.0,2.0,4.0,2.0,4.0,2.0,1.0,1.0,1.0,2.0,2.0,1.0,2.0,2.0,1.0,2.0,1.0,2.0,2.0,2.0,2.0,2.0,1.0,2.0,2.0,2.0,2.0,2.0,4.0,2.0,1.0,4.0,3.0,2.0,1.0,3.0,4.0,3.0,2.0,3.0,2.0,2.0,2.0,2.0,2.0,6.0,9.0,9.0,4.0,4.0,4.0,4.0,4.0,1.0,1.0,3.0,2.0,3.0,2.0,2.0,2.0,3.0,3.0,4.0,4.0,4.0,4.0,4.0,4.0,4.0,4.0,4.0,4.0,4.0,3.0,3.0,3.0,4.0,4.0,0.0,0.0,0.0,0.0,0.0,0.0,0.0,0.0,0.0,0.0,0.0,6.0,6.0,7.0,6.0,6.0,1.0,6.0,3.0,3.0,3.0,3.0,3.0,1.0,5.0,7.0,3.0,1.0,1.0,1.0,1.0,1.0,1.0,1.0,1.0,2.0,1.0,4.0,4.0,4.0,4.0,4.0,4.0,4.0,2.0,2.0,2.0,1.0,2.0,2.0,2.0,4.0,4.0,4.0,1.0,2.0,1.0,6.0,6.0,6.0,6.0,6.0,6.0,6.0,1.0,2.0,1.0,1.0,4.0,4.0,7.0,7.0,3.0,2.0,2.0,6.0,7.0,6.0,6.0,6.0,7.0,6.0,6.0,6.0,6.0,6.0,7.0,6.0,6.0,6.0,6.0,6.0,6.0,6.0,6.0,4.0,4.0,4.0,4.0,3.0,5.0,5.0,2.0,1.0,1.0,1.0,1.0,1.0,2.0,3.0,3.0,3.0,3.0,3.0,3.0,3.0,3.0,3.0,3.0,3.0,2.0,2.0,4.0,4.0,4.0,4.0,4.0,4.0,4.0,4.0,4.0,4.0,2.0,4.0,3.0,3.0,3.0,3.0,3.0,7.0,6.0,7.0,6.0,6.0,6.0,6.0,6.0,6.0,6.0,6.0,7.0,7.0,3.0,3.0,3.0,3.0,2.0,2.0,3.0
203070072,1.0,1.0,1.0,2.0,1.0,2.0,1.0,1.0,2.0,2.0,1.0,2.0,1.0,2.0,2.0,1.0,2.0,2.0,2.0,2.0,2.0,2.0,2.0,1.0,2.0,2.0,1.0,3.0,2.0,3.0,2.0,2.0,3.0,3.0,3.0,3.0,3.0,2.0,2.0,2.0,1.0,2.0,1.0,1.0,2.0,2.0,5.0,7.0,9.0,4.0,4.0,4.0,4.0,4.0,1.0,2.0,1.0,2.0,2.0,4.0,4.0,3.0,3.0,3.0,3.0,3.0,3.0,3.0,3.0,2.0,3.0,3.0,3.0,3.0,4.0,3.0,4.0,3.0,4.0,2.0,0.0,0.0,0.0,0.0,0.0,0.0,0.0,0.0,0.0,0.0,0.0,9.0,7.0,4.0,5.0,8.0,1.0,8.0,4.0,4.0,4.0,4.0,4.0,4.0,4.0,7.0,3.0,2.0,1.0,1.0,1.0,2.0,1.0,1.0,1.0,3.0,2.0,4.0,4.0,4.0,4.0,4.0,4.0,4.0,2.0,2.0,2.0,2.0,2.0,2.0,2.0,2.0,2.0,2.0,1.0,2.0,1.0,8.0,5.0,3.0,7.0,7.0,8.0,7.0,2.0,2.0,2.0,2.0,2.0,1.0,6.0,2.0,1.0,2.0,2.0,6.0,2.0,6.0,3.0,2.0,6.0,2.0,2.0,2.0,6.0,2.0,2.0,2.0,2.0,2.0,3.0,2.0,2.0,2.0,2.0,2.0,2.0,4.0,3.0,2.0,1.0,2.0,2.0,1.0,2.0,1.0,2.0,1.0,3.0,3.0,3.0,3.0,3.0,3.0,3.0,3.0,3.0,3.0,3.0,3.0,3.0,3.0,2.0,,4.0,3.0,1.0,3.0,2.0,4.0,2.0,2.0,1.0,5.0,4.0,4.0,4.0,2.0,3.0,7.0,5.0,5.0,5.0,5.0,5.0,5.0,5.0,8.0,5.0,8.0,9.0,8.0,3.0,2.0,1.0,3.0,2.0,3.0,3.0
360071418,1.0,2.0,2.0,2.0,1.0,1.0,1.0,2.0,1.0,1.0,2.0,1.0,2.0,2.0,1.0,2.0,2.0,1.0,2.0,1.0,2.0,1.0,2.0,1.0,1.0,2.0,2.0,3.0,3.0,3.0,3.0,3.0,2.0,2.0,2.0,4.0,4.0,2.0,4.0,4.0,2.0,3.0,1.0,1.0,2.0,2.0,7.0,7.0,6.0,2.0,4.0,2.0,2.0,4.0,1.0,2.0,2.0,3.0,3.0,2.0,2.0,3.0,2.0,3.0,4.0,3.0,3.0,3.0,3.0,3.0,3.0,3.0,2.0,3.0,3.0,3.0,2.0,3.0,3.0,3.0,2.0,1.0,0.0,1.0,1.0,1.0,0.0,1.0,0.0,1.0,1.0,7.0,5.0,5.0,5.0,5.0,2.0,8.0,3.0,2.0,2.0,2.0,2.0,2.0,4.0,5.0,3.0,0.0,2.0,0.0,0.0,0.0,2.0,0.0,0.0,3.0,2.0,4.0,3.0,3.0,4.0,4.0,3.0,4.0,1.0,2.0,2.0,2.0,2.0,2.0,2.0,1.0,1.0,1.0,2.0,2.0,2.0,6.0,5.0,1.0,5.0,1.0,5.0,10.0,1.0,1.0,1.0,1.0,3.0,3.0,2.0,1.0,1.0,1.0,1.0,5.0,3.0,7.0,1.0,1.0,1.0,1.0,1.0,1.0,5.0,1.0,1.0,1.0,1.0,1.0,1.0,3.0,1.0,3.0,5.0,2.0,3.0,3.0,2.0,2.0,5.0,1.0,2.0,4.0,5.0,5.0,5.0,1.0,1.0,3.0,3.0,3.0,3.0,3.0,3.0,1.0,,,,,1.0,1.0,2.0,3.0,3.0,3.0,3.0,2.0,3.0,4.0,2.0,3.0,2.0,2.0,3.0,3.0,3.0,2.0,3.0,5.0,5.0,3.0,7.0,3.0,5.0,5.0,5.0,5.0,5.0,5.0,5.0,5.0,2.0,2.0,3.0,3.0,4.0,4.0,4.0
300070510,1.0,2.0,2.0,2.0,1.0,4.0,2.0,1.0,2.0,1.0,1.0,2.0,2.0,1.0,2.0,1.0,2.0,1.0,2.0,2.0,1.0,2.0,1.0,2.0,2.0,2.0,2.0,1.0,3.0,3.0,2.0,2.0,4.0,1.0,1.0,3.0,2.0,,2.0,2.0,2.0,1.0,1.0,1.0,2.0,1.0,6.0,7.0,6.0,4.0,2.0,4.0,3.0,4.0,1.0,1.0,1.0,3.0,3.0,4.0,3.0,3.0,1.0,1.0,3.0,3.0,4.0,1.0,1.0,4.0,4.0,4.0,1.0,1.0,1.0,2.0,2.0,4.0,2.0,4.0,0.0,0.0,0.0,0.0,0.0,0.0,0.0,0.0,0.0,0.0,0.0,9.0,1.0,6.0,1.0,7.0,1.0,7.0,3.0,2.0,3.0,3.0,4.0,1.0,5.0,10.0,3.0,0.0,0.0,2.0,2.0,2.0,0.0,0.0,2.0,2.0,1.0,2.0,4.0,4.0,4.0,4.0,4.0,4.0,2.0,2.0,2.0,4.0,,2.0,2.0,4.0,4.0,4.0,2.0,2.0,1.0,10.0,8.0,6.0,1.0,6.0,6.0,10.0,1.0,1.0,1.0,1.0,2.0,2.0,6.0,1.0,1.0,2.0,2.0,10.0,1.0,1.0,1.0,1.0,1.0,9.0,3.0,4.0,5.0,7.0,1.0,1.0,1.0,1.0,1.0,1.0,1.0,1.0,1.0,3.0,3.0,3.0,2.0,2.0,5.0,1.0,1.0,1.0,4.0,1.0,5.0,1.0,2.0,2.0,2.0,2.0,1.0,2.0,2.0,2.0,1.0,1.0,1.0,1.0,1.0,1.0,2.0,3.0,3.0,3.0,2.0,2.0,3.0,3.0,2.0,2.0,2.0,,2.0,3.0,3.0,2.0,4.0,7.0,10.0,1.0,10.0,10.0,1.0,10.0,1.0,1.0,10.0,10.0,5.0,7.0,1.0,3.0,2.0,2.0,2.0,4.0,4.0
496070160,2.0,3.0,2.0,1.0,2.0,1.0,2.0,1.0,1.0,1.0,1.0,1.0,2.0,2.0,2.0,2.0,2.0,2.0,2.0,1.0,1.0,1.0,1.0,1.0,2.0,2.0,2.0,1.0,2.0,1.0,3.0,2.0,3.0,2.0,3.0,2.0,1.0,3.0,2.0,3.0,2.0,2.0,1.0,2.0,3.0,4.0,8.0,6.0,8.0,2.0,3.0,2.0,1.0,2.0,2.0,1.0,2.0,1.0,2.0,1.0,2.0,1.0,2.0,1.0,2.0,3.0,2.0,3.0,4.0,3.0,2.0,3.0,2.0,1.0,2.0,3.0,4.0,3.0,2.0,3.0,2.0,1.0,2.0,1.0,2.0,2.0,2.0,2.0,1.0,2.0,1.0,5.0,6.0,7.0,7.0,7.0,1.0,8.0,2.0,1.0,2.0,3.0,2.0,3.0,5.0,7.0,2.0,2.0,1.0,2.0,2.0,2.0,1.0,2.0,1.0,4.0,4.0,1.0,2.0,3.0,4.0,4.0,1.0,1.0,1.0,2.0,1.0,2.0,1.0,1.0,2.0,2.0,1.0,1.0,2.0,2.0,1.0,6.0,7.0,7.0,8.0,9.0,8.0,6.0,1.0,2.0,1.0,1.0,2.0,1.0,5.0,5.0,3.0,2.0,2.0,6.0,2.0,4.0,5.0,4.0,5.0,6.0,5.0,4.0,3.0,5.0,7.0,5.0,4.0,5.0,4.0,3.0,5.0,4.0,5.0,2.0,2.0,3.0,3.0,2.0,2.0,1.0,1.0,1.0,1.0,1.0,1.0,1.0,1.0,2.0,3.0,2.0,2.0,1.0,2.0,1.0,2.0,1.0,2.0,1.0,2.0,3.0,1.0,2.0,1.0,2.0,1.0,1.0,3.0,2.0,3.0,2.0,3.0,4.0,2.0,1.0,2.0,1.0,2.0,7.0,3.0,2.0,7.0,3.0,5.0,5.0,7.0,6.0,9.0,8.0,8.0,6.0,3.0,1.0,2.0,1.0,1.0,1.0,1.0
50070136,1.0,1.0,2.0,3.0,2.0,1.0,1.0,2.0,1.0,1.0,2.0,1.0,2.0,2.0,1.0,2.0,2.0,1.0,2.0,1.0,2.0,2.0,1.0,1.0,1.0,2.0,1.0,2.0,2.0,1.0,3.0,2.0,1.0,1.0,4.0,4.0,2.0,1.0,2.0,1.0,2.0,3.0,1.0,2.0,3.0,3.0,7.0,8.0,8.0,4.0,4.0,2.0,2.0,3.0,1.0,2.0,1.0,1.0,2.0,3.0,3.0,3.0,1.0,1.0,1.0,1.0,2.0,3.0,2.0,2.0,2.0,1.0,1.0,1.0,2.0,1.0,2.0,3.0,2.0,2.0,0.0,0.0,0.0,0.0,0.0,0.0,0.0,0.0,0.0,1.0,0.0,1.0,7.0,8.0,7.0,8.0,2.0,10.0,2.0,3.0,2.0,4.0,2.0,4.0,2.0,6.0,4.0,2.0,0.0,2.0,1.0,2.0,0.0,2.0,2.0,2.0,3.0,4.0,3.0,3.0,4.0,3.0,2.0,2.0,1.0,1.0,2.0,2.0,2.0,2.0,1.0,1.0,1.0,1.0,2.0,2.0,1.0,10.0,10.0,8.0,6.0,1.0,10.0,10.0,1.0,1.0,1.0,1.0,1.0,1.0,1.0,3.0,1.0,1.0,2.0,7.0,1.0,1.0,1.0,1.0,1.0,5.0,1.0,3.0,1.0,1.0,4.0,1.0,1.0,2.0,2.0,2.0,1.0,1.0,1.0,1.0,3.0,3.0,4.0,2.0,5.0,1.0,4.0,1.0,5.0,5.0,5.0,4.0,2.0,3.0,2.0,3.0,3.0,2.0,3.0,2.0,3.0,3.0,3.0,3.0,2.0,2.0,3.0,1.0,1.0,2.0,1.0,2.0,2.0,4.0,1.0,1.0,1.0,3.0,3.0,2.0,3.0,1.0,2.0,10.0,10.0,8.0,10.0,8.0,2.0,10.0,6.0,3.0,10.0,10.0,7.0,7.0,1.0,1.0,1.0,1.0,1.0,2.0,2.0
410070116,1.0,2.0,2.0,2.0,2.0,2.0,1.0,1.0,1.0,1.0,2.0,2.0,1.0,2.0,2.0,2.0,2.0,1.0,2.0,1.0,2.0,1.0,2.0,1.0,2.0,1.0,2.0,2.0,2.0,2.0,2.0,2.0,2.0,1.0,2.0,3.0,2.0,2.0,2.0,2.0,2.0,3.0,2.0,2.0,3.0,3.0,7.0,4.0,3.0,4.0,4.0,4.0,4.0,4.0,2.0,2.0,1.0,2.0,2.0,4.0,4.0,4.0,2.0,3.0,3.0,3.0,3.0,3.0,3.0,3.0,4.0,4.0,3.0,3.0,3.0,4.0,4.0,4.0,4.0,4.0,1.0,0.0,0.0,0.0,0.0,0.0,0.0,0.0,0.0,0.0,0.0,3.0,7.0,5.0,3.0,7.0,2.0,8.0,3.0,3.0,3.0,3.0,3.0,3.0,5.0,7.0,3.0,2.0,2.0,2.0,2.0,2.0,2.0,2.0,2.0,2.0,2.0,4.0,4.0,2.0,4.0,4.0,2.0,2.0,2.0,2.0,2.0,2.0,2.0,2.0,2.0,2.0,2.0,2.0,2.0,1.0,2.0,6.0,5.0,6.0,6.0,5.0,6.0,4.0,2.0,2.0,2.0,2.0,3.0,3.0,4.0,6.0,2.0,2.0,2.0,6.0,1.0,2.0,1.0,1.0,1.0,1.0,1.0,4.0,6.0,5.0,1.0,4.0,3.0,1.0,1.0,3.0,4.0,1.0,7.0,1.0,1.0,1.0,3.0,3.0,5.0,1.0,5.0,5.0,5.0,5.0,5.0,1.0,2.0,2.0,2.0,2.0,2.0,2.0,2.0,2.0,2.0,2.0,2.0,2.0,1.0,1.0,2.0,2.0,2.0,3.0,2.0,2.0,2.0,3.0,3.0,3.0,2.0,,2.0,2.0,3.0,2.0,2.0,5.0,4.0,3.0,3.0,5.0,3.0,6.0,3.0,4.0,5.0,5.0,4.0,5.0,3.0,2.0,1.0,1.0,1.0,3.0,3.0
434070274,1.0,1.0,2.0,4.0,2.0,1.0,1.0,2.0,1.0,1.0,2.0,2.0,2.0,2.0,1.0,1.0,2.0,1.0,2.0,2.0,2.0,2.0,2.0,2.0,2.0,2.0,1.0,3.0,1.0,3.0,4.0,1.0,5.0,1.0,1.0,5.0,2.0,1.0,3.0,1.0,1.0,3.0,1.0,1.0,2.0,2.0,5.0,10.0,10.0,4.0,4.0,4.0,4.0,4.0,1.0,1.0,1.0,3.0,1.0,2.0,2.0,2.0,3.0,4.0,3.0,3.0,3.0,4.0,4.0,4.0,4.0,4.0,3.0,3.0,4.0,4.0,4.0,3.0,3.0,3.0,0.0,0.0,0.0,0.0,0.0,0.0,0.0,0.0,0.0,0.0,0.0,5.0,10.0,5.0,5.0,5.0,1.0,7.0,2.0,2.0,3.0,2.0,2.0,1.0,4.0,,1.0,2.0,1.0,2.0,1.0,2.0,2.0,0.0,0.0,3.0,1.0,4.0,4.0,4.0,4.0,4.0,4.0,4.0,2.0,2.0,2.0,1.0,1.0,2.0,2.0,3.0,1.0,1.0,2.0,2.0,1.0,10.0,7.0,5.0,5.0,8.0,5.0,10.0,1.0,1.0,1.0,1.0,1.0,1.0,6.0,1.0,2.0,2.0,2.0,6.0,6.0,1.0,1.0,1.0,1.0,1.0,1.0,1.0,7.0,1.0,1.0,1.0,1.0,7.0,1.0,1.0,1.0,1.0,10.0,1.0,4.0,1.0,4.0,3.0,5.0,4.0,1.0,1.0,5.0,5.0,1.0,1.0,2.0,3.0,3.0,2.0,2.0,3.0,3.0,3.0,2.0,2.0,3.0,3.0,3.0,3.0,3.0,3.0,1.0,1.0,3.0,3.0,2.0,3.0,4.0,1.0,1.0,5.0,1.0,1.0,4.0,1.0,4.0,3.0,7.0,6.0,10.0,10.0,5.0,10.0,5.0,5.0,8.0,7.0,1.0,7.0,3.0,2.0,1.0,1.0,1.0,1.0,2.0
360071676,1.0,2.0,2.0,3.0,1.0,1.0,1.0,1.0,2.0,1.0,2.0,1.0,2.0,2.0,1.0,2.0,2.0,1.0,2.0,1.0,2.0,2.0,2.0,2.0,1.0,2.0,1.0,3.0,2.0,2.0,2.0,2.0,2.0,2.0,4.0,2.0,2.0,2.0,1.0,2.0,2.0,3.0,1.0,1.0,3.0,2.0,6.0,7.0,7.0,3.0,4.0,1.0,3.0,4.0,1.0,2.0,2.0,2.0,2.0,4.0,2.0,4.0,2.0,2.0,3.0,3.0,3.0,3.0,2.0,2.0,3.0,2.0,2.0,2.0,2.0,2.0,2.0,2.0,2.0,2.0,2.0,0.0,0.0,0.0,0.0,2.0,0.0,1.0,1.0,1.0,1.0,7.0,3.0,1.0,10.0,3.0,1.0,10.0,3.0,3.0,2.0,2.0,2.0,1.0,2.0,5.0,4.0,2.0,2.0,0.0,0.0,0.0,2.0,0.0,0.0,3.0,2.0,3.0,3.0,4.0,4.0,4.0,4.0,4.0,1.0,1.0,2.0,2.0,1.0,2.0,2.0,2.0,1.0,1.0,2.0,2.0,1.0,10.0,10.0,10.0,7.0,10.0,10.0,10.0,1.0,1.0,1.0,1.0,2.0,1.0,1.0,1.0,1.0,1.0,2.0,1.0,1.0,1.0,1.0,1.0,1.0,1.0,1.0,1.0,1.0,1.0,1.0,1.0,1.0,1.0,1.0,1.0,1.0,1.0,1.0,1.0,1.0,3.0,3.0,3.0,5.0,1.0,5.0,1.0,5.0,1.0,1.0,1.0,3.0,3.0,3.0,3.0,2.0,2.0,3.0,2.0,3.0,3.0,2.0,2.0,1.0,1.0,1.0,2.0,2.0,4.0,2.0,2.0,3.0,4.0,3.0,2.0,1.0,4.0,2.0,2.0,2.0,2.0,2.0,4.0,10.0,10.0,10.0,10.0,7.0,10.0,10.0,10.0,10.0,10.0,10.0,8.0,2.0,1.0,1.0,2.0,3.0,4.0,3.0
764070961,1.0,2.0,3.0,2.0,2.0,1.0,1.0,2.0,1.0,2.0,2.0,1.0,1.0,1.0,2.0,2.0,2.0,1.0,2.0,2.0,2.0,1.0,1.0,1.0,2.0,2.0,2.0,2.0,4.0,4.0,3.0,4.0,1.0,2.0,3.0,4.0,2.0,1.0,2.0,2.0,2.0,3.0,1.0,3.0,1.0,1.0,9.0,10.0,10.0,2.0,4.0,4.0,2.0,4.0,1.0,2.0,1.0,3.0,3.0,3.0,3.0,3.0,2.0,3.0,2.0,2.0,2.0,4.0,2.0,3.0,3.0,3.0,3.0,1.0,2.0,2.0,1.0,3.0,,2.0,2.0,0.0,0.0,0.0,0.0,0.0,0.0,0.0,0.0,0.0,0.0,7.0,8.0,3.0,8.0,8.0,2.0,10.0,2.0,3.0,2.0,2.0,1.0,1.0,4.0,7.0,2.0,0.0,2.0,2.0,1.0,2.0,0.0,2.0,2.0,4.0,2.0,4.0,3.0,2.0,4.0,4.0,4.0,4.0,2.0,2.0,2.0,1.0,1.0,2.0,2.0,4.0,4.0,4.0,2.0,2.0,1.0,8.0,8.0,5.0,8.0,8.0,10.0,10.0,1.0,1.0,1.0,1.0,2.0,2.0,3.0,2.0,2.0,,2.0,8.0,1.0,1.0,1.0,1.0,1.0,1.0,1.0,1.0,1.0,8.0,1.0,1.0,1.0,1.0,1.0,1.0,1.0,1.0,1.0,3.0,4.0,4.0,2.0,1.0,2.0,1.0,5.0,5.0,5.0,5.0,5.0,5.0,3.0,3.0,3.0,3.0,3.0,3.0,3.0,3.0,3.0,3.0,3.0,3.0,1.0,1.0,2.0,2.0,3.0,2.0,2.0,2.0,2.0,4.0,2.0,2.0,1.0,,2.0,4.0,3.0,1.0,2.0,,10.0,3.0,10.0,3.0,1.0,3.0,10.0,1.0,10.0,9.0,10.0,3.0,3.0,1.0,1.0,2.0,2.0,4.0,2.0
158071013,1.0,2.0,1.0,3.0,1.0,2.0,1.0,2.0,1.0,1.0,2.0,1.0,1.0,2.0,2.0,2.0,2.0,1.0,1.0,1.0,2.0,1.0,2.0,1.0,1.0,2.0,2.0,3.0,3.0,2.0,2.0,2.0,2.0,2.0,4.0,4.0,2.0,2.0,2.0,2.0,2.0,3.0,1.0,1.0,2.0,2.0,10.0,8.0,6.0,4.0,4.0,4.0,2.0,4.0,1.0,2.0,2.0,3.0,2.0,2.0,3.0,3.0,3.0,3.0,3.0,3.0,3.0,2.0,3.0,3.0,4.0,3.0,2.0,2.0,2.0,2.0,2.0,2.0,2.0,2.0,0.0,0.0,0.0,0.0,0.0,0.0,0.0,0.0,0.0,0.0,0.0,10.0,10.0,10.0,1.0,1.0,2.0,10.0,3.0,2.0,2.0,2.0,2.0,1.0,2.0,9.0,4.0,2.0,,0.0,2.0,0.0,2.0,0.0,0.0,2.0,2.0,4.0,4.0,4.0,3.0,4.0,4.0,4.0,1.0,1.0,2.0,1.0,2.0,2.0,2.0,1.0,1.0,1.0,2.0,2.0,1.0,10.0,10.0,5.0,5.0,3.0,10.0,10.0,1.0,1.0,1.0,2.0,3.0,2.0,1.0,1.0,1.0,2.0,2.0,8.0,1.0,1.0,1.0,1.0,1.0,1.0,1.0,1.0,1.0,3.0,3.0,7.0,1.0,4.0,1.0,2.0,2.0,1.0,8.0,2.0,3.0,3.0,3.0,3.0,5.0,3.0,5.0,5.0,5.0,5.0,5.0,5.0,3.0,3.0,3.0,3.0,3.0,3.0,3.0,1.0,3.0,3.0,3.0,3.0,2.0,2.0,3.0,2.0,2.0,4.0,2.0,1.0,1.0,4.0,4.0,2.0,1.0,4.0,1.0,1.0,2.0,2.0,3.0,3.0,8.0,7.0,7.0,8.0,8.0,9.0,9.0,8.0,9.0,9.0,8.0,4.0,3.0,2.0,2.0,2.0,2.0,3.0,3.0
792070708,1.0,2.0,2.0,2.0,2.0,1.0,1.0,2.0,1.0,2.0,2.0,2.0,1.0,2.0,1.0,2.0,1.0,2.0,2.0,2.0,2.0,1.0,2.0,2.0,2.0,2.0,2.0,2.0,2.0,,2.0,3.0,2.0,3.0,4.0,3.0,3.0,3.0,4.0,3.0,2.0,1.0,2.0,2.0,2.0,3.0,4.0,4.0,3.0,3.0,4.0,3.0,2.0,3.0,3.0,2.0,1.0,2.0,2.0,3.0,2.0,2.0,2.0,2.0,3.0,3.0,3.0,1.0,2.0,1.0,2.0,1.0,3.0,3.0,3.0,,,,,,0.0,0.0,0.0,0.0,1.0,0.0,0.0,0.0,0.0,0.0,0.0,3.0,3.0,3.0,5.0,5.0,1.0,2.0,1.0,2.0,,,2.0,1.0,3.0,3.0,3.0,1.0,1.0,1.0,1.0,1.0,1.0,1.0,1.0,1.0,3.0,2.0,3.0,3.0,3.0,3.0,3.0,3.0,,,,2.0,1.0,2.0,2.0,2.0,2.0,2.0,2.0,2.0,1.0,4.0,5.0,1.0,3.0,5.0,3.0,9.0,1.0,1.0,1.0,1.0,1.0,1.0,2.0,2.0,1.0,1.0,1.0,4.0,1.0,1.0,1.0,1.0,1.0,1.0,1.0,1.0,1.0,1.0,1.0,1.0,1.0,1.0,1.0,,1.0,,1.0,3.0,3.0,3.0,2.0,2.0,3.0,1.0,5.0,1.0,5.0,2.0,3.0,2.0,3.0,3.0,2.0,3.0,2.0,2.0,3.0,2.0,2.0,2.0,2.0,2.0,1.0,1.0,1.0,3.0,3.0,4.0,3.0,3.0,3.0,3.0,3.0,3.0,2.0,,3.0,2.0,,2.0,2.0,3.0,4.0,5.0,3.0,5.0,,4.0,5.0,6.0,5.0,7.0,5.0,8.0,1.0,2.0,2.0,2.0,2.0,3.0,3.0
360072662,1.0,1.0,2.0,1.0,1.0,1.0,1.0,1.0,1.0,1.0,2.0,2.0,2.0,2.0,1.0,2.0,2.0,1.0,2.0,1.0,2.0,1.0,2.0,1.0,1.0,2.0,1.0,3.0,2.0,1.0,3.0,1.0,4.0,1.0,4.0,4.0,2.0,1.0,5.0,1.0,4.0,3.0,1.0,3.0,1.0,2.0,9.0,8.0,10.0,4.0,4.0,4.0,4.0,4.0,2.0,2.0,2.0,3.0,4.0,4.0,4.0,4.0,1.0,3.0,4.0,3.0,3.0,3.0,2.0,1.0,3.0,3.0,3.0,2.0,3.0,3.0,2.0,2.0,2.0,1.0,2.0,0.0,0.0,2.0,2.0,2.0,0.0,2.0,0.0,0.0,,10.0,1.0,1.0,5.0,6.0,1.0,9.0,2.0,3.0,3.0,2.0,4.0,1.0,1.0,6.0,4.0,2.0,0.0,0.0,0.0,0.0,2.0,0.0,0.0,3.0,1.0,4.0,2.0,4.0,4.0,2.0,4.0,4.0,2.0,2.0,2.0,1.0,1.0,2.0,2.0,1.0,1.0,1.0,1.0,2.0,1.0,7.0,10.0,1.0,5.0,1.0,4.0,10.0,1.0,1.0,1.0,1.0,2.0,1.0,3.0,1.0,1.0,2.0,1.0,7.0,6.0,5.0,1.0,7.0,6.0,1.0,1.0,1.0,1.0,1.0,1.0,1.0,1.0,1.0,1.0,1.0,1.0,2.0,7.0,2.0,1.0,2.0,1.0,1.0,5.0,1.0,5.0,5.0,,,,1.0,3.0,3.0,1.0,3.0,1.0,1.0,3.0,3.0,,,,,1.0,1.0,1.0,4.0,3.0,2.0,2.0,2.0,2.0,4.0,2.0,1.0,1.0,2.0,2.0,1.0,2.0,2.0,1.0,7.0,1.0,7.0,7.0,8.0,4.0,8.0,5.0,7.0,10.0,8.0,9.0,8.0,2.0,1.0,1.0,1.0,1.0,2.0,1.0
203070448,1.0,1.0,1.0,3.0,3.0,3.0,2.0,1.0,2.0,1.0,2.0,2.0,1.0,1.0,2.0,1.0,2.0,1.0,1.0,2.0,1.0,2.0,2.0,1.0,2.0,2.0,,,3.0,3.0,3.0,1.0,2.0,1.0,3.0,3.0,4.0,3.0,2.0,3.0,3.0,1.0,,,2.0,2.0,7.0,8.0,8.0,4.0,4.0,4.0,4.0,4.0,3.0,1.0,1.0,2.0,1.0,2.0,2.0,2.0,3.0,,2.0,2.0,,2.0,3.0,3.0,3.0,3.0,,,2.0,,2.0,,2.0,2.0,0.0,0.0,0.0,0.0,0.0,0.0,0.0,0.0,0.0,0.0,0.0,10.0,3.0,1.0,1.0,10.0,1.0,6.0,2.0,,,2.0,,1.0,2.0,,3.0,1.0,2.0,2.0,2.0,1.0,2.0,1.0,2.0,2.0,2.0,,,,,,,,2.0,2.0,2.0,4.0,4.0,2.0,2.0,2.0,4.0,4.0,2.0,2.0,,5.0,5.0,5.0,,8.0,5.0,1.0,2.0,2.0,2.0,2.0,4.0,4.0,7.0,7.0,2.0,2.0,1.0,5.0,1.0,1.0,1.0,1.0,1.0,10.0,10.0,10.0,6.0,10.0,6.0,6.0,1.0,1.0,1.0,1.0,10.0,1.0,6.0,2.0,,,3.0,2.0,3.0,1.0,2.0,5.0,5.0,5.0,5.0,3.0,3.0,3.0,3.0,3.0,3.0,3.0,3.0,3.0,3.0,3.0,3.0,3.0,3.0,3.0,1.0,,2.0,,1.0,1.0,2.0,,1.0,1.0,1.0,5.0,4.0,1.0,4.0,1.0,4.0,4.0,10.0,1.0,10.0,5.0,1.0,10.0,5.0,1.0,10.0,8.0,6.0,6.0,3.0,2.0,1.0,1.0,1.0,3.0,3.0
124073183,1.0,1.0,1.0,1.0,1.0,1.0,1.0,2.0,2.0,2.0,1.0,2.0,1.0,2.0,2.0,2.0,2.0,1.0,1.0,1.0,1.0,2.0,1.0,1.0,1.0,1.0,1.0,1.0,1.0,1.0,1.0,1.0,3.0,3.0,3.0,3.0,3.0,5.0,2.0,4.0,2.0,1.0,2.0,3.0,2.0,3.0,7.0,8.0,8.0,3.0,2.0,2.0,2.0,2.0,3.0,2.0,2.0,1.0,2.0,2.0,3.0,3.0,4.0,4.0,4.0,4.0,4.0,4.0,4.0,4.0,4.0,4.0,4.0,4.0,4.0,4.0,4.0,4.0,4.0,4.0,0.0,0.0,0.0,0.0,0.0,0.0,0.0,0.0,0.0,0.0,0.0,9.0,6.0,7.0,10.0,9.0,2.0,8.0,1.0,1.0,1.0,1.0,1.0,1.0,3.0,6.0,3.0,1.0,2.0,2.0,2.0,2.0,1.0,2.0,2.0,3.0,3.0,3.0,3.0,3.0,3.0,3.0,3.0,3.0,2.0,2.0,2.0,4.0,4.0,2.0,2.0,4.0,4.0,4.0,2.0,2.0,2.0,4.0,7.0,3.0,4.0,3.0,5.0,5.0,1.0,1.0,2.0,1.0,,,7.0,1.0,2.0,2.0,2.0,8.0,1.0,1.0,1.0,1.0,10.0,10.0,1.0,10.0,10.0,10.0,1.0,5.0,1.0,1.0,1.0,1.0,1.0,1.0,5.0,1.0,4.0,4.0,4.0,3.0,5.0,3.0,5.0,5.0,5.0,1.0,1.0,5.0,3.0,3.0,3.0,3.0,3.0,3.0,3.0,3.0,3.0,3.0,3.0,3.0,,,4.0,4.0,4.0,4.0,4.0,4.0,4.0,4.0,4.0,4.0,4.0,5.0,4.0,4.0,4.0,4.0,4.0,7.0,9.0,7.0,8.0,8.0,8.0,8.0,7.0,8.0,7.0,8.0,9.0,8.0,4.0,1.0,3.0,3.0,2.0,3.0,3.0
586071061,1.0,1.0,1.0,1.0,1.0,1.0,1.0,2.0,1.0,1.0,2.0,2.0,1.0,2.0,1.0,2.0,2.0,1.0,2.0,1.0,2.0,1.0,2.0,1.0,1.0,2.0,1.0,1.0,1.0,1.0,1.0,3.0,1.0,1.0,2.0,,1.0,1.0,1.0,1.0,1.0,3.0,1.0,1.0,2.0,2.0,10.0,1.0,1.0,2.0,4.0,4.0,4.0,2.0,3.0,2.0,2.0,2.0,2.0,2.0,2.0,4.0,1.0,1.0,2.0,2.0,2.0,3.0,2.0,4.0,2.0,,,1.0,2.0,2.0,4.0,3.0,2.0,1.0,0.0,0.0,0.0,0.0,0.0,0.0,0.0,0.0,0.0,0.0,1.0,10.0,,5.0,1.0,1.0,2.0,10.0,,,,2.0,4.0,4.0,2.0,,4.0,1.0,,,1.0,1.0,0.0,2.0,1.0,4.0,2.0,3.0,4.0,3.0,3.0,4.0,4.0,4.0,1.0,1.0,2.0,1.0,1.0,2.0,1.0,1.0,1.0,1.0,1.0,2.0,1.0,10.0,10.0,1.0,8.0,5.0,10.0,10.0,1.0,1.0,1.0,1.0,2.0,2.0,4.0,3.0,1.0,1.0,1.0,1.0,10.0,1.0,1.0,,1.0,,1.0,1.0,1.0,1.0,1.0,1.0,1.0,6.0,1.0,1.0,1.0,1.0,,1.0,1.0,4.0,3.0,2.0,5.0,2.0,5.0,5.0,5.0,5.0,5.0,3.0,,,3.0,3.0,3.0,2.0,2.0,2.0,3.0,3.0,3.0,3.0,1.0,1.0,4.0,2.0,1.0,1.0,,4.0,1.0,1.0,4.0,2.0,1.0,5.0,4.0,4.0,2.0,1.0,1.0,,10.0,10.0,10.0,10.0,10.0,10.0,10.0,10.0,10.0,10.0,1.0,1.0,4.0,1.0,1.0,1.0,1.0,1.0,2.0
276070824,1.0,1.0,2.0,2.0,2.0,3.0,1.0,1.0,1.0,2.0,2.0,1.0,1.0,2.0,2.0,2.0,2.0,1.0,2.0,2.0,2.0,2.0,2.0,1.0,2.0,2.0,1.0,2.0,3.0,4.0,4.0,2.0,4.0,4.0,3.0,2.0,3.0,4.0,2.0,2.0,2.0,3.0,1.0,1.0,2.0,2.0,8.0,8.0,8.0,4.0,2.0,4.0,4.0,4.0,1.0,1.0,1.0,2.0,2.0,3.0,3.0,3.0,2.0,2.0,3.0,3.0,3.0,1.0,2.0,3.0,3.0,3.0,3.0,2.0,2.0,3.0,3.0,2.0,2.0,3.0,1.0,1.0,1.0,0.0,0.0,2.0,0.0,2.0,0.0,0.0,0.0,8.0,,5.0,2.0,3.0,1.0,6.0,2.0,2.0,2.0,2.0,2.0,1.0,4.0,7.0,3.0,2.0,2.0,0.0,2.0,2.0,2.0,0.0,1.0,2.0,2.0,3.0,1.0,4.0,1.0,1.0,3.0,3.0,2.0,2.0,2.0,,,1.0,1.0,2.0,2.0,4.0,1.0,1.0,1.0,8.0,8.0,8.0,5.0,1.0,7.0,5.0,1.0,2.0,2.0,2.0,4.0,3.0,5.0,6.0,1.0,2.0,2.0,7.0,1.0,1.0,1.0,1.0,1.0,10.0,10.0,6.0,6.0,10.0,1.0,8.0,1.0,1.0,1.0,1.0,8.0,1.0,1.0,1.0,2.0,4.0,2.0,1.0,1.0,1.0,1.0,2.0,4.0,1.0,5.0,1.0,1.0,1.0,1.0,3.0,1.0,1.0,2.0,2.0,1.0,3.0,3.0,3.0,1.0,1.0,1.0,4.0,4.0,4.0,4.0,1.0,4.0,4.0,1.0,1.0,1.0,,2.0,2.0,4.0,1.0,4.0,5.0,10.0,1.0,10.0,7.0,2.0,9.0,10.0,1.0,10.0,10.0,6.0,6.0,2.0,1.0,2.0,2.0,2.0,2.0,2.0
704070182,1.0,1.0,2.0,3.0,1.0,2.0,1.0,2.0,2.0,1.0,2.0,2.0,2.0,1.0,2.0,1.0,1.0,1.0,1.0,1.0,2.0,2.0,2.0,1.0,1.0,2.0,1.0,1.0,2.0,3.0,3.0,3.0,3.0,2.0,2.0,2.0,3.0,2.0,1.0,2.0,4.0,1.0,2.0,2.0,2.0,3.0,9.0,9.0,8.0,4.0,4.0,4.0,4.0,4.0,1.0,1.0,1.0,1.0,1.0,2.0,2.0,2.0,,2.0,2.0,2.0,2.0,2.0,3.0,2.0,2.0,2.0,2.0,2.0,2.0,2.0,1.0,3.0,1.0,2.0,0.0,2.0,0.0,0.0,0.0,0.0,0.0,2.0,0.0,0.0,2.0,5.0,7.0,3.0,5.0,4.0,1.0,10.0,2.0,2.0,2.0,2.0,,3.0,3.0,4.0,3.0,2.0,2.0,2.0,1.0,2.0,0.0,2.0,2.0,1.0,3.0,4.0,3.0,4.0,4.0,4.0,4.0,4.0,1.0,1.0,2.0,1.0,1.0,2.0,2.0,1.0,1.0,1.0,2.0,1.0,1.0,8.0,1.0,5.0,1.0,5.0,10.0,5.0,1.0,1.0,1.0,1.0,3.0,2.0,6.0,5.0,3.0,2.0,2.0,10.0,1.0,1.0,1.0,1.0,1.0,10.0,1.0,6.0,10.0,10.0,10.0,6.0,1.0,1.0,1.0,1.0,6.0,6.0,6.0,2.0,4.0,3.0,3.0,3.0,3.0,2.0,5.0,1.0,1.0,1.0,1.0,1.0,2.0,3.0,3.0,3.0,2.0,2.0,3.0,3.0,2.0,2.0,,,2.0,3.0,2.0,2.0,2.0,4.0,4.0,3.0,3.0,4.0,1.0,1.0,2.0,2.0,2.0,2.0,,2.0,2.0,,6.0,5.0,1.0,1.0,1.0,8.0,5.0,7.0,10.0,10.0,10.0,7.0,2.0,1.0,2.0,3.0,2.0,3.0,4.0
124071938,1.0,2.0,1.0,2.0,1.0,4.0,2.0,2.0,1.0,1.0,1.0,1.0,2.0,1.0,2.0,2.0,2.0,1.0,2.0,2.0,2.0,2.0,2.0,1.0,2.0,2.0,2.0,4.0,3.0,3.0,3.0,3.0,5.0,1.0,5.0,1.0,5.0,3.0,2.0,1.0,2.0,2.0,1.0,1.0,2.0,2.0,10.0,8.0,8.0,4.0,4.0,4.0,4.0,4.0,1.0,1.0,2.0,2.0,2.0,2.0,2.0,2.0,4.0,1.0,2.0,3.0,4.0,1.0,2.0,3.0,3.0,3.0,2.0,2.0,2.0,2.0,1.0,3.0,3.0,3.0,0.0,0.0,0.0,0.0,0.0,0.0,0.0,0.0,0.0,0.0,0.0,9.0,5.0,8.0,3.0,1.0,2.0,2.0,2.0,2.0,2.0,1.0,1.0,1.0,2.0,4.0,5.0,2.0,2.0,1.0,1.0,1.0,2.0,0.0,1.0,2.0,1.0,4.0,4.0,4.0,3.0,3.0,4.0,4.0,2.0,2.0,2.0,3.0,4.0,2.0,2.0,4.0,4.0,4.0,1.0,2.0,1.0,10.0,10.0,1.0,1.0,1.0,10.0,1.0,2.0,2.0,2.0,2.0,4.0,,5.0,8.0,3.0,1.0,1.0,8.0,1.0,1.0,1.0,2.0,2.0,10.0,5.0,8.0,10.0,7.0,6.0,10.0,1.0,2.0,4.0,2.0,7.0,2.0,8.0,1.0,3.0,1.0,2.0,3.0,4.0,3.0,1.0,1.0,5.0,1.0,5.0,5.0,1.0,1.0,2.0,3.0,2.0,2.0,2.0,1.0,1.0,2.0,2.0,2.0,2.0,1.0,1.0,4.0,3.0,4.0,1.0,1.0,4.0,4.0,1.0,1.0,1.0,3.0,4.0,4.0,4.0,1.0,4.0,8.0,1.0,1.0,10.0,1.0,1.0,9.0,1.0,7.0,10.0,10.0,10.0,8.0,1.0,1.0,3.0,1.0,1.0,2.0,3.0
702070769,1.0,2.0,1.0,3.0,1.0,1.0,2.0,1.0,2.0,1.0,1.0,2.0,1.0,2.0,1.0,2.0,2.0,1.0,2.0,2.0,2.0,2.0,2.0,1.0,2.0,2.0,3.0,3.0,3.0,3.0,3.0,3.0,4.0,1.0,4.0,4.0,4.0,2.0,2.0,2.0,2.0,2.0,2.0,2.0,2.0,2.0,7.0,7.0,7.0,4.0,4.0,4.0,4.0,4.0,1.0,1.0,1.0,2.0,2.0,3.0,3.0,3.0,2.0,2.0,2.0,2.0,2.0,2.0,2.0,2.0,2.0,2.0,2.0,2.0,2.0,2.0,2.0,,,,2.0,2.0,2.0,0.0,0.0,0.0,0.0,0.0,0.0,0.0,1.0,6.0,6.0,6.0,6.0,5.0,2.0,2.0,1.0,1.0,,1.0,1.0,1.0,3.0,2.0,2.0,0.0,0.0,2.0,1.0,0.0,0.0,2.0,2.0,3.0,3.0,3.0,3.0,3.0,3.0,3.0,3.0,3.0,2.0,2.0,,1.0,1.0,2.0,2.0,3.0,2.0,2.0,1.0,2.0,2.0,9.0,3.0,8.0,8.0,2.0,3.0,10.0,1.0,1.0,2.0,1.0,3.0,3.0,1.0,1.0,1.0,1.0,1.0,5.0,1.0,1.0,1.0,1.0,1.0,1.0,1.0,1.0,3.0,5.0,1.0,1.0,1.0,1.0,1.0,1.0,3.0,3.0,7.0,3.0,3.0,3.0,3.0,3.0,2.0,2.0,5.0,2.0,3.0,3.0,2.0,4.0,3.0,3.0,3.0,3.0,3.0,3.0,3.0,3.0,3.0,3.0,3.0,3.0,,1.0,2.0,,,,2.0,2.0,,,2.0,1.0,2.0,3.0,3.0,2.0,4.0,1.0,3.0,7.0,8.0,3.0,7.0,8.0,2.0,7.0,8.0,5.0,7.0,7.0,7.0,7.0,2.0,1.0,,,2.0,3.0,3.0
792070486,1.0,1.0,1.0,2.0,2.0,1.0,1.0,1.0,2.0,1.0,2.0,1.0,2.0,2.0,1.0,2.0,2.0,1.0,1.0,1.0,1.0,1.0,1.0,1.0,2.0,2.0,1.0,3.0,3.0,4.0,3.0,2.0,3.0,4.0,3.0,4.0,2.0,4.0,4.0,4.0,4.0,1.0,3.0,2.0,1.0,1.0,7.0,9.0,8.0,4.0,3.0,4.0,4.0,4.0,1.0,2.0,1.0,2.0,2.0,4.0,3.0,3.0,2.0,1.0,3.0,3.0,2.0,2.0,2.0,2.0,2.0,3.0,3.0,3.0,2.0,3.0,2.0,2.0,1.0,2.0,0.0,0.0,0.0,0.0,0.0,0.0,0.0,0.0,0.0,0.0,0.0,5.0,6.0,6.0,7.0,6.0,2.0,6.0,2.0,1.0,2.0,2.0,2.0,2.0,,5.0,2.0,1.0,2.0,0.0,2.0,0.0,1.0,0.0,0.0,4.0,2.0,4.0,4.0,4.0,4.0,4.0,4.0,4.0,2.0,2.0,2.0,3.0,2.0,2.0,2.0,1.0,1.0,1.0,1.0,1.0,,4.0,6.0,6.0,7.0,6.0,6.0,7.0,1.0,1.0,1.0,1.0,3.0,2.0,4.0,5.0,1.0,1.0,1.0,3.0,1.0,1.0,1.0,1.0,1.0,1.0,1.0,1.0,1.0,1.0,1.0,7.0,1.0,1.0,1.0,,10.0,,10.0,4.0,4.0,4.0,4.0,3.0,5.0,1.0,2.0,1.0,1.0,1.0,1.0,1.0,2.0,2.0,2.0,2.0,2.0,2.0,2.0,2.0,2.0,2.0,2.0,2.0,2.0,2.0,4.0,3.0,2.0,2.0,3.0,3.0,3.0,4.0,2.0,4.0,2.0,,3.0,3.0,,3.0,3.0,,9.0,4.0,4.0,4.0,,3.0,9.0,7.0,5.0,7.0,7.0,5.0,2.0,1.0,1.0,1.0,1.0,3.0,3.0
496070339,1.0,2.0,1.0,3.0,1.0,3.0,1.0,2.0,1.0,1.0,2.0,2.0,2.0,1.0,2.0,2.0,1.0,1.0,2.0,2.0,2.0,2.0,2.0,1.0,2.0,2.0,2.0,1.0,3.0,4.0,3.0,3.0,4.0,2.0,3.0,2.0,1.0,1.0,4.0,2.0,2.0,3.0,1.0,1.0,1.0,2.0,6.0,8.0,7.0,4.0,4.0,4.0,3.0,4.0,,2.0,1.0,2.0,2.0,3.0,2.0,3.0,3.0,2.0,1.0,1.0,4.0,2.0,3.0,4.0,3.0,4.0,4.0,2.0,4.0,4.0,3.0,4.0,3.0,2.0,1.0,2.0,2.0,1.0,0.0,1.0,1.0,0.0,0.0,1.0,0.0,5.0,7.0,4.0,7.0,4.0,1.0,8.0,3.0,3.0,3.0,2.0,2.0,3.0,4.0,5.0,3.0,1.0,0.0,1.0,1.0,0.0,1.0,0.0,0.0,4.0,3.0,1.0,2.0,3.0,3.0,3.0,2.0,3.0,2.0,1.0,2.0,2.0,2.0,2.0,2.0,4.0,4.0,4.0,2.0,2.0,1.0,6.0,8.0,5.0,5.0,6.0,7.0,2.0,1.0,1.0,2.0,2.0,3.0,3.0,6.0,6.0,1.0,2.0,2.0,6.0,4.0,7.0,5.0,4.0,5.0,3.0,2.0,5.0,9.0,4.0,5.0,4.0,3.0,2.0,3.0,5.0,4.0,5.0,4.0,1.0,3.0,3.0,3.0,3.0,4.0,1.0,4.0,1.0,4.0,1.0,1.0,4.0,3.0,3.0,3.0,2.0,3.0,3.0,3.0,3.0,3.0,2.0,3.0,3.0,2.0,2.0,4.0,3.0,2.0,2.0,3.0,3.0,3.0,3.0,4.0,2.0,1.0,4.0,2.0,2.0,3.0,2.0,3.0,6.0,5.0,5.0,6.0,7.0,6.0,8.0,9.0,10.0,9.0,9.0,5.0,6.0,3.0,2.0,2.0,2.0,2.0,2.0,3.0
196070529,1.0,1.0,2.0,2.0,1.0,1.0,1.0,,1.0,1.0,,1.0,,1.0,,,,1.0,1.0,1.0,1.0,1.0,2.0,1.0,1.0,2.0,2.0,3.0,,4.0,,3.0,4.0,2.0,2.0,,4.0,2.0,2.0,2.0,3.0,3.0,3.0,,2.0,1.0,7.0,10.0,5.0,4.0,4.0,4.0,2.0,4.0,1.0,2.0,1.0,2.0,1.0,3.0,2.0,2.0,2.0,1.0,2.0,2.0,3.0,1.0,2.0,2.0,3.0,2.0,2.0,2.0,4.0,,2.0,2.0,2.0,2.0,0.0,0.0,0.0,0.0,0.0,0.0,0.0,0.0,0.0,0.0,0.0,9.0,1.0,5.0,1.0,1.0,1.0,5.0,2.0,2.0,2.0,2.0,2.0,1.0,,9.0,1.0,1.0,0.0,2.0,1.0,2.0,0.0,2.0,2.0,3.0,2.0,4.0,4.0,4.0,4.0,4.0,4.0,,1.0,1.0,2.0,3.0,3.0,2.0,2.0,1.0,1.0,1.0,1.0,1.0,1.0,8.0,8.0,6.0,8.0,2.0,8.0,10.0,1.0,1.0,1.0,1.0,3.0,,4.0,3.0,1.0,2.0,2.0,8.0,,6.0,1.0,1.0,1.0,,,5.0,,,1.0,,1.0,1.0,1.0,,1.0,,6.0,4.0,4.0,4.0,2.0,2.0,1.0,1.0,2.0,2.0,5.0,5.0,5.0,1.0,1.0,3.0,3.0,3.0,1.0,3.0,3.0,2.0,,,,,1.0,1.0,,,3.0,2.0,2.0,2.0,,,2.0,2.0,1.0,5.0,2.0,2.0,,1.0,3.0,8.0,8.0,8.0,9.0,7.0,,8.0,9.0,7.0,10.0,10.0,5.0,1.0,2.0,1.0,1.0,1.0,1.0,2.0,3.0
156071082,1.0,1.0,1.0,1.0,1.0,3.0,2.0,1.0,2.0,2.0,2.0,2.0,1.0,2.0,2.0,1.0,2.0,1.0,2.0,2.0,2.0,1.0,2.0,1.0,2.0,2.0,1.0,3.0,1.0,2.0,2.0,1.0,2.0,1.0,4.0,4.0,,2.0,2.0,2.0,2.0,1.0,1.0,3.0,1.0,1.0,8.0,10.0,10.0,4.0,4.0,4.0,4.0,4.0,1.0,1.0,1.0,1.0,1.0,3.0,3.0,3.0,3.0,1.0,1.0,1.0,1.0,1.0,1.0,1.0,1.0,1.0,1.0,1.0,1.0,3.0,1.0,1.0,1.0,1.0,0.0,0.0,0.0,,0.0,,,,0.0,,,8.0,7.0,8.0,3.0,8.0,1.0,7.0,2.0,2.0,2.0,2.0,2.0,3.0,2.0,8.0,3.0,0.0,2.0,2.0,,2.0,0.0,0.0,0.0,,2.0,,,,,,,,,,,4.0,4.0,2.0,2.0,4.0,4.0,,1.0,2.0,1.0,9.0,10.0,3.0,6.0,1.0,9.0,1.0,2.0,2.0,2.0,2.0,4.0,1.0,7.0,8.0,1.0,2.0,1.0,1.0,1.0,1.0,1.0,1.0,1.0,1.0,1.0,1.0,1.0,1.0,1.0,1.0,1.0,1.0,1.0,1.0,1.0,1.0,8.0,1.0,1.0,3.0,3.0,2.0,4.0,2.0,5.0,1.0,5.0,5.0,5.0,5.0,1.0,3.0,3.0,3.0,1.0,2.0,3.0,3.0,3.0,3.0,3.0,3.0,3.0,,,,,,,,,,,,,,1.0,1.0,2.0,3.0,3.0,,10.0,3.0,10.0,10.0,10.0,10.0,7.0,10.0,10.0,9.0,9.0,9.0,1.0,1.0,1.0,1.0,1.0,1.0,2.0
364072106,1.0,2.0,2.0,3.0,1.0,1.0,1.0,2.0,2.0,2.0,2.0,1.0,2.0,1.0,1.0,2.0,1.0,1.0,2.0,1.0,2.0,,2.0,1.0,1.0,2.0,2.0,2.0,3.0,2.0,3.0,2.0,2.0,2.0,3.0,,2.0,1.0,2.0,2.0,2.0,3.0,1.0,1.0,3.0,1.0,8.0,6.0,5.0,4.0,4.0,4.0,4.0,4.0,1.0,2.0,1.0,2.0,2.0,4.0,4.0,4.0,1.0,2.0,2.0,2.0,2.0,2.0,2.0,2.0,2.0,2.0,2.0,2.0,2.0,2.0,2.0,3.0,2.0,2.0,2.0,0.0,0.0,0.0,0.0,0.0,0.0,0.0,0.0,0.0,0.0,7.0,5.0,5.0,1.0,1.0,2.0,10.0,4.0,3.0,4.0,4.0,1.0,2.0,2.0,3.0,4.0,2.0,0.0,0.0,2.0,2.0,0.0,0.0,0.0,3.0,2.0,3.0,3.0,3.0,4.0,3.0,3.0,4.0,2.0,2.0,2.0,2.0,2.0,2.0,2.0,2.0,3.0,4.0,2.0,2.0,1.0,7.0,8.0,8.0,5.0,1.0,10.0,10.0,1.0,1.0,1.0,1.0,3.0,2.0,1.0,1.0,1.0,1.0,1.0,7.0,1.0,1.0,1.0,1.0,2.0,1.0,,2.0,2.0,1.0,1.0,2.0,5.0,7.0,10.0,1.0,,7.0,10.0,2.0,3.0,3.0,3.0,2.0,5.0,2.0,5.0,1.0,2.0,1.0,1.0,1.0,1.0,1.0,1.0,3.0,1.0,1.0,1.0,1.0,3.0,1.0,1.0,3.0,,1.0,1.0,3.0,3.0,1.0,2.0,2.0,1.0,4.0,2.0,2.0,2.0,3.0,2.0,2.0,2.0,1.0,2.0,,8.0,5.0,6.0,3.0,6.0,8.0,5.0,6.0,6.0,7.0,10.0,7.0,2.0,1.0,1.0,1.0,1.0,1.0,3.0
196070598,1.0,1.0,1.0,3.0,1.0,1.0,1.0,,1.0,1.0,,1.0,,1.0,,,,1.0,1.0,1.0,1.0,1.0,2.0,1.0,2.0,2.0,1.0,1.0,,4.0,,1.0,1.0,1.0,2.0,1.0,1.0,1.0,1.0,1.0,1.0,2.0,2.0,1.0,1.0,1.0,10.0,1.0,5.0,4.0,2.0,2.0,2.0,4.0,1.0,1.0,1.0,4.0,1.0,4.0,2.0,2.0,2.0,2.0,2.0,2.0,2.0,1.0,1.0,1.0,2.0,1.0,1.0,1.0,2.0,4.0,4.0,4.0,,2.0,0.0,2.0,2.0,2.0,0.0,1.0,1.0,1.0,0.0,0.0,0.0,,1.0,1.0,6.0,1.0,1.0,,,3.0,3.0,3.0,3.0,2.0,1.0,10.0,4.0,2.0,2.0,0.0,2.0,0.0,2.0,0.0,0.0,1.0,1.0,4.0,3.0,4.0,3.0,4.0,4.0,4.0,1.0,2.0,2.0,2.0,1.0,1.0,2.0,1.0,1.0,1.0,1.0,2.0,1.0,,,,10.0,1.0,10.0,10.0,1.0,1.0,1.0,1.0,,1.0,2.0,2.0,2.0,2.0,2.0,1.0,1.0,10.0,1.0,1.0,1.0,,,,,,1.0,1.0,1.0,1.0,1.0,,,,1.0,2.0,2.0,2.0,2.0,2.0,1.0,1.0,3.0,1.0,2.0,1.0,1.0,2.0,2.0,2.0,2.0,2.0,1.0,1.0,2.0,2.0,1.0,1.0,2.0,2.0,,,1.0,4.0,4.0,4.0,2.0,2.0,4.0,4.0,1.0,1.0,1.0,4.0,,,,1.0,,,1.0,1.0,10.0,10.0,,10.0,10.0,10.0,10.0,10.0,,6.0,1.0,1.0,1.0,1.0,2.0,2.0,2.0
458070737,1.0,2.0,2.0,2.0,2.0,1.0,1.0,2.0,1.0,2.0,2.0,1.0,1.0,2.0,1.0,2.0,2.0,1.0,2.0,2.0,2.0,2.0,2.0,2.0,2.0,2.0,2.0,3.0,3.0,3.0,3.0,2.0,4.0,2.0,4.0,3.0,3.0,2.0,2.0,2.0,3.0,2.0,1.0,2.0,2.0,1.0,9.0,9.0,10.0,4.0,2.0,4.0,4.0,4.0,1.0,2.0,1.0,2.0,2.0,3.0,2.0,3.0,3.0,3.0,3.0,3.0,3.0,3.0,3.0,4.0,3.0,4.0,3.0,3.0,4.0,3.0,2.0,2.0,2.0,3.0,2.0,0.0,0.0,0.0,0.0,0.0,0.0,0.0,0.0,0.0,0.0,4.0,4.0,4.0,3.0,4.0,1.0,10.0,3.0,2.0,3.0,3.0,2.0,3.0,4.0,4.0,3.0,1.0,0.0,2.0,2.0,2.0,2.0,2.0,2.0,3.0,3.0,2.0,3.0,2.0,2.0,3.0,3.0,3.0,1.0,1.0,2.0,2.0,1.0,1.0,1.0,2.0,2.0,3.0,2.0,2.0,1.0,7.0,4.0,7.0,6.0,4.0,6.0,8.0,2.0,1.0,2.0,2.0,2.0,2.0,2.0,1.0,1.0,2.0,2.0,7.0,5.0,5.0,2.0,5.0,3.0,5.0,3.0,1.0,5.0,6.0,1.0,5.0,2.0,3.0,2.0,1.0,5.0,2.0,5.0,2.0,3.0,3.0,2.0,2.0,2.0,2.0,1.0,1.0,1.0,1.0,1.0,1.0,1.0,1.0,1.0,2.0,1.0,2.0,1.0,1.0,1.0,1.0,1.0,2.0,1.0,1.0,3.0,3.0,1.0,2.0,3.0,3.0,2.0,3.0,2.0,3.0,1.0,3.0,2.0,2.0,3.0,1.0,3.0,7.0,4.0,7.0,3.0,7.0,4.0,4.0,4.0,4.0,3.0,9.0,4.0,4.0,2.0,3.0,2.0,2.0,2.0,2.0,2.0
702070418,1.0,1.0,1.0,1.0,1.0,1.0,1.0,2.0,2.0,1.0,2.0,1.0,2.0,2.0,2.0,1.0,2.0,1.0,2.0,2.0,2.0,2.0,2.0,1.0,2.0,2.0,1.0,3.0,4.0,4.0,4.0,1.0,5.0,3.0,5.0,4.0,1.0,3.0,3.0,2.0,4.0,2.0,1.0,2.0,1.0,1.0,8.0,10.0,10.0,4.0,4.0,4.0,4.0,4.0,1.0,1.0,1.0,1.0,1.0,2.0,1.0,1.0,2.0,1.0,2.0,2.0,2.0,1.0,2.0,2.0,2.0,2.0,1.0,2.0,2.0,2.0,2.0,2.0,2.0,1.0,1.0,2.0,0.0,0.0,0.0,0.0,0.0,1.0,0.0,0.0,0.0,5.0,3.0,6.0,1.0,1.0,1.0,1.0,1.0,2.0,,2.0,2.0,1.0,1.0,10.0,4.0,2.0,2.0,0.0,0.0,0.0,2.0,0.0,0.0,2.0,1.0,4.0,3.0,4.0,4.0,4.0,4.0,4.0,2.0,2.0,,4.0,4.0,2.0,2.0,4.0,4.0,4.0,1.0,1.0,1.0,10.0,10.0,1.0,1.0,1.0,10.0,8.0,1.0,1.0,2.0,1.0,3.0,4.0,2.0,3.0,1.0,2.0,2.0,9.0,1.0,1.0,1.0,1.0,1.0,9.0,1.0,6.0,8.0,9.0,9.0,10.0,1.0,1.0,1.0,1.0,1.0,1.0,3.0,2.0,3.0,4.0,1.0,1.0,1.0,1.0,5.0,1.0,1.0,1.0,5.0,1.0,1.0,1.0,2.0,2.0,1.0,1.0,1.0,1.0,1.0,1.0,1.0,2.0,,1.0,1.0,3.0,3.0,4.0,2.0,1.0,4.0,4.0,2.0,3.0,1.0,3.0,4.0,2.0,4.0,1.0,4.0,3.0,8.0,1.0,10.0,7.0,1.0,10.0,7.0,1.0,8.0,10.0,7.0,7.0,2.0,2.0,,,1.0,2.0,2.0
392070686,1.0,2.0,2.0,3.0,2.0,4.0,1.0,2.0,1.0,1.0,2.0,2.0,1.0,2.0,2.0,1.0,2.0,1.0,1.0,1.0,1.0,1.0,2.0,1.0,2.0,2.0,2.0,,2.0,,2.0,2.0,2.0,1.0,2.0,,3.0,3.0,1.0,1.0,3.0,3.0,2.0,2.0,3.0,4.0,1.0,1.0,4.0,4.0,3.0,4.0,4.0,4.0,1.0,2.0,2.0,2.0,2.0,,,3.0,4.0,1.0,3.0,3.0,3.0,2.0,2.0,2.0,3.0,3.0,2.0,2.0,3.0,2.0,2.0,4.0,4.0,4.0,0.0,0.0,0.0,0.0,0.0,0.0,0.0,0.0,0.0,0.0,0.0,5.0,5.0,6.0,2.0,1.0,2.0,5.0,2.0,2.0,2.0,2.0,2.0,2.0,3.0,5.0,1.0,0.0,0.0,2.0,0.0,2.0,0.0,2.0,2.0,3.0,3.0,4.0,3.0,4.0,4.0,4.0,3.0,3.0,1.0,1.0,,3.0,3.0,2.0,2.0,2.0,2.0,3.0,,2.0,,5.0,5.0,1.0,5.0,5.0,5.0,1.0,2.0,2.0,2.0,2.0,3.0,3.0,5.0,8.0,2.0,,,8.0,1.0,1.0,1.0,1.0,1.0,5.0,1.0,5.0,5.0,8.0,5.0,10.0,1.0,1.0,1.0,1.0,1.0,1.0,10.0,1.0,,,3.0,3.0,1.0,1.0,2.0,5.0,5.0,2.0,5.0,5.0,1.0,,3.0,3.0,2.0,,3.0,,,,3.0,3.0,2.0,2.0,1.0,,,3.0,3.0,1.0,3.0,4.0,1.0,1.0,2.0,3.0,,,4.0,3.0,4.0,8.0,5.0,1.0,10.0,5.0,1.0,5.0,1.0,1.0,5.0,10.0,10.0,7.0,2.0,2.0,2.0,2.0,1.0,3.0,4.0
434070375,1.0,1.0,,2.0,1.0,1.0,1.0,2.0,2.0,1.0,2.0,1.0,2.0,2.0,1.0,2.0,1.0,1.0,2.0,1.0,1.0,1.0,2.0,1.0,2.0,2.0,1.0,3.0,1.0,2.0,2.0,2.0,1.0,1.0,2.0,5.0,1.0,2.0,2.0,1.0,3.0,3.0,1.0,1.0,2.0,2.0,7.0,6.0,8.0,2.0,2.0,2.0,2.0,4.0,1.0,1.0,1.0,2.0,3.0,2.0,4.0,4.0,2.0,1.0,2.0,3.0,3.0,2.0,1.0,2.0,3.0,3.0,2.0,3.0,3.0,3.0,2.0,3.0,3.0,3.0,0.0,0.0,0.0,0.0,0.0,0.0,0.0,0.0,0.0,1.0,0.0,5.0,,8.0,7.0,8.0,1.0,8.0,2.0,,2.0,1.0,,1.0,1.0,2.0,4.0,0.0,0.0,2.0,0.0,2.0,2.0,2.0,2.0,3.0,2.0,3.0,4.0,2.0,4.0,4.0,2.0,4.0,1.0,1.0,2.0,1.0,2.0,2.0,2.0,,2.0,1.0,,2.0,1.0,8.0,4.0,2.0,2.0,7.0,8.0,10.0,1.0,1.0,1.0,1.0,1.0,1.0,1.0,1.0,1.0,,,5.0,3.0,3.0,1.0,3.0,1.0,1.0,1.0,3.0,4.0,1.0,1.0,2.0,4.0,6.0,3.0,1.0,1.0,2.0,4.0,3.0,2.0,2.0,2.0,2.0,5.0,1.0,5.0,4.0,5.0,5.0,2.0,3.0,3.0,2.0,3.0,3.0,2.0,,3.0,2.0,3.0,3.0,3.0,3.0,2.0,2.0,2.0,2.0,2.0,3.0,,3.0,1.0,1.0,,2.0,1.0,3.0,2.0,2.0,2.0,2.0,3.0,3.0,7.0,4.0,8.0,8.0,8.0,8.0,8.0,8.0,8.0,6.0,2.0,4.0,2.0,1.0,1.0,1.0,1.0,1.0,1.0
586070759,1.0,1.0,1.0,1.0,4.0,1.0,2.0,1.0,2.0,2.0,2.0,2.0,1.0,2.0,2.0,1.0,1.0,1.0,2.0,2.0,2.0,2.0,2.0,2.0,2.0,2.0,1.0,1.0,1.0,2.0,1.0,4.0,1.0,1.0,3.0,4.0,1.0,1.0,1.0,1.0,1.0,1.0,1.0,3.0,1.0,1.0,10.0,1.0,7.0,3.0,4.0,1.0,2.0,1.0,1.0,2.0,1.0,2.0,2.0,2.0,1.0,2.0,1.0,1.0,1.0,1.0,1.0,4.0,1.0,1.0,1.0,1.0,1.0,1.0,1.0,1.0,1.0,1.0,2.0,3.0,0.0,,2.0,1.0,0.0,2.0,1.0,0.0,0.0,0.0,0.0,6.0,7.0,1.0,5.0,5.0,1.0,6.0,2.0,3.0,3.0,3.0,1.0,2.0,4.0,1.0,4.0,0.0,2.0,2.0,0.0,2.0,0.0,2.0,2.0,2.0,1.0,4.0,4.0,4.0,4.0,4.0,4.0,4.0,2.0,2.0,2.0,3.0,3.0,1.0,2.0,2.0,2.0,1.0,1.0,1.0,1.0,10.0,1.0,5.0,5.0,3.0,5.0,10.0,1.0,1.0,1.0,1.0,1.0,1.0,1.0,1.0,1.0,1.0,1.0,2.0,1.0,1.0,1.0,1.0,1.0,1.0,1.0,1.0,1.0,2.0,1.0,3.0,6.0,1.0,10.0,3.0,5.0,6.0,1.0,2.0,3.0,2.0,2.0,2.0,1.0,2.0,4.0,3.0,3.0,3.0,3.0,2.0,1.0,1.0,2.0,3.0,1.0,,1.0,2.0,2.0,3.0,2.0,2.0,2.0,,1.0,1.0,2.0,4.0,1.0,4.0,3.0,2.0,2.0,1.0,3.0,3.0,4.0,4.0,,4.0,2.0,,6.0,5.0,3.0,1.0,10.0,7.0,5.0,5.0,5.0,1.0,10.0,9.0,2.0,1.0,1.0,3.0,2.0,2.0,3.0
862071007,1.0,3.0,3.0,3.0,2.0,3.0,1.0,2.0,1.0,1.0,1.0,2.0,2.0,2.0,2.0,2.0,2.0,1.0,1.0,1.0,1.0,1.0,1.0,1.0,1.0,1.0,2.0,1.0,3.0,2.0,2.0,1.0,2.0,3.0,4.0,2.0,4.0,2.0,1.0,3.0,4.0,2.0,1.0,2.0,3.0,1.0,3.0,2.0,5.0,2.0,3.0,2.0,3.0,3.0,3.0,2.0,1.0,2.0,1.0,2.0,3.0,3.0,3.0,2.0,3.0,3.0,4.0,3.0,4.0,4.0,4.0,3.0,3.0,3.0,4.0,3.0,2.0,3.0,3.0,3.0,1.0,0.0,0.0,0.0,0.0,0.0,0.0,0.0,0.0,0.0,0.0,3.0,7.0,3.0,7.0,3.0,2.0,3.0,3.0,2.0,3.0,3.0,3.0,2.0,5.0,3.0,3.0,2.0,1.0,1.0,1.0,2.0,2.0,1.0,1.0,3.0,3.0,2.0,1.0,2.0,2.0,3.0,3.0,3.0,1.0,2.0,2.0,1.0,2.0,1.0,2.0,2.0,1.0,2.0,2.0,1.0,2.0,,,,,,,4.0,2.0,1.0,1.0,2.0,2.0,1.0,6.0,3.0,1.0,1.0,2.0,4.0,3.0,1.0,5.0,8.0,8.0,3.0,5.0,3.0,5.0,8.0,10.0,8.0,8.0,3.0,1.0,3.0,1.0,3.0,5.0,1.0,2.0,3.0,3.0,2.0,2.0,1.0,3.0,3.0,2.0,1.0,1.0,2.0,1.0,2.0,1.0,1.0,2.0,2.0,1.0,1.0,1.0,2.0,2.0,2.0,1.0,2.0,1.0,2.0,2.0,3.0,3.0,3.0,2.0,1.0,2.0,2.0,2.0,2.0,2.0,1.0,2.0,3.0,3.0,6.0,1.0,3.0,5.0,4.0,7.0,5.0,3.0,2.0,1.0,3.0,3.0,6.0,2.0,4.0,2.0,1.0,2.0,2.0,1.0
818070056,1.0,2.0,3.0,2.0,3.0,1.0,1.0,2.0,2.0,1.0,2.0,1.0,2.0,2.0,1.0,1.0,2.0,1.0,2.0,1.0,2.0,2.0,2.0,1.0,,2.0,1.0,2.0,2.0,3.0,3.0,2.0,1.0,1.0,1.0,,1.0,1.0,1.0,1.0,1.0,3.0,1.0,1.0,2.0,4.0,4.0,7.0,8.0,4.0,4.0,4.0,4.0,4.0,3.0,2.0,1.0,2.0,2.0,3.0,2.0,3.0,1.0,,3.0,3.0,2.0,,,,3.0,3.0,2.0,3.0,,2.0,1.0,2.0,2.0,1.0,0.0,0.0,0.0,0.0,0.0,0.0,0.0,0.0,0.0,0.0,0.0,10.0,10.0,1.0,1.0,1.0,2.0,7.0,,,,,,,2.0,10.0,2.0,0.0,0.0,2.0,1.0,2.0,1.0,2.0,0.0,2.0,1.0,4.0,4.0,,4.0,4.0,4.0,,2.0,2.0,,1.0,1.0,2.0,2.0,,,,2.0,2.0,1.0,9.0,10.0,8.0,8.0,9.0,10.0,10.0,,1.0,1.0,1.0,1.0,,4.0,1.0,1.0,2.0,2.0,3.0,1.0,1.0,1.0,1.0,1.0,,,1.0,1.0,,1.0,1.0,1.0,,1.0,1.0,,1.0,1.0,,,,2.0,2.0,5.0,1.0,5.0,5.0,4.0,2.0,1.0,2.0,3.0,3.0,3.0,3.0,3.0,3.0,3.0,1.0,,,,,3.0,1.0,2.0,2.0,,3.0,2.0,2.0,3.0,4.0,3.0,1.0,1.0,3.0,3.0,2.0,,1.0,3.0,,8.0,6.0,9.0,4.0,,10.0,7.0,8.0,10.0,10.0,8.0,,2.0,1.0,1.0,1.0,1.0,1.0,1.0
410071204,2.0,2.0,2.0,3.0,1.0,3.0,1.0,1.0,2.0,1.0,2.0,2.0,1.0,1.0,2.0,2.0,2.0,1.0,2.0,1.0,2.0,1.0,2.0,2.0,2.0,1.0,2.0,2.0,2.0,2.0,2.0,3.0,1.0,1.0,3.0,4.0,2.0,2.0,2.0,3.0,2.0,1.0,1.0,1.0,2.0,1.0,6.0,7.0,6.0,4.0,4.0,4.0,4.0,4.0,3.0,2.0,2.0,3.0,2.0,3.0,3.0,3.0,3.0,2.0,2.0,2.0,2.0,2.0,2.0,2.0,3.0,2.0,2.0,2.0,2.0,3.0,2.0,2.0,2.0,2.0,0.0,0.0,0.0,0.0,0.0,0.0,0.0,0.0,0.0,1.0,0.0,4.0,10.0,2.0,7.0,8.0,2.0,9.0,2.0,2.0,2.0,2.0,2.0,1.0,2.0,9.0,3.0,2.0,2.0,2.0,2.0,2.0,2.0,2.0,2.0,3.0,2.0,3.0,2.0,3.0,3.0,4.0,2.0,3.0,2.0,2.0,2.0,1.0,2.0,2.0,2.0,3.0,3.0,3.0,1.0,2.0,1.0,8.0,8.0,8.0,7.0,7.0,9.0,2.0,2.0,2.0,2.0,2.0,3.0,2.0,6.0,7.0,3.0,1.0,1.0,7.0,1.0,3.0,1.0,1.0,1.0,1.0,4.0,3.0,5.0,6.0,2.0,3.0,2.0,2.0,2.0,2.0,4.0,2.0,2.0,4.0,4.0,4.0,3.0,2.0,5.0,2.0,5.0,1.0,2.0,1.0,3.0,1.0,2.0,2.0,2.0,2.0,3.0,2.0,2.0,2.0,2.0,2.0,2.0,2.0,2.0,1.0,2.0,2.0,2.0,2.0,2.0,2.0,2.0,3.0,2.0,2.0,2.0,,1.0,2.0,2.0,2.0,3.0,3.0,10.0,4.0,10.0,1.0,5.0,10.0,9.0,6.0,9.0,10.0,7.0,6.0,2.0,2.0,2.0,2.0,2.0,3.0,3.0
156072357,1.0,2.0,3.0,3.0,2.0,4.0,1.0,1.0,1.0,1.0,2.0,2.0,1.0,2.0,2.0,2.0,2.0,1.0,2.0,1.0,2.0,2.0,2.0,1.0,1.0,2.0,3.0,4.0,3.0,4.0,3.0,1.0,4.0,1.0,4.0,5.0,1.0,1.0,2.0,3.0,2.0,3.0,1.0,1.0,2.0,1.0,8.0,6.0,6.0,4.0,4.0,4.0,4.0,4.0,1.0,1.0,1.0,2.0,2.0,3.0,4.0,4.0,4.0,1.0,2.0,2.0,2.0,3.0,3.0,1.0,3.0,2.0,2.0,1.0,4.0,2.0,2.0,4.0,4.0,4.0,0.0,0.0,0.0,0.0,0.0,0.0,0.0,0.0,0.0,0.0,0.0,3.0,3.0,4.0,7.0,3.0,1.0,7.0,2.0,2.0,3.0,2.0,2.0,2.0,5.0,3.0,4.0,2.0,2.0,0.0,,0.0,2.0,1.0,0.0,,3.0,,,,,,,,,,,1.0,2.0,2.0,2.0,4.0,4.0,,2.0,2.0,1.0,9.0,7.0,5.0,4.0,5.0,8.0,1.0,2.0,2.0,2.0,2.0,4.0,4.0,4.0,8.0,,2.0,2.0,1.0,6.0,1.0,1.0,1.0,1.0,1.0,1.0,1.0,4.0,1.0,1.0,8.0,1.0,5.0,1.0,1.0,1.0,1.0,1.0,2.0,2.0,3.0,2.0,3.0,5.0,4.0,5.0,3.0,5.0,5.0,4.0,4.0,3.0,3.0,3.0,3.0,2.0,3.0,3.0,3.0,3.0,3.0,3.0,3.0,3.0,,,,,,,,,,,,,,2.0,2.0,3.0,2.0,4.0,,3.0,2.0,7.0,7.0,2.0,7.0,6.0,6.0,9.0,8.0,4.0,4.0,2.0,2.0,2.0,2.0,2.0,3.0,3.0
404070302,1.0,2.0,3.0,2.0,1.0,1.0,2.0,1.0,1.0,2.0,2.0,2.0,1.0,2.0,1.0,2.0,1.0,1.0,2.0,2.0,2.0,2.0,2.0,2.0,2.0,2.0,1.0,4.0,4.0,2.0,4.0,3.0,2.0,1.0,3.0,,2.0,2.0,2.0,2.0,2.0,3.0,1.0,1.0,1.0,1.0,4.0,7.0,4.0,4.0,4.0,4.0,4.0,4.0,3.0,2.0,1.0,4.0,2.0,4.0,3.0,4.0,2.0,3.0,3.0,3.0,4.0,4.0,3.0,4.0,4.0,4.0,1.0,2.0,2.0,3.0,3.0,1.0,3.0,3.0,2.0,2.0,0.0,0.0,0.0,1.0,1.0,0.0,0.0,0.0,0.0,3.0,5.0,5.0,1.0,1.0,1.0,10.0,4.0,3.0,4.0,3.0,2.0,3.0,4.0,1.0,1.0,2.0,2.0,2.0,2.0,2.0,2.0,2.0,2.0,3.0,2.0,3.0,2.0,3.0,4.0,1.0,3.0,3.0,1.0,1.0,2.0,1.0,1.0,2.0,2.0,1.0,1.0,1.0,1.0,1.0,1.0,10.0,4.0,4.0,4.0,1.0,10.0,10.0,1.0,1.0,,1.0,3.0,4.0,2.0,1.0,1.0,2.0,2.0,4.0,5.0,6.0,1.0,6.0,1.0,4.0,8.0,7.0,10.0,5.0,4.0,7.0,1.0,5.0,1.0,1.0,6.0,1.0,6.0,1.0,2.0,2.0,2.0,2.0,3.0,4.0,1.0,1.0,5.0,1.0,1.0,2.0,1.0,3.0,3.0,3.0,3.0,2.0,2.0,2.0,1.0,2.0,2.0,3.0,1.0,1.0,4.0,2.0,3.0,1.0,2.0,4.0,1.0,1.0,2.0,2.0,1.0,4.0,4.0,2.0,2.0,1.0,3.0,4.0,7.0,4.0,10.0,7.0,10.0,10.0,7.0,10.0,10.0,10.0,1.0,1.0,3.0,2.0,1.0,2.0,2.0,2.0,2.0
124074681,1.0,1.0,1.0,2.0,4.0,4.0,2.0,1.0,2.0,2.0,1.0,1.0,1.0,2.0,2.0,1.0,2.0,1.0,2.0,2.0,2.0,2.0,2.0,1.0,2.0,2.0,3.0,3.0,4.0,4.0,4.0,2.0,5.0,3.0,4.0,1.0,4.0,3.0,3.0,2.0,4.0,2.0,2.0,1.0,1.0,2.0,10.0,8.0,8.0,4.0,4.0,4.0,4.0,4.0,3.0,1.0,1.0,2.0,1.0,2.0,1.0,2.0,3.0,3.0,3.0,3.0,2.0,1.0,2.0,2.0,3.0,2.0,2.0,1.0,2.0,3.0,2.0,3.0,2.0,2.0,0.0,0.0,0.0,0.0,0.0,0.0,0.0,0.0,0.0,0.0,0.0,8.0,5.0,7.0,2.0,2.0,2.0,4.0,2.0,2.0,1.0,2.0,2.0,2.0,2.0,4.0,5.0,2.0,2.0,1.0,2.0,1.0,2.0,0.0,2.0,1.0,1.0,3.0,2.0,3.0,4.0,3.0,4.0,4.0,2.0,1.0,2.0,4.0,4.0,2.0,2.0,4.0,4.0,4.0,1.0,2.0,2.0,9.0,9.0,3.0,2.0,3.0,8.0,1.0,2.0,2.0,2.0,2.0,4.0,,7.0,8.0,3.0,1.0,1.0,8.0,3.0,3.0,2.0,3.0,1.0,10.0,10.0,10.0,10.0,10.0,5.0,10.0,1.0,1.0,2.0,1.0,7.0,1.0,8.0,2.0,4.0,2.0,2.0,2.0,1.0,1.0,1.0,5.0,4.0,4.0,4.0,2.0,1.0,2.0,3.0,1.0,1.0,3.0,3.0,1.0,2.0,1.0,3.0,3.0,1.0,1.0,1.0,3.0,4.0,2.0,1.0,1.0,4.0,3.0,1.0,1.0,1.0,3.0,3.0,2.0,4.0,1.0,4.0,7.0,8.0,1.0,10.0,9.0,2.0,8.0,5.0,7.0,10.0,10.0,8.0,8.0,2.0,1.0,1.0,1.0,2.0,4.0,4.0
417070820,1.0,1.0,1.0,1.0,1.0,1.0,1.0,2.0,1.0,1.0,2.0,1.0,2.0,1.0,2.0,2.0,2.0,1.0,2.0,1.0,1.0,1.0,2.0,1.0,2.0,2.0,1.0,4.0,3.0,4.0,2.0,1.0,1.0,1.0,4.0,5.0,2.0,1.0,1.0,1.0,1.0,3.0,1.0,1.0,2.0,2.0,10.0,10.0,8.0,4.0,4.0,4.0,4.0,4.0,2.0,2.0,1.0,2.0,2.0,3.0,3.0,3.0,2.0,2.0,2.0,2.0,2.0,2.0,2.0,2.0,3.0,2.0,2.0,2.0,3.0,3.0,2.0,2.0,2.0,3.0,0.0,0.0,0.0,0.0,0.0,0.0,0.0,0.0,0.0,0.0,0.0,5.0,1.0,1.0,10.0,1.0,1.0,10.0,2.0,2.0,2.0,2.0,2.0,,2.0,10.0,3.0,0.0,2.0,0.0,0.0,2.0,0.0,0.0,0.0,3.0,1.0,4.0,4.0,4.0,4.0,4.0,4.0,4.0,1.0,1.0,2.0,2.0,1.0,2.0,2.0,2.0,2.0,1.0,1.0,2.0,1.0,10.0,10.0,8.0,10.0,1.0,10.0,10.0,1.0,,,,3.0,3.0,7.0,2.0,1.0,2.0,1.0,8.0,1.0,1.0,1.0,1.0,1.0,1.0,1.0,1.0,1.0,1.0,1.0,1.0,1.0,1.0,1.0,1.0,1.0,1.0,1.0,1.0,4.0,4.0,3.0,3.0,4.0,1.0,5.0,1.0,5.0,1.0,5.0,2.0,3.0,3.0,3.0,3.0,3.0,2.0,3.0,3.0,3.0,3.0,3.0,3.0,1.0,1.0,3.0,3.0,1.0,1.0,3.0,3.0,1.0,1.0,3.0,3.0,1.0,4.0,2.0,4.0,3.0,3.0,3.0,,10.0,3.0,10.0,10.0,10.0,10.0,10.0,10.0,10.0,10.0,3.0,4.0,3.0,1.0,1.0,1.0,1.0,2.0,2.0
360070747,1.0,3.0,2.0,4.0,1.0,1.0,1.0,1.0,2.0,1.0,2.0,2.0,2.0,2.0,1.0,2.0,1.0,1.0,2.0,2.0,2.0,2.0,2.0,1.0,1.0,2.0,1.0,3.0,3.0,3.0,3.0,2.0,3.0,1.0,2.0,3.0,2.0,1.0,2.0,1.0,2.0,2.0,1.0,2.0,2.0,3.0,5.0,9.0,4.0,3.0,4.0,4.0,2.0,4.0,2.0,2.0,1.0,2.0,3.0,4.0,2.0,3.0,1.0,3.0,2.0,1.0,3.0,2.0,1.0,2.0,4.0,3.0,2.0,3.0,1.0,3.0,2.0,3.0,1.0,2.0,0.0,0.0,0.0,0.0,0.0,0.0,0.0,0.0,0.0,0.0,0.0,3.0,9.0,4.0,7.0,1.0,2.0,10.0,3.0,3.0,2.0,2.0,1.0,1.0,2.0,10.0,3.0,2.0,0.0,2.0,2.0,2.0,0.0,2.0,2.0,3.0,2.0,4.0,3.0,4.0,4.0,3.0,3.0,3.0,1.0,2.0,2.0,1.0,,2.0,2.0,2.0,1.0,2.0,2.0,2.0,1.0,9.0,10.0,1.0,2.0,10.0,10.0,10.0,1.0,2.0,2.0,1.0,2.0,3.0,4.0,2.0,2.0,2.0,1.0,9.0,1.0,1.0,1.0,1.0,1.0,1.0,1.0,1.0,1.0,1.0,1.0,1.0,1.0,1.0,1.0,1.0,1.0,1.0,10.0,1.0,2.0,3.0,3.0,2.0,4.0,1.0,4.0,1.0,1.0,1.0,2.0,5.0,3.0,2.0,1.0,3.0,3.0,2.0,3.0,1.0,2.0,2.0,2.0,3.0,1.0,1.0,1.0,3.0,1.0,1.0,2.0,3.0,3.0,4.0,1.0,1.0,1.0,1.0,1.0,2.0,3.0,1.0,2.0,1.0,10.0,1.0,9.0,2.0,1.0,10.0,10.0,5.0,5.0,10.0,9.0,9.0,2.0,1.0,3.0,1.0,2.0,4.0,4.0
862070020,1.0,3.0,1.0,3.0,1.0,3.0,1.0,2.0,1.0,2.0,2.0,1.0,2.0,2.0,1.0,2.0,1.0,1.0,2.0,2.0,2.0,1.0,2.0,2.0,1.0,2.0,4.0,2.0,3.0,2.0,3.0,2.0,4.0,1.0,4.0,2.0,5.0,2.0,3.0,4.0,1.0,2.0,1.0,1.0,3.0,2.0,8.0,6.0,7.0,2.0,3.0,2.0,2.0,2.0,3.0,2.0,2.0,1.0,2.0,3.0,2.0,2.0,4.0,4.0,3.0,4.0,4.0,4.0,3.0,3.0,4.0,4.0,4.0,4.0,4.0,4.0,4.0,3.0,4.0,4.0,0.0,0.0,0.0,0.0,0.0,0.0,0.0,0.0,0.0,0.0,0.0,5.0,6.0,5.0,5.0,6.0,1.0,8.0,3.0,4.0,3.0,2.0,2.0,1.0,4.0,6.0,2.0,2.0,0.0,2.0,1.0,0.0,2.0,2.0,2.0,3.0,2.0,3.0,2.0,3.0,2.0,2.0,2.0,3.0,1.0,1.0,2.0,1.0,4.0,2.0,2.0,2.0,2.0,2.0,1.0,1.0,1.0,,,,,,,10.0,1.0,1.0,2.0,1.0,3.0,3.0,4.0,3.0,1.0,2.0,2.0,6.0,8.0,10.0,3.0,3.0,1.0,8.0,10.0,5.0,10.0,8.0,3.0,3.0,1.0,3.0,3.0,1.0,8.0,3.0,5.0,3.0,4.0,3.0,1.0,1.0,5.0,5.0,5.0,1.0,5.0,1.0,1.0,1.0,2.0,2.0,2.0,2.0,3.0,3.0,1.0,3.0,1.0,2.0,2.0,2.0,1.0,1.0,3.0,4.0,4.0,3.0,3.0,3.0,3.0,4.0,3.0,3.0,1.0,4.0,3.0,1.0,2.0,3.0,2.0,6.0,1.0,8.0,2.0,4.0,1.0,5.0,5.0,7.0,6.0,9.0,8.0,7.0,1.0,1.0,1.0,1.0,1.0,1.0,1.0
764071105,1.0,2.0,3.0,3.0,1.0,1.0,2.0,2.0,1.0,1.0,2.0,1.0,2.0,1.0,2.0,1.0,2.0,1.0,2.0,1.0,1.0,2.0,2.0,1.0,2.0,2.0,2.0,4.0,3.0,3.0,3.0,2.0,2.0,1.0,4.0,2.0,4.0,,1.0,3.0,4.0,3.0,1.0,1.0,2.0,2.0,7.0,7.0,5.0,4.0,4.0,4.0,2.0,4.0,3.0,,2.0,2.0,2.0,2.0,2.0,2.0,2.0,2.0,1.0,1.0,2.0,4.0,2.0,4.0,4.0,2.0,2.0,2.0,2.0,1.0,1.0,1.0,1.0,1.0,0.0,0.0,0.0,0.0,0.0,0.0,0.0,0.0,0.0,0.0,0.0,1.0,10.0,1.0,5.0,1.0,2.0,7.0,4.0,2.0,4.0,4.0,2.0,2.0,2.0,7.0,2.0,2.0,2.0,2.0,0.0,2.0,2.0,0.0,0.0,1.0,3.0,4.0,4.0,4.0,4.0,4.0,4.0,4.0,1.0,1.0,2.0,4.0,2.0,2.0,2.0,3.0,3.0,3.0,2.0,2.0,1.0,8.0,9.0,8.0,8.0,8.0,8.0,5.0,1.0,2.0,2.0,2.0,3.0,3.0,1.0,3.0,1.0,2.0,2.0,1.0,4.0,5.0,2.0,1.0,1.0,8.0,1.0,1.0,8.0,8.0,1.0,2.0,1.0,1.0,1.0,1.0,1.0,1.0,1.0,2.0,3.0,4.0,2.0,2.0,2.0,1.0,5.0,1.0,4.0,1.0,2.0,1.0,3.0,3.0,3.0,3.0,2.0,1.0,2.0,1.0,2.0,3.0,3.0,3.0,1.0,1.0,2.0,3.0,3.0,2.0,3.0,2.0,2.0,4.0,1.0,1.0,2.0,,2.0,2.0,2.0,1.0,3.0,,5.0,8.0,6.0,8.0,7.0,7.0,3.0,8.0,5.0,7.0,4.0,1.0,2.0,1.0,1.0,2.0,2.0,,
762070468,1.0,2.0,2.0,3.0,3.0,2.0,2.0,1.0,2.0,2.0,1.0,2.0,1.0,2.0,2.0,2.0,2.0,1.0,2.0,1.0,2.0,,2.0,1.0,2.0,2.0,1.0,2.0,2.0,2.0,2.0,2.0,2.0,2.0,2.0,,2.0,2.0,2.0,2.0,3.0,3.0,3.0,1.0,1.0,2.0,9.0,8.0,9.0,4.0,4.0,4.0,4.0,4.0,1.0,1.0,1.0,2.0,2.0,3.0,3.0,3.0,,3.0,2.0,2.0,2.0,2.0,3.0,3.0,3.0,3.0,3.0,3.0,4.0,4.0,4.0,4.0,3.0,3.0,0.0,0.0,0.0,0.0,0.0,0.0,0.0,0.0,0.0,0.0,0.0,8.0,8.0,8.0,9.0,8.0,2.0,7.0,,,,,,2.0,1.0,,3.0,2.0,1.0,1.0,1.0,0.0,0.0,0.0,0.0,2.0,1.0,4.0,4.0,4.0,4.0,4.0,4.0,4.0,1.0,1.0,2.0,2.0,2.0,2.0,2.0,4.0,4.0,4.0,1.0,2.0,1.0,8.0,8.0,3.0,4.0,5.0,8.0,8.0,1.0,2.0,1.0,1.0,2.0,2.0,5.0,7.0,2.0,1.0,1.0,7.0,3.0,3.0,4.0,6.0,3.0,,2.0,3.0,3.0,3.0,3.0,3.0,3.0,3.0,3.0,3.0,3.0,3.0,3.0,3.0,3.0,3.0,3.0,3.0,1.0,1.0,1.0,1.0,3.0,3.0,3.0,1.0,3.0,3.0,3.0,3.0,1.0,3.0,3.0,3.0,3.0,3.0,3.0,3.0,1.0,1.0,2.0,2.0,2.0,2.0,2.0,2.0,4.0,4.0,4.0,4.0,1.0,5.0,1.0,1.0,1.0,1.0,1.0,5.0,8.0,9.0,7.0,9.0,8.0,9.0,8.0,9.0,8.0,8.0,8.0,5.0,1.0,1.0,2.0,2.0,2.0,3.0,4.0
586070959,1.0,1.0,2.0,4.0,2.0,1.0,2.0,2.0,2.0,2.0,2.0,1.0,2.0,2.0,2.0,2.0,2.0,1.0,2.0,2.0,1.0,2.0,2.0,1.0,1.0,2.0,1.0,1.0,1.0,1.0,1.0,3.0,1.0,4.0,1.0,1.0,1.0,1.0,2.0,2.0,2.0,3.0,1.0,1.0,1.0,1.0,8.0,7.0,10.0,4.0,4.0,4.0,4.0,4.0,1.0,2.0,1.0,2.0,1.0,3.0,4.0,4.0,1.0,1.0,2.0,2.0,2.0,1.0,3.0,2.0,1.0,,,2.0,1.0,2.0,2.0,,,2.0,1.0,0.0,0.0,0.0,0.0,0.0,0.0,0.0,0.0,0.0,0.0,10.0,10.0,6.0,8.0,3.0,2.0,10.0,4.0,3.0,4.0,3.0,2.0,1.0,1.0,8.0,3.0,0.0,1.0,2.0,2.0,0.0,2.0,0.0,2.0,1.0,1.0,4.0,4.0,4.0,3.0,4.0,4.0,4.0,2.0,2.0,2.0,4.0,4.0,2.0,2.0,2.0,1.0,2.0,1.0,2.0,1.0,10.0,10.0,1.0,5.0,10.0,5.0,10.0,1.0,1.0,1.0,1.0,2.0,1.0,3.0,1.0,1.0,1.0,1.0,3.0,4.0,3.0,1.0,1.0,1.0,1.0,10.0,10.0,1.0,1.0,1.0,1.0,1.0,8.0,2.0,1.0,1.0,2.0,6.0,2.0,2.0,1.0,4.0,2.0,5.0,1.0,5.0,5.0,5.0,5.0,5.0,2.0,3.0,3.0,3.0,3.0,3.0,2.0,3.0,3.0,3.0,3.0,3.0,3.0,3.0,3.0,3.0,3.0,2.0,4.0,3.0,2.0,2.0,4.0,3.0,4.0,1.0,2.0,2.0,4.0,3.0,2.0,4.0,,10.0,10.0,10.0,8.0,8.0,10.0,7.0,10.0,3.0,10.0,1.0,5.0,1.0,1.0,1.0,2.0,1.0,1.0,1.0
804071104,2.0,2.0,2.0,2.0,2.0,2.0,2.0,2.0,1.0,2.0,2.0,1.0,1.0,2.0,2.0,2.0,2.0,1.0,2.0,1.0,2.0,1.0,2.0,1.0,2.0,2.0,2.0,3.0,3.0,3.0,3.0,2.0,4.0,2.0,2.0,,4.0,2.0,2.0,3.0,2.0,3.0,1.0,1.0,3.0,4.0,6.0,3.0,3.0,3.0,2.0,2.0,,4.0,3.0,2.0,1.0,2.0,2.0,4.0,4.0,4.0,1.0,2.0,3.0,3.0,2.0,2.0,2.0,4.0,4.0,4.0,4.0,1.0,1.0,,1.0,,,1.0,2.0,0.0,0.0,0.0,0.0,1.0,0.0,0.0,0.0,0.0,0.0,1.0,10.0,1.0,5.0,10.0,2.0,10.0,3.0,3.0,3.0,3.0,3.0,2.0,2.0,4.0,,0.0,0.0,2.0,1.0,2.0,2.0,2.0,2.0,,3.0,3.0,1.0,3.0,,1.0,2.0,4.0,1.0,1.0,,1.0,3.0,2.0,2.0,1.0,1.0,1.0,2.0,2.0,2.0,10.0,10.0,10.0,3.0,6.0,8.0,10.0,1.0,1.0,1.0,1.0,2.0,4.0,2.0,4.0,2.0,2.0,1.0,,6.0,6.0,1.0,,1.0,,1.0,8.0,5.0,5.0,,,1.0,10.0,1.0,1.0,1.0,1.0,1.0,1.0,2.0,3.0,2.0,1.0,1.0,1.0,1.0,5.0,5.0,5.0,5.0,1.0,2.0,2.0,2.0,,2.0,2.0,,,,,,,1.0,1.0,2.0,,,3.0,,2.0,,4.0,1.0,1.0,1.0,5.0,2.0,2.0,2.0,1.0,,1.0,10.0,,10.0,10.0,1.0,10.0,10.0,10.0,10.0,6.0,1.0,3.0,4.0,3.0,2.0,2.0,2.0,3.0,4.0
558070496,2.0,2.0,1.0,2.0,2.0,2.0,1.0,2.0,2.0,2.0,2.0,1.0,2.0,2.0,1.0,1.0,1.0,2.0,1.0,1.0,1.0,1.0,2.0,2.0,1.0,1.0,2.0,2.0,3.0,3.0,3.0,1.0,4.0,2.0,2.0,3.0,2.0,1.0,2.0,2.0,2.0,3.0,3.0,1.0,1.0,3.0,3.0,3.0,1.0,2.0,1.0,1.0,2.0,4.0,3.0,2.0,2.0,2.0,4.0,4.0,4.0,4.0,1.0,4.0,1.0,1.0,4.0,4.0,4.0,4.0,4.0,4.0,4.0,3.0,3.0,1.0,2.0,4.0,4.0,4.0,2.0,0.0,0.0,0.0,0.0,0.0,0.0,0.0,0.0,0.0,0.0,10.0,1.0,1.0,1.0,1.0,1.0,10.0,4.0,2.0,4.0,4.0,1.0,1.0,2.0,1.0,4.0,2.0,0.0,2.0,2.0,2.0,0.0,2.0,2.0,1.0,4.0,3.0,1.0,1.0,3.0,1.0,3.0,3.0,1.0,1.0,2.0,3.0,1.0,2.0,2.0,1.0,1.0,1.0,1.0,2.0,1.0,5.0,5.0,1.0,10.0,10.0,10.0,10.0,1.0,2.0,2.0,2.0,2.0,2.0,6.0,2.0,1.0,2.0,,5.0,1.0,1.0,1.0,1.0,1.0,1.0,1.0,1.0,5.0,5.0,1.0,1.0,1.0,5.0,1.0,1.0,1.0,1.0,1.0,4.0,4.0,4.0,2.0,2.0,5.0,1.0,1.0,1.0,5.0,1.0,1.0,4.0,2.0,2.0,2.0,2.0,1.0,2.0,2.0,2.0,2.0,3.0,2.0,2.0,1.0,1.0,4.0,1.0,2.0,1.0,1.0,4.0,1.0,1.0,1.0,1.0,2.0,3.0,2.0,1.0,4.0,1.0,2.0,10.0,5.0,10.0,10.0,1.0,10.0,10.0,1.0,5.0,10.0,10.0,1.0,1.0,4.0,1.0,2.0,1.0,1.0,3.0,3.0
762071081,1.0,1.0,4.0,1.0,1.0,1.0,2.0,2.0,2.0,2.0,2.0,1.0,2.0,2.0,2.0,2.0,2.0,2.0,2.0,2.0,2.0,,2.0,2.0,1.0,2.0,1.0,4.0,1.0,1.0,1.0,1.0,3.0,1.0,1.0,,1.0,1.0,1.0,1.0,1.0,3.0,1.0,1.0,1.0,1.0,6.0,10.0,5.0,4.0,4.0,4.0,1.0,4.0,1.0,2.0,1.0,4.0,4.0,4.0,4.0,4.0,1.0,1.0,1.0,1.0,1.0,1.0,1.0,1.0,1.0,1.0,1.0,1.0,1.0,1.0,1.0,1.0,1.0,1.0,0.0,0.0,0.0,0.0,0.0,0.0,0.0,0.0,0.0,0.0,0.0,10.0,10.0,10.0,1.0,10.0,1.0,1.0,,,,,,1.0,5.0,,4.0,1.0,1.0,1.0,1.0,1.0,1.0,1.0,1.0,3.0,1.0,4.0,4.0,4.0,4.0,4.0,4.0,4.0,2.0,1.0,2.0,1.0,1.0,2.0,2.0,1.0,1.0,1.0,2.0,2.0,1.0,10.0,10.0,5.0,8.0,1.0,10.0,10.0,1.0,1.0,1.0,1.0,1.0,1.0,7.0,1.0,1.0,1.0,2.0,5.0,1.0,1.0,1.0,1.0,1.0,,1.0,5.0,1.0,1.0,1.0,1.0,1.0,1.0,1.0,1.0,1.0,1.0,1.0,1.0,1.0,1.0,1.0,3.0,3.0,1.0,1.0,1.0,5.0,4.0,5.0,1.0,1.0,3.0,1.0,1.0,1.0,3.0,1.0,1.0,3.0,1.0,3.0,1.0,1.0,3.0,1.0,4.0,1.0,4.0,1.0,1.0,4.0,4.0,1.0,1.0,1.0,1.0,1.0,4.0,1.0,1.0,4.0,10.0,10.0,10.0,10.0,1.0,1.0,10.0,10.0,10.0,10.0,10.0,10.0,10.0,2.0,1.0,1.0,1.0,1.0,1.0,1.0
32070052,1.0,2.0,2.0,2.0,2.0,2.0,1.0,2.0,1.0,2.0,1.0,1.0,2.0,2.0,2.0,2.0,1.0,1.0,2.0,2.0,2.0,2.0,2.0,1.0,2.0,2.0,1.0,2.0,4.0,4.0,1.0,2.0,4.0,2.0,4.0,2.0,2.0,2.0,2.0,2.0,2.0,1.0,1.0,3.0,1.0,1.0,8.0,5.0,9.0,4.0,1.0,4.0,3.0,4.0,2.0,2.0,3.0,3.0,3.0,3.0,3.0,3.0,2.0,3.0,3.0,2.0,3.0,3.0,2.0,3.0,2.0,2.0,3.0,2.0,3.0,3.0,3.0,2.0,2.0,2.0,0.0,0.0,0.0,0.0,0.0,0.0,0.0,2.0,0.0,0.0,0.0,4.0,8.0,6.0,5.0,3.0,1.0,8.0,3.0,3.0,3.0,3.0,3.0,3.0,2.0,8.0,4.0,2.0,2.0,2.0,2.0,2.0,2.0,0.0,2.0,4.0,3.0,1.0,1.0,1.0,1.0,1.0,1.0,1.0,1.0,1.0,2.0,2.0,2.0,2.0,2.0,2.0,2.0,2.0,1.0,2.0,1.0,8.0,8.0,5.0,6.0,8.0,7.0,7.0,1.0,1.0,1.0,1.0,2.0,3.0,2.0,2.0,1.0,2.0,2.0,6.0,10.0,4.0,1.0,1.0,4.0,7.0,7.0,7.0,7.0,7.0,3.0,7.0,1.0,1.0,1.0,1.0,8.0,1.0,6.0,2.0,3.0,3.0,2.0,2.0,2.0,1.0,1.0,1.0,1.0,1.0,,1.0,2.0,3.0,2.0,2.0,2.0,2.0,2.0,3.0,3.0,3.0,3.0,3.0,2.0,2.0,2.0,3.0,1.0,3.0,3.0,2.0,2.0,3.0,2.0,1.0,1.0,,2.0,3.0,4.0,1.0,3.0,6.0,10.0,5.0,10.0,10.0,1.0,2.0,4.0,7.0,10.0,10.0,8.0,4.0,2.0,2.0,1.0,2.0,2.0,3.0,2.0
496070369,3.0,2.0,3.0,2.0,3.0,2.0,2.0,2.0,1.0,1.0,1.0,1.0,2.0,2.0,1.0,2.0,2.0,2.0,2.0,2.0,1.0,1.0,1.0,1.0,1.0,2.0,2.0,3.0,1.0,2.0,3.0,2.0,3.0,2.0,3.0,4.0,5.0,4.0,5.0,3.0,4.0,2.0,1.0,2.0,3.0,4.0,9.0,10.0,8.0,2.0,1.0,2.0,3.0,2.0,,,3.0,2.0,3.0,2.0,1.0,2.0,3.0,2.0,2.0,3.0,4.0,3.0,4.0,2.0,2.0,3.0,4.0,3.0,4.0,3.0,2.0,3.0,4.0,3.0,2.0,1.0,2.0,2.0,1.0,1.0,2.0,1.0,2.0,2.0,2.0,6.0,8.0,7.0,6.0,5.0,2.0,7.0,3.0,2.0,1.0,2.0,1.0,4.0,5.0,7.0,2.0,2.0,1.0,2.0,1.0,2.0,2.0,1.0,2.0,3.0,4.0,2.0,1.0,2.0,3.0,2.0,3.0,2.0,1.0,2.0,1.0,2.0,1.0,1.0,2.0,2.0,1.0,1.0,2.0,1.0,1.0,10.0,9.0,5.0,7.0,9.0,8.0,6.0,1.0,1.0,1.0,1.0,2.0,1.0,5.0,4.0,2.0,2.0,2.0,7.0,3.0,4.0,5.0,4.0,6.0,7.0,8.0,9.0,7.0,6.0,5.0,5.0,4.0,5.0,7.0,5.0,6.0,5.0,4.0,2.0,3.0,1.0,3.0,1.0,2.0,2.0,3.0,3.0,2.0,3.0,4.0,4.0,3.0,2.0,1.0,2.0,2.0,1.0,2.0,3.0,2.0,1.0,2.0,1.0,2.0,1.0,1.0,2.0,3.0,3.0,2.0,2.0,3.0,2.0,3.0,2.0,3.0,3.0,1.0,2.0,1.0,2.0,1.0,6.0,3.0,4.0,9.0,7.0,6.0,5.0,4.0,5.0,4.0,7.0,8.0,8.0,3.0,1.0,3.0,2.0,2.0,2.0,2.0
704071040,1.0,3.0,4.0,1.0,1.0,1.0,2.0,2.0,2.0,1.0,2.0,1.0,2.0,2.0,2.0,2.0,1.0,1.0,2.0,1.0,2.0,1.0,2.0,1.0,1.0,2.0,1.0,2.0,3.0,3.0,3.0,2.0,3.0,2.0,3.0,2.0,2.0,1.0,2.0,2.0,2.0,3.0,1.0,1.0,2.0,3.0,10.0,9.0,8.0,4.0,4.0,4.0,4.0,4.0,1.0,1.0,1.0,2.0,2.0,3.0,4.0,4.0,3.0,1.0,3.0,2.0,1.0,1.0,1.0,1.0,1.0,1.0,1.0,1.0,1.0,2.0,2.0,1.0,1.0,2.0,0.0,0.0,0.0,0.0,0.0,0.0,0.0,0.0,2.0,0.0,0.0,9.0,10.0,10.0,1.0,1.0,1.0,6.0,2.0,2.0,2.0,2.0,2.0,2.0,3.0,5.0,3.0,1.0,1.0,1.0,1.0,1.0,1.0,2.0,2.0,3.0,1.0,3.0,4.0,4.0,4.0,4.0,4.0,4.0,1.0,1.0,2.0,1.0,1.0,2.0,2.0,1.0,1.0,1.0,1.0,2.0,1.0,8.0,8.0,2.0,3.0,10.0,9.0,6.0,1.0,2.0,2.0,2.0,4.0,2.0,6.0,7.0,1.0,1.0,2.0,8.0,5.0,6.0,1.0,1.0,1.0,9.0,1.0,1.0,1.0,10.0,1.0,9.0,1.0,6.0,1.0,1.0,10.0,10.0,1.0,1.0,3.0,3.0,2.0,3.0,1.0,1.0,5.0,1.0,5.0,5.0,1.0,1.0,3.0,3.0,3.0,3.0,3.0,3.0,3.0,3.0,3.0,3.0,,,1.0,3.0,1.0,1.0,4.0,4.0,1.0,2.0,4.0,4.0,1.0,1.0,1.0,1.0,,,1.0,1.0,1.0,,1.0,1.0,1.0,10.0,6.0,6.0,6.0,1.0,6.0,9.0,10.0,10.0,1.0,1.0,2.0,3.0,2.0,2.0,2.0
446070550,1.0,1.0,1.0,2.0,1.0,2.0,1.0,1.0,2.0,2.0,2.0,1.0,1.0,1.0,2.0,2.0,2.0,1.0,,,,,,1.0,,,3.0,4.0,4.0,4.0,4.0,2.0,4.0,4.0,4.0,1.0,3.0,2.0,2.0,3.0,3.0,3.0,1.0,2.0,1.0,1.0,8.0,8.0,8.0,1.0,4.0,3.0,4.0,4.0,1.0,2.0,1.0,3.0,2.0,4.0,3.0,3.0,3.0,4.0,3.0,3.0,3.0,3.0,2.0,4.0,4.0,3.0,3.0,2.0,4.0,2.0,2.0,2.0,2.0,2.0,0.0,0.0,0.0,0.0,0.0,0.0,0.0,0.0,0.0,0.0,0.0,7.0,4.0,8.0,2.0,1.0,1.0,10.0,3.0,3.0,3.0,2.0,2.0,3.0,5.0,3.0,1.0,0.0,0.0,2.0,0.0,0.0,2.0,0.0,2.0,3.0,2.0,3.0,2.0,3.0,3.0,3.0,3.0,3.0,1.0,2.0,2.0,3.0,3.0,2.0,2.0,3.0,3.0,3.0,1.0,1.0,2.0,8.0,8.0,6.0,4.0,1.0,10.0,8.0,1.0,1.0,1.0,1.0,4.0,4.0,6.0,7.0,3.0,1.0,1.0,8.0,1.0,1.0,1.0,1.0,1.0,10.0,1.0,3.0,10.0,10.0,1.0,6.0,1.0,2.0,2.0,7.0,1.0,1.0,1.0,4.0,4.0,4.0,1.0,1.0,1.0,2.0,4.0,1.0,1.0,1.0,1.0,1.0,2.0,2.0,2.0,2.0,1.0,2.0,1.0,1.0,1.0,1.0,1.0,1.0,1.0,,1.0,2.0,2.0,1.0,2.0,2.0,1.0,3.0,3.0,2.0,1.0,5.0,4.0,3.0,4.0,1.0,4.0,10.0,5.0,2.0,10.0,5.0,1.0,10.0,1.0,1.0,10.0,10.0,1.0,1.0,3.0,3.0,1.0,1.0,1.0,1.0,1.0
643071645,1.0,1.0,2.0,3.0,4.0,1.0,1.0,2.0,1.0,2.0,2.0,1.0,2.0,2.0,2.0,2.0,2.0,1.0,1.0,1.0,1.0,1.0,1.0,1.0,2.0,2.0,1.0,3.0,1.0,1.0,1.0,1.0,4.0,3.0,3.0,3.0,4.0,3.0,3.0,4.0,3.0,3.0,3.0,1.0,2.0,3.0,3.0,4.0,2.0,3.0,4.0,2.0,2.0,4.0,2.0,2.0,1.0,1.0,2.0,3.0,3.0,3.0,2.0,2.0,2.0,2.0,2.0,2.0,2.0,2.0,2.0,2.0,2.0,2.0,2.0,3.0,4.0,4.0,4.0,4.0,0.0,0.0,0.0,0.0,0.0,0.0,0.0,0.0,0.0,0.0,0.0,4.0,8.0,2.0,4.0,4.0,1.0,7.0,3.0,3.0,3.0,3.0,3.0,2.0,4.0,7.0,3.0,0.0,0.0,0.0,2.0,0.0,2.0,0.0,2.0,3.0,2.0,4.0,4.0,4.0,4.0,4.0,4.0,4.0,2.0,2.0,2.0,4.0,4.0,2.0,2.0,1.0,1.0,1.0,2.0,1.0,1.0,2.0,9.0,8.0,4.0,7.0,6.0,7.0,1.0,1.0,1.0,1.0,3.0,3.0,4.0,8.0,1.0,2.0,2.0,7.0,10.0,4.0,1.0,1.0,1.0,1.0,1.0,1.0,10.0,9.0,4.0,6.0,3.0,8.0,6.0,1.0,7.0,1.0,7.0,2.0,2.0,2.0,4.0,3.0,2.0,1.0,5.0,5.0,5.0,5.0,5.0,5.0,3.0,3.0,3.0,3.0,3.0,3.0,3.0,3.0,3.0,3.0,3.0,3.0,1.0,1.0,2.0,3.0,3.0,3.0,3.0,3.0,3.0,3.0,3.0,3.0,2.0,,1.0,3.0,3.0,3.0,3.0,,8.0,6.0,9.0,8.0,10.0,5.0,10.0,8.0,7.0,5.0,5.0,5.0,1.0,1.0,2.0,2.0,2.0,3.0,3.0
716070572,1.0,1.0,2.0,3.0,1.0,1.0,1.0,1.0,2.0,1.0,2.0,1.0,2.0,2.0,1.0,2.0,2.0,1.0,2.0,2.0,2.0,1.0,2.0,1.0,1.0,2.0,2.0,3.0,3.0,4.0,3.0,3.0,4.0,2.0,2.0,4.0,2.0,2.0,2.0,2.0,2.0,3.0,1.0,1.0,1.0,2.0,5.0,10.0,5.0,2.0,3.0,2.0,1.0,2.0,2.0,2.0,3.0,3.0,2.0,3.0,4.0,3.0,1.0,3.0,3.0,3.0,1.0,2.0,2.0,1.0,3.0,3.0,1.0,1.0,1.0,1.0,1.0,1.0,1.0,3.0,1.0,0.0,1.0,0.0,0.0,2.0,0.0,0.0,0.0,2.0,0.0,10.0,1.0,10.0,1.0,10.0,2.0,10.0,3.0,2.0,2.0,2.0,2.0,2.0,2.0,10.0,1.0,0.0,2.0,0.0,0.0,2.0,2.0,0.0,2.0,2.0,3.0,2.0,2.0,2.0,2.0,2.0,2.0,2.0,1.0,1.0,2.0,3.0,1.0,2.0,2.0,1.0,1.0,3.0,1.0,1.0,1.0,10.0,10.0,10.0,10.0,10.0,1.0,10.0,1.0,1.0,1.0,1.0,2.0,2.0,2.0,1.0,1.0,2.0,1.0,10.0,1.0,1.0,1.0,1.0,1.0,1.0,1.0,1.0,1.0,1.0,1.0,1.0,1.0,1.0,1.0,1.0,1.0,1.0,1.0,1.0,1.0,1.0,3.0,3.0,2.0,5.0,5.0,1.0,5.0,3.0,5.0,2.0,3.0,3.0,3.0,3.0,3.0,3.0,3.0,3.0,3.0,3.0,3.0,3.0,3.0,3.0,,4.0,4.0,,4.0,4.0,4.0,,4.0,4.0,1.0,1.0,1.0,3.0,3.0,1.0,3.0,1.0,1.0,1.0,1.0,1.0,10.0,10.0,1.0,1.0,10.0,10.0,5.0,5.0,2.0,1.0,1.0,1.0,1.0,1.0,1.0
344071891,1.0,2.0,2.0,3.0,3.0,3.0,1.0,1.0,2.0,1.0,2.0,1.0,2.0,2.0,2.0,1.0,2.0,1.0,2.0,2.0,2.0,2.0,2.0,2.0,2.0,2.0,2.0,3.0,3.0,3.0,3.0,2.0,4.0,2.0,4.0,2.0,4.0,3.0,4.0,4.0,2.0,1.0,1.0,2.0,3.0,4.0,3.0,3.0,3.0,3.0,4.0,4.0,3.0,3.0,1.0,2.0,1.0,2.0,2.0,3.0,3.0,3.0,4.0,4.0,3.0,3.0,3.0,3.0,3.0,4.0,3.0,3.0,3.0,3.0,4.0,3.0,3.0,3.0,3.0,3.0,0.0,0.0,0.0,0.0,0.0,0.0,0.0,0.0,0.0,0.0,0.0,4.0,8.0,4.0,4.0,9.0,1.0,7.0,3.0,3.0,2.0,2.0,2.0,2.0,3.0,6.0,2.0,0.0,2.0,2.0,1.0,1.0,1.0,2.0,2.0,3.0,3.0,3.0,2.0,3.0,3.0,3.0,3.0,2.0,1.0,2.0,2.0,2.0,1.0,2.0,2.0,3.0,3.0,3.0,1.0,2.0,2.0,2.0,5.0,5.0,4.0,2.0,7.0,4.0,2.0,2.0,2.0,2.0,4.0,4.0,7.0,8.0,2.0,2.0,1.0,3.0,3.0,6.0,3.0,3.0,1.0,6.0,2.0,1.0,7.0,7.0,7.0,7.0,2.0,3.0,2.0,2.0,2.0,3.0,3.0,3.0,4.0,4.0,4.0,2.0,5.0,1.0,4.0,1.0,1.0,1.0,1.0,1.0,3.0,3.0,3.0,3.0,3.0,3.0,3.0,2.0,2.0,3.0,3.0,3.0,1.0,1.0,2.0,2.0,1.0,1.0,2.0,2.0,1.0,3.0,3.0,1.0,1.0,5.0,4.0,3.0,4.0,1.0,4.0,5.0,4.0,2.0,8.0,8.0,3.0,8.0,4.0,3.0,7.0,8.0,3.0,3.0,3.0,3.0,2.0,,2.0,2.0,2.0
124070061,1.0,1.0,2.0,2.0,3.0,4.0,2.0,2.0,2.0,1.0,2.0,1.0,1.0,1.0,2.0,1.0,2.0,1.0,2.0,2.0,2.0,2.0,2.0,1.0,2.0,2.0,3.0,3.0,3.0,3.0,3.0,3.0,4.0,3.0,3.0,2.0,4.0,3.0,2.0,3.0,4.0,1.0,2.0,3.0,3.0,3.0,6.0,3.0,5.0,4.0,3.0,4.0,3.0,4.0,3.0,2.0,2.0,3.0,1.0,3.0,3.0,3.0,4.0,3.0,1.0,3.0,2.0,4.0,3.0,2.0,3.0,2.0,3.0,2.0,3.0,2.0,2.0,2.0,2.0,2.0,0.0,0.0,0.0,0.0,0.0,0.0,0.0,0.0,0.0,0.0,0.0,4.0,5.0,3.0,3.0,9.0,1.0,5.0,2.0,3.0,2.0,3.0,2.0,2.0,3.0,7.0,3.0,2.0,2.0,0.0,2.0,0.0,2.0,0.0,1.0,3.0,3.0,2.0,3.0,3.0,3.0,2.0,3.0,3.0,2.0,2.0,1.0,1.0,2.0,2.0,2.0,3.0,3.0,2.0,1.0,1.0,1.0,5.0,3.0,1.0,3.0,2.0,3.0,1.0,2.0,2.0,2.0,2.0,4.0,,6.0,8.0,3.0,1.0,1.0,4.0,1.0,2.0,3.0,1.0,1.0,10.0,8.0,10.0,8.0,10.0,7.0,7.0,1.0,1.0,2.0,2.0,8.0,1.0,4.0,3.0,4.0,2.0,1.0,2.0,4.0,4.0,4.0,1.0,4.0,1.0,1.0,2.0,1.0,1.0,1.0,2.0,2.0,2.0,1.0,1.0,1.0,1.0,2.0,2.0,2.0,1.0,1.0,3.0,3.0,3.0,2.0,1.0,3.0,4.0,2.0,2.0,1.0,2.0,4.0,2.0,4.0,1.0,4.0,3.0,8.0,1.0,10.0,10.0,5.0,10.0,6.0,4.0,10.0,10.0,9.0,7.0,2.0,1.0,1.0,3.0,1.0,3.0,4.0
703070690,1.0,1.0,2.0,4.0,4.0,2.0,1.0,2.0,2.0,1.0,1.0,2.0,2.0,1.0,1.0,2.0,2.0,1.0,2.0,2.0,1.0,2.0,2.0,1.0,2.0,2.0,1.0,4.0,3.0,4.0,4.0,3.0,2.0,1.0,4.0,4.0,2.0,2.0,1.0,2.0,2.0,1.0,1.0,1.0,1.0,1.0,8.0,9.0,9.0,4.0,4.0,4.0,4.0,4.0,1.0,2.0,1.0,2.0,1.0,2.0,2.0,2.0,1.0,1.0,2.0,2.0,3.0,1.0,2.0,4.0,4.0,4.0,2.0,1.0,1.0,1.0,2.0,3.0,2.0,1.0,1.0,0.0,0.0,0.0,0.0,0.0,0.0,0.0,0.0,0.0,0.0,1.0,4.0,8.0,1.0,1.0,2.0,8.0,2.0,2.0,3.0,2.0,1.0,1.0,2.0,8.0,3.0,2.0,0.0,0.0,0.0,0.0,0.0,2.0,0.0,2.0,1.0,4.0,2.0,4.0,2.0,4.0,2.0,4.0,1.0,1.0,2.0,4.0,4.0,2.0,2.0,2.0,4.0,4.0,2.0,2.0,2.0,7.0,8.0,7.0,8.0,7.0,9.0,8.0,1.0,1.0,1.0,1.0,1.0,1.0,2.0,2.0,1.0,2.0,2.0,8.0,4.0,3.0,1.0,2.0,2.0,3.0,2.0,1.0,3.0,3.0,1.0,1.0,1.0,1.0,1.0,1.0,4.0,3.0,1.0,4.0,4.0,4.0,3.0,3.0,4.0,1.0,1.0,1.0,2.0,2.0,2.0,3.0,1.0,2.0,2.0,2.0,1.0,2.0,2.0,1.0,1.0,1.0,2.0,2.0,1.0,1.0,1.0,4.0,3.0,3.0,1.0,1.0,4.0,4.0,1.0,2.0,1.0,1.0,4.0,3.0,4.0,1.0,1.0,8.0,7.0,8.0,10.0,7.0,1.0,7.0,8.0,7.0,10.0,8.0,8.0,9.0,1.0,1.0,1.0,2.0,1.0,2.0,3.0
124072481,1.0,2.0,2.0,1.0,1.0,2.0,2.0,2.0,1.0,1.0,2.0,1.0,2.0,1.0,2.0,1.0,2.0,1.0,2.0,2.0,2.0,2.0,2.0,1.0,2.0,2.0,2.0,4.0,4.0,3.0,3.0,3.0,5.0,3.0,5.0,1.0,5.0,1.0,1.0,1.0,4.0,3.0,2.0,1.0,1.0,2.0,8.0,8.0,10.0,4.0,3.0,3.0,4.0,3.0,1.0,1.0,2.0,2.0,2.0,2.0,2.0,2.0,2.0,2.0,2.0,3.0,2.0,2.0,2.0,2.0,2.0,2.0,1.0,2.0,1.0,3.0,2.0,2.0,2.0,2.0,1.0,1.0,1.0,1.0,0.0,1.0,0.0,1.0,0.0,0.0,1.0,8.0,7.0,8.0,3.0,2.0,1.0,8.0,2.0,2.0,2.0,2.0,2.0,2.0,5.0,8.0,4.0,2.0,2.0,2.0,2.0,1.0,2.0,2.0,1.0,3.0,2.0,1.0,2.0,3.0,3.0,1.0,1.0,3.0,1.0,1.0,2.0,4.0,4.0,1.0,1.0,3.0,4.0,3.0,2.0,2.0,1.0,10.0,10.0,1.0,1.0,10.0,9.0,7.0,1.0,2.0,2.0,2.0,4.0,4.0,7.0,3.0,1.0,2.0,2.0,10.0,1.0,1.0,1.0,1.0,1.0,10.0,6.0,8.0,8.0,10.0,6.0,10.0,1.0,1.0,1.0,1.0,4.0,1.0,6.0,1.0,3.0,1.0,1.0,1.0,1.0,1.0,5.0,5.0,1.0,1.0,1.0,1.0,1.0,1.0,1.0,1.0,1.0,1.0,1.0,1.0,1.0,1.0,1.0,2.0,1.0,1.0,1.0,3.0,3.0,2.0,1.0,1.0,3.0,4.0,2.0,1.0,1.0,3.0,2.0,2.0,4.0,1.0,4.0,8.0,9.0,1.0,10.0,9.0,9.0,10.0,2.0,6.0,10.0,8.0,8.0,7.0,2.0,1.0,1.0,1.0,1.0,1.0,2.0
826071421,2.0,3.0,2.0,2.0,1.0,3.0,1.0,1.0,2.0,2.0,1.0,1.0,2.0,1.0,2.0,2.0,2.0,1.0,2.0,2.0,2.0,1.0,2.0,1.0,2.0,2.0,3.0,3.0,4.0,4.0,4.0,4.0,4.0,5.0,3.0,2.0,4.0,4.0,2.0,2.0,3.0,2.0,1.0,1.0,3.0,3.0,2.0,6.0,5.0,4.0,2.0,4.0,4.0,4.0,1.0,2.0,1.0,3.0,2.0,4.0,1.0,1.0,1.0,1.0,4.0,4.0,3.0,3.0,3.0,4.0,3.0,4.0,2.0,2.0,3.0,3.0,2.0,3.0,2.0,1.0,0.0,0.0,0.0,0.0,0.0,0.0,0.0,0.0,0.0,0.0,0.0,2.0,1.0,1.0,8.0,1.0,2.0,9.0,4.0,3.0,2.0,2.0,4.0,1.0,,10.0,5.0,2.0,2.0,0.0,1.0,1.0,2.0,0.0,1.0,2.0,4.0,2.0,2.0,3.0,2.0,2.0,2.0,2.0,,,,3.0,2.0,,,2.0,2.0,2.0,2.0,1.0,,8.0,9.0,5.0,5.0,2.0,10.0,5.0,2.0,1.0,2.0,2.0,3.0,3.0,7.0,8.0,3.0,,,6.0,4.0,2.0,1.0,1.0,4.0,1.0,1.0,6.0,10.0,10.0,2.0,2.0,,1.0,1.0,1.0,10.0,1.0,8.0,1.0,3.0,2.0,3.0,3.0,5.0,5.0,5.0,1.0,1.0,1.0,1.0,1.0,3.0,3.0,3.0,3.0,2.0,2.0,3.0,3.0,1.0,1.0,3.0,3.0,3.0,3.0,3.0,3.0,2.0,2.0,4.0,3.0,2.0,2.0,3.0,3.0,3.0,5.0,1.0,2.0,3.0,2.0,3.0,5.0,10.0,2.0,10.0,1.0,10.0,3.0,4.0,1.0,10.0,10.0,1.0,4.0,2.0,2.0,3.0,4.0,2.0,4.0,3.0
76071760,1.0,1.0,2.0,1.0,2.0,2.0,2.0,1.0,2.0,1.0,1.0,1.0,2.0,1.0,2.0,2.0,2.0,1.0,2.0,2.0,2.0,2.0,2.0,1.0,2.0,2.0,2.0,4.0,4.0,4.0,4.0,2.0,4.0,3.0,4.0,2.0,4.0,2.0,2.0,4.0,4.0,1.0,1.0,1.0,2.0,2.0,10.0,8.0,10.0,4.0,2.0,4.0,4.0,4.0,1.0,2.0,1.0,2.0,1.0,2.0,2.0,2.0,4.0,2.0,2.0,2.0,2.0,2.0,2.0,2.0,3.0,3.0,2.0,2.0,3.0,2.0,2.0,2.0,2.0,2.0,0.0,0.0,0.0,1.0,0.0,0.0,0.0,2.0,0.0,0.0,0.0,8.0,9.0,8.0,1.0,1.0,1.0,10.0,3.0,2.0,2.0,2.0,2.0,2.0,2.0,4.0,4.0,1.0,2.0,1.0,2.0,0.0,2.0,2.0,2.0,2.0,4.0,2.0,2.0,4.0,4.0,3.0,4.0,4.0,1.0,1.0,2.0,1.0,1.0,2.0,1.0,2.0,4.0,3.0,1.0,2.0,2.0,9.0,9.0,8.0,7.0,1.0,10.0,10.0,1.0,1.0,2.0,2.0,3.0,3.0,7.0,1.0,1.0,2.0,2.0,7.0,1.0,1.0,1.0,8.0,1.0,10.0,1.0,7.0,10.0,10.0,6.0,10.0,1.0,2.0,1.0,1.0,2.0,1.0,2.0,1.0,4.0,4.0,1.0,1.0,5.0,1.0,5.0,1.0,5.0,1.0,1.0,1.0,1.0,1.0,2.0,1.0,1.0,2.0,2.0,1.0,2.0,1.0,1.0,3.0,1.0,1.0,1.0,4.0,3.0,3.0,2.0,2.0,1.0,4.0,1.0,2.0,1.0,4.0,1.0,2.0,3.0,1.0,4.0,,1.0,1.0,10.0,4.0,9.0,10.0,4.0,1.0,10.0,10.0,3.0,1.0,2.0,3.0,2.0,2.0,3.0,3.0,3.0
360072966,1.0,2.0,3.0,3.0,1.0,1.0,1.0,1.0,1.0,2.0,2.0,1.0,2.0,2.0,1.0,2.0,2.0,1.0,2.0,1.0,2.0,1.0,2.0,1.0,2.0,2.0,2.0,3.0,2.0,3.0,3.0,2.0,4.0,4.0,4.0,4.0,4.0,2.0,2.0,4.0,2.0,1.0,2.0,3.0,2.0,1.0,6.0,8.0,7.0,4.0,2.0,4.0,4.0,4.0,1.0,2.0,2.0,2.0,3.0,4.0,2.0,4.0,1.0,2.0,3.0,3.0,3.0,3.0,2.0,2.0,3.0,4.0,3.0,3.0,2.0,3.0,1.0,3.0,3.0,2.0,0.0,0.0,0.0,0.0,0.0,0.0,0.0,0.0,0.0,0.0,,7.0,5.0,5.0,5.0,6.0,1.0,10.0,3.0,2.0,3.0,2.0,1.0,1.0,2.0,7.0,4.0,0.0,0.0,0.0,0.0,0.0,0.0,0.0,0.0,3.0,2.0,4.0,2.0,4.0,4.0,4.0,4.0,4.0,1.0,1.0,2.0,3.0,,2.0,2.0,1.0,1.0,1.0,1.0,2.0,1.0,10.0,10.0,1.0,5.0,1.0,10.0,10.0,1.0,1.0,1.0,1.0,1.0,3.0,4.0,1.0,1.0,2.0,1.0,1.0,1.0,1.0,1.0,4.0,8.0,1.0,1.0,1.0,1.0,1.0,1.0,4.0,1.0,2.0,4.0,1.0,1.0,1.0,1.0,2.0,3.0,3.0,3.0,3.0,5.0,1.0,5.0,5.0,5.0,5.0,5.0,3.0,3.0,3.0,3.0,3.0,3.0,3.0,3.0,3.0,,,,,1.0,1.0,2.0,2.0,4.0,3.0,3.0,3.0,2.0,4.0,4.0,2.0,1.0,4.0,2.0,1.0,2.0,2.0,3.0,5.0,10.0,7.0,10.0,5.0,1.0,10.0,1.0,10.0,10.0,10.0,5.0,5.0,2.0,2.0,2.0,3.0,4.0,4.0,4.0
203070342,1.0,2.0,1.0,4.0,2.0,3.0,1.0,1.0,2.0,1.0,2.0,2.0,2.0,2.0,2.0,1.0,1.0,1.0,1.0,1.0,1.0,1.0,2.0,1.0,2.0,1.0,3.0,2.0,1.0,1.0,1.0,2.0,1.0,1.0,1.0,4.0,2.0,4.0,1.0,1.0,2.0,3.0,1.0,1.0,2.0,2.0,9.0,9.0,7.0,4.0,4.0,4.0,4.0,4.0,1.0,2.0,1.0,1.0,2.0,3.0,2.0,3.0,3.0,,3.0,3.0,4.0,2.0,2.0,2.0,3.0,3.0,2.0,2.0,2.0,,2.0,2.0,2.0,2.0,0.0,0.0,0.0,0.0,0.0,0.0,0.0,0.0,0.0,0.0,0.0,1.0,9.0,2.0,1.0,9.0,2.0,9.0,2.0,2.0,2.0,2.0,2.0,2.0,1.0,3.0,3.0,2.0,2.0,2.0,2.0,2.0,2.0,2.0,2.0,2.0,3.0,4.0,4.0,4.0,4.0,4.0,4.0,4.0,1.0,1.0,2.0,2.0,,2.0,2.0,2.0,2.0,3.0,1.0,2.0,1.0,10.0,10.0,9.0,10.0,1.0,9.0,6.0,1.0,2.0,,2.0,3.0,,6.0,7.0,1.0,1.0,2.0,1.0,1.0,1.0,1.0,1.0,1.0,8.0,1.0,4.0,4.0,7.0,1.0,1.0,2.0,3.0,1.0,1.0,4.0,1.0,1.0,2.0,3.0,3.0,2.0,2.0,2.0,2.0,2.0,3.0,,2.0,2.0,3.0,2.0,2.0,2.0,3.0,2.0,2.0,,2.0,2.0,,3.0,3.0,2.0,1.0,1.0,,2.0,4.0,2.0,1.0,,4.0,2.0,1.0,2.0,4.0,4.0,3.0,3.0,2.0,3.0,4.0,9.0,7.0,8.0,10.0,3.0,10.0,9.0,7.0,10.0,9.0,8.0,7.0,2.0,2.0,1.0,1.0,2.0,2.0,3.0
604070049,1.0,2.0,2.0,4.0,1.0,1.0,1.0,2.0,1.0,1.0,2.0,1.0,2.0,1.0,2.0,2.0,2.0,2.0,2.0,2.0,2.0,2.0,2.0,2.0,2.0,2.0,2.0,2.0,3.0,3.0,3.0,3.0,4.0,1.0,4.0,4.0,2.0,2.0,2.0,3.0,2.0,1.0,1.0,2.0,2.0,3.0,8.0,7.0,2.0,4.0,2.0,4.0,4.0,4.0,2.0,2.0,1.0,2.0,2.0,3.0,3.0,3.0,2.0,,3.0,3.0,3.0,3.0,4.0,4.0,4.0,4.0,2.0,3.0,4.0,3.0,4.0,2.0,2.0,2.0,2.0,0.0,0.0,0.0,0.0,0.0,0.0,0.0,0.0,0.0,0.0,4.0,9.0,2.0,2.0,9.0,1.0,9.0,3.0,3.0,3.0,3.0,2.0,3.0,3.0,2.0,3.0,2.0,2.0,0.0,2.0,0.0,2.0,2.0,2.0,4.0,3.0,2.0,3.0,2.0,,3.0,3.0,,1.0,2.0,2.0,2.0,2.0,2.0,1.0,1.0,1.0,1.0,1.0,1.0,1.0,8.0,8.0,9.0,9.0,4.0,8.0,10.0,1.0,1.0,1.0,1.0,2.0,3.0,2.0,2.0,1.0,2.0,2.0,5.0,2.0,3.0,1.0,1.0,1.0,2.0,1.0,1.0,6.0,6.0,1.0,1.0,1.0,1.0,1.0,1.0,1.0,1.0,1.0,1.0,2.0,1.0,4.0,3.0,2.0,1.0,1.0,4.0,4.0,5.0,5.0,5.0,3.0,3.0,3.0,3.0,3.0,3.0,3.0,2.0,3.0,3.0,3.0,3.0,1.0,1.0,3.0,2.0,2.0,4.0,2.0,3.0,4.0,4.0,2.0,2.0,2.0,3.0,2.0,3.0,3.0,2.0,2.0,5.0,8.0,5.0,9.0,8.0,1.0,9.0,5.0,8.0,8.0,9.0,9.0,3.0,4.0,2.0,1.0,1.0,1.0,1.0,1.0
344071424,2.0,2.0,2.0,2.0,2.0,2.0,2.0,2.0,1.0,1.0,1.0,1.0,1.0,2.0,2.0,2.0,2.0,1.0,2.0,2.0,2.0,2.0,2.0,1.0,2.0,2.0,2.0,2.0,2.0,2.0,2.0,2.0,2.0,2.0,2.0,2.0,2.0,2.0,2.0,2.0,2.0,2.0,1.0,1.0,2.0,3.0,5.0,5.0,6.0,3.0,3.0,3.0,3.0,3.0,1.0,1.0,1.0,1.0,2.0,2.0,2.0,2.0,2.0,2.0,2.0,2.0,2.0,2.0,2.0,2.0,2.0,2.0,2.0,2.0,2.0,2.0,2.0,2.0,2.0,2.0,1.0,2.0,0.0,0.0,0.0,0.0,0.0,0.0,0.0,0.0,0.0,6.0,6.0,6.0,6.0,6.0,2.0,6.0,2.0,2.0,2.0,2.0,2.0,2.0,2.0,5.0,3.0,1.0,2.0,1.0,1.0,1.0,1.0,2.0,2.0,2.0,2.0,2.0,2.0,2.0,2.0,1.0,2.0,2.0,1.0,1.0,1.0,2.0,2.0,2.0,2.0,2.0,3.0,3.0,2.0,2.0,1.0,4.0,8.0,7.0,5.0,5.0,6.0,6.0,2.0,1.0,1.0,1.0,2.0,2.0,7.0,7.0,3.0,2.0,1.0,5.0,5.0,6.0,5.0,6.0,5.0,7.0,6.0,5.0,6.0,5.0,7.0,6.0,8.0,6.0,5.0,7.0,8.0,7.0,6.0,2.0,2.0,2.0,2.0,2.0,3.0,4.0,2.0,3.0,4.0,1.0,3.0,1.0,1.0,1.0,2.0,3.0,2.0,2.0,2.0,2.0,2.0,2.0,2.0,2.0,2.0,2.0,2.0,2.0,2.0,2.0,2.0,2.0,2.0,2.0,2.0,2.0,2.0,3.0,2.0,2.0,2.0,2.0,2.0,6.0,4.0,6.0,4.0,5.0,4.0,5.0,6.0,5.0,7.0,5.0,5.0,5.0,2.0,3.0,2.0,,2.0,2.0,2.0
792071640,2.0,3.0,3.0,3.0,3.0,3.0,2.0,2.0,2.0,2.0,2.0,2.0,1.0,1.0,1.0,1.0,1.0,2.0,2.0,2.0,2.0,2.0,2.0,2.0,2.0,2.0,3.0,3.0,3.0,3.0,3.0,3.0,3.0,3.0,3.0,3.0,3.0,3.0,3.0,3.0,3.0,2.0,2.0,2.0,2.0,3.0,4.0,5.0,5.0,3.0,3.0,3.0,3.0,3.0,3.0,2.0,1.0,3.0,3.0,3.0,3.0,3.0,2.0,2.0,2.0,2.0,3.0,3.0,3.0,3.0,3.0,3.0,3.0,3.0,3.0,3.0,3.0,3.0,3.0,3.0,0.0,0.0,0.0,0.0,0.0,0.0,0.0,0.0,0.0,0.0,0.0,5.0,5.0,5.0,6.0,6.0,1.0,6.0,2.0,2.0,2.0,2.0,2.0,1.0,4.0,5.0,3.0,0.0,0.0,0.0,0.0,0.0,0.0,0.0,0.0,2.0,2.0,3.0,3.0,3.0,3.0,3.0,3.0,3.0,,,,3.0,3.0,2.0,2.0,3.0,3.0,3.0,2.0,1.0,,6.0,5.0,7.0,6.0,5.0,5.0,5.0,1.0,1.0,2.0,2.0,3.0,3.0,4.0,8.0,2.0,2.0,2.0,7.0,1.0,1.0,1.0,1.0,1.0,1.0,1.0,1.0,1.0,1.0,1.0,1.0,1.0,1.0,1.0,,1.0,,1.0,3.0,3.0,3.0,3.0,2.0,2.0,2.0,2.0,2.0,2.0,1.0,1.0,1.0,3.0,3.0,3.0,3.0,3.0,3.0,3.0,3.0,3.0,3.0,3.0,3.0,1.0,1.0,3.0,3.0,3.0,3.0,3.0,3.0,3.0,3.0,3.0,3.0,2.0,,2.0,2.0,,2.0,2.0,5.0,5.0,6.0,7.0,6.0,,5.0,6.0,7.0,8.0,6.0,6.0,6.0,3.0,2.0,2.0,3.0,3.0,3.0,3.0
762070647,1.0,1.0,3.0,1.0,1.0,1.0,2.0,2.0,2.0,2.0,1.0,1.0,2.0,2.0,2.0,2.0,2.0,1.0,1.0,1.0,2.0,,1.0,1.0,1.0,2.0,1.0,1.0,1.0,2.0,1.0,3.0,1.0,1.0,2.0,,1.0,2.0,2.0,1.0,1.0,1.0,1.0,1.0,1.0,2.0,8.0,10.0,10.0,4.0,4.0,4.0,4.0,4.0,1.0,2.0,1.0,1.0,1.0,4.0,4.0,4.0,1.0,2.0,3.0,2.0,3.0,4.0,1.0,2.0,3.0,2.0,1.0,2.0,1.0,2.0,3.0,1.0,1.0,3.0,0.0,1.0,2.0,1.0,2.0,1.0,2.0,1.0,2.0,2.0,1.0,9.0,6.0,3.0,10.0,7.0,1.0,6.0,,,,,,1.0,2.0,,4.0,2.0,1.0,2.0,0.0,2.0,0.0,2.0,2.0,1.0,2.0,4.0,3.0,3.0,4.0,4.0,2.0,4.0,1.0,2.0,2.0,4.0,1.0,2.0,2.0,2.0,3.0,3.0,1.0,2.0,2.0,8.0,7.0,4.0,8.0,3.0,9.0,9.0,1.0,1.0,1.0,1.0,2.0,1.0,6.0,2.0,1.0,1.0,2.0,4.0,2.0,8.0,2.0,5.0,6.0,,2.0,3.0,5.0,2.0,3.0,7.0,5.0,3.0,2.0,6.0,3.0,6.0,2.0,2.0,4.0,3.0,3.0,2.0,5.0,2.0,2.0,1.0,5.0,1.0,4.0,2.0,3.0,3.0,3.0,3.0,1.0,2.0,3.0,3.0,2.0,3.0,3.0,3.0,1.0,3.0,4.0,1.0,2.0,2.0,2.0,2.0,2.0,2.0,1.0,2.0,3.0,3.0,1.0,3.0,4.0,2.0,1.0,7.0,5.0,3.0,8.0,3.0,9.0,7.0,4.0,6.0,5.0,7.0,9.0,7.0,1.0,1.0,1.0,3.0,2.0,3.0,1.0
702070453,1.0,2.0,3.0,2.0,2.0,1.0,1.0,1.0,1.0,1.0,2.0,2.0,2.0,2.0,1.0,2.0,2.0,2.0,2.0,2.0,2.0,2.0,2.0,2.0,2.0,2.0,2.0,3.0,2.0,3.0,3.0,3.0,4.0,3.0,4.0,4.0,4.0,2.0,3.0,2.0,4.0,2.0,2.0,1.0,2.0,2.0,8.0,6.0,8.0,4.0,4.0,3.0,3.0,4.0,1.0,2.0,2.0,2.0,2.0,3.0,2.0,3.0,2.0,2.0,3.0,3.0,2.0,1.0,2.0,2.0,3.0,3.0,3.0,3.0,2.0,3.0,2.0,2.0,3.0,3.0,2.0,0.0,0.0,0.0,0.0,0.0,0.0,0.0,0.0,0.0,0.0,9.0,5.0,7.0,1.0,5.0,2.0,1.0,1.0,2.0,,1.0,1.0,1.0,4.0,10.0,3.0,1.0,1.0,1.0,0.0,0.0,0.0,0.0,0.0,3.0,2.0,4.0,4.0,4.0,4.0,4.0,4.0,4.0,2.0,2.0,,2.0,4.0,2.0,2.0,1.0,1.0,1.0,2.0,2.0,,8.0,6.0,10.0,10.0,1.0,5.0,10.0,1.0,1.0,1.0,1.0,,2.0,2.0,2.0,1.0,1.0,2.0,2.0,2.0,1.0,1.0,1.0,1.0,1.0,1.0,1.0,1.0,2.0,1.0,1.0,1.0,3.0,1.0,1.0,1.0,1.0,3.0,2.0,3.0,4.0,4.0,2.0,2.0,1.0,4.0,1.0,1.0,1.0,1.0,2.0,2.0,2.0,,,3.0,3.0,3.0,3.0,3.0,1.0,3.0,3.0,,1.0,2.0,4.0,,4.0,2.0,1.0,4.0,4.0,1.0,1.0,1.0,2.0,4.0,2.0,4.0,3.0,3.0,5.0,7.0,9.0,9.0,10.0,2.0,2.0,8.0,9.0,9.0,9.0,5.0,5.0,2.0,1.0,,,1.0,3.0,3.0
458070494,1.0,2.0,1.0,3.0,1.0,1.0,2.0,1.0,2.0,1.0,2.0,1.0,1.0,2.0,1.0,2.0,2.0,1.0,2.0,1.0,2.0,2.0,2.0,1.0,2.0,2.0,1.0,3.0,1.0,2.0,3.0,2.0,3.0,1.0,4.0,4.0,4.0,2.0,1.0,2.0,3.0,3.0,1.0,1.0,1.0,2.0,9.0,9.0,9.0,3.0,2.0,4.0,2.0,4.0,1.0,1.0,1.0,2.0,2.0,3.0,2.0,3.0,1.0,1.0,2.0,3.0,2.0,1.0,1.0,2.0,2.0,2.0,1.0,2.0,3.0,2.0,2.0,1.0,2.0,3.0,0.0,2.0,1.0,1.0,1.0,2.0,1.0,0.0,0.0,1.0,0.0,9.0,8.0,2.0,6.0,6.0,1.0,7.0,2.0,3.0,2.0,2.0,1.0,1.0,4.0,8.0,3.0,2.0,1.0,2.0,0.0,2.0,1.0,2.0,2.0,3.0,2.0,2.0,3.0,4.0,4.0,4.0,3.0,4.0,1.0,2.0,2.0,1.0,1.0,2.0,2.0,1.0,1.0,2.0,1.0,2.0,1.0,9.0,9.0,1.0,2.0,5.0,8.0,9.0,1.0,1.0,1.0,1.0,1.0,1.0,2.0,1.0,1.0,2.0,1.0,5.0,2.0,7.0,1.0,2.0,2.0,2.0,1.0,1.0,4.0,3.0,7.0,3.0,2.0,2.0,2.0,2.0,1.0,1.0,4.0,1.0,3.0,3.0,3.0,3.0,1.0,1.0,2.0,4.0,4.0,4.0,2.0,4.0,1.0,2.0,2.0,3.0,1.0,2.0,2.0,1.0,2.0,1.0,2.0,3.0,2.0,3.0,2.0,3.0,1.0,2.0,3.0,1.0,3.0,2.0,3.0,3.0,1.0,4.0,2.0,1.0,1.0,1.0,3.0,5.0,2.0,5.0,3.0,3.0,4.0,3.0,2.0,1.0,5.0,9.0,6.0,4.0,1.0,2.0,1.0,2.0,1.0,2.0,2.0
124075981,3.0,3.0,2.0,4.0,2.0,4.0,1.0,1.0,2.0,1.0,2.0,1.0,2.0,1.0,2.0,2.0,2.0,1.0,2.0,2.0,2.0,2.0,2.0,1.0,2.0,2.0,3.0,3.0,3.0,3.0,4.0,3.0,5.0,3.0,5.0,2.0,5.0,4.0,1.0,3.0,3.0,1.0,1.0,2.0,2.0,3.0,5.0,5.0,5.0,4.0,4.0,4.0,4.0,4.0,2.0,2.0,2.0,2.0,2.0,2.0,2.0,2.0,4.0,2.0,3.0,3.0,3.0,3.0,3.0,4.0,4.0,4.0,3.0,3.0,4.0,3.0,2.0,3.0,3.0,3.0,0.0,0.0,0.0,0.0,0.0,0.0,0.0,0.0,0.0,0.0,0.0,5.0,5.0,5.0,5.0,5.0,1.0,5.0,2.0,2.0,2.0,4.0,2.0,2.0,4.0,5.0,3.0,1.0,1.0,1.0,1.0,1.0,1.0,0.0,1.0,3.0,2.0,4.0,2.0,3.0,4.0,1.0,4.0,2.0,2.0,2.0,1.0,2.0,3.0,1.0,2.0,2.0,3.0,2.0,1.0,1.0,1.0,5.0,5.0,5.0,5.0,5.0,5.0,5.0,1.0,1.0,1.0,1.0,,,7.0,8.0,3.0,1.0,1.0,5.0,5.0,5.0,5.0,5.0,5.0,5.0,5.0,5.0,5.0,5.0,5.0,5.0,5.0,5.0,5.0,5.0,5.0,5.0,5.0,4.0,4.0,4.0,4.0,3.0,5.0,5.0,5.0,5.0,5.0,5.0,5.0,5.0,3.0,3.0,3.0,3.0,3.0,3.0,3.0,3.0,3.0,3.0,3.0,3.0,,,4.0,4.0,4.0,4.0,4.0,4.0,4.0,4.0,4.0,4.0,4.0,5.0,4.0,4.0,4.0,4.0,4.0,5.0,5.0,5.0,5.0,5.0,5.0,5.0,5.0,5.0,5.0,5.0,5.0,5.0,4.0,,4.0,4.0,4.0,4.0,4.0
788070447,1.0,1.0,1.0,3.0,1.0,1.0,1.0,1.0,1.0,1.0,2.0,1.0,1.0,1.0,1.0,1.0,1.0,1.0,1.0,2.0,2.0,1.0,2.0,2.0,2.0,2.0,1.0,1.0,1.0,1.0,1.0,1.0,1.0,1.0,2.0,,1.0,1.0,1.0,1.0,3.0,3.0,1.0,2.0,2.0,2.0,5.0,5.0,1.0,4.0,4.0,4.0,4.0,4.0,3.0,2.0,1.0,2.0,2.0,3.0,3.0,3.0,3.0,3.0,3.0,3.0,3.0,3.0,3.0,4.0,4.0,4.0,,4.0,4.0,4.0,4.0,4.0,4.0,4.0,0.0,0.0,0.0,0.0,0.0,0.0,0.0,0.0,0.0,0.0,0.0,10.0,5.0,3.0,1.0,1.0,2.0,8.0,4.0,3.0,3.0,2.0,4.0,3.0,2.0,10.0,3.0,1.0,2.0,1.0,2.0,1.0,1.0,2.0,1.0,2.0,1.0,3.0,2.0,4.0,4.0,4.0,2.0,4.0,1.0,1.0,2.0,1.0,1.0,2.0,2.0,2.0,2.0,2.0,2.0,2.0,1.0,10.0,5.0,5.0,6.0,1.0,8.0,10.0,1.0,1.0,1.0,1.0,2.0,2.0,7.0,8.0,2.0,2.0,2.0,1.0,1.0,3.0,1.0,3.0,1.0,1.0,1.0,5.0,5.0,4.0,1.0,5.0,6.0,6.0,2.0,1.0,2.0,1.0,1.0,2.0,3.0,3.0,3.0,2.0,5.0,4.0,4.0,5.0,5.0,5.0,1.0,2.0,3.0,3.0,2.0,3.0,3.0,3.0,3.0,3.0,3.0,3.0,3.0,3.0,3.0,3.0,3.0,2.0,1.0,1.0,3.0,4.0,1.0,3.0,3.0,4.0,1.0,4.0,3.0,3.0,3.0,1.0,3.0,5.0,10.0,1.0,10.0,10.0,5.0,10.0,7.0,8.0,6.0,10.0,1.0,2.0,3.0,2.0,1.0,1.0,2.0,2.0,2.0
818070446,1.0,2.0,3.0,3.0,1.0,1.0,1.0,2.0,1.0,2.0,2.0,2.0,2.0,2.0,1.0,1.0,1.0,1.0,1.0,1.0,2.0,1.0,2.0,1.0,,2.0,1.0,2.0,1.0,3.0,1.0,1.0,1.0,1.0,4.0,,3.0,1.0,1.0,1.0,1.0,3.0,1.0,1.0,2.0,2.0,4.0,10.0,4.0,4.0,4.0,4.0,4.0,4.0,1.0,2.0,1.0,2.0,1.0,3.0,2.0,4.0,2.0,,2.0,2.0,3.0,,,,3.0,3.0,3.0,3.0,,2.0,2.0,3.0,,2.0,0.0,0.0,0.0,0.0,0.0,0.0,0.0,0.0,0.0,0.0,0.0,9.0,3.0,1.0,1.0,10.0,2.0,10.0,,,,,,,5.0,1.0,4.0,2.0,2.0,0.0,2.0,0.0,2.0,0.0,0.0,1.0,1.0,4.0,3.0,,4.0,3.0,2.0,,2.0,2.0,,2.0,1.0,2.0,2.0,,,,2.0,2.0,1.0,10.0,10.0,6.0,1.0,1.0,10.0,10.0,,1.0,1.0,1.0,1.0,,2.0,7.0,2.0,2.0,1.0,5.0,1.0,1.0,1.0,1.0,1.0,,,1.0,5.0,,1.0,5.0,3.0,7.0,2.0,1.0,,1.0,7.0,,,,3.0,2.0,5.0,1.0,3.0,5.0,5.0,5.0,5.0,2.0,3.0,3.0,3.0,3.0,3.0,1.0,3.0,3.0,,,,,1.0,1.0,3.0,2.0,,2.0,3.0,2.0,2.0,4.0,3.0,3.0,1.0,4.0,3.0,2.0,,1.0,3.0,,8.0,6.0,10.0,4.0,,10.0,4.0,3.0,1.0,10.0,1.0,,3.0,1.0,1.0,1.0,1.0,3.0,3.0
716070491,1.0,2.0,2.0,2.0,1.0,1.0,1.0,2.0,2.0,2.0,2.0,1.0,2.0,1.0,2.0,1.0,1.0,1.0,2.0,2.0,2.0,1.0,2.0,1.0,2.0,2.0,1.0,4.0,1.0,4.0,3.0,4.0,4.0,1.0,5.0,5.0,1.0,1.0,5.0,1.0,1.0,1.0,1.0,1.0,3.0,3.0,5.0,4.0,6.0,2.0,1.0,1.0,1.0,4.0,3.0,2.0,1.0,,2.0,3.0,3.0,3.0,1.0,1.0,3.0,3.0,3.0,2.0,2.0,2.0,3.0,3.0,2.0,1.0,2.0,2.0,3.0,3.0,3.0,2.0,1.0,0.0,0.0,0.0,0.0,0.0,0.0,0.0,0.0,0.0,0.0,4.0,7.0,6.0,2.0,2.0,1.0,10.0,,2.0,2.0,2.0,,3.0,3.0,10.0,3.0,0.0,0.0,0.0,2.0,1.0,2.0,0.0,0.0,3.0,2.0,3.0,2.0,3.0,1.0,1.0,1.0,,2.0,1.0,2.0,1.0,1.0,2.0,2.0,1.0,1.0,1.0,1.0,1.0,1.0,5.0,1.0,1.0,10.0,10.0,10.0,10.0,1.0,1.0,1.0,1.0,1.0,4.0,2.0,1.0,1.0,2.0,1.0,1.0,10.0,10.0,10.0,10.0,10.0,10.0,10.0,10.0,10.0,10.0,10.0,1.0,10.0,10.0,10.0,10.0,10.0,10.0,1.0,4.0,4.0,4.0,4.0,3.0,5.0,1.0,5.0,5.0,5.0,5.0,5.0,5.0,3.0,1.0,3.0,3.0,3.0,3.0,3.0,2.0,3.0,3.0,3.0,3.0,1.0,1.0,1.0,,,,,1.0,,,1.0,1.0,1.0,,4.0,1.0,2.0,1.0,2.0,10.0,1.0,1.0,10.0,1.0,10.0,10.0,1.0,10.0,10.0,10.0,3.0,3.0,3.0,1.0,1.0,1.0,1.0,1.0,1.0
458070105,1.0,3.0,3.0,2.0,2.0,1.0,2.0,1.0,2.0,1.0,1.0,1.0,2.0,2.0,1.0,2.0,2.0,2.0,2.0,2.0,1.0,2.0,2.0,1.0,2.0,2.0,1.0,3.0,2.0,2.0,2.0,1.0,2.0,1.0,1.0,2.0,3.0,1.0,2.0,3.0,3.0,1.0,2.0,1.0,2.0,1.0,5.0,9.0,9.0,4.0,4.0,4.0,4.0,4.0,2.0,1.0,1.0,3.0,3.0,2.0,1.0,3.0,1.0,3.0,1.0,1.0,3.0,2.0,3.0,3.0,3.0,1.0,2.0,2.0,3.0,3.0,3.0,2.0,1.0,3.0,,,,,,2.0,1.0,1.0,0.0,2.0,1.0,2.0,3.0,2.0,3.0,4.0,2.0,9.0,3.0,3.0,2.0,3.0,3.0,3.0,2.0,8.0,4.0,2.0,1.0,2.0,1.0,1.0,2.0,1.0,1.0,1.0,2.0,3.0,2.0,4.0,4.0,4.0,2.0,4.0,1.0,1.0,2.0,1.0,1.0,2.0,2.0,1.0,1.0,1.0,1.0,1.0,1.0,9.0,7.0,7.0,5.0,8.0,8.0,4.0,1.0,1.0,1.0,1.0,1.0,1.0,1.0,2.0,2.0,1.0,1.0,3.0,3.0,5.0,3.0,1.0,1.0,8.0,9.0,7.0,7.0,5.0,1.0,5.0,2.0,5.0,1.0,1.0,3.0,5.0,1.0,1.0,2.0,2.0,2.0,2.0,2.0,3.0,4.0,2.0,2.0,3.0,1.0,2.0,3.0,3.0,3.0,2.0,1.0,3.0,2.0,2.0,3.0,1.0,2.0,2.0,1.0,1.0,2.0,1.0,1.0,1.0,3.0,3.0,3.0,2.0,2.0,2.0,2.0,2.0,1.0,2.0,1.0,1.0,1.0,8.0,8.0,8.0,6.0,9.0,6.0,6.0,6.0,7.0,7.0,8.0,9.0,9.0,2.0,2.0,1.0,3.0,1.0,1.0,2.0
124072492,1.0,2.0,2.0,3.0,2.0,3.0,1.0,1.0,1.0,2.0,2.0,1.0,2.0,1.0,2.0,2.0,2.0,1.0,2.0,2.0,2.0,2.0,2.0,2.0,2.0,2.0,2.0,3.0,4.0,4.0,2.0,3.0,3.0,4.0,4.0,2.0,3.0,2.0,3.0,3.0,4.0,2.0,1.0,2.0,1.0,2.0,10.0,7.0,6.0,4.0,4.0,4.0,3.0,4.0,2.0,1.0,2.0,2.0,2.0,3.0,2.0,2.0,3.0,3.0,3.0,3.0,3.0,2.0,3.0,3.0,3.0,3.0,3.0,2.0,3.0,3.0,3.0,3.0,3.0,3.0,1.0,2.0,2.0,1.0,1.0,1.0,1.0,1.0,2.0,1.0,1.0,7.0,4.0,5.0,4.0,6.0,2.0,6.0,2.0,2.0,2.0,2.0,2.0,3.0,5.0,5.0,5.0,2.0,2.0,0.0,0.0,0.0,2.0,0.0,0.0,1.0,2.0,4.0,3.0,4.0,4.0,3.0,4.0,4.0,2.0,2.0,2.0,2.0,2.0,2.0,2.0,3.0,3.0,3.0,1.0,1.0,1.0,10.0,10.0,7.0,6.0,2.0,9.0,8.0,1.0,1.0,1.0,1.0,3.0,4.0,4.0,7.0,2.0,2.0,2.0,4.0,2.0,5.0,5.0,5.0,6.0,5.0,5.0,6.0,5.0,5.0,1.0,5.0,1.0,1.0,5.0,5.0,7.0,2.0,1.0,2.0,4.0,2.0,3.0,2.0,5.0,2.0,1.0,1.0,3.0,1.0,1.0,3.0,2.0,3.0,2.0,3.0,2.0,2.0,2.0,2.0,3.0,2.0,2.0,3.0,2.0,3.0,3.0,4.0,2.0,2.0,3.0,2.0,2.0,4.0,4.0,2.0,3.0,4.0,3.0,2.0,3.0,2.0,4.0,5.0,7.0,4.0,7.0,7.0,4.0,7.0,7.0,7.0,9.0,8.0,7.0,7.0,2.0,2.0,3.0,3.0,3.0,3.0,3.0
51070331,1.0,3.0,2.0,2.0,1.0,1.0,1.0,2.0,1.0,1.0,2.0,1.0,2.0,2.0,1.0,2.0,2.0,1.0,2.0,2.0,2.0,2.0,2.0,1.0,2.0,2.0,1.0,1.0,3.0,3.0,2.0,3.0,4.0,4.0,4.0,5.0,4.0,4.0,1.0,2.0,4.0,1.0,1.0,1.0,1.0,3.0,7.0,6.0,4.0,4.0,4.0,1.0,1.0,4.0,1.0,2.0,1.0,2.0,2.0,2.0,2.0,2.0,4.0,3.0,4.0,4.0,,2.0,4.0,2.0,4.0,2.0,4.0,3.0,3.0,3.0,2.0,2.0,,,0.0,0.0,0.0,0.0,0.0,0.0,0.0,0.0,0.0,0.0,0.0,10.0,1.0,5.0,1.0,1.0,1.0,10.0,3.0,3.0,4.0,3.0,3.0,3.0,4.0,5.0,3.0,0.0,2.0,2.0,1.0,2.0,2.0,0.0,0.0,2.0,3.0,3.0,4.0,,4.0,,,4.0,1.0,1.0,1.0,4.0,1.0,2.0,2.0,1.0,2.0,2.0,1.0,2.0,1.0,10.0,10.0,10.0,10.0,7.0,6.0,10.0,1.0,1.0,1.0,1.0,3.0,1.0,7.0,2.0,1.0,1.0,2.0,1.0,1.0,1.0,1.0,6.0,1.0,1.0,1.0,1.0,5.0,1.0,1.0,1.0,1.0,1.0,1.0,1.0,1.0,1.0,6.0,3.0,3.0,4.0,3.0,2.0,5.0,1.0,1.0,1.0,5.0,1.0,1.0,5.0,3.0,2.0,2.0,,2.0,2.0,2.0,2.0,2.0,3.0,2.0,3.0,1.0,1.0,3.0,3.0,3.0,1.0,4.0,4.0,,4.0,1.0,1.0,1.0,2.0,3.0,1.0,1.0,2.0,4.0,,10.0,1.0,1.0,10.0,1.0,10.0,10.0,10.0,10.0,10.0,6.0,6.0,2.0,1.0,1.0,2.0,2.0,2.0,2.0
462070334,1.0,1.0,3.0,4.0,2.0,1.0,1.0,2.0,1.0,1.0,2.0,1.0,2.0,1.0,2.0,2.0,2.0,1.0,1.0,1.0,2.0,1.0,1.0,1.0,1.0,1.0,1.0,1.0,2.0,3.0,1.0,4.0,1.0,1.0,1.0,5.0,1.0,1.0,1.0,2.0,4.0,3.0,1.0,1.0,1.0,1.0,9.0,10.0,10.0,4.0,4.0,4.0,4.0,4.0,1.0,2.0,1.0,2.0,2.0,4.0,4.0,3.0,1.0,1.0,3.0,2.0,1.0,2.0,2.0,3.0,4.0,4.0,3.0,1.0,3.0,2.0,3.0,2.0,3.0,2.0,0.0,0.0,0.0,0.0,0.0,0.0,0.0,0.0,0.0,0.0,0.0,10.0,1.0,1.0,1.0,3.0,2.0,10.0,4.0,4.0,4.0,2.0,3.0,1.0,5.0,9.0,3.0,2.0,0.0,2.0,2.0,2.0,0.0,2.0,2.0,3.0,3.0,1.0,1.0,3.0,2.0,1.0,4.0,4.0,2.0,2.0,2.0,3.0,,2.0,1.0,,3.0,2.0,2.0,2.0,1.0,10.0,10.0,1.0,8.0,2.0,10.0,10.0,1.0,1.0,1.0,1.0,1.0,1.0,1.0,1.0,1.0,2.0,1.0,3.0,1.0,1.0,1.0,1.0,1.0,1.0,1.0,1.0,1.0,1.0,1.0,1.0,1.0,1.0,1.0,1.0,1.0,1.0,5.0,2.0,1.0,1.0,4.0,2.0,5.0,5.0,5.0,4.0,5.0,5.0,5.0,3.0,2.0,3.0,1.0,3.0,3.0,2.0,3.0,3.0,3.0,3.0,3.0,3.0,1.0,1.0,3.0,2.0,1.0,1.0,2.0,4.0,1.0,1.0,1.0,2.0,1.0,4.0,3.0,2.0,4.0,4.0,1.0,10.0,10.0,1.0,8.0,6.0,4.0,9.0,3.0,10.0,1.0,1.0,1.0,1.0,3.0,1.0,1.0,1.0,1.0,3.0,2.0
528071837,1.0,1.0,1.0,3.0,2.0,4.0,1.0,2.0,2.0,1.0,1.0,2.0,2.0,1.0,2.0,2.0,1.0,1.0,2.0,2.0,2.0,2.0,1.0,1.0,2.0,1.0,1.0,3.0,4.0,4.0,3.0,4.0,5.0,1.0,5.0,1.0,5.0,5.0,1.0,1.0,5.0,2.0,2.0,1.0,1.0,2.0,5.0,8.0,8.0,4.0,4.0,4.0,4.0,4.0,2.0,2.0,1.0,2.0,2.0,4.0,3.0,4.0,4.0,1.0,4.0,3.0,3.0,1.0,4.0,4.0,4.0,4.0,3.0,4.0,4.0,4.0,4.0,4.0,4.0,4.0,0.0,0.0,0.0,2.0,0.0,0.0,0.0,0.0,0.0,0.0,0.0,5.0,6.0,5.0,5.0,7.0,,10.0,3.0,3.0,3.0,3.0,3.0,4.0,5.0,7.0,1.0,0.0,2.0,2.0,2.0,2.0,2.0,2.0,2.0,4.0,3.0,1.0,1.0,3.0,3.0,1.0,1.0,1.0,1.0,1.0,2.0,4.0,4.0,2.0,2.0,1.0,1.0,1.0,1.0,2.0,2.0,3.0,4.0,2.0,8.0,5.0,4.0,1.0,2.0,1.0,2.0,2.0,,,7.0,8.0,2.0,2.0,,1.0,1.0,1.0,1.0,1.0,1.0,10.0,8.0,8.0,10.0,10.0,10.0,10.0,1.0,1.0,1.0,1.0,10.0,1.0,10.0,1.0,1.0,1.0,4.0,3.0,5.0,5.0,5.0,5.0,5.0,5.0,5.0,5.0,,,,,,,,,,,,,1.0,1.0,3.0,,,,,,,,,,,,,,,,,10.0,,,,,,,,,10.0,10.0,9.0,5.0,3.0,1.0,1.0,3.0,4.0,3.0,3.0
528071705,1.0,1.0,2.0,3.0,2.0,3.0,1.0,1.0,2.0,1.0,1.0,1.0,2.0,2.0,2.0,2.0,2.0,1.0,2.0,2.0,2.0,2.0,2.0,2.0,2.0,2.0,2.0,3.0,3.0,4.0,4.0,3.0,5.0,5.0,5.0,2.0,4.0,4.0,4.0,2.0,4.0,3.0,1.0,2.0,2.0,3.0,6.0,7.0,7.0,4.0,4.0,4.0,4.0,4.0,2.0,1.0,1.0,2.0,1.0,2.0,2.0,2.0,2.0,2.0,3.0,2.0,2.0,2.0,2.0,2.0,2.0,2.0,3.0,2.0,2.0,2.0,2.0,3.0,3.0,2.0,1.0,0.0,0.0,1.0,0.0,0.0,0.0,0.0,0.0,0.0,0.0,7.0,5.0,6.0,6.0,4.0,1.0,7.0,,,,,,,3.0,,3.0,2.0,2.0,0.0,2.0,0.0,0.0,0.0,2.0,3.0,2.0,4.0,4.0,4.0,4.0,4.0,4.0,4.0,2.0,2.0,2.0,4.0,4.0,2.0,1.0,3.0,3.0,3.0,2.0,2.0,1.0,8.0,6.0,2.0,2.0,1.0,8.0,7.0,1.0,2.0,2.0,2.0,3.0,3.0,6.0,4.0,1.0,2.0,2.0,2.0,1.0,1.0,1.0,1.0,1.0,10.0,8.0,10.0,10.0,10.0,10.0,10.0,1.0,1.0,1.0,1.0,10.0,1.0,1.0,3.0,4.0,4.0,2.0,2.0,1.0,4.0,2.0,1.0,1.0,1.0,2.0,2.0,1.0,3.0,3.0,3.0,2.0,2.0,3.0,2.0,1.0,1.0,3.0,3.0,1.0,1.0,1.0,,4.0,4.0,1.0,1.0,4.0,4.0,1.0,1.0,1.0,3.0,3.0,3.0,3.0,1.0,4.0,4.0,3.0,1.0,10.0,10.0,1.0,10.0,6.0,6.0,10.0,10.0,8.0,5.0,2.0,2.0,1.0,1.0,2.0,2.0,2.0
360070714,1.0,2.0,1.0,2.0,1.0,1.0,1.0,2.0,2.0,1.0,2.0,1.0,2.0,2.0,1.0,1.0,2.0,1.0,2.0,2.0,2.0,1.0,2.0,1.0,2.0,2.0,1.0,3.0,3.0,3.0,3.0,4.0,2.0,2.0,2.0,5.0,1.0,2.0,4.0,2.0,2.0,1.0,1.0,,1.0,1.0,9.0,10.0,10.0,4.0,2.0,2.0,4.0,4.0,2.0,2.0,1.0,3.0,3.0,3.0,2.0,3.0,1.0,1.0,2.0,2.0,3.0,1.0,2.0,1.0,3.0,3.0,1.0,2.0,2.0,3.0,2.0,2.0,1.0,1.0,0.0,0.0,0.0,0.0,0.0,0.0,0.0,0.0,0.0,0.0,0.0,8.0,10.0,1.0,1.0,1.0,,10.0,3.0,3.0,3.0,2.0,2.0,1.0,4.0,10.0,4.0,0.0,0.0,2.0,2.0,2.0,2.0,2.0,2.0,3.0,2.0,4.0,4.0,4.0,4.0,4.0,4.0,4.0,1.0,1.0,2.0,2.0,2.0,2.0,2.0,1.0,1.0,1.0,1.0,2.0,1.0,10.0,9.0,1.0,8.0,1.0,10.0,10.0,1.0,1.0,1.0,1.0,2.0,1.0,2.0,1.0,1.0,1.0,2.0,1.0,1.0,1.0,1.0,1.0,1.0,1.0,1.0,1.0,1.0,1.0,1.0,3.0,1.0,1.0,1.0,1.0,1.0,1.0,1.0,2.0,3.0,3.0,3.0,2.0,5.0,1.0,5.0,1.0,5.0,2.0,1.0,2.0,3.0,3.0,3.0,3.0,2.0,2.0,3.0,3.0,1.0,2.0,3.0,3.0,1.0,1.0,2.0,4.0,2.0,2.0,2.0,3.0,1.0,2.0,2.0,1.0,1.0,1.0,2.0,2.0,2.0,1.0,2.0,,9.0,9.0,10.0,8.0,,10.0,9.0,10.0,10.0,10.0,8.0,8.0,2.0,1.0,2.0,3.0,3.0,4.0,3.0
76070743,2.0,3.0,2.0,3.0,1.0,2.0,2.0,2.0,2.0,2.0,2.0,2.0,2.0,2.0,2.0,2.0,2.0,2.0,2.0,2.0,2.0,2.0,2.0,2.0,2.0,2.0,1.0,2.0,,3.0,2.0,3.0,2.0,2.0,2.0,2.0,4.0,2.0,2.0,3.0,3.0,2.0,1.0,,2.0,1.0,5.0,9.0,9.0,4.0,2.0,4.0,4.0,4.0,2.0,2.0,2.0,2.0,2.0,2.0,2.0,4.0,2.0,2.0,3.0,3.0,4.0,2.0,2.0,4.0,4.0,4.0,4.0,2.0,4.0,2.0,2.0,4.0,4.0,4.0,1.0,0.0,0.0,0.0,0.0,0.0,0.0,0.0,0.0,0.0,0.0,5.0,5.0,5.0,3.0,5.0,,10.0,4.0,3.0,2.0,3.0,3.0,3.0,2.0,9.0,3.0,0.0,1.0,2.0,0.0,2.0,1.0,2.0,0.0,3.0,2.0,1.0,1.0,2.0,4.0,3.0,3.0,4.0,1.0,1.0,2.0,1.0,1.0,2.0,2.0,4.0,3.0,3.0,2.0,1.0,2.0,5.0,5.0,1.0,,5.0,5.0,10.0,1.0,2.0,2.0,2.0,,3.0,5.0,1.0,1.0,2.0,2.0,,1.0,1.0,1.0,1.0,1.0,5.0,5.0,1.0,9.0,10.0,1.0,1.0,1.0,1.0,1.0,1.0,8.0,1.0,5.0,4.0,4.0,4.0,3.0,2.0,5.0,1.0,2.0,5.0,5.0,5.0,5.0,3.0,1.0,3.0,2.0,2.0,3.0,3.0,3.0,3.0,3.0,1.0,3.0,3.0,1.0,1.0,3.0,,2.0,2.0,3.0,2.0,1.0,2.0,2.0,1.0,1.0,5.0,,1.0,2.0,3.0,,2.0,5.0,,5.0,10.0,7.0,,5.0,,5.0,3.0,1.0,1.0,2.0,2.0,2.0,2.0,2.0,4.0,4.0
300071163,1.0,1.0,2.0,1.0,,3.0,1.0,2.0,1.0,1.0,2.0,1.0,1.0,1.0,2.0,2.0,2.0,1.0,1.0,1.0,1.0,1.0,2.0,1.0,2.0,2.0,2.0,2.0,3.0,3.0,3.0,3.0,2.0,1.0,2.0,4.0,2.0,2.0,2.0,2.0,2.0,,1.0,,2.0,2.0,9.0,8.0,8.0,4.0,4.0,4.0,4.0,4.0,2.0,2.0,1.0,2.0,2.0,4.0,3.0,3.0,3.0,3.0,,4.0,4.0,3.0,3.0,3.0,4.0,3.0,3.0,2.0,3.0,3.0,3.0,,,,0.0,0.0,0.0,0.0,0.0,0.0,0.0,0.0,0.0,0.0,0.0,,,1.0,2.0,4.0,,10.0,3.0,3.0,3.0,3.0,3.0,3.0,4.0,8.0,2.0,1.0,1.0,2.0,2.0,1.0,1.0,1.0,1.0,4.0,2.0,4.0,2.0,4.0,4.0,4.0,3.0,4.0,1.0,2.0,2.0,,4.0,2.0,2.0,2.0,3.0,3.0,1.0,2.0,1.0,9.0,9.0,,2.0,6.0,9.0,6.0,,,,,,,6.0,7.0,,2.0,,10.0,1.0,1.0,1.0,1.0,1.0,1.0,1.0,1.0,2.0,1.0,1.0,1.0,1.0,1.0,1.0,1.0,1.0,1.0,6.0,3.0,4.0,3.0,2.0,1.0,4.0,1.0,1.0,5.0,,,,1.0,3.0,3.0,3.0,1.0,3.0,2.0,2.0,2.0,,,,,1.0,1.0,3.0,3.0,2.0,1.0,2.0,2.0,1.0,2.0,2.0,1.0,1.0,,4.0,4.0,4.0,1.0,2.0,4.0,1.0,1.0,10.0,9.0,2.0,6.0,5.0,7.0,10.0,10.0,6.0,2.0,3.0,1.0,1.0,1.0,2.0,2.0,2.0
300070972,1.0,2.0,2.0,3.0,1.0,1.0,1.0,1.0,1.0,2.0,2.0,2.0,2.0,1.0,1.0,2.0,2.0,1.0,2.0,2.0,2.0,2.0,2.0,1.0,2.0,2.0,,2.0,2.0,3.0,,2.0,2.0,2.0,,,2.0,2.0,3.0,2.0,2.0,3.0,2.0,2.0,3.0,2.0,6.0,6.0,4.0,2.0,2.0,,1.0,4.0,1.0,2.0,1.0,2.0,3.0,3.0,4.0,4.0,1.0,1.0,2.0,2.0,4.0,1.0,1.0,4.0,4.0,3.0,2.0,2.0,2.0,3.0,3.0,2.0,,2.0,0.0,0.0,0.0,0.0,0.0,0.0,0.0,0.0,0.0,0.0,0.0,7.0,4.0,4.0,4.0,3.0,2.0,8.0,2.0,3.0,3.0,2.0,3.0,1.0,2.0,7.0,2.0,1.0,,2.0,2.0,1.0,2.0,1.0,2.0,4.0,3.0,2.0,4.0,4.0,4.0,,4.0,,2.0,2.0,2.0,2.0,4.0,2.0,2.0,3.0,4.0,4.0,1.0,2.0,1.0,7.0,7.0,8.0,7.0,5.0,6.0,8.0,1.0,1.0,,,,2.0,2.0,3.0,1.0,1.0,,5.0,2.0,1.0,1.0,1.0,1.0,,3.0,2.0,6.0,7.0,1.0,,1.0,1.0,1.0,1.0,8.0,1.0,1.0,,,,3.0,2.0,2.0,1.0,4.0,5.0,,,,2.0,2.0,3.0,2.0,2.0,2.0,2.0,3.0,3.0,,,,,1.0,1.0,3.0,,2.0,,3.0,,,4.0,2.0,1.0,1.0,,4.0,3.0,4.0,1.0,,7.0,,,9.0,,1.0,8.0,,6.0,7.0,8.0,6.0,5.0,3.0,2.0,1.0,1.0,1.0,2.0,2.0
32070930,1.0,1.0,1.0,4.0,1.0,4.0,2.0,1.0,2.0,2.0,2.0,1.0,2.0,2.0,2.0,2.0,2.0,1.0,2.0,2.0,2.0,2.0,2.0,2.0,2.0,2.0,2.0,,3.0,3.0,3.0,,4.0,3.0,4.0,,,2.0,2.0,2.0,2.0,2.0,1.0,2.0,2.0,3.0,,7.0,8.0,4.0,3.0,4.0,4.0,4.0,2.0,2.0,1.0,2.0,2.0,4.0,3.0,3.0,2.0,3.0,3.0,3.0,,3.0,3.0,3.0,3.0,3.0,3.0,2.0,3.0,2.0,3.0,,3.0,3.0,0.0,0.0,0.0,0.0,0.0,0.0,0.0,0.0,0.0,0.0,0.0,,,4.0,,3.0,,8.0,3.0,,3.0,,,2.0,,6.0,3.0,2.0,1.0,2.0,2.0,2.0,2.0,,2.0,3.0,2.0,3.0,3.0,4.0,4.0,4.0,,4.0,1.0,1.0,2.0,4.0,4.0,2.0,2.0,4.0,4.0,4.0,1.0,2.0,,10.0,10.0,5.0,5.0,5.0,9.0,8.0,1.0,2.0,2.0,1.0,3.0,3.0,7.0,8.0,1.0,2.0,2.0,6.0,1.0,2.0,1.0,1.0,1.0,,,1.0,1.0,2.0,1.0,1.0,1.0,1.0,1.0,1.0,1.0,1.0,1.0,3.0,3.0,3.0,4.0,3.0,5.0,1.0,5.0,5.0,5.0,5.0,5.0,5.0,3.0,3.0,3.0,3.0,3.0,3.0,3.0,3.0,3.0,3.0,3.0,3.0,,,,,,,,3.0,,,,2.0,,2.0,,,2.0,,,,,,10.0,10.0,1.0,10.0,,8.0,10.0,6.0,6.0,,2.0,2.0,2.0,2.0,2.0,2.0,2.0
344071155,1.0,1.0,2.0,3.0,2.0,4.0,1.0,2.0,2.0,1.0,2.0,2.0,2.0,1.0,2.0,2.0,2.0,1.0,2.0,2.0,2.0,2.0,2.0,1.0,2.0,2.0,3.0,3.0,3.0,3.0,3.0,2.0,3.0,2.0,3.0,2.0,4.0,3.0,2.0,3.0,3.0,3.0,1.0,3.0,3.0,3.0,6.0,5.0,5.0,4.0,4.0,3.0,3.0,4.0,1.0,2.0,1.0,2.0,2.0,3.0,2.0,3.0,3.0,2.0,2.0,2.0,3.0,2.0,2.0,2.0,3.0,2.0,3.0,2.0,3.0,3.0,2.0,2.0,2.0,3.0,0.0,0.0,0.0,0.0,0.0,0.0,0.0,0.0,0.0,0.0,0.0,6.0,4.0,6.0,4.0,4.0,1.0,6.0,2.0,3.0,2.0,2.0,2.0,2.0,4.0,5.0,3.0,0.0,1.0,1.0,1.0,1.0,2.0,1.0,1.0,2.0,2.0,3.0,3.0,3.0,3.0,3.0,3.0,3.0,2.0,2.0,2.0,3.0,4.0,2.0,2.0,3.0,3.0,3.0,1.0,2.0,2.0,6.0,6.0,6.0,7.0,5.0,6.0,4.0,2.0,2.0,2.0,2.0,3.0,3.0,7.0,7.0,3.0,1.0,2.0,5.0,4.0,3.0,2.0,2.0,3.0,5.0,3.0,3.0,5.0,5.0,3.0,4.0,3.0,5.0,3.0,3.0,3.0,2.0,4.0,3.0,3.0,3.0,4.0,2.0,1.0,1.0,2.0,1.0,1.0,1.0,1.0,3.0,3.0,3.0,2.0,3.0,2.0,3.0,3.0,2.0,3.0,3.0,3.0,3.0,3.0,3.0,2.0,3.0,3.0,3.0,2.0,2.0,3.0,3.0,3.0,2.0,3.0,4.0,3.0,3.0,3.0,3.0,4.0,5.0,5.0,1.0,6.0,6.0,1.0,5.0,5.0,5.0,6.0,6.0,5.0,5.0,3.0,2.0,2.0,,2.0,2.0,3.0
643070764,2.0,2.0,3.0,2.0,2.0,3.0,2.0,1.0,2.0,1.0,2.0,1.0,2.0,2.0,2.0,2.0,2.0,1.0,2.0,2.0,2.0,1.0,2.0,1.0,2.0,2.0,2.0,3.0,2.0,3.0,4.0,2.0,2.0,2.0,4.0,4.0,2.0,2.0,2.0,3.0,4.0,3.0,1.0,1.0,2.0,2.0,6.0,5.0,5.0,4.0,4.0,4.0,4.0,4.0,2.0,2.0,2.0,2.0,2.0,3.0,3.0,3.0,2.0,2.0,3.0,2.0,2.0,2.0,2.0,2.0,2.0,2.0,2.0,2.0,2.0,,2.0,2.0,2.0,2.0,0.0,0.0,0.0,0.0,0.0,0.0,0.0,0.0,0.0,0.0,0.0,6.0,7.0,6.0,6.0,7.0,2.0,6.0,3.0,3.0,3.0,3.0,3.0,1.0,2.0,6.0,2.0,2.0,2.0,2.0,2.0,2.0,2.0,2.0,2.0,2.0,2.0,4.0,4.0,4.0,4.0,4.0,4.0,4.0,2.0,2.0,2.0,2.0,3.0,2.0,2.0,2.0,2.0,2.0,1.0,1.0,1.0,7.0,8.0,3.0,5.0,5.0,7.0,7.0,1.0,1.0,1.0,1.0,3.0,3.0,7.0,8.0,1.0,1.0,2.0,7.0,6.0,7.0,5.0,7.0,5.0,2.0,2.0,3.0,7.0,6.0,4.0,7.0,2.0,2.0,2.0,2.0,5.0,1.0,1.0,2.0,4.0,3.0,4.0,2.0,2.0,1.0,1.0,1.0,1.0,1.0,3.0,3.0,2.0,2.0,2.0,3.0,2.0,2.0,3.0,3.0,2.0,2.0,3.0,2.0,2.0,2.0,2.0,2.0,2.0,1.0,2.0,2.0,2.0,2.0,2.0,2.0,2.0,,3.0,3.0,,2.0,,7.0,7.0,3.0,5.0,5.0,5.0,5.0,5.0,5.0,5.0,7.0,6.0,6.0,2.0,2.0,2.0,2.0,2.0,3.0,2.0
496071433,1.0,2.0,1.0,1.0,1.0,3.0,1.0,1.0,1.0,2.0,2.0,2.0,1.0,1.0,2.0,2.0,2.0,1.0,2.0,2.0,2.0,2.0,2.0,1.0,2.0,2.0,1.0,2.0,3.0,3.0,3.0,3.0,4.0,1.0,2.0,2.0,1.0,4.0,2.0,2.0,4.0,3.0,1.0,2.0,2.0,3.0,5.0,6.0,6.0,3.0,4.0,2.0,2.0,4.0,1.0,2.0,1.0,3.0,2.0,4.0,3.0,4.0,3.0,3.0,4.0,2.0,3.0,2.0,2.0,3.0,4.0,4.0,2.0,2.0,4.0,3.0,3.0,4.0,,3.0,0.0,0.0,1.0,2.0,0.0,0.0,0.0,0.0,0.0,2.0,2.0,10.0,10.0,10.0,7.0,5.0,2.0,10.0,4.0,4.0,3.0,4.0,3.0,2.0,1.0,6.0,3.0,2.0,0.0,2.0,1.0,2.0,2.0,0.0,1.0,3.0,3.0,4.0,2.0,3.0,4.0,4.0,3.0,4.0,2.0,1.0,2.0,1.0,1.0,2.0,2.0,1.0,1.0,2.0,1.0,2.0,1.0,4.0,8.0,6.0,8.0,6.0,8.0,5.0,2.0,2.0,2.0,2.0,3.0,3.0,6.0,2.0,1.0,2.0,2.0,5.0,6.0,5.0,5.0,5.0,5.0,4.0,4.0,4.0,6.0,6.0,5.0,6.0,5.0,5.0,5.0,5.0,5.0,5.0,10.0,3.0,2.0,4.0,3.0,2.0,5.0,4.0,5.0,1.0,5.0,4.0,4.0,5.0,1.0,3.0,3.0,3.0,3.0,3.0,2.0,2.0,3.0,3.0,2.0,3.0,1.0,1.0,4.0,4.0,4.0,3.0,3.0,3.0,2.0,4.0,2.0,2.0,2.0,4.0,3.0,3.0,4.0,3.0,4.0,6.0,1.0,1.0,6.0,5.0,5.0,5.0,5.0,1.0,8.0,4.0,5.0,5.0,3.0,2.0,2.0,2.0,2.0,3.0,3.0
558071184,1.0,1.0,3.0,3.0,1.0,2.0,1.0,2.0,2.0,1.0,2.0,2.0,1.0,2.0,1.0,2.0,1.0,1.0,2.0,2.0,2.0,1.0,2.0,1.0,2.0,1.0,2.0,3.0,3.0,2.0,2.0,2.0,4.0,3.0,2.0,2.0,2.0,2.0,2.0,3.0,4.0,3.0,1.0,1.0,2.0,2.0,8.0,9.0,6.0,3.0,4.0,4.0,2.0,4.0,2.0,2.0,1.0,3.0,1.0,3.0,4.0,4.0,1.0,3.0,4.0,4.0,4.0,3.0,3.0,3.0,4.0,3.0,2.0,1.0,3.0,1.0,1.0,3.0,1.0,2.0,2.0,0.0,0.0,0.0,0.0,0.0,0.0,0.0,0.0,0.0,0.0,8.0,8.0,7.0,7.0,4.0,1.0,9.0,3.0,2.0,3.0,4.0,2.0,3.0,3.0,9.0,3.0,1.0,2.0,2.0,2.0,1.0,0.0,2.0,1.0,3.0,2.0,3.0,2.0,4.0,4.0,2.0,4.0,4.0,1.0,2.0,2.0,1.0,1.0,2.0,2.0,1.0,1.0,1.0,1.0,1.0,1.0,9.0,6.0,9.0,7.0,9.0,7.0,10.0,1.0,2.0,2.0,2.0,2.0,2.0,2.0,1.0,1.0,2.0,2.0,9.0,1.0,1.0,1.0,1.0,1.0,1.0,1.0,1.0,1.0,1.0,1.0,1.0,1.0,1.0,1.0,1.0,1.0,1.0,1.0,4.0,4.0,4.0,3.0,1.0,5.0,1.0,5.0,3.0,5.0,5.0,3.0,2.0,3.0,3.0,3.0,3.0,3.0,3.0,3.0,3.0,3.0,3.0,3.0,3.0,1.0,1.0,3.0,3.0,2.0,3.0,3.0,4.0,4.0,3.0,4.0,3.0,1.0,2.0,2.0,3.0,4.0,2.0,2.0,,9.0,10.0,10.0,10.0,9.0,9.0,4.0,3.0,10.0,10.0,1.0,10.0,3.0,1.0,2.0,2.0,2.0,3.0,2.0
360071608,1.0,1.0,1.0,2.0,1.0,1.0,1.0,1.0,1.0,1.0,2.0,2.0,2.0,2.0,1.0,2.0,2.0,1.0,2.0,1.0,2.0,2.0,2.0,1.0,1.0,2.0,2.0,3.0,3.0,3.0,3.0,3.0,4.0,1.0,2.0,4.0,2.0,2.0,2.0,2.0,2.0,3.0,3.0,2.0,1.0,2.0,4.0,8.0,7.0,3.0,4.0,2.0,2.0,4.0,1.0,2.0,1.0,3.0,3.0,4.0,3.0,3.0,1.0,2.0,4.0,3.0,2.0,3.0,3.0,3.0,3.0,3.0,3.0,2.0,3.0,3.0,3.0,3.0,3.0,2.0,2.0,0.0,0.0,1.0,0.0,0.0,0.0,2.0,0.0,0.0,0.0,7.0,9.0,3.0,9.0,7.0,1.0,9.0,3.0,3.0,3.0,2.0,1.0,1.0,2.0,10.0,2.0,0.0,0.0,0.0,0.0,0.0,2.0,0.0,2.0,4.0,2.0,4.0,3.0,4.0,4.0,4.0,3.0,4.0,2.0,1.0,2.0,2.0,2.0,2.0,2.0,1.0,1.0,1.0,2.0,2.0,1.0,2.0,8.0,10.0,2.0,8.0,8.0,10.0,1.0,1.0,1.0,1.0,2.0,2.0,2.0,1.0,1.0,1.0,2.0,2.0,2.0,2.0,3.0,3.0,1.0,2.0,3.0,3.0,2.0,4.0,3.0,2.0,4.0,2.0,1.0,1.0,3.0,2.0,9.0,1.0,1.0,1.0,2.0,3.0,5.0,2.0,5.0,5.0,,,,1.0,3.0,3.0,3.0,2.0,3.0,3.0,3.0,3.0,,,3.0,3.0,1.0,1.0,2.0,1.0,2.0,4.0,4.0,2.0,3.0,4.0,2.0,3.0,2.0,3.0,3.0,3.0,3.0,3.0,3.0,2.0,9.0,8.0,7.0,7.0,3.0,9.0,10.0,7.0,8.0,9.0,7.0,8.0,2.0,2.0,2.0,3.0,3.0,4.0,4.0
688070036,3.0,1.0,1.0,4.0,1.0,2.0,2.0,1.0,1.0,1.0,2.0,1.0,1.0,1.0,1.0,1.0,1.0,1.0,2.0,,2.0,2.0,2.0,1.0,2.0,2.0,3.0,,,4.0,4.0,3.0,4.0,3.0,5.0,,5.0,3.0,2.0,4.0,1.0,1.0,,2.0,3.0,1.0,1.0,3.0,3.0,2.0,4.0,3.0,2.0,2.0,,1.0,1.0,1.0,1.0,1.0,1.0,1.0,2.0,1.0,1.0,1.0,,1.0,,,,,,,,3.0,2.0,2.0,2.0,2.0,1.0,0.0,0.0,0.0,0.0,0.0,0.0,0.0,0.0,0.0,0.0,3.0,,10.0,10.0,,,,,,,,,2.0,5.0,5.0,3.0,1.0,1.0,1.0,2.0,1.0,2.0,1.0,1.0,1.0,2.0,2.0,3.0,3.0,,4.0,4.0,4.0,1.0,2.0,1.0,2.0,,2.0,2.0,4.0,2.0,4.0,2.0,2.0,,8.0,5.0,1.0,1.0,10.0,10.0,5.0,1.0,1.0,1.0,1.0,2.0,3.0,3.0,2.0,1.0,2.0,2.0,1.0,5.0,1.0,10.0,10.0,5.0,5.0,10.0,1.0,1.0,1.0,10.0,1.0,5.0,,9.0,10.0,1.0,10.0,10.0,1.0,3.0,2.0,4.0,3.0,5.0,5.0,5.0,5.0,5.0,2.0,1.0,1.0,3.0,3.0,2.0,2.0,2.0,3.0,3.0,3.0,3.0,3.0,3.0,3.0,3.0,3.0,,,,,1.0,,,,,,1.0,,3.0,1.0,1.0,,1.0,,10.0,1.0,1.0,10.0,10.0,,10.0,5.0,10.0,10.0,1.0,1.0,,,2.0,2.0,2.0,2.0,
276070783,1.0,1.0,1.0,2.0,2.0,2.0,1.0,1.0,2.0,2.0,1.0,1.0,2.0,1.0,2.0,2.0,2.0,1.0,2.0,2.0,2.0,2.0,2.0,1.0,2.0,2.0,1.0,3.0,3.0,4.0,4.0,3.0,5.0,2.0,4.0,1.0,4.0,2.0,4.0,2.0,4.0,1.0,1.0,3.0,2.0,2.0,8.0,7.0,8.0,4.0,4.0,4.0,4.0,4.0,2.0,1.0,1.0,2.0,2.0,2.0,2.0,2.0,2.0,1.0,3.0,3.0,2.0,1.0,2.0,2.0,2.0,2.0,2.0,2.0,1.0,2.0,3.0,1.0,2.0,1.0,2.0,1.0,2.0,2.0,0.0,2.0,0.0,0.0,0.0,1.0,0.0,7.0,6.0,3.0,2.0,3.0,1.0,4.0,2.0,2.0,2.0,2.0,3.0,2.0,5.0,8.0,4.0,2.0,2.0,0.0,2.0,0.0,2.0,0.0,2.0,2.0,2.0,3.0,3.0,4.0,4.0,3.0,4.0,4.0,2.0,2.0,2.0,3.0,4.0,2.0,2.0,3.0,3.0,4.0,1.0,2.0,1.0,8.0,9.0,4.0,4.0,2.0,8.0,7.0,1.0,1.0,2.0,1.0,3.0,3.0,4.0,6.0,1.0,2.0,2.0,4.0,2.0,3.0,2.0,1.0,2.0,10.0,6.0,9.0,9.0,9.0,5.0,7.0,1.0,1.0,1.0,1.0,7.0,2.0,1.0,2.0,3.0,3.0,2.0,2.0,2.0,2.0,2.0,1.0,2.0,1.0,1.0,1.0,1.0,3.0,2.0,3.0,1.0,2.0,1.0,1.0,1.0,1.0,2.0,2.0,1.0,1.0,1.0,4.0,2.0,4.0,3.0,1.0,3.0,4.0,1.0,1.0,1.0,,3.0,3.0,3.0,1.0,4.0,5.0,9.0,9.0,10.0,10.0,7.0,10.0,6.0,5.0,10.0,10.0,9.0,8.0,1.0,2.0,2.0,2.0,1.0,1.0,2.0
360070375,1.0,2.0,2.0,2.0,1.0,1.0,1.0,2.0,2.0,1.0,2.0,1.0,1.0,2.0,1.0,2.0,2.0,1.0,2.0,1.0,2.0,1.0,2.0,1.0,1.0,1.0,1.0,3.0,3.0,3.0,3.0,2.0,2.0,2.0,2.0,4.0,2.0,2.0,2.0,2.0,2.0,3.0,1.0,1.0,2.0,2.0,10.0,8.0,8.0,4.0,2.0,1.0,4.0,4.0,1.0,2.0,2.0,2.0,2.0,3.0,3.0,4.0,1.0,2.0,2.0,2.0,2.0,2.0,4.0,4.0,4.0,4.0,4.0,3.0,3.0,3.0,2.0,3.0,2.0,2.0,2.0,0.0,0.0,0.0,0.0,0.0,0.0,0.0,0.0,0.0,0.0,10.0,8.0,10.0,4.0,1.0,,10.0,4.0,4.0,4.0,4.0,4.0,1.0,4.0,10.0,3.0,0.0,0.0,2.0,2.0,2.0,2.0,0.0,2.0,3.0,3.0,3.0,1.0,4.0,4.0,1.0,1.0,1.0,1.0,2.0,2.0,1.0,1.0,2.0,2.0,2.0,1.0,1.0,1.0,2.0,1.0,10.0,10.0,8.0,1.0,1.0,10.0,10.0,1.0,1.0,1.0,1.0,1.0,1.0,2.0,1.0,1.0,2.0,1.0,1.0,1.0,1.0,1.0,1.0,1.0,1.0,1.0,1.0,1.0,1.0,1.0,1.0,1.0,1.0,1.0,1.0,1.0,1.0,1.0,1.0,2.0,1.0,3.0,2.0,5.0,1.0,5.0,5.0,5.0,5.0,5.0,1.0,3.0,3.0,3.0,3.0,3.0,3.0,3.0,3.0,,,,,1.0,1.0,1.0,4.0,1.0,1.0,1.0,4.0,1.0,4.0,1.0,1.0,1.0,1.0,4.0,3.0,3.0,2.0,1.0,,10.0,10.0,10.0,1.0,1.0,10.0,4.0,10.0,7.0,10.0,7.0,6.0,2.0,1.0,3.0,2.0,1.0,3.0,3.0
840073098,1.0,1.0,2.0,2.0,2.0,2.0,1.0,1.0,1.0,2.0,2.0,2.0,2.0,2.0,2.0,2.0,2.0,1.0,2.0,2.0,1.0,2.0,2.0,1.0,2.0,2.0,3.0,3.0,3.0,3.0,3.0,3.0,4.0,4.0,4.0,3.0,4.0,4.0,3.0,4.0,4.0,2.0,1.0,2.0,2.0,2.0,8.0,8.0,7.0,4.0,4.0,4.0,4.0,4.0,2.0,2.0,2.0,2.0,2.0,3.0,3.0,3.0,4.0,1.0,4.0,4.0,4.0,2.0,2.0,2.0,4.0,4.0,3.0,3.0,2.0,3.0,3.0,4.0,4.0,2.0,0.0,0.0,0.0,0.0,0.0,0.0,1.0,0.0,,0.0,0.0,10.0,1.0,10.0,2.0,2.0,2.0,3.0,1.0,2.0,2.0,2.0,3.0,2.0,4.0,6.0,3.0,0.0,0.0,1.0,1.0,1.0,1.0,1.0,2.0,3.0,2.0,4.0,4.0,4.0,4.0,4.0,4.0,4.0,2.0,2.0,2.0,3.0,4.0,2.0,2.0,2.0,3.0,4.0,1.0,1.0,1.0,8.0,7.0,1.0,1.0,1.0,9.0,1.0,2.0,2.0,2.0,2.0,4.0,4.0,7.0,8.0,3.0,1.0,1.0,5.0,1.0,5.0,4.0,6.0,1.0,5.0,7.0,5.0,6.0,7.0,7.0,7.0,2.0,1.0,5.0,1.0,5.0,3.0,6.0,4.0,4.0,4.0,1.0,1.0,3.0,2.0,2.0,2.0,2.0,1.0,3.0,3.0,1.0,3.0,3.0,3.0,1.0,1.0,,1.0,2.0,3.0,2.0,3.0,2.0,1.0,1.0,3.0,1.0,3.0,4.0,1.0,3.0,3.0,2.0,1.0,1.0,,2.0,2.0,4.0,1.0,4.0,7.0,1.0,1.0,10.0,3.0,1.0,8.0,1.0,3.0,8.0,10.0,10.0,5.0,1.0,1.0,4.0,4.0,1.0,4.0,4.0
702070544,1.0,2.0,1.0,2.0,1.0,1.0,1.0,2.0,1.0,1.0,2.0,1.0,2.0,1.0,2.0,2.0,2.0,1.0,2.0,2.0,2.0,1.0,2.0,1.0,1.0,2.0,1.0,2.0,2.0,3.0,2.0,2.0,1.0,1.0,2.0,3.0,3.0,1.0,1.0,2.0,2.0,1.0,2.0,1.0,3.0,3.0,6.0,6.0,5.0,4.0,3.0,4.0,3.0,4.0,2.0,2.0,1.0,2.0,2.0,3.0,3.0,3.0,3.0,3.0,3.0,3.0,3.0,3.0,3.0,3.0,3.0,3.0,3.0,2.0,3.0,3.0,2.0,,,,0.0,0.0,0.0,0.0,0.0,0.0,0.0,0.0,0.0,0.0,0.0,6.0,6.0,6.0,6.0,1.0,2.0,3.0,1.0,1.0,,1.0,1.0,1.0,3.0,2.0,5.0,0.0,1.0,1.0,1.0,1.0,1.0,2.0,1.0,4.0,1.0,4.0,4.0,4.0,4.0,4.0,4.0,4.0,2.0,2.0,,3.0,3.0,2.0,2.0,4.0,3.0,3.0,1.0,2.0,1.0,9.0,9.0,7.0,8.0,1.0,9.0,8.0,1.0,1.0,1.0,1.0,2.0,3.0,1.0,1.0,1.0,1.0,1.0,5.0,1.0,1.0,1.0,1.0,1.0,1.0,1.0,1.0,1.0,1.0,1.0,1.0,1.0,1.0,1.0,1.0,1.0,1.0,7.0,4.0,3.0,3.0,2.0,1.0,1.0,1.0,1.0,1.0,1.0,1.0,1.0,2.0,3.0,3.0,3.0,3.0,3.0,3.0,3.0,3.0,3.0,3.0,3.0,3.0,,1.0,2.0,,,,2.0,2.0,,,2.0,2.0,1.0,1.0,3.0,2.0,3.0,1.0,3.0,6.0,8.0,7.0,8.0,8.0,6.0,7.0,7.0,7.0,8.0,10.0,8.0,8.0,2.0,1.0,,,2.0,3.0,3.0
392071157,1.0,1.0,2.0,2.0,1.0,4.0,1.0,2.0,2.0,1.0,1.0,1.0,2.0,1.0,2.0,2.0,2.0,1.0,2.0,2.0,2.0,2.0,2.0,1.0,2.0,2.0,2.0,3.0,3.0,3.0,3.0,3.0,4.0,3.0,2.0,2.0,4.0,4.0,2.0,2.0,4.0,3.0,1.0,3.0,1.0,2.0,7.0,8.0,8.0,3.0,4.0,4.0,4.0,4.0,1.0,2.0,1.0,2.0,2.0,3.0,,,,,,3.0,,2.0,2.0,3.0,3.0,2.0,2.0,2.0,2.0,3.0,2.0,2.0,2.0,2.0,0.0,0.0,0.0,0.0,0.0,0.0,0.0,0.0,0.0,0.0,0.0,6.0,8.0,5.0,5.0,6.0,,7.0,2.0,2.0,2.0,2.0,2.0,3.0,2.0,8.0,4.0,2.0,2.0,1.0,1.0,1.0,1.0,1.0,1.0,2.0,4.0,2.0,1.0,3.0,3.0,,2.0,2.0,1.0,1.0,,1.0,1.0,2.0,2.0,1.0,1.0,1.0,1.0,2.0,,8.0,8.0,5.0,5.0,3.0,7.0,7.0,1.0,,,1.0,3.0,2.0,4.0,2.0,2.0,2.0,2.0,5.0,1.0,1.0,1.0,1.0,1.0,10.0,1.0,5.0,8.0,8.0,1.0,5.0,1.0,1.0,1.0,1.0,2.0,1.0,5.0,3.0,3.0,3.0,2.0,3.0,5.0,1.0,4.0,1.0,2.0,1.0,4.0,1.0,2.0,2.0,2.0,1.0,1.0,,3.0,3.0,,,3.0,3.0,2.0,2.0,,,3.0,3.0,3.0,,,,,,1.0,3.0,4.0,2.0,4.0,2.0,4.0,7.0,6.0,4.0,2.0,8.0,1.0,9.0,6.0,1.0,9.0,8.0,6.0,5.0,2.0,1.0,2.0,2.0,2.0,3.0,3.0
203070123,3.0,3.0,2.0,1.0,4.0,3.0,2.0,2.0,1.0,2.0,2.0,1.0,2.0,1.0,2.0,1.0,1.0,1.0,2.0,1.0,1.0,1.0,2.0,1.0,2.0,2.0,1.0,1.0,1.0,1.0,1.0,1.0,1.0,1.0,1.0,1.0,1.0,1.0,1.0,1.0,1.0,1.0,1.0,1.0,4.0,5.0,3.0,1.0,1.0,4.0,2.0,3.0,3.0,4.0,1.0,2.0,2.0,3.0,3.0,4.0,3.0,4.0,4.0,4.0,4.0,4.0,4.0,4.0,4.0,4.0,4.0,4.0,4.0,4.0,4.0,4.0,4.0,4.0,4.0,4.0,0.0,0.0,0.0,0.0,0.0,0.0,0.0,0.0,0.0,0.0,0.0,1.0,2.0,1.0,6.0,2.0,1.0,10.0,4.0,2.0,2.0,3.0,2.0,3.0,5.0,9.0,5.0,2.0,2.0,2.0,2.0,2.0,2.0,2.0,2.0,4.0,4.0,1.0,1.0,3.0,2.0,1.0,1.0,3.0,2.0,2.0,2.0,4.0,4.0,1.0,2.0,1.0,1.0,1.0,1.0,1.0,1.0,6.0,7.0,6.0,5.0,4.0,1.0,4.0,2.0,2.0,2.0,2.0,4.0,4.0,7.0,8.0,2.0,2.0,2.0,2.0,2.0,1.0,1.0,2.0,1.0,1.0,7.0,5.0,9.0,8.0,3.0,8.0,1.0,1.0,1.0,1.0,5.0,1.0,1.0,4.0,4.0,4.0,3.0,2.0,1.0,1.0,1.0,5.0,5.0,5.0,5.0,2.0,3.0,3.0,3.0,3.0,3.0,3.0,3.0,3.0,3.0,3.0,3.0,3.0,1.0,1.0,3.0,2.0,2.0,2.0,2.0,3.0,2.0,2.0,2.0,1.0,1.0,5.0,3.0,3.0,3.0,3.0,3.0,10.0,4.0,7.0,6.0,5.0,3.0,4.0,4.0,3.0,10.0,7.0,3.0,1.0,4.0,4.0,2.0,2.0,3.0,4.0,4.0
840071736,1.0,1.0,1.0,2.0,2.0,3.0,2.0,1.0,2.0,1.0,1.0,1.0,2.0,1.0,2.0,2.0,2.0,1.0,2.0,2.0,2.0,2.0,2.0,2.0,2.0,2.0,3.0,4.0,4.0,4.0,4.0,2.0,4.0,4.0,4.0,1.0,5.0,3.0,2.0,2.0,5.0,1.0,2.0,2.0,2.0,2.0,7.0,7.0,5.0,4.0,4.0,4.0,4.0,4.0,3.0,1.0,1.0,2.0,2.0,2.0,2.0,1.0,3.0,2.0,3.0,3.0,2.0,2.0,2.0,4.0,4.0,4.0,3.0,2.0,4.0,3.0,3.0,2.0,2.0,2.0,0.0,2.0,0.0,2.0,1.0,2.0,0.0,0.0,0.0,0.0,0.0,7.0,5.0,5.0,5.0,5.0,,8.0,2.0,2.0,2.0,2.0,2.0,2.0,2.0,3.0,4.0,2.0,2.0,1.0,2.0,0.0,2.0,0.0,1.0,2.0,2.0,4.0,4.0,4.0,4.0,4.0,4.0,4.0,1.0,1.0,1.0,3.0,4.0,2.0,2.0,2.0,3.0,3.0,1.0,1.0,2.0,5.0,5.0,5.0,5.0,3.0,5.0,6.0,1.0,1.0,2.0,1.0,3.0,4.0,7.0,7.0,1.0,2.0,2.0,5.0,1.0,1.0,1.0,1.0,1.0,10.0,1.0,5.0,5.0,10.0,3.0,10.0,1.0,1.0,1.0,1.0,8.0,1.0,5.0,2.0,4.0,4.0,2.0,2.0,5.0,5.0,5.0,1.0,2.0,1.0,1.0,2.0,1.0,2.0,2.0,2.0,1.0,1.0,,2.0,1.0,1.0,1.0,3.0,2.0,2.0,2.0,3.0,3.0,3.0,2.0,2.0,3.0,3.0,3.0,2.0,1.0,,4.0,2.0,4.0,2.0,4.0,5.0,5.0,1.0,8.0,8.0,3.0,8.0,5.0,2.0,10.0,10.0,1.0,1.0,4.0,3.0,2.0,2.0,2.0,2.0,2.0
156072361,2.0,2.0,2.0,2.0,2.0,3.0,2.0,1.0,2.0,2.0,1.0,1.0,1.0,2.0,2.0,1.0,2.0,1.0,2.0,1.0,2.0,1.0,2.0,1.0,2.0,2.0,2.0,3.0,2.0,3.0,3.0,3.0,4.0,3.0,4.0,3.0,2.0,1.0,2.0,2.0,2.0,2.0,1.0,1.0,2.0,2.0,8.0,7.0,7.0,3.0,3.0,3.0,3.0,3.0,2.0,1.0,1.0,2.0,2.0,2.0,2.0,3.0,3.0,2.0,2.0,2.0,2.0,2.0,2.0,2.0,2.0,2.0,2.0,2.0,3.0,2.0,2.0,2.0,2.0,2.0,0.0,0.0,0.0,0.0,0.0,0.0,0.0,0.0,0.0,0.0,0.0,4.0,3.0,5.0,3.0,2.0,1.0,8.0,2.0,2.0,2.0,2.0,2.0,4.0,3.0,8.0,4.0,0.0,2.0,2.0,,1.0,2.0,1.0,1.0,,2.0,,,,,,,,,,,2.0,2.0,2.0,2.0,3.0,3.0,,2.0,2.0,1.0,9.0,8.0,3.0,4.0,3.0,9.0,3.0,2.0,2.0,2.0,2.0,4.0,3.0,4.0,6.0,2.0,2.0,2.0,3.0,4.0,2.0,3.0,2.0,1.0,2.0,1.0,3.0,8.0,9.0,4.0,7.0,3.0,4.0,3.0,4.0,3.0,4.0,8.0,2.0,4.0,4.0,2.0,2.0,5.0,1.0,5.0,1.0,3.0,4.0,1.0,1.0,2.0,2.0,3.0,3.0,2.0,3.0,3.0,3.0,2.0,3.0,3.0,3.0,3.0,,,,,,,,,,,,,,3.0,4.0,3.0,1.0,3.0,,4.0,3.0,6.0,8.0,5.0,7.0,9.0,6.0,9.0,9.0,8.0,9.0,2.0,2.0,2.0,2.0,2.0,2.0,2.0
344071908,2.0,3.0,3.0,4.0,2.0,4.0,1.0,2.0,2.0,1.0,1.0,1.0,1.0,2.0,2.0,2.0,2.0,1.0,2.0,2.0,2.0,2.0,2.0,1.0,2.0,2.0,3.0,3.0,3.0,4.0,4.0,1.0,4.0,2.0,3.0,3.0,3.0,3.0,2.0,3.0,3.0,2.0,3.0,3.0,2.0,3.0,7.0,6.0,5.0,4.0,3.0,3.0,3.0,2.0,1.0,2.0,2.0,3.0,3.0,3.0,3.0,3.0,3.0,2.0,3.0,3.0,4.0,2.0,2.0,4.0,4.0,3.0,3.0,3.0,3.0,3.0,2.0,2.0,2.0,3.0,0.0,0.0,0.0,0.0,0.0,0.0,0.0,0.0,0.0,1.0,0.0,7.0,6.0,4.0,3.0,3.0,1.0,7.0,3.0,2.0,2.0,2.0,2.0,3.0,4.0,7.0,3.0,1.0,2.0,2.0,1.0,0.0,1.0,2.0,2.0,3.0,3.0,3.0,2.0,3.0,1.0,2.0,2.0,1.0,2.0,2.0,2.0,4.0,3.0,2.0,1.0,3.0,4.0,3.0,1.0,2.0,1.0,5.0,4.0,7.0,6.0,7.0,4.0,5.0,1.0,1.0,1.0,1.0,3.0,4.0,7.0,8.0,3.0,2.0,1.0,5.0,4.0,2.0,2.0,2.0,2.0,9.0,5.0,4.0,6.0,7.0,3.0,5.0,8.0,6.0,7.0,3.0,5.0,3.0,7.0,2.0,3.0,4.0,3.0,2.0,2.0,1.0,4.0,1.0,1.0,1.0,1.0,2.0,1.0,3.0,2.0,3.0,3.0,2.0,3.0,2.0,2.0,2.0,3.0,3.0,2.0,2.0,2.0,2.0,2.0,2.0,2.0,2.0,2.0,3.0,3.0,2.0,1.0,3.0,3.0,3.0,3.0,2.0,3.0,6.0,7.0,5.0,8.0,6.0,5.0,7.0,1.0,2.0,6.0,7.0,4.0,3.0,3.0,3.0,2.0,,3.0,3.0,2.0
