{"avg_divergence": 0.12450000000000008, "std_divergence": 0.08693901296488615}