{"avg_divergence": 0.11238888888888897, "std_divergence": 0.08013243282294291}