{
    "0": {
        "avg_baseline_value": 9.86640685536109e-09,
        "baseline_std": 1.3503595331525784e-08,
        "baseline_values": [
            3.6618214214914625e-08,
            5.809137057504743e-09,
            3.1953407651302196e-09,
            1.9479386580824116e-11,
            3.689862852675032e-09
        ]
    },
    "1": {
        "avg_baseline_value": 1.2477787940116949e-05,
        "baseline_std": 1.0662538254760814e-05,
        "baseline_values": [
            1.3271801647340746e-05,
            1.586349608609468e-05,
            3.0221633184272877e-05,
            7.447419297989723e-07,
            2.2872668530774735e-06
        ]
    },
    "2": {
        "avg_baseline_value": 0.00030454901270367556,
        "baseline_std": 0.0003455037731166527,
        "baseline_values": [
            0.0009033937441237603,
            1.4530807853638564e-07,
            1.4921982655760691e-05,
            0.00012651135835945728,
            0.00047777267030086305
        ]
    },
    "3": {
        "avg_baseline_value": 0.001140421811357854,
        "baseline_std": 0.0011053735531352264,
        "baseline_values": [
            0.000670147886985239,
            0.0003025929116629593,
            0.00024269955985503142,
            0.0012565716477060261,
            0.003230097050580014
        ]
    },
    "4": {
        "avg_baseline_value": 0.00011742139249915576,
        "baseline_std": 0.00013753572562019454,
        "baseline_values": [
            0.00035914890221749613,
            2.6827453205885845e-07,
            0.0001825649694394235,
            1.2991680215172916e-05,
            3.213313609162735e-05
        ]
    },
    "5": {
        "avg_baseline_value": 4.524964392072832e-09,
        "baseline_std": 3.3996143984560705e-09,
        "baseline_values": [
            1.1475293560360699e-10,
            2.366735830976521e-09,
            3.895808079120358e-09,
            6.202767952501596e-09,
            1.0044757162162077e-08
        ]
    },
    "6": {
        "avg_baseline_value": 0.00019476075738836406,
        "baseline_std": 0.00027254066071812235,
        "baseline_values": [
            0.00012370626220328235,
            1.3478915176122322e-05,
            9.1841156129234e-05,
            1.1983138647534151e-05,
            0.0007327943147856475
        ]
    },
    "7": {
        "avg_baseline_value": 8.076522916986925e-06,
        "baseline_std": 1.1585705086370359e-05,
        "baseline_values": [
            4.606640654913158e-06,
            1.1801474672029244e-06,
            3.5109374743573182e-06,
            6.313259002044715e-08,
            3.102175639844078e-05
        ]
    },
    "8": {
        "avg_baseline_value": 0.003065574288888539,
        "baseline_std": 0.003667237140082181,
        "baseline_values": [
            0.010075128203135513,
            7.777975723899406e-05,
            0.0023269540609921918,
            0.0026982334532239965,
            0.00014977596985200133
        ]
    },
    "9": {
        "avg_baseline_value": 0.008163749127631252,
        "baseline_std": 0.015242499356248076,
        "baseline_values": [
            0.0014281499710807341,
            0.00015448400767304556,
            3.142450654920812e-05,
            0.0005716483750430384,
            0.038633038777810234
        ]
    },
    "10": {
        "avg_baseline_value": 0.00228273825710344,
        "baseline_std": 0.0019434335238020057,
        "baseline_values": [
            0.005931701746143347,
            0.0005365739877457388,
            0.000998254927740691,
            0.0013906607575719199,
            0.002556499866315503
        ]
    },
    "11": {
        "avg_baseline_value": 0.00023747273930042664,
        "baseline_std": 0.00021322704619452504,
        "baseline_values": [
            0.0006185423572426619,
            4.6859057989010186e-05,
            3.371228306933599e-05,
            0.00019843906976734253,
            0.00028981092843378265
        ]
    },
    "12": {
        "avg_baseline_value": 2.72347200488408e-07,
        "baseline_std": 4.5964863400799804e-07,
        "baseline_values": [
            5.072041897101334e-08,
            2.8498404968008063e-08,
            8.679423457754113e-09,
            8.353928071353259e-08,
            1.1902984743317322e-06
        ]
    },
    "13": {
        "avg_baseline_value": 6.14006986630618e-06,
        "baseline_std": 1.05452432029564e-05,
        "baseline_values": [
            1.0321074610622553e-06,
            2.2528976847438628e-06,
            1.6443330162961056e-07,
            7.851562604376986e-08,
            2.71723952580514e-05
        ]
    },
    "14": {
        "avg_baseline_value": 5.998436716606994e-08,
        "baseline_std": 5.1429754076738544e-08,
        "baseline_values": [
            8.943924706280522e-09,
            1.0612522670833099e-07,
            1.3618236213770086e-07,
            1.5875665948278906e-08,
            3.279465632975841e-08
        ]
    },
    "15": {
        "avg_baseline_value": 0.00012016446907064185,
        "baseline_std": 4.4040714929332354e-05,
        "baseline_values": [
            0.0001687026934456751,
            0.0001236485214850384,
            0.00013967380453161861,
            3.754343343460344e-05,
            0.0001312538924562737
        ]
    },
    "16": {
        "avg_baseline_value": 6.435838641876992e-06,
        "baseline_std": 1.0749645511236997e-05,
        "baseline_values": [
            5.3082906436753226e-08,
            1.2438575485465582e-06,
            2.1382648522368617e-06,
            8.508273598922552e-07,
            2.789316054227253e-05
        ]
    },
    "17": {
        "avg_baseline_value": 9.421051102657045e-08,
        "baseline_std": 9.019853523074077e-08,
        "baseline_values": [
            1.3129312630076529e-08,
            1.5757905674242226e-07,
            2.4126355017679535e-07,
            2.2466374056696512e-08,
            3.661426152686164e-08
        ]
    },
    "overall_baseline": 0.000870023500486587
}