{
    "0": {
        "avg_baseline_value": 1.082679750718198e-08,
        "baseline_std": 1.2571728792391607e-08,
        "baseline_values": [
            1.763699092916586e-10,
            3.149302616227898e-08,
            1.0374701466611752e-08,
            1.2630924905455334e-09
        ]
    },
    "1": {
        "avg_baseline_value": 3.996355941860938e-06,
        "baseline_std": 2.2715806340330837e-06,
        "baseline_values": [
            4.723208795236638e-06,
            7.398808616023697e-06,
            1.861942991025405e-06,
            2.0014633651580146e-06
        ]
    },
    "2": {
        "avg_baseline_value": 0.0003253601552877621,
        "baseline_std": 0.0004753546515060443,
        "baseline_values": [
            0.00013728259309148206,
            1.0500526156452755e-05,
            0.0011437791518532088,
            9.878350049904935e-06
        ]
    },
    "3": {
        "avg_baseline_value": 0.005532118270184379,
        "baseline_std": 0.006100933009136311,
        "baseline_values": [
            0.014991590166860254,
            0.0002043226055827258,
            0.006819125578319388,
            0.0001134347299751488
        ]
    },
    "4": {
        "avg_baseline_value": 0.0001382656879454193,
        "baseline_std": 0.0001226048543938728,
        "baseline_values": [
            0.0002471690597900855,
            0.00027279096793107825,
            3.301422422746601e-05,
            8.849983304743849e-08
        ]
    },
    "5": {
        "avg_baseline_value": 5.496661923342305e-09,
        "baseline_std": 4.0707831258229045e-09,
        "baseline_values": [
            5.693213576341507e-09,
            3.908629997947431e-09,
            1.1794031929824983e-08,
            5.907721892552987e-10
        ]
    },
    "6": {
        "avg_baseline_value": 0.00019419987296815505,
        "baseline_std": 0.00022306877475031334,
        "baseline_values": [
            1.2003887670348205e-05,
            0.0005615931215662476,
            0.000184415864825482,
            1.8786617810542426e-05
        ]
    },
    "7": {
        "avg_baseline_value": 2.0536044724660554e-05,
        "baseline_std": 1.1257064197449666e-05,
        "baseline_values": [
            5.707803452204959e-06,
            3.136028993408812e-05,
            3.153329043363374e-05,
            1.3542795078715397e-05
        ]
    },
    "8": {
        "avg_baseline_value": 0.0041734053390733725,
        "baseline_std": 0.004257674943488328,
        "baseline_values": [
            0.006695172985208843,
            8.195065519080619e-05,
            0.009866400827274963,
            5.009688861887661e-05
        ]
    },
    "9": {
        "avg_baseline_value": 0.00023891105743616877,
        "baseline_std": 0.0002424765992887778,
        "baseline_values": [
            0.0003912856160236688,
            6.9934634000652896e-06,
            0.0005570818217813825,
            2.8332853955853456e-07
        ]
    },
    "10": {
        "avg_baseline_value": 0.0002895629008372848,
        "baseline_std": 0.0001707342455176586,
        "baseline_values": [
            0.00042302564118214915,
            0.0004562542518821057,
            0.00025340727873661136,
            2.556443154827283e-05
        ]
    },
    "11": {
        "avg_baseline_value": 0.0002808222467837211,
        "baseline_std": 0.0003035521456396894,
        "baseline_values": [
            0.00035843987848149214,
            1.8759729148645855e-05,
            0.0007451094708161143,
            9.799086886320152e-07
        ]
    },
    "12": {
        "avg_baseline_value": 2.5016566060377976e-08,
        "baseline_std": 1.9310536135013694e-08,
        "baseline_values": [
            1.1569082194100881e-08,
            5.1393511448857525e-08,
            3.4852504998694106e-08,
            2.251165599859395e-09
        ]
    },
    "13": {
        "avg_baseline_value": 9.888628999546464e-05,
        "baseline_std": 0.00010957262487128349,
        "baseline_values": [
            0.0002655946237327901,
            9.442697032037045e-07,
            0.00012883014811084664,
            1.7611843501812895e-07
        ]
    },
    "14": {
        "avg_baseline_value": 7.008727962748074e-07,
        "baseline_std": 1.0246961515789223e-06,
        "baseline_values": [
            8.934119182469715e-08,
            2.473107484489922e-06,
            4.4342863238483676e-08,
            1.9669964554612665e-07
        ]
    },
    "15": {
        "avg_baseline_value": 0.00024936375802381256,
        "baseline_std": 0.00024519923285581854,
        "baseline_values": [
            0.0004227692783621071,
            1.7401523642244534e-05,
            0.0005569407479287879,
            3.4348216211066524e-07
        ]
    },
    "16": {
        "avg_baseline_value": 1.2176977271986385e-06,
        "baseline_std": 7.917500150758849e-07,
        "baseline_values": [
            2.312521049013523e-06,
            1.0370512673356168e-06,
            1.4157205190603848e-06,
            1.0549807338502844e-07
        ]
    },
    "17": {
        "avg_baseline_value": 6.53081002021889e-08,
        "baseline_std": 8.161544253657634e-08,
        "baseline_values": [
            1.1942386544139207e-08,
            3.1857711927856696e-08,
            2.0595034318554372e-07,
            1.1481959151215981e-08
        ]
    },
    "overall_baseline": 0.0006415251776584015
}