{
    "0": {
        "avg_baseline_value": 2.5775379782544192e-09,
        "baseline_std": 1.9399335108998965e-09,
        "baseline_values": [
            7.40135112024726e-10,
            5.6745924772845015e-09,
            1.1439052428588455e-09,
            2.7515190808496035e-09
        ]
    },
    "1": {
        "avg_baseline_value": 7.749930155571795e-05,
        "baseline_std": 6.949683527327645e-05,
        "baseline_values": [
            1.0346682297880914e-05,
            0.00017602790606817374,
            1.3802694876893243e-05,
            0.00010981992297992387
        ]
    },
    "2": {
        "avg_baseline_value": 0.0007691562760821416,
        "baseline_std": 0.0008984722998626972,
        "baseline_values": [
            9.838916742860682e-05,
            0.0006052362849647373,
            9.017406697056616e-05,
            0.002282825584964656
        ]
    },
    "3": {
        "avg_baseline_value": 0.007902634675215984,
        "baseline_std": 0.007668268721657856,
        "baseline_values": [
            3.167515702612202e-05,
            0.019251211372182466,
            0.001780889094194698,
            0.010546763077460648
        ]
    },
    "4": {
        "avg_baseline_value": 0.00015244547421050525,
        "baseline_std": 0.00013984942478191155,
        "baseline_values": [
            0.00014352797325191754,
            8.555095774690924e-05,
            2.198197940613254e-06,
            0.000378504767902581
        ]
    },
    "5": {
        "avg_baseline_value": 1.0596290108412962e-08,
        "baseline_std": 5.940579479283161e-09,
        "baseline_values": [
            4.495365605260615e-09,
            1.879183224436378e-08,
            1.3707108033083287e-08,
            5.390854550944159e-09
        ]
    },
    "6": {
        "avg_baseline_value": 0.0009186400463140917,
        "baseline_std": 0.0008666397625103217,
        "baseline_values": [
            0.00011453241736054831,
            0.002101630016113562,
            6.345581352926595e-05,
            0.001394941938252991
        ]
    },
    "7": {
        "avg_baseline_value": 5.646295169855488e-06,
        "baseline_std": 5.91776894351761e-06,
        "baseline_values": [
            1.2275695523060887e-06,
            4.3815360855013815e-06,
            1.3185115158185935e-06,
            1.5657563525795888e-05
        ]
    },
    "8": {
        "avg_baseline_value": 0.0005613375442987587,
        "baseline_std": 0.0005166929457368007,
        "baseline_values": [
            0.0007585253901197203,
            1.3305758862791464e-05,
            0.0001592135067065239,
            0.0013143055215059992
        ]
    },
    "9": {
        "avg_baseline_value": 0.00019786132475138398,
        "baseline_std": 0.00020827949455199524,
        "baseline_values": [
            9.813358431986818e-06,
            0.0002763869271271205,
            1.6289715115467042e-06,
            0.0005036160419348819
        ]
    },
    "10": {
        "avg_baseline_value": 0.0011409452557780539,
        "baseline_std": 0.0008425587080740136,
        "baseline_values": [
            0.0009094902803352974,
            0.0010588696576813667,
            0.00012934369380691876,
            0.0024660773912886327
        ]
    },
    "11": {
        "avg_baseline_value": 0.0002790770075691824,
        "baseline_std": 0.00018862185461143176,
        "baseline_values": [
            0.0005802071918364234,
            6.523410710295726e-05,
            0.0002030674326918973,
            0.0002677992986454516
        ]
    },
    "12": {
        "avg_baseline_value": 7.185411084865726e-08,
        "baseline_std": 8.523547968766972e-08,
        "baseline_values": [
            5.183419076662116e-09,
            2.6040595845898546e-08,
            3.812360644563094e-08,
            2.1806882202643742e-07
        ]
    },
    "13": {
        "avg_baseline_value": 8.126332526760735e-06,
        "baseline_std": 1.2168944230376063e-06,
        "baseline_values": [
            7.353703972436024e-06,
            1.0062454519903783e-05,
            6.873412803982334e-06,
            8.215758810720798e-06
        ]
    },
    "14": {
        "avg_baseline_value": 9.63164591256114e-07,
        "baseline_std": 1.0541584842698628e-06,
        "baseline_values": [
            1.4539571867182225e-07,
            2.7541172058226194e-06,
            2.5839854052219204e-07,
            6.947469000078229e-07
        ]
    },
    "15": {
        "avg_baseline_value": 8.985977293702556e-05,
        "baseline_std": 0.00010411523535742462,
        "baseline_values": [
            2.7174179575536777e-05,
            2.3266831754272435e-05,
            3.908813137310371e-05,
            0.0002699099490451893
        ]
    },
    "16": {
        "avg_baseline_value": 1.1642558798070554e-05,
        "baseline_std": 1.246343810695337e-05,
        "baseline_values": [
            8.665096139527474e-08,
            3.03154025131499e-05,
            5.405614694758906e-07,
            1.5627620248261153e-05
        ]
    },
    "17": {
        "avg_baseline_value": 4.6465197250991884e-07,
        "baseline_std": 4.898075609980634e-07,
        "baseline_values": [
            1.2933042949654219e-08,
            1.209982921217987e-06,
            3.769103800668334e-08,
            5.98000887865351e-07
        ]
    },
    "overall_baseline": 0.0006731324838727909
}