{
    "0": {
        "avg_baseline_value": 3.6586117481491976e-08,
        "baseline_std": 4.6957409600195744e-08,
        "baseline_values": [
            3.6592325557106332e-09,
            6.851805262230003e-09,
            1.4860456646732138e-07,
            1.4749002543075536e-08,
            3.830165211543721e-08,
            2.435379363546982e-08,
            1.9582769791199225e-08
        ]
    },
    "1": {
        "avg_baseline_value": 2.620129979382185e-05,
        "baseline_std": 1.3725519837411174e-05,
        "baseline_values": [
            4.914661160670058e-05,
            1.5304682183794173e-05,
            4.205767305908012e-05,
            7.090683397594918e-06,
            2.639227071642929e-05,
            2.4577390623736545e-05,
            1.8839786969417303e-05
        ]
    },
    "2": {
        "avg_baseline_value": 0.0003439288779461565,
        "baseline_std": 0.000562035149977265,
        "baseline_values": [
            2.9330834658350356e-08,
            0.0007207467539224051,
            0.0015861660270123958,
            5.148208046066781e-05,
            1.2542760063905804e-06,
            2.388956352271732e-05,
            2.393411386386037e-05
        ]
    },
    "3": {
        "avg_baseline_value": 0.01343862419776406,
        "baseline_std": 0.014196525011697334,
        "baseline_values": [
            0.0063338102118029585,
            0.038061324685778046,
            0.006528290585520246,
            0.03281285862384986,
            0.001020768708002383,
            0.0013047304837061563,
            0.008008586085688763
        ]
    },
    "4": {
        "avg_baseline_value": 0.0026731854328867146,
        "baseline_std": 0.0015810019048576028,
        "baseline_values": [
            0.0008687082180002052,
            0.001466330496669118,
            0.0015607982766069465,
            0.0018151111883887888,
            0.004205673453610634,
            0.005518833705637485,
            0.0032768426912938254
        ]
    },
    "5": {
        "avg_baseline_value": 1.078358096162206e-08,
        "baseline_std": 1.601764310372443e-08,
        "baseline_values": [
            5.0008642424087334e-08,
            4.292138641759418e-09,
            4.041569210377787e-09,
            4.1633880347081505e-09,
            3.897087549602509e-09,
            4.008265454272131e-09,
            5.073975416547078e-09
        ]
    },
    "6": {
        "avg_baseline_value": 0.00015668990776562857,
        "baseline_std": 0.00028881132210668224,
        "baseline_values": [
            0.00010905757256462134,
            5.593746894625736e-05,
            0.0008590983785638008,
            4.76834120577047e-07,
            1.7594510131621273e-05,
            4.818256278746377e-05,
            6.482027245058507e-06
        ]
    },
    "7": {
        "avg_baseline_value": 4.1757444929264574e-05,
        "baseline_std": 6.944899939755056e-05,
        "baseline_values": [
            2.7670077049192802e-05,
            1.6487970174322324e-07,
            4.101460977432128e-05,
            8.765101505827166e-07,
            0.00020828379343556847,
            1.1331483792273561e-05,
            2.9607606011699616e-06
        ]
    },
    "8": {
        "avg_baseline_value": 0.0063793170660865674,
        "baseline_std": 0.008176142621550782,
        "baseline_values": [
            0.005801808966759393,
            0.02574712788838277,
            0.0052868690110684635,
            0.004305721016021428,
            0.003106698580331226,
            0.00011758000333666295,
            0.0002894139967060238
        ]
    },
    "9": {
        "avg_baseline_value": 0.0018280153795363057,
        "baseline_std": 0.0026060244774872374,
        "baseline_values": [
            0.002144786619539103,
            3.687628774857286e-06,
            0.001892769495111736,
            0.00038530596581384916,
            0.007902660838096836,
            0.0003727711432028242,
            9.412596621493442e-05
        ]
    },
    "10": {
        "avg_baseline_value": 0.0012732551639850907,
        "baseline_std": 0.0012525243201287482,
        "baseline_values": [
            0.0007889838329205686,
            0.00355820701577491,
            0.0026268025130695557,
            0.000102073558645968,
            0.00039720434317314703,
            0.0014061448126780347,
            3.337007163345269e-05
        ]
    },
    "11": {
        "avg_baseline_value": 0.000435616117835707,
        "baseline_std": 0.00021269036026950008,
        "baseline_values": [
            0.00045639907446167583,
            0.0008987575747972611,
            0.0004441628519644858,
            0.00041563916377514463,
            0.0003718975276108263,
            0.00031383416924285116,
            0.00014862246299770352
        ]
    },
    "12": {
        "avg_baseline_value": 1.9013924069414866e-08,
        "baseline_std": 1.4050706898731079e-08,
        "baseline_values": [
            3.6571361695088617e-09,
            1.7314762568335014e-08,
            3.674667095240692e-08,
            1.6718763256248414e-08,
            4.1661325740461915e-08,
            1.809660446415944e-09,
            1.5189149352527012e-08
        ]
    },
    "13": {
        "avg_baseline_value": 9.291785261499525e-05,
        "baseline_std": 9.220235808633905e-05,
        "baseline_values": [
            0.0001829062333167647,
            0.00022544548037270888,
            0.00018642918206705672,
            1.6709876215993356e-05,
            5.763892745671088e-06,
            2.139366108876833e-05,
            1.1776642498003606e-05
        ]
    },
    "14": {
        "avg_baseline_value": 2.4300031682856916e-06,
        "baseline_std": 2.2787579020871606e-06,
        "baseline_values": [
            5.325867618742687e-06,
            1.1705674314808665e-07,
            2.185222143440719e-06,
            6.2527327299400066e-06,
            2.0846897732753456e-06,
            1.0426915572742353e-06,
            1.7616121787614729e-09
        ]
    },
    "15": {
        "avg_baseline_value": 0.00018892997772362844,
        "baseline_std": 0.00023538469225350806,
        "baseline_values": [
            0.0001641928401475891,
            0.00015034817550457023,
            0.000748541401411749,
            9.291164107729453e-06,
            2.8328101442862933e-05,
            7.672002564264579e-05,
            0.0001450881358082524
        ]
    },
    "16": {
        "avg_baseline_value": 4.0265312905955126e-06,
        "baseline_std": 2.597726684812935e-06,
        "baseline_values": [
            2.576724662839908e-06,
            3.0476846821403853e-06,
            5.318936449159445e-06,
            9.747146679031878e-06,
            1.3867038710308737e-06,
            3.73328621436958e-06,
            2.375236475596515e-06
        ]
    },
    "17": {
        "avg_baseline_value": 3.6762164453827122e-06,
        "baseline_std": 7.739438078318184e-06,
        "baseline_values": [
            2.2623773946051906e-05,
            2.0906264075678361e-07,
            5.199375648949395e-07,
            5.7654634493457e-07,
            7.926508789343924e-07,
            1.3645997446032935e-07,
            8.750837676460661e-07
        ]
    },
    "overall_baseline": 0.0014938132140774841
}