{
    "0": {
        "avg_baseline_value": 7.611834764588632e-09,
        "baseline_std": 7.248187964632878e-09,
        "baseline_values": [
            5.358765139373945e-09,
            1.5710000653284058e-09,
            7.868677273385486e-09,
            2.1345044973993744e-08,
            1.9156863708615808e-09
        ]
    },
    "1": {
        "avg_baseline_value": 7.72467437022458e-06,
        "baseline_std": 7.183221995595233e-06,
        "baseline_values": [
            1.2778636618321045e-06,
            2.1167463415548484e-05,
            7.814459791690643e-06,
            6.485198677662712e-06,
            1.8783863043889615e-06
        ]
    },
    "2": {
        "avg_baseline_value": 0.00020510062693198907,
        "baseline_std": 0.00011980782508754252,
        "baseline_values": [
            0.00043341579946088723,
            0.00014924584567005845,
            0.0001418637022181784,
            9.322542932555707e-05,
            0.00020775235798526425
        ]
    },
    "3": {
        "avg_baseline_value": 0.005051988724231783,
        "baseline_std": 0.006335016433438565,
        "baseline_values": [
            0.008237368852654196,
            0.0004490226676020799,
            0.00042152975267657235,
            0.016125782883193423,
            2.6239465032644202e-05
        ]
    },
    "4": {
        "avg_baseline_value": 0.00012400069972529795,
        "baseline_std": 0.00016445988933786243,
        "baseline_values": [
            1.1503178449818114e-05,
            8.989146088800651e-06,
            0.0004461299993091497,
            0.00010022935470246509,
            5.3151820076256224e-05
        ]
    },
    "5": {
        "avg_baseline_value": 5.481196496993401e-09,
        "baseline_std": 3.584843021002923e-09,
        "baseline_values": [
            8.35254670193758e-11,
            7.94541446855742e-09,
            5.653045096274405e-09,
            3.311962590717071e-09,
            1.0412034862398737e-08
        ]
    },
    "6": {
        "avg_baseline_value": 2.0351561817430152e-05,
        "baseline_std": 1.8805999734939026e-05,
        "baseline_values": [
            5.123921063844789e-05,
            2.07766559196944e-06,
            2.8813713441177074e-05,
            1.9473866375416177e-05,
            1.533530401401842e-07
        ]
    },
    "7": {
        "avg_baseline_value": 5.453875561518561e-05,
        "baseline_std": 8.375820748888596e-05,
        "baseline_values": [
            2.6699440956030306e-05,
            5.962999306635388e-06,
            1.7888549137520675e-05,
            1.0544889315595737e-06,
            0.00022108829974418207
        ]
    },
    "8": {
        "avg_baseline_value": 0.00247911961054984,
        "baseline_std": 0.002480952448973824,
        "baseline_values": [
            0.005474644738471685,
            4.525963353239939e-05,
            0.0009430043089559514,
            0.005520199940478062,
            0.0004124894313111042
        ]
    },
    "9": {
        "avg_baseline_value": 0.00014598708183814505,
        "baseline_std": 7.539675120230255e-05,
        "baseline_values": [
            0.00025107881060441065,
            0.00010689529441947018,
            3.9795606166472324e-05,
            0.00020947986467897988,
            0.0001226858333213922
        ]
    },
    "10": {
        "avg_baseline_value": 0.0006252388388265612,
        "baseline_std": 0.0008071113200660689,
        "baseline_values": [
            0.000479236808841111,
            2.5553694694529204e-05,
            0.0003787293150474988,
            0.00219911510113854,
            4.355927441112717e-05
        ]
    },
    "11": {
        "avg_baseline_value": 0.000214395609727617,
        "baseline_std": 0.00023729440256525764,
        "baseline_values": [
            0.00048249784613399796,
            3.329341324528935e-05,
            1.9560926437178084e-05,
            0.000526277700070527,
            1.0348162751092603e-05
        ]
    },
    "12": {
        "avg_baseline_value": 4.3547831957349324e-08,
        "baseline_std": 4.7427848592757955e-08,
        "baseline_values": [
            1.2425857802930578e-07,
            1.6237338841903647e-09,
            6.973761011061623e-08,
            1.6182968742171043e-09,
            2.0500940888417134e-08
        ]
    },
    "13": {
        "avg_baseline_value": 6.324403890185601e-05,
        "baseline_std": 6.774009615943038e-05,
        "baseline_values": [
            9.542122857580683e-05,
            8.403379819031837e-08,
            1.7262477682008266e-05,
            0.0001818604388646556,
            2.159201558861907e-05
        ]
    },
    "14": {
        "avg_baseline_value": 7.563279542212875e-07,
        "baseline_std": 5.843478521978914e-07,
        "baseline_values": [
            1.736556877804552e-06,
            3.702788017198001e-07,
            1.084286793521919e-06,
            4.7512326813387486e-07,
            1.1539402992629147e-07
        ]
    },
    "15": {
        "avg_baseline_value": 0.00018763853822728656,
        "baseline_std": 0.00023030426985871133,
        "baseline_values": [
            0.000617967893698615,
            1.7322835762356607e-05,
            6.93790043276938e-05,
            0.00023290160608309805,
            6.213512646692954e-07
        ]
    },
    "16": {
        "avg_baseline_value": 1.3308634064770893e-06,
        "baseline_std": 1.8943083484036066e-06,
        "baseline_values": [
            1.2715324646034759e-06,
            2.8740975232594752e-08,
            2.4239173094624276e-07,
            5.011140640478576e-06,
            1.0051122112455749e-07
        ]
    },
    "17": {
        "avg_baseline_value": 6.230760038416467e-08,
        "baseline_std": 4.3397528991720625e-08,
        "baseline_values": [
            6.467336816942776e-08,
            5.1999298937818855e-08,
            1.415622162298976e-07,
            4.2157509946407294e-08,
            1.1145608637271794e-08
        ]
    },
    "overall_baseline": 0.0005100852722548621
}