{
    "0": {
        "avg_baseline_value": 4.601577821641583e-08,
        "baseline_std": 3.69743446394023e-08,
        "baseline_values": [
            1.1698849122826407e-08,
            7.59369170808651e-08,
            9.750392898899173e-08,
            7.864270100179924e-11,
            4.4860553188394104e-08
        ]
    },
    "1": {
        "avg_baseline_value": 0.00014631655150903225,
        "baseline_std": 0.00011590176909974403,
        "baseline_values": [
            0.00023754474357447195,
            5.260682399394096e-05,
            0.0001236659853855013,
            1.9859086827375182e-06,
            0.00031577929590850953
        ]
    },
    "2": {
        "avg_baseline_value": 0.0005630236761824287,
        "baseline_std": 0.0006431182982194777,
        "baseline_values": [
            0.0009366716891777388,
            0.0016552216653163226,
            0.00018681701449745175,
            5.793445495507789e-06,
            3.061456642512297e-05
        ]
    },
    "3": {
        "avg_baseline_value": 0.03331570352694062,
        "baseline_std": 0.05020177929771103,
        "baseline_values": [
            0.02979059841473566,
            0.0042265826404530625,
            0.0012203087421240192,
            2.4843741928551188e-05,
            0.13131618409546178
        ]
    },
    "4": {
        "avg_baseline_value": 0.002387843657491979,
        "baseline_std": 0.002107371067967711,
        "baseline_values": [
            0.0014638661774543297,
            0.004096665988766465,
            0.0007553259781672329,
            3.617404902304496e-05,
            0.005587186094048823
        ]
    },
    "5": {
        "avg_baseline_value": 4.0383074884228615e-08,
        "baseline_std": 5.4536316003594796e-08,
        "baseline_values": [
            1.4404820929989256e-07,
            5.39085455530196e-09,
            4.708506422759156e-08,
            3.917740189063051e-13,
            5.3908545643380725e-09
        ]
    },
    "6": {
        "avg_baseline_value": 0.0006576166445617943,
        "baseline_std": 0.0009216812948465669,
        "baseline_values": [
            0.0006540389452158495,
            0.0001320529402550634,
            6.013224147625959e-05,
            3.5149368810400725e-07,
            0.0024415076021736953
        ]
    },
    "7": {
        "avg_baseline_value": 9.505506256119772e-05,
        "baseline_std": 0.00017386329585056143,
        "baseline_values": [
            0.00044246908649758196,
            6.646106250301304e-06,
            2.1894312293243576e-05,
            1.2914371303155836e-07,
            4.1366640518302065e-06
        ]
    },
    "8": {
        "avg_baseline_value": 0.0020000575022043406,
        "baseline_std": 0.002362311602718491,
        "baseline_values": [
            0.006571871243523831,
            0.0014709950796143675,
            0.0015542080898801134,
            3.796173735667707e-05,
            0.0003652513606467118
        ]
    },
    "9": {
        "avg_baseline_value": 0.009054319306453134,
        "baseline_std": 0.007505048976424619,
        "baseline_values": [
            0.016337158585440083,
            0.0010829985649399524,
            0.009668719210171308,
            1.7582838077130296e-05,
            0.018165137333637192
        ]
    },
    "10": {
        "avg_baseline_value": 0.003328997818751977,
        "baseline_std": 0.003961139880813132,
        "baseline_values": [
            0.010703431566833172,
            0.00031622231181811854,
            0.001492085402838795,
            1.325712952164713e-05,
            0.004119992682748152
        ]
    },
    "11": {
        "avg_baseline_value": 0.001179181999098353,
        "baseline_std": 0.0008423526188200231,
        "baseline_values": [
            0.002036741709181676,
            0.0006219416524227398,
            0.0009833599680246794,
            1.831750728271958e-05,
            0.00223554915857995
        ]
    },
    "12": {
        "avg_baseline_value": 5.031618416594519e-08,
        "baseline_std": 3.9047298310250005e-08,
        "baseline_values": [
            4.0947859535393825e-08,
            2.288799086422194e-08,
            7.789747983271411e-08,
            2.41996676537159e-10,
            1.0960559392085892e-07
        ]
    },
    "13": {
        "avg_baseline_value": 7.236406686865403e-05,
        "baseline_std": 5.764745804602546e-05,
        "baseline_values": [
            4.750676762915486e-05,
            3.452492465761151e-05,
            0.00012305658207336926,
            1.1498306981097005e-06,
            0.00015558222928502483
        ]
    },
    "14": {
        "avg_baseline_value": 3.5030745317050944e-06,
        "baseline_std": 2.5202619747328454e-06,
        "baseline_values": [
            2.34593034874715e-06,
            2.6626832501697826e-06,
            7.4836612223812065e-06,
            7.2077105354999e-08,
            4.951020731872334e-06
        ]
    },
    "15": {
        "avg_baseline_value": 0.00020771716618728787,
        "baseline_std": 0.00016208813629826457,
        "baseline_values": [
            0.00043718875883719466,
            8.162807110921431e-05,
            0.0003443113265700334,
            1.0810598690241013e-07,
            0.00017534956843309445
        ]
    },
    "16": {
        "avg_baseline_value": 3.36099494986574e-05,
        "baseline_std": 4.7035348361431715e-05,
        "baseline_values": [
            1.9808080564180724e-05,
            2.0161143413048956e-05,
            1.717127889215472e-06,
            2.3676418410376436e-07,
            0.0001261266314427381
        ]
    },
    "17": {
        "avg_baseline_value": 6.596736945212348e-07,
        "baseline_std": 8.069469420933386e-07,
        "baseline_values": [
            3.572181065782272e-07,
            5.053164113659197e-07,
            1.9177556340045122e-07,
            5.329279962067371e-09,
            2.2387291112995084e-06
        ]
    },
    "overall_baseline": 0.0029470059106429408
}