{
    "0": {
        "avg_baseline_value": 1.693844624802744e-05,
        "baseline_std": 3.2910445659804594e-05,
        "baseline_values": [
            8.27480086540581e-05,
            7.738575752977432e-08,
            6.792437812228055e-08,
            1.31213870714154e-07,
            1.6676985797128887e-06
        ]
    },
    "1": {
        "avg_baseline_value": 1.6446266002648595e-08,
        "baseline_std": 1.3413375720283322e-08,
        "baseline_values": [
            3.751787840856348e-08,
            2.546235375893763e-08,
            4.4900040324755476e-11,
            1.2014309792255606e-08,
            7.1918880131614914e-09
        ]
    },
    "2": {
        "avg_baseline_value": 7.555310478755592e-05,
        "baseline_std": 0.00014208109156937522,
        "baseline_values": [
            3.196118911461792e-07,
            1.672898579350181e-05,
            5.572905064280489e-07,
            7.215342311191253e-07,
            0.00035943810151558447
        ]
    },
    "3": {
        "avg_baseline_value": 0.0020098717152986683,
        "baseline_std": 0.002940312428962687,
        "baseline_values": [
            0.007880026546932489,
            0.00029238834862603405,
            0.0004594412184744133,
            0.0005882205633414595,
            0.0008292818991189467
        ]
    },
    "4": {
        "avg_baseline_value": 1.2831326487884152e-07,
        "baseline_std": 2.102319369547845e-07,
        "baseline_values": [
            5.482332950388381e-07,
            2.1179204363846718e-08,
            4.3437883753391953e-08,
            1.517937975728346e-08,
            1.3536561480847243e-08
        ]
    },
    "5": {
        "avg_baseline_value": 0.000912460623499476,
        "baseline_std": 0.001072702528270041,
        "baseline_values": [
            0.001998955092000599,
            8.071560497757504e-05,
            3.6608489228946185e-05,
            1.4462766906828713e-05,
            0.002431561164383431
        ]
    },
    "6": {
        "avg_baseline_value": 1.4411439243350319e-07,
        "baseline_std": 1.600572493395486e-07,
        "baseline_values": [
            4.070044386324827e-07,
            1.6504189248208365e-08,
            3.84700538794752e-08,
            4.604585219383381e-09,
            2.539886951879662e-07
        ]
    },
    "7": {
        "avg_baseline_value": 0.00041280678200870133,
        "baseline_std": 0.0005983644372123089,
        "baseline_values": [
            0.00016669004348760408,
            7.428072933662723e-05,
            0.00022297181806930187,
            3.3275760561397884e-07,
            0.0015997585615443596
        ]
    },
    "8": {
        "avg_baseline_value": 0.000668739579179119,
        "baseline_std": 0.000931387244031256,
        "baseline_values": [
            0.002527690802706371,
            0.00021571504333708357,
            0.00015821815718421224,
            0.0003075606221795551,
            0.0001345132704883732
        ]
    },
    "9": {
        "avg_baseline_value": 0.03314055966796754,
        "baseline_std": 0.054131034281033094,
        "baseline_values": [
            0.003734294775627422,
            0.009788597205832927,
            0.002454778389660778,
            0.008463266793399472,
            0.1412618611753171
        ]
    },
    "10": {
        "avg_baseline_value": 2.2855579071226966e-06,
        "baseline_std": 4.390167071299112e-06,
        "baseline_values": [
            1.1065374417393477e-05,
            6.826401441571353e-08,
            1.6010655645046432e-07,
            1.1662192651973597e-07,
            1.7422620834090315e-08
        ]
    },
    "11": {
        "avg_baseline_value": 1.9790215955619345e-06,
        "baseline_std": 3.0560231984835526e-06,
        "baseline_values": [
            5.824182025547082e-07,
            8.594767941508489e-07,
            2.5632429004331943e-08,
            3.6097338434468357e-07,
            8.0666071677551e-06
        ]
    },
    "12": {
        "avg_baseline_value": 3.663423318597426e-08,
        "baseline_std": 5.689538281968425e-08,
        "baseline_values": [
            1.4999292021845682e-07,
            7.37390411147929e-09,
            1.0520384268412648e-08,
            1.52587167503086e-08,
            2.5240581213949546e-11
        ]
    },
    "13": {
        "avg_baseline_value": 0.0012395766187410302,
        "baseline_std": 0.0022388701907401663,
        "baseline_values": [
            7.138736402439418e-05,
            6.176192904063984e-05,
            0.0002854321737117194,
            6.52124835787524e-05,
            0.005714089143349646
        ]
    },
    "14": {
        "avg_baseline_value": 0.00031843400827290404,
        "baseline_std": 0.00021348396553124338,
        "baseline_values": [
            0.00045808942127123937,
            0.00029618450929812186,
            0.00018195065303027206,
            2.0508371216110972e-05,
            0.000635437086548776
        ]
    },
    "15": {
        "avg_baseline_value": 0.0003006540757577405,
        "baseline_std": 0.00037494068116576673,
        "baseline_values": [
            0.0010063475916388038,
            1.0901084553886004e-05,
            0.00035315289541711195,
            0.0001315059102963722,
            1.3628968825281884e-06
        ]
    },
    "16": {
        "avg_baseline_value": 9.767360134706992e-06,
        "baseline_std": 1.3537706707404996e-05,
        "baseline_values": [
            3.2714243740139166e-06,
            5.772386014301105e-06,
            2.318962924915521e-07,
            2.946984956354651e-06,
            3.661410903637373e-05
        ]
    },
    "17": {
        "avg_baseline_value": 0.001177008969021685,
        "baseline_std": 0.0008051188549267354,
        "baseline_values": [
            0.0018212857627896645,
            0.00019463604540366567,
            0.0007205298211736478,
            0.0007567134144395082,
            0.0023918798013019384
        ]
    },
    "overall_baseline": 0.00223816450214313
}