{
    "0": {
        "avg_baseline_value": 5.403992996950551e-07,
        "baseline_std": 8.986248075891531e-07,
        "baseline_values": [
            3.1823926580013755e-08,
            3.166886981011083e-08,
            2.096715093164555e-06,
            1.3893092255405218e-09
        ]
    },
    "1": {
        "avg_baseline_value": 3.818997844370912e-08,
        "baseline_std": 3.9648163796436706e-08,
        "baseline_values": [
            1.0420694533957225e-07,
            4.086348328793846e-09,
            3.3577461240625816e-08,
            1.0889158865844584e-08
        ]
    },
    "2": {
        "avg_baseline_value": 1.8704349664679494e-06,
        "baseline_std": 2.0278299606321074e-06,
        "baseline_values": [
            3.5538652407892375e-08,
            2.5519618134155346e-06,
            4.8916977317766695e-06,
            2.541668271700858e-09
        ]
    },
    "3": {
        "avg_baseline_value": 0.00041465091892439445,
        "baseline_std": 0.00034947272820144227,
        "baseline_values": [
            0.0002879887480794279,
            0.0003112904870688119,
            0.0009962149331341791,
            6.310950741515869e-05
        ]
    },
    "4": {
        "avg_baseline_value": 2.786197257560841e-08,
        "baseline_std": 1.7496522428666114e-08,
        "baseline_values": [
            2.3926116691834557e-08,
            2.1029804849523205e-08,
            5.67445858791466e-08,
            9.74738288192927e-09
        ]
    },
    "5": {
        "avg_baseline_value": 0.0001245478078644801,
        "baseline_std": 0.00011788372708057395,
        "baseline_values": [
            0.00016648527523476354,
            0.00029891846901756346,
            2.0122722591159307e-05,
            1.2664764614434108e-05
        ]
    },
    "6": {
        "avg_baseline_value": 2.2479226094432055e-08,
        "baseline_std": 1.8087599751317808e-08,
        "baseline_values": [
            4.7294984610434334e-08,
            7.4168974851683215e-09,
            3.2065995294693846e-08,
            3.1390269874317346e-09
        ]
    },
    "7": {
        "avg_baseline_value": 0.0006188551257505917,
        "baseline_std": 0.0006849370373223524,
        "baseline_values": [
            0.0005924961888395491,
            9.798256942323378e-05,
            0.0017453544556616867,
            3.9587289077897124e-05
        ]
    },
    "8": {
        "avg_baseline_value": 0.0012921185674647708,
        "baseline_std": 0.0011065079473238516,
        "baseline_values": [
            0.0030618633894857025,
            0.0009046412894010352,
            0.0011754289582814185,
            2.6540632690926658e-05
        ]
    },
    "9": {
        "avg_baseline_value": 0.0008521586158733476,
        "baseline_std": 0.0009402507890709854,
        "baseline_values": [
            0.0002812042442593519,
            0.0005147726499599248,
            0.002464760249278851,
            0.00014789731999526287
        ]
    },
    "10": {
        "avg_baseline_value": 2.3104531018024943e-07,
        "baseline_std": 2.381670682284925e-07,
        "baseline_values": [
            1.9974380212678192e-07,
            6.250132317815936e-07,
            9.941239585553968e-08,
            1.1810957082507691e-11
        ]
    },
    "11": {
        "avg_baseline_value": 1.1394118055565343e-06,
        "baseline_std": 1.2380572794705895e-06,
        "baseline_values": [
            1.270191951760454e-06,
            1.288529302442027e-07,
            3.113218592234731e-06,
            4.538374798674948e-08
        ]
    },
    "12": {
        "avg_baseline_value": 8.687965982160805e-08,
        "baseline_std": 1.387268649786886e-07,
        "baseline_values": [
            3.270357796562655e-07,
            1.873457134498023e-09,
            4.62455795433293e-09,
            1.3984844541335763e-08
        ]
    },
    "13": {
        "avg_baseline_value": 0.005040615314001867,
        "baseline_std": 0.004572708398899155,
        "baseline_values": [
            0.011231153281115708,
            0.0013027513479621547,
            0.007578348994043403,
            5.02076328862001e-05
        ]
    },
    "14": {
        "avg_baseline_value": 5.474992645766225e-05,
        "baseline_std": 8.374958340864854e-05,
        "baseline_values": [
            0.00019962427429162305,
            6.908390078620623e-06,
            2.7959884445602595e-07,
            1.2187442615949289e-05
        ]
    },
    "15": {
        "avg_baseline_value": 0.003230439314174228,
        "baseline_std": 0.003224645604777458,
        "baseline_values": [
            0.0076331006671798655,
            0.0002331156935673589,
            0.005001481643597037,
            5.4059252352651374e-05
        ]
    },
    "16": {
        "avg_baseline_value": 6.365359324414812e-07,
        "baseline_std": 7.057878466919083e-07,
        "baseline_values": [
            6.907933172173159e-08,
            4.194593956741375e-07,
            1.8398729665975633e-06,
            2.1773203577249212e-07
        ]
    },
    "17": {
        "avg_baseline_value": 0.0004221544208710672,
        "baseline_std": 0.0002042352992499522,
        "baseline_values": [
            0.000493190649286302,
            0.0005275359398159138,
            0.0005938832404604741,
            7.400785392157891e-05
        ]
    },
    "overall_baseline": 0.0006697157360852047
}