{
    "0": {
        "avg_baseline_value": 1.8389819939352159e-07,
        "baseline_std": 8.144108159890827e-08,
        "baseline_values": [
            1.1576732678424422e-07,
            1.989485349631326e-07,
            1.0980671601930544e-07,
            3.11070219807404e-07
        ]
    },
    "1": {
        "avg_baseline_value": 7.840629776659477e-07,
        "baseline_std": 7.854471420019699e-07,
        "baseline_values": [
            2.1402339869575215e-07,
            8.066212317415751e-07,
            5.970871613489673e-08,
            2.0558985640915668e-06
        ]
    },
    "2": {
        "avg_baseline_value": 3.8262263671167494e-05,
        "baseline_std": 3.820098633293278e-05,
        "baseline_values": [
            7.546758592435375e-07,
            9.864522552341681e-05,
            1.0658271677791365e-05,
            4.2990881624218264e-05
        ]
    },
    "3": {
        "avg_baseline_value": 9.827303836173909e-05,
        "baseline_std": 0.00010180037596016081,
        "baseline_values": [
            0.00010572404053593006,
            1.960667817041308e-05,
            6.065344831212673e-06,
            0.00026169608990940057
        ]
    },
    "4": {
        "avg_baseline_value": 3.3221955082902675e-08,
        "baseline_std": 2.2712603966219495e-08,
        "baseline_values": [
            5.6914742535196975e-09,
            6.614713096790148e-08,
            4.069573253168033e-08,
            2.035348257850921e-08
        ]
    },
    "5": {
        "avg_baseline_value": 0.0043679437352974115,
        "baseline_std": 0.004491103884798023,
        "baseline_values": [
            0.0010667722013884286,
            0.004887314549034631,
            2.982283279557056e-05,
            0.011487865357971016
        ]
    },
    "6": {
        "avg_baseline_value": 2.1299080389061346e-07,
        "baseline_std": 1.1418992067510315e-07,
        "baseline_values": [
            2.381993842308166e-08,
            2.3911546434210623e-07,
            2.598930656763276e-07,
            3.291347471209383e-07
        ]
    },
    "7": {
        "avg_baseline_value": 0.005211912178427858,
        "baseline_std": 0.005575608506937014,
        "baseline_values": [
            9.29637638136307e-06,
            0.01456499035104806,
            0.002365581304744267,
            0.0039077806815377425
        ]
    },
    "8": {
        "avg_baseline_value": 0.0022687214258719393,
        "baseline_std": 0.0018453085166050876,
        "baseline_values": [
            0.0003708844483790294,
            0.004251312366970728,
            0.0004821239253585331,
            0.003970564962779467
        ]
    },
    "9": {
        "avg_baseline_value": 0.002219745662864283,
        "baseline_std": 0.0023602832955070376,
        "baseline_values": [
            3.903393327021603e-05,
            0.005871800516016403,
            0.0002374154973455716,
            0.0027307327048249415
        ]
    },
    "10": {
        "avg_baseline_value": 2.2919732321770858e-07,
        "baseline_std": 2.1079232891309402e-07,
        "baseline_values": [
            2.658925710444365e-08,
            5.070579002419953e-07,
            2.3277240191501203e-08,
            3.5986489533289413e-07
        ]
    },
    "11": {
        "avg_baseline_value": 1.336285548721127e-06,
        "baseline_std": 1.2573366464123856e-06,
        "baseline_values": [
            1.9168774211748821e-07,
            2.2163830010703136e-06,
            1.8720929670506546e-08,
            2.9183505220261998e-06
        ]
    },
    "12": {
        "avg_baseline_value": 1.0417398272971925e-07,
        "baseline_std": 8.286311410272095e-08,
        "baseline_values": [
            6.545448251431246e-08,
            1.0503785507218003e-07,
            1.0743636165897964e-08,
            2.3545995716648652e-07
        ]
    },
    "13": {
        "avg_baseline_value": 0.0007795709983253673,
        "baseline_std": 0.0006576513101860073,
        "baseline_values": [
            2.829246169395614e-05,
            0.0017746920428131033,
            0.0009274701161755969,
            0.00038782937261881256
        ]
    },
    "14": {
        "avg_baseline_value": 0.0004506388139211389,
        "baseline_std": 0.0004179068998644983,
        "baseline_values": [
            0.0002375041071959296,
            0.00042817813601482536,
            9.463684927700342e-06,
            0.0011274093275461003
        ]
    },
    "15": {
        "avg_baseline_value": 0.002228287384582911,
        "baseline_std": 0.0023366643316926564,
        "baseline_values": [
            0.0006126001583647417,
            0.0022749842698299777,
            1.307343259240884e-05,
            0.006012491677544515
        ]
    },
    "16": {
        "avg_baseline_value": 2.396850515105976e-05,
        "baseline_std": 2.5817869354732585e-05,
        "baseline_values": [
            2.883572369993983e-06,
            6.502808345077217e-05,
            1.0140524135552972e-06,
            2.6948312369917594e-05
        ]
    },
    "17": {
        "avg_baseline_value": 0.002292349961466679,
        "baseline_std": 0.0022785730031521724,
        "baseline_values": [
            0.00017509878618414222,
            0.0035701966623324214,
            3.813792772402072e-05,
            0.00538596646962613
        ]
    },
    "overall_baseline": 0.0011101420999295698
}