{
    "0": {
        "avg_baseline_value": 4.477503308487636e-07,
        "baseline_std": 6.957889229685732e-07,
        "baseline_values": [
            2.0994936994418942e-06,
            4.388899198305772e-08,
            4.694261520710777e-08,
            5.117478716425187e-07,
            2.1014920272325676e-08,
            3.3473110043377484e-07,
            7.643311696066631e-08
        ]
    },
    "1": {
        "avg_baseline_value": 7.235203604315435e-08,
        "baseline_std": 5.814705009809813e-08,
        "baseline_values": [
            1.6990378274245838e-07,
            1.41868159720555e-07,
            1.2633596249942183e-10,
            4.930290836244534e-08,
            7.462845440352921e-08,
            5.559762441876594e-08,
            1.5036986691827186e-08
        ]
    },
    "2": {
        "avg_baseline_value": 4.236514076269526e-05,
        "baseline_std": 6.417937134523228e-05,
        "baseline_values": [
            3.263446074175041e-05,
            8.920006429234889e-06,
            0.00019806944628859927,
            2.4475744278300305e-05,
            8.982534108215214e-06,
            1.7448308290746586e-05,
            6.025485202020086e-06
        ]
    },
    "3": {
        "avg_baseline_value": 0.006298470537072598,
        "baseline_std": 0.008523004080514427,
        "baseline_values": [
            0.011403087951590314,
            0.025321275223649544,
            0.0005526151900267287,
            0.0022839237252128184,
            0.002825604132963938,
            0.0007220853908912774,
            0.0009807021451735576
        ]
    },
    "4": {
        "avg_baseline_value": 6.467781679469256e-08,
        "baseline_std": 3.374855588453386e-08,
        "baseline_values": [
            6.167227547240245e-08,
            8.407599704270815e-08,
            5.19519965180239e-08,
            3.326602347189265e-08,
            1.64083222243324e-08,
            7.798949149508741e-08,
            1.2738061133840098e-07
        ]
    },
    "5": {
        "avg_baseline_value": 0.002587964647465089,
        "baseline_std": 0.002720323628716404,
        "baseline_values": [
            0.008662290590590708,
            0.003334059470954503,
            0.0029220975421600476,
            2.1986152939792144e-05,
            0.0013257332442637585,
            0.0014374483069614797,
            0.00041213722438533104
        ]
    },
    "6": {
        "avg_baseline_value": 9.021256891080182e-08,
        "baseline_std": 9.451178868432876e-08,
        "baseline_values": [
            2.1797584541536949e-07,
            2.4066969461631663e-07,
            1.1406826402098506e-07,
            1.5007153491114245e-08,
            2.5647917475373123e-08,
            9.889983728742296e-09,
            8.22912362771189e-09
        ]
    },
    "7": {
        "avg_baseline_value": 0.0011656313602160958,
        "baseline_std": 0.0015356024424454308,
        "baseline_values": [
            0.0009566186832958948,
            0.00028204337902643713,
            0.004767720211924351,
            0.0011157857956196624,
            0.0010229455248402766,
            9.202352061323295e-07,
            1.3385691599917519e-05
        ]
    },
    "8": {
        "avg_baseline_value": 0.006801409338456426,
        "baseline_std": 0.004383891689622313,
        "baseline_values": [
            0.015317826584669897,
            0.005111005632422151,
            0.0035104623462470226,
            0.006269956993751331,
            0.003686111647835664,
            0.002480115773435704,
            0.011234386390833212
        ]
    },
    "9": {
        "avg_baseline_value": 0.008119546144822376,
        "baseline_std": 0.009844065146065548,
        "baseline_values": [
            0.018665841013332945,
            0.005553730498856378,
            0.027399839636437162,
            0.0019411124329197888,
            0.0010497237731996259,
            1.729231444000656e-06,
            0.0022248464275667294
        ]
    },
    "10": {
        "avg_baseline_value": 1.4319846742092935e-07,
        "baseline_std": 1.5360147255728142e-07,
        "baseline_values": [
            1.1044730957559107e-08,
            2.6717202203021515e-07,
            4.6057082987489513e-07,
            3.797887041496771e-08,
            1.3890765510477502e-07,
            2.6495815944630626e-08,
            6.021934761946266e-08
        ]
    },
    "11": {
        "avg_baseline_value": 2.2489692993675976e-06,
        "baseline_std": 2.0619031874348785e-06,
        "baseline_values": [
            5.6593294579532955e-06,
            4.843672047076298e-07,
            1.8234165883761953e-06,
            3.464417180625352e-06,
            1.1829252908871692e-07,
            4.190644245588514e-06,
            2.317889233477991e-09
        ]
    },
    "12": {
        "avg_baseline_value": 7.219057335268461e-07,
        "baseline_std": 6.138847603422957e-07,
        "baseline_values": [
            1.7803499111603046e-06,
            7.187354436521007e-07,
            1.4734608427991277e-06,
            1.799040349830113e-07,
            5.883428969007004e-07,
            1.8223278609401839e-07,
            1.3031421909865942e-07
        ]
    },
    "13": {
        "avg_baseline_value": 0.019592560828728955,
        "baseline_std": 0.02446528012721574,
        "baseline_values": [
            0.07696816433984306,
            0.024566719609587045,
            0.005130018735461637,
            0.011897127862994954,
            0.006075955487362249,
            0.012011761147217402,
            0.0004981786186363306
        ]
    },
    "14": {
        "avg_baseline_value": 0.0008568662276062574,
        "baseline_std": 0.0010991676908399851,
        "baseline_values": [
            0.0033512113187688106,
            6.739351067571378e-06,
            0.00017014569990532043,
            0.0006060109014710826,
            0.0012918869506669823,
            2.406107797919616e-05,
            0.0005480082933848378
        ]
    },
    "15": {
        "avg_baseline_value": 0.005048932480849227,
        "baseline_std": 0.00897659750868933,
        "baseline_values": [
            0.0007642168626578413,
            0.003063290155665451,
            0.026744342384709678,
            1.6183330987566825e-06,
            0.0006513200669287894,
            1.3457766679460891e-05,
            0.004104281796204612
        ]
    },
    "16": {
        "avg_baseline_value": 1.4631507775130216e-05,
        "baseline_std": 1.8947206073149525e-05,
        "baseline_values": [
            2.444694356315535e-06,
            2.0661713343125306e-05,
            5.773771617857175e-05,
            3.4498513971086027e-06,
            2.5644222731148083e-06,
            5.199295497716624e-07,
            1.5042227327903854e-05
        ]
    },
    "17": {
        "avg_baseline_value": 0.01935975375558854,
        "baseline_std": 0.032190645451191366,
        "baseline_values": [
            0.09654313136088707,
            0.005180442871567878,
            0.01926384940726833,
            0.01254348887082195,
            0.000405568803064701,
            0.0007784835115494436,
            0.0008033114639603972
        ]
    },
    "overall_baseline": 0.003882884501977572
}