{
    "0": {
        "avg_baseline_value": 4.1262546931608285e-08,
        "baseline_std": 2.383625948527279e-08,
        "baseline_values": [
            1.5244027242077513e-08,
            6.020608848576343e-08,
            7.207293048354335e-08,
            4.633666714821197e-08,
            1.2453021298445135e-08
        ]
    },
    "1": {
        "avg_baseline_value": 2.5096710163263963e-08,
        "baseline_std": 1.5216073757504843e-08,
        "baseline_values": [
            1.715680239986656e-08,
            1.5837490129380349e-09,
            3.962030864273061e-08,
            4.3244010667137426e-08,
            2.387868009364719e-08
        ]
    },
    "2": {
        "avg_baseline_value": 3.39393021854633e-06,
        "baseline_std": 3.2397867517746063e-06,
        "baseline_values": [
            1.725411419082923e-08,
            1.6116122161162466e-06,
            6.255378425725143e-06,
            8.633521667060374e-07,
            8.222054169993395e-06
        ]
    },
    "3": {
        "avg_baseline_value": 0.00024908777307965053,
        "baseline_std": 0.0003887879812989152,
        "baseline_values": [
            1.9229337269021398e-05,
            7.236266082681347e-05,
            0.00012492655539764698,
            6.792550604675315e-06,
            0.0010221277613000955
        ]
    },
    "4": {
        "avg_baseline_value": 1.9172283191886145e-08,
        "baseline_std": 1.1806749307100388e-08,
        "baseline_values": [
            1.379896419662768e-08,
            1.415886652233865e-08,
            9.666171551169694e-09,
            1.5800281697692177e-08,
            4.2437131991602516e-08
        ]
    },
    "5": {
        "avg_baseline_value": 0.00013243718307346977,
        "baseline_std": 0.000181852247759509,
        "baseline_values": [
            2.7648524851823737e-06,
            9.783095625125182e-05,
            5.2382490408453636e-06,
            0.0004887460631835971,
            6.760579440647227e-05
        ]
    },
    "6": {
        "avg_baseline_value": 7.149375235970249e-08,
        "baseline_std": 1.1349370580698711e-07,
        "baseline_values": [
            2.0255054379948668e-08,
            2.8116001567798827e-08,
            4.300243894118169e-09,
            6.984023771458969e-09,
            2.978134381851878e-07
        ]
    },
    "7": {
        "avg_baseline_value": 0.0003372805895650817,
        "baseline_std": 0.0002803780144932809,
        "baseline_values": [
            0.0008394757762803323,
            0.0003484321917594626,
            3.4841626954276513e-05,
            0.0003480686859525757,
            0.00011558466687876121
        ]
    },
    "8": {
        "avg_baseline_value": 0.0007728208709569678,
        "baseline_std": 0.0005916197443962987,
        "baseline_values": [
            0.00047355751780919097,
            0.00020218535493848902,
            0.0013941188345657184,
            0.0015746070425565657,
            0.0002196356049148743
        ]
    },
    "9": {
        "avg_baseline_value": 0.0013274432248435632,
        "baseline_std": 0.0017057830918029739,
        "baseline_values": [
            0.0005778936510959815,
            0.0004972129533710974,
            0.0005847207003817268,
            0.000247185148349836,
            0.004730203671019175
        ]
    },
    "10": {
        "avg_baseline_value": 6.865162122591492e-08,
        "baseline_std": 3.8982024971208e-08,
        "baseline_values": [
            4.5661706999262835e-08,
            1.6343044037149608e-08,
            7.062463763768175e-08,
            1.3395927550717065e-07,
            7.66694419483098e-08
        ]
    },
    "11": {
        "avg_baseline_value": 1.0232051625293112e-06,
        "baseline_std": 6.702776702536568e-07,
        "baseline_values": [
            8.111579346797667e-07,
            9.382523867014302e-07,
            1.0995850674742385e-06,
            2.1737097300944513e-06,
            9.332069369666954e-08
        ]
    },
    "12": {
        "avg_baseline_value": 1.4643453585583146e-07,
        "baseline_std": 1.9478571802900102e-07,
        "baseline_values": [
            8.540167824837375e-09,
            4.5218696286606355e-08,
            9.15661111015263e-10,
            5.194454638574825e-07,
            1.580526901992157e-07
        ]
    },
    "13": {
        "avg_baseline_value": 0.0032497769515925055,
        "baseline_std": 0.004231045400908591,
        "baseline_values": [
            0.003924098806349189,
            1.921588172291706e-05,
            0.0010284548661136993,
            0.011218462320380316,
            5.86528833964076e-05
        ]
    },
    "14": {
        "avg_baseline_value": 1.45442951916053e-05,
        "baseline_std": 1.9858112838989704e-05,
        "baseline_values": [
            1.3784948908000568e-05,
            4.0669655603129895e-06,
            5.310121996230856e-05,
            7.318979249001213e-09,
            1.761022548155388e-06
        ]
    },
    "15": {
        "avg_baseline_value": 0.0015734596950476632,
        "baseline_std": 0.0019869995125940615,
        "baseline_values": [
            0.0026357725087518082,
            0.00014866343941218358,
            6.718488575144268e-05,
            0.005014558781998007,
            1.1188593248749285e-06
        ]
    },
    "16": {
        "avg_baseline_value": 2.8952944151041227e-07,
        "baseline_std": 2.634292131882938e-07,
        "baseline_values": [
            6.261736096231255e-07,
            4.907699695422136e-08,
            5.88632890797778e-07,
            1.5605376317615703e-07,
            2.7709947000779483e-08
        ]
    },
    "17": {
        "avg_baseline_value": 0.0007567676305719091,
        "baseline_std": 0.0007176563453694802,
        "baseline_values": [
            0.00014078088010681129,
            0.0003662157840813944,
            0.001988996081551899,
            0.00014425890749762132,
            0.0011435864996218196
        ]
    },
    "overall_baseline": 0.00046770538834415177
}