{
    "0": {
        "avg_baseline_value": 1.259604891164875e-07,
        "baseline_std": 8.914972318765196e-08,
        "baseline_values": [
            1.929035248757349e-07,
            2.547928108133201e-07,
            1.0537675232946786e-07,
            3.5490125517132166e-10,
            7.637445630874333e-08
        ]
    },
    "1": {
        "avg_baseline_value": 1.8914442028655116e-05,
        "baseline_std": 3.11560825056544e-05,
        "baseline_values": [
            1.4301208437887116e-05,
            3.680719670085699e-10,
            2.06071067705601e-08,
            1.435629141716184e-08,
            8.023567023523373e-05
        ]
    },
    "2": {
        "avg_baseline_value": 0.00011132345313210607,
        "baseline_std": 0.00010938252409620998,
        "baseline_values": [
            0.00012140240617843508,
            0.0002963390960235382,
            3.3978687853980817e-09,
            1.9360939233876727e-07,
            0.0001386787561974329
        ]
    },
    "3": {
        "avg_baseline_value": 0.005733569149364311,
        "baseline_std": 0.007291730494902722,
        "baseline_values": [
            0.007156296317841601,
            0.0021227803814678464,
            1.7423679054533804e-05,
            1.943876943908353e-05,
            0.019351906599018486
        ]
    },
    "4": {
        "avg_baseline_value": 6.64494059418116e-08,
        "baseline_std": 7.900598622347131e-08,
        "baseline_values": [
            1.7703011428251583e-07,
            6.058403057301182e-09,
            2.803226664358848e-10,
            8.573540119110317e-10,
            1.48020835690894e-07
        ]
    },
    "5": {
        "avg_baseline_value": 0.0022338063192684355,
        "baseline_std": 0.0020218326048080386,
        "baseline_values": [
            0.0020946385624119293,
            0.003857920302342598,
            0.005109864939370309,
            3.06467373581904e-05,
            7.596105485915167e-05
        ]
    },
    "6": {
        "avg_baseline_value": 2.347787996700928e-06,
        "baseline_std": 3.290132776661552e-06,
        "baseline_values": [
            3.0666683074451536e-06,
            3.822510599746967e-09,
            1.6673460820548246e-07,
            1.5299158546185542e-09,
            8.500184641399638e-06
        ]
    },
    "7": {
        "avg_baseline_value": 0.006422716960064298,
        "baseline_std": 0.006608020769310125,
        "baseline_values": [
            0.014764288185671449,
            0.0012786740042770833,
            0.001861654821563122,
            1.3863193136256766e-05,
            0.014195104595673576
        ]
    },
    "8": {
        "avg_baseline_value": 0.017902413014142297,
        "baseline_std": 0.02166240006461349,
        "baseline_values": [
            0.056097524223079245,
            0.00234605912652955,
            0.0028592448719292982,
            0.0001352265084487582,
            0.028074010340724636
        ]
    },
    "9": {
        "avg_baseline_value": 0.013536832863953824,
        "baseline_std": 0.01160478383843955,
        "baseline_values": [
            0.021828891540760734,
            0.015017076974088679,
            0.0010645475276397163,
            5.414333195104758e-07,
            0.029773106843960485
        ]
    },
    "10": {
        "avg_baseline_value": 5.188622680190352e-07,
        "baseline_std": 6.04822730826959e-07,
        "baseline_values": [
            5.906113197155871e-07,
            2.003415995766777e-08,
            3.3217487236033394e-07,
            3.593300607682343e-09,
            1.647897687453905e-06
        ]
    },
    "11": {
        "avg_baseline_value": 4.653294772730476e-06,
        "baseline_std": 4.2429737154571915e-06,
        "baseline_values": [
            7.18908012868404e-06,
            1.1430148340583639e-07,
            1.1106004130534795e-05,
            3.6372162531999386e-08,
            4.8207159584957116e-06
        ]
    },
    "12": {
        "avg_baseline_value": 4.7211174353676947e-07,
        "baseline_std": 7.670984633380579e-07,
        "baseline_values": [
            1.9914142072268406e-06,
            7.151261331751086e-08,
            2.928858602511615e-07,
            4.582772746120287e-09,
            1.6326414221443963e-10
        ]
    },
    "13": {
        "avg_baseline_value": 0.007590297762641288,
        "baseline_std": 0.005370508326086745,
        "baseline_values": [
            0.0027746455326490074,
            0.010321741908203454,
            0.014840851224293185,
            0.0001263250830639034,
            0.009887925064996887
        ]
    },
    "14": {
        "avg_baseline_value": 0.0023665555971634283,
        "baseline_std": 0.00267287713787791,
        "baseline_values": [
            0.005955286945272155,
            0.00033738646699159113,
            0.005299742490575259,
            5.968042843643724e-08,
            0.00024030240254969837
        ]
    },
    "15": {
        "avg_baseline_value": 0.007069803941708091,
        "baseline_std": 0.005485188551701212,
        "baseline_values": [
            0.011462687573484549,
            0.003317667126253964,
            0.015112038338125156,
            1.8526028459121095e-05,
            0.005438100642217671
        ]
    },
    "16": {
        "avg_baseline_value": 0.00018409299271703494,
        "baseline_std": 0.0002616220611789385,
        "baseline_values": [
            0.00018228495178766879,
            4.534587369810075e-05,
            1.955835525279503e-06,
            6.657672874990859e-07,
            0.0006902125352866266
        ]
    },
    "17": {
        "avg_baseline_value": 0.03446135485902582,
        "baseline_std": 0.05020288886530589,
        "baseline_values": [
            0.014395396275665516,
            0.005804243492254931,
            0.018023168554263894,
            1.7476651077997437e-05,
            0.13406648932186677
        ]
    },
    "overall_baseline": 0.005424436990104756
}