{"avg_divergence": 0.1179705882352942, "std_divergence": 0.0831475051615662}