{"avg_divergence": 0.10441503267973863, "std_divergence": 0.07771215712341431}