{
    "0": {
        "avg_baseline_value": 3.8880658764558413e-05,
        "baseline_std": 5.799942671185554e-05,
        "baseline_values": [
            2.394738294378549e-06,
            2.7536520412107646e-05,
            1.0874407402373623e-05,
            3.1406851379971145e-07,
            0.00015328355920013253
        ]
    },
    "1": {
        "avg_baseline_value": 1.0877618248594383e-05,
        "baseline_std": 9.426101225080565e-06,
        "baseline_values": [
            2.1534174779346722e-06,
            3.87568643715165e-07,
            2.0175914447702323e-05,
            2.3661281118478975e-05,
            8.009909555140775e-06
        ]
    },
    "2": {
        "avg_baseline_value": 0.0009973788830098499,
        "baseline_std": 0.0008753481991055622,
        "baseline_values": [
            0.0012022427776954944,
            0.00027171743720516057,
            0.0009168048368482878,
            5.804401182426764e-05,
            0.0025380853514760378
        ]
    },
    "3": {
        "avg_baseline_value": 0.001587244957585287,
        "baseline_std": 0.0022049673661036916,
        "baseline_values": [
            0.0006024094326741006,
            0.0007623660480948353,
            7.71524950760076e-05,
            0.0005205992097354584,
            0.005973697602346033
        ]
    },
    "4": {
        "avg_baseline_value": 0.0013737287490908526,
        "baseline_std": 0.001973163082854323,
        "baseline_values": [
            0.00047294070056553585,
            0.0002589352017549776,
            0.0008116026360543024,
            3.8234616616578984e-05,
            0.005286930590462867
        ]
    },
    "5": {
        "avg_baseline_value": 2.3034801764936523e-05,
        "baseline_std": 2.23414106092476e-05,
        "baseline_values": [
            6.428842218385728e-05,
            2.31558458455755e-05,
            5.362918986111584e-06,
            1.1681495720270912e-06,
            2.1198672237111154e-05
        ]
    },
    "6": {
        "avg_baseline_value": 0.00026025406066243695,
        "baseline_std": 0.00026693010431360427,
        "baseline_values": [
            1.478239004917276e-07,
            3.899441949334475e-06,
            0.0004909145905915585,
            0.00014934300924452243,
            0.0006569654376262777
        ]
    },
    "7": {
        "avg_baseline_value": 0.00037099385726598695,
        "baseline_std": 0.0004880869994583973,
        "baseline_values": [
            0.0001983040191121059,
            0.00013902517019221796,
            5.021496133194154e-05,
            0.0001248264877260802,
            0.001342598647967589
        ]
    },
    "8": {
        "avg_baseline_value": 0.0007191503591765264,
        "baseline_std": 0.0008042253385581314,
        "baseline_values": [
            0.002277385991507961,
            0.00021134179583311925,
            6.046024941919456e-05,
            0.00038667556616995587,
            0.0006598881929524012
        ]
    },
    "9": {
        "avg_baseline_value": 0.005784674346206295,
        "baseline_std": 0.009298103316039521,
        "baseline_values": [
            0.0015032770836695452,
            0.0005282417528270629,
            0.0003536719192407616,
            0.0022059891382942036,
            0.0243321918369999
        ]
    },
    "10": {
        "avg_baseline_value": 0.0012537996625163865,
        "baseline_std": 0.0019196277921765177,
        "baseline_values": [
            2.262112296914286e-06,
            0.0007455558311250549,
            0.00015599086799396132,
            0.0003043494610860984,
            0.005060840040079903
        ]
    },
    "11": {
        "avg_baseline_value": 0.0009872496041933756,
        "baseline_std": 0.001340239821648105,
        "baseline_values": [
            9.110945019755275e-05,
            3.912311025917159e-05,
            0.0003339370446561988,
            0.000869760571572404,
            0.003602317844281551
        ]
    },
    "12": {
        "avg_baseline_value": 0.001942288805458976,
        "baseline_std": 0.0021706664457404124,
        "baseline_values": [
            0.00024493590810226255,
            4.36150299123101e-05,
            0.0032864162961609767,
            0.0005452648082573384,
            0.005591211984861992
        ]
    },
    "13": {
        "avg_baseline_value": 0.0014119408561181746,
        "baseline_std": 0.0017810007455973556,
        "baseline_values": [
            0.00016240729313315254,
            7.449552192876679e-05,
            0.0005136436754141354,
            0.0014769001955228659,
            0.0048322575945919525
        ]
    },
    "14": {
        "avg_baseline_value": 2.5719008555453105e-05,
        "baseline_std": 3.366919023158485e-05,
        "baseline_values": [
            1.0161084271646597e-06,
            1.4824932622735557e-05,
            5.03978328317398e-06,
            1.559471310682769e-05,
            9.211950533736363e-05
        ]
    },
    "15": {
        "avg_baseline_value": 3.696983788246682e-05,
        "baseline_std": 3.056036333329141e-05,
        "baseline_values": [
            2.263632734627554e-06,
            4.592601563789395e-05,
            1.0943398768072452e-05,
            3.671262732033415e-05,
            8.900351495140601e-05
        ]
    },
    "16": {
        "avg_baseline_value": 0.0001867926748018217,
        "baseline_std": 0.00028502534944754236,
        "baseline_values": [
            7.54327687297661e-05,
            5.606894291191536e-05,
            3.35832960882599e-05,
            1.355771411150349e-05,
            0.0007553206521676637
        ]
    },
    "17": {
        "avg_baseline_value": 0.0001839253395126454,
        "baseline_std": 0.0002222592726612492,
        "baseline_values": [
            0.00012816528092827572,
            5.290610803181189e-05,
            2.034870313589863e-05,
            9.586506016280017e-05,
            0.0006223415453044407
        ]
    },
    "overall_baseline": 0.0009552724489341453
}