{
    "0": {
        "avg_baseline_value": 0.00016855680386202958,
        "baseline_std": 0.00013911454555933346,
        "baseline_values": [
            0.00036899705630122267,
            6.605138224977402e-05,
            0.0002243084300369351,
            1.4870346860186554e-05
        ]
    },
    "1": {
        "avg_baseline_value": 7.914219869303469e-05,
        "baseline_std": 7.087132485959527e-05,
        "baseline_values": [
            0.0001314725727546495,
            1.831949266494078e-05,
            0.00016590214922253732,
            8.745801300111745e-07
        ]
    },
    "2": {
        "avg_baseline_value": 0.0006482964385007833,
        "baseline_std": 0.0006151239280713364,
        "baseline_values": [
            0.001321910006022843,
            6.631987321467852e-05,
            0.0012011678222824253,
            3.788052483186934e-06
        ]
    },
    "3": {
        "avg_baseline_value": 0.0033070450244299145,
        "baseline_std": 0.004209586210028887,
        "baseline_values": [
            0.010588699634364566,
            0.0008275552441868999,
            0.0012073819886771677,
            0.0006045432304910231
        ]
    },
    "4": {
        "avg_baseline_value": 0.0028840947098465576,
        "baseline_std": 0.0030160089944791585,
        "baseline_values": [
            0.0002661106929546241,
            0.0037473497599219726,
            0.0074524383689913805,
            7.048001751825368e-05
        ]
    },
    "5": {
        "avg_baseline_value": 5.588741384475067e-05,
        "baseline_std": 5.04392900305232e-05,
        "baseline_values": [
            8.67720006994352e-05,
            1.3123233982151589e-05,
            0.00012233874960202237,
            1.3156710953935275e-06
        ]
    },
    "6": {
        "avg_baseline_value": 0.0004886771876560716,
        "baseline_std": 0.00048168113515262176,
        "baseline_values": [
            0.0009998987918918706,
            8.947680701116317e-06,
            0.0009398803114484916,
            5.981966582808174e-06
        ]
    },
    "7": {
        "avg_baseline_value": 0.0005600733638342908,
        "baseline_std": 0.0008079770116926502,
        "baseline_values": [
            0.0019488628336826962,
            0.00025962842003267214,
            2.124648149725306e-05,
            1.0555720124541703e-05
        ]
    },
    "8": {
        "avg_baseline_value": 0.00031709704527972687,
        "baseline_std": 0.00015549186882621782,
        "baseline_values": [
            0.0004042631573029091,
            0.0003002716027876692,
            0.0004897198210700056,
            7.413359995832349e-05
        ]
    },
    "9": {
        "avg_baseline_value": 0.0030174542321320633,
        "baseline_std": 0.003399433055912066,
        "baseline_values": [
            0.002847448101488099,
            0.0005838988161287017,
            0.008613662790138131,
            2.4807220773321298e-05
        ]
    },
    "10": {
        "avg_baseline_value": 0.0003615243388256633,
        "baseline_std": 0.0003882625304569282,
        "baseline_values": [
            0.00046515324902868325,
            1.901055879623002e-05,
            0.0009534091189892511,
            8.524428488488818e-06
        ]
    },
    "11": {
        "avg_baseline_value": 0.0004343980292056284,
        "baseline_std": 0.0006477281921654773,
        "baseline_values": [
            0.0015555303892104454,
            9.745902157020056e-05,
            5.3746291582185185e-05,
            3.085641445968247e-05
        ]
    },
    "12": {
        "avg_baseline_value": 0.0008951786489832183,
        "baseline_std": 0.0005710607546120796,
        "baseline_values": [
            0.0013067337736993314,
            0.0007057099809677828,
            0.0015171103001028043,
            5.116054116295474e-05
        ]
    },
    "13": {
        "avg_baseline_value": 0.0008020300450601002,
        "baseline_std": 0.0007168040801117823,
        "baseline_values": [
            0.0019174490667708429,
            0.0009002172899684856,
            0.0003755210364664216,
            1.4932787034650647e-05
        ]
    },
    "14": {
        "avg_baseline_value": 1.1720017575721392e-05,
        "baseline_std": 1.3012503890406256e-05,
        "baseline_values": [
            6.336060582965579e-06,
            4.866200222890297e-06,
            3.406323315247022e-05,
            1.6145763445594664e-06
        ]
    },
    "15": {
        "avg_baseline_value": 0.00011403664826318807,
        "baseline_std": 0.0001100262972887495,
        "baseline_values": [
            0.00025997345941578974,
            1.514795741672658e-05,
            0.0001806232299383767,
            4.019462818592485e-07
        ]
    },
    "16": {
        "avg_baseline_value": 0.0006384106721180396,
        "baseline_std": 0.0007085010687371121,
        "baseline_values": [
            0.000777860593624244,
            3.128577236752669e-05,
            0.001741295970760319,
            3.200351720068309e-06
        ]
    },
    "17": {
        "avg_baseline_value": 0.00040418149641055246,
        "baseline_std": 0.0004125248610186113,
        "baseline_values": [
            0.0006316652742435308,
            1.729482473762038e-05,
            0.0009668799602240601,
            8.859264369984531e-07
        ]
    },
    "overall_baseline": 0.0008437669063622963
}