{
    "0": {
        "avg_baseline_value": 5.797205834620025e-06,
        "baseline_std": 5.087425276182103e-06,
        "baseline_values": [
            1.26145088816037e-05,
            1.9805059892185441e-07,
            8.720799584589475e-06,
            1.6554642733650712e-06
        ]
    },
    "1": {
        "avg_baseline_value": 0.0001645081983297017,
        "baseline_std": 0.00016384489413509554,
        "baseline_values": [
            0.00011838982736260385,
            0.00010165306758727068,
            6.313605326062458e-07,
            0.00043735853783632604
        ]
    },
    "2": {
        "avg_baseline_value": 0.0006978795597885173,
        "baseline_std": 0.0004916556665811169,
        "baseline_values": [
            0.0009708257329735404,
            0.00033984927666985936,
            0.00012373845949758197,
            0.0013571047700130876
        ]
    },
    "3": {
        "avg_baseline_value": 0.0016257498087302491,
        "baseline_std": 0.0007108461461627964,
        "baseline_values": [
            0.0009913474790013853,
            0.0027200742068149825,
            0.0017929238997733809,
            0.000998653649331248
        ]
    },
    "4": {
        "avg_baseline_value": 0.0015855049288851794,
        "baseline_std": 0.00046041941720441305,
        "baseline_values": [
            0.0019114697684496401,
            0.0008645007424471069,
            0.001514867929206501,
            0.0020511812754374693
        ]
    },
    "5": {
        "avg_baseline_value": 4.3136403606900154e-05,
        "baseline_std": 2.6041464485600522e-05,
        "baseline_values": [
            8.151057455199899e-05,
            2.688515314058318e-05,
            1.2953756852006517e-05,
            5.1196129883011934e-05
        ]
    },
    "6": {
        "avg_baseline_value": 0.0009087025768917303,
        "baseline_std": 0.0010114103808395345,
        "baseline_values": [
            0.0005526692571582933,
            0.00026038906181357046,
            0.00017791666548971243,
            0.002643835323105345
        ]
    },
    "7": {
        "avg_baseline_value": 0.0003923316304858279,
        "baseline_std": 0.00047082528329271716,
        "baseline_values": [
            6.866559781119991e-05,
            0.0011945579025430398,
            0.00026229698188044904,
            4.380603970862263e-05
        ]
    },
    "8": {
        "avg_baseline_value": 0.0003928691439463294,
        "baseline_std": 0.00030282606443312357,
        "baseline_values": [
            0.0005221944374138536,
            0.00014968415249072854,
            7.265942050893533e-05,
            0.0008269385653718001
        ]
    },
    "9": {
        "avg_baseline_value": 0.0002266481121905562,
        "baseline_std": 0.00010180718658303969,
        "baseline_values": [
            0.00019969474079091604,
            0.00010134268693696228,
            0.00022080340316345137,
            0.0003847516178708951
        ]
    },
    "10": {
        "avg_baseline_value": 0.00020102642666870702,
        "baseline_std": 0.0001981097495582691,
        "baseline_values": [
            8.319647795290223e-05,
            0.0005227117382210783,
            0.0001961710134804157,
            2.0264770204318306e-06
        ]
    },
    "11": {
        "avg_baseline_value": 0.00013692081037413087,
        "baseline_std": 0.00013705431610161592,
        "baseline_values": [
            4.254369666461122e-06,
            0.0003248352723597306,
            0.00021102472315687017,
            7.568876313461551e-06
        ]
    },
    "12": {
        "avg_baseline_value": 0.0006719395411984479,
        "baseline_std": 0.0005135600476819187,
        "baseline_values": [
            0.0004855861568253405,
            3.406551022960547e-05,
            0.0014539785189901812,
            0.0007141279787486641
        ]
    },
    "13": {
        "avg_baseline_value": 0.0006135975630180336,
        "baseline_std": 0.0004020376306779095,
        "baseline_values": [
            0.0002774912583568498,
            0.0012477932060766651,
            0.00025606208181100246,
            0.000673043705827617
        ]
    },
    "14": {
        "avg_baseline_value": 1.1835240936159727e-05,
        "baseline_std": 1.7262400682580117e-06,
        "baseline_values": [
            1.4214509111631157e-05,
            1.1145532302718707e-05,
            9.514707405171254e-06,
            1.2466214925117787e-05
        ]
    },
    "15": {
        "avg_baseline_value": 2.097158673489242e-05,
        "baseline_std": 1.6966652143296064e-05,
        "baseline_values": [
            2.941291714343041e-05,
            6.138783635618964e-06,
            3.67615948006021e-06,
            4.465848668046011e-05
        ]
    },
    "16": {
        "avg_baseline_value": 0.0009729711936669857,
        "baseline_std": 0.0007529972748922972,
        "baseline_values": [
            0.0007020243846841242,
            0.0008770060807685939,
            0.00012732902309147502,
            0.0021855252861237495
        ]
    },
    "17": {
        "avg_baseline_value": 0.00011860931271987868,
        "baseline_std": 7.330556568975309e-05,
        "baseline_values": [
            0.00011711480886794955,
            8.54728939723183e-05,
            3.6438801000418865e-05,
            0.000235410747038828
        ]
    },
    "overall_baseline": 0.0004883888468892694
}