{
    "0": {
        "avg_baseline_value": 0.00015277089574462974,
        "baseline_std": 0.00031786525810291975,
        "baseline_values": [
            6.437616766165635e-05,
            6.524561520361367e-05,
            0.000928548047621839,
            1.623906408530704e-06,
            3.318654636820041e-06,
            1.6040587394190399e-06,
            4.679819940529434e-06
        ]
    },
    "1": {
        "avg_baseline_value": 8.150563323497403e-05,
        "baseline_std": 9.102071444741569e-05,
        "baseline_values": [
            0.0002613370193200392,
            5.3355780643643254e-05,
            4.6594309231480796e-05,
            1.3107048550039106e-05,
            0.0001753913912466262,
            1.4337220634201291e-05,
            6.4166630187883406e-06
        ]
    },
    "2": {
        "avg_baseline_value": 0.0036164629327907647,
        "baseline_std": 0.004649164754171791,
        "baseline_values": [
            0.004107957263049311,
            0.002416007038659685,
            0.014586772391611096,
            6.606457136654245e-05,
            0.0005195315709386393,
            0.001287005921364926,
            0.0023319017725451506
        ]
    },
    "3": {
        "avg_baseline_value": 0.002459133556529522,
        "baseline_std": 0.0010265186095276366,
        "baseline_values": [
            0.0014452330372099267,
            0.003966748441239747,
            0.0018413168063700657,
            0.003091654023404197,
            0.0009625185868697814,
            0.003484919736097562,
            0.002421544264515375
        ]
    },
    "4": {
        "avg_baseline_value": 0.005792427665908699,
        "baseline_std": 0.005266355192170873,
        "baseline_values": [
            0.001634907698459199,
            0.0063538438962619116,
            0.0004801506439925396,
            0.004911592974127235,
            0.016631381104415692,
            0.009108865424442536,
            0.0014262519196617828
        ]
    },
    "5": {
        "avg_baseline_value": 0.0002004038064074931,
        "baseline_std": 0.00022015946998749675,
        "baseline_values": [
            0.0005414296348619478,
            0.0003183436004633954,
            0.00047272528350284914,
            3.379448879757466e-06,
            4.473852810565764e-05,
            2.1245387063118228e-05,
            9.647619757260507e-07
        ]
    },
    "6": {
        "avg_baseline_value": 0.0001868792842480671,
        "baseline_std": 0.00020549380585472348,
        "baseline_values": [
            1.321887375827175e-05,
            0.0003998870918160243,
            0.0005445076730971667,
            0.00028606027812553853,
            9.733411121737202e-06,
            3.303473822639616e-05,
            2.1712923591334886e-05
        ]
    },
    "7": {
        "avg_baseline_value": 0.0003544734257451956,
        "baseline_std": 0.0002771537975365395,
        "baseline_values": [
            0.00023998213564699867,
            7.335695377558667e-05,
            0.0007178889676542356,
            0.00030910620388580165,
            0.0008290514317504323,
            9.513786932144477e-05,
            0.00021679041818186957
        ]
    },
    "8": {
        "avg_baseline_value": 0.0008274939846513661,
        "baseline_std": 0.0008804682444955162,
        "baseline_values": [
            0.00014708050945602322,
            0.000760744161988649,
            0.0002956139177601473,
            0.0008438251866782181,
            0.0028827179882204798,
            0.00016855389702471037,
            0.0006939222314313348
        ]
    },
    "9": {
        "avg_baseline_value": 0.004660999102578286,
        "baseline_std": 0.005705252040416439,
        "baseline_values": [
            0.00682136877051016,
            0.0007166195603961357,
            0.017812892714394804,
            0.002457903971630966,
            0.002239422845705042,
            0.00206352377599562,
            0.0005152620794152717
        ]
    },
    "10": {
        "avg_baseline_value": 0.007624169067960562,
        "baseline_std": 0.007994049214441017,
        "baseline_values": [
            0.0014033378555320761,
            0.018185314880777417,
            0.01973521163653838,
            0.011124214145419302,
            0.002885645802596753,
            1.0510765727916835e-05,
            2.4948389132083072e-05
        ]
    },
    "11": {
        "avg_baseline_value": 0.004115527123381058,
        "baseline_std": 0.00948730196636853,
        "baseline_values": [
            5.601687638622691e-05,
            0.0004226677085314836,
            0.027348970499280936,
            9.106879598354683e-05,
            0.0006541047162317867,
            3.6384010430711575e-05,
            0.00019947725682271136
        ]
    },
    "12": {
        "avg_baseline_value": 0.0016182205815659164,
        "baseline_std": 0.0018818249287593225,
        "baseline_values": [
            0.0019684105919278356,
            0.005948553652262611,
            0.0015948974400537951,
            0.0010180742164065258,
            0.0004635584824323029,
            0.00023235309755785367,
            0.0001016965903204909
        ]
    },
    "13": {
        "avg_baseline_value": 0.0006889366639110063,
        "baseline_std": 0.000891192970328424,
        "baseline_values": [
            0.00023800151971570252,
            7.979391358247556e-06,
            0.002774371729382544,
            0.00039025326783712104,
            0.00015174202481543382,
            0.0009118642876810203,
            0.0003483444265869745
        ]
    },
    "14": {
        "avg_baseline_value": 2.3812439888977432e-05,
        "baseline_std": 3.2034143311590316e-05,
        "baseline_values": [
            2.532516652980368e-05,
            1.0176283166768393e-05,
            1.0179986041310032e-06,
            1.377511742772148e-06,
            9.698221467751653e-05,
            3.16083210928803e-05,
            1.995834089699592e-07
        ]
    },
    "15": {
        "avg_baseline_value": 9.25789965097001e-05,
        "baseline_std": 0.00011931449392812474,
        "baseline_values": [
            9.887458176804342e-05,
            9.510660612016759e-06,
            0.0003693582539781965,
            6.010615084864228e-05,
            1.1852533032495991e-05,
            9.799090055814763e-05,
            3.598947703580833e-07
        ]
    },
    "16": {
        "avg_baseline_value": 0.002968583734223759,
        "baseline_std": 0.0031948426204997174,
        "baseline_values": [
            0.001387052405754884,
            0.0007374783804857718,
            0.00975885094634286,
            0.0008568456594744864,
            0.0020101995727294093,
            0.0005168184706482836,
            0.005512840704130621
        ]
    },
    "17": {
        "avg_baseline_value": 0.0012735891536411038,
        "baseline_std": 0.0013365779079221353,
        "baseline_values": [
            0.0002920996256573666,
            0.001105340465819837,
            0.004303938238316164,
            0.0018047139398362352,
            0.0005000508819178111,
            0.0006870182112891293,
            0.00022196271265118335
        ]
    },
    "overall_baseline": 0.00204099822494006
}