{
    "0": {
        "avg_baseline_value": 4.375620625426596e-05,
        "baseline_std": 4.5899291092763564e-05,
        "baseline_values": [
            1.008544055606769e-06,
            0.00012721283775879666,
            5.134249972843231e-05,
            3.56955975282593e-05,
            3.5215522002347646e-06
        ]
    },
    "1": {
        "avg_baseline_value": 5.097602087734156e-05,
        "baseline_std": 4.451066970118531e-05,
        "baseline_values": [
            6.703870973590422e-05,
            2.282453821695154e-05,
            3.177536198789661e-05,
            0.00012985563636752487,
            3.385858078430526e-06
        ]
    },
    "2": {
        "avg_baseline_value": 0.0012006397258873536,
        "baseline_std": 0.0010059037070154308,
        "baseline_values": [
            0.00019876109052911073,
            0.0006390143018605998,
            0.000573027071513543,
            0.002983814818837682,
            0.0016085813466958322
        ]
    },
    "3": {
        "avg_baseline_value": 0.0011658089993970319,
        "baseline_std": 0.0011510241275335803,
        "baseline_values": [
            0.0005213312485352656,
            0.0015610195081109863,
            7.111198447337496e-05,
            0.0032433618797348264,
            0.0004322203761307066
        ]
    },
    "4": {
        "avg_baseline_value": 0.0009885055600540157,
        "baseline_std": 0.0006800515772609479,
        "baseline_values": [
            0.0021240417291540493,
            9.25245735046176e-05,
            0.0010984249335926899,
            0.0005426798114623294,
            0.0010848567525563926
        ]
    },
    "5": {
        "avg_baseline_value": 3.1374265561912455e-05,
        "baseline_std": 2.6313927893695423e-05,
        "baseline_values": [
            3.15118384096702e-05,
            2.167462336664509e-06,
            2.188745459328731e-05,
            8.044971884711066e-05,
            2.0854853622829612e-05
        ]
    },
    "6": {
        "avg_baseline_value": 0.00024273126170857678,
        "baseline_std": 0.00017552565096006108,
        "baseline_values": [
            0.0005651389268632486,
            7.396509983319676e-05,
            0.00013962352081973563,
            0.00028714046672040074,
            0.00014778829430630214
        ]
    },
    "7": {
        "avg_baseline_value": 0.00014844977286046805,
        "baseline_std": 6.060697195514823e-05,
        "baseline_values": [
            8.219435407914917e-05,
            0.00010185738608909723,
            0.0002569075866462536,
            0.00015468586017265484,
            0.0001466036773151854
        ]
    },
    "8": {
        "avg_baseline_value": 0.00022310995321888567,
        "baseline_std": 0.00013730393507187,
        "baseline_values": [
            0.00018701990850030872,
            0.0004943945913246985,
            0.00016818917174756765,
            0.00012595910178271787,
            0.00013998699273913562
        ]
    },
    "9": {
        "avg_baseline_value": 0.001960105224096685,
        "baseline_std": 0.0013708967547184118,
        "baseline_values": [
            0.00400990186471532,
            0.0029403933644422883,
            0.00033539175593097503,
            0.0018082962950312714,
            0.000706542840363571
        ]
    },
    "10": {
        "avg_baseline_value": 0.0006130724308291088,
        "baseline_std": 0.0005829822483067683,
        "baseline_values": [
            0.0004823743622492664,
            0.00027738250209148233,
            0.0002651967551945031,
            0.000272861760292878,
            0.0017675467743174138
        ]
    },
    "11": {
        "avg_baseline_value": 0.0002614691627105863,
        "baseline_std": 0.0003545574739628702,
        "baseline_values": [
            7.032336609120095e-06,
            0.00019282464422539752,
            6.217156895239773e-05,
            0.0009602345880489398,
            8.50826757170762e-05
        ]
    },
    "12": {
        "avg_baseline_value": 0.0008953648177347414,
        "baseline_std": 0.001158013972728106,
        "baseline_values": [
            0.00010404374356618111,
            0.0009453433155203827,
            0.00016200093965340522,
            0.003124544571646445,
            0.00014089151828729308
        ]
    },
    "13": {
        "avg_baseline_value": 0.0005762760473693247,
        "baseline_std": 0.00029083109353063795,
        "baseline_values": [
            0.0007107861739872396,
            3.9241793543167564e-05,
            0.0005515525697660674,
            0.0006791448213962965,
            0.0009006548781538528
        ]
    },
    "14": {
        "avg_baseline_value": 4.25132506924777e-06,
        "baseline_std": 4.674873405400388e-06,
        "baseline_values": [
            1.2529533501943306e-05,
            6.221363856459703e-06,
            1.5161463130181317e-07,
            4.1793180390236083e-07,
            1.936181552631668e-06
        ]
    },
    "15": {
        "avg_baseline_value": 0.00012806241265964722,
        "baseline_std": 0.0001941453824194207,
        "baseline_values": [
            5.100603928791812e-05,
            4.1374411171998475e-05,
            3.189561496013458e-05,
            0.0005149077530210157,
            1.1282448571692751e-06
        ]
    },
    "16": {
        "avg_baseline_value": 0.00035606781987228893,
        "baseline_std": 0.00029020653369485615,
        "baseline_values": [
            0.0005971357831917132,
            5.138349592758819e-05,
            0.00026442554146525733,
            0.0007870397005883284,
            8.035457818855734e-05
        ]
    },
    "17": {
        "avg_baseline_value": 0.0003770591533621321,
        "baseline_std": 0.0004579404398973243,
        "baseline_values": [
            0.0005852374148905142,
            3.139941123745377e-05,
            2.6781973713519763e-05,
            0.0011884241787508,
            5.345278821837288e-05
        ]
    },
    "overall_baseline": 0.0005148377866402009
}