{
    "0": {
        "avg_baseline_value": 0.003091934466032395,
        "baseline_std": 0.005524028741847352,
        "baseline_values": [
            0.01412477508886894,
            0.00015938791839137636,
            0.000298153440779837,
            1.070980608124279e-05,
            0.0008666460760405791
        ]
    },
    "1": {
        "avg_baseline_value": 0.0018294489396080602,
        "baseline_std": 0.002115711962534249,
        "baseline_values": [
            0.0029542240547841304,
            2.426937371254131e-06,
            0.0007165506370336933,
            8.272881281165739e-06,
            0.005465770187570057
        ]
    },
    "2": {
        "avg_baseline_value": 0.045424341068003485,
        "baseline_std": 0.0778052384846248,
        "baseline_values": [
            0.006093551850506526,
            0.0001622705922976425,
            0.020522799699820498,
            2.6369524300737992e-05,
            0.20031671367309203
        ]
    },
    "3": {
        "avg_baseline_value": 0.009979504493548738,
        "baseline_std": 0.009215550657256056,
        "baseline_values": [
            0.004981476491517717,
            0.0035768649917472355,
            0.016567814205103844,
            6.349660187803542e-05,
            0.024707870177496854
        ]
    },
    "4": {
        "avg_baseline_value": 0.01335171708857782,
        "baseline_std": 0.015036018453739225,
        "baseline_values": [
            0.01889060846840994,
            0.0021373168757853164,
            0.00522719907024476,
            9.312191544911806e-05,
            0.04041033911299997
        ]
    },
    "5": {
        "avg_baseline_value": 0.0007126497578046675,
        "baseline_std": 0.0010783848665623186,
        "baseline_values": [
            3.60160544350459e-05,
            0.00027255040429070046,
            0.00040235395790804633,
            3.3922736629627026e-06,
            0.0028489360987265823
        ]
    },
    "6": {
        "avg_baseline_value": 0.008415748561721158,
        "baseline_std": 0.010644918827338963,
        "baseline_values": [
            0.01237086536286907,
            7.458812492248242e-05,
            0.0019631651368938307,
            3.325375523092955e-05,
            0.027636870428689477
        ]
    },
    "7": {
        "avg_baseline_value": 0.003013579624209161,
        "baseline_std": 0.003953529249506999,
        "baseline_values": [
            0.010579751813362256,
            0.001343227913027331,
            3.82274116390175e-06,
            6.640354010299114e-06,
            0.003134455299482016
        ]
    },
    "8": {
        "avg_baseline_value": 0.0011315035890492242,
        "baseline_std": 0.0011390665081185806,
        "baseline_values": [
            0.001542873008107572,
            0.00014887138292939194,
            0.0008365414033978261,
            9.031612959518863e-07,
            0.003128328989515379
        ]
    },
    "9": {
        "avg_baseline_value": 0.029362221616976752,
        "baseline_std": 0.046244723872332555,
        "baseline_values": [
            0.006982713268736445,
            0.0033290034538184994,
            0.015166562728213682,
            3.276072514473055e-05,
            0.12130006790897041
        ]
    },
    "10": {
        "avg_baseline_value": 0.0055215287245565705,
        "baseline_std": 0.00876688702837604,
        "baseline_values": [
            0.0021763709452780845,
            0.02298023852724824,
            0.0019079740946404645,
            3.471511742459278e-05,
            0.0005083449381914714
        ]
    },
    "11": {
        "avg_baseline_value": 0.010249238256636265,
        "baseline_std": 0.009871490485721104,
        "baseline_values": [
            0.02362341319329334,
            0.006889987553955432,
            0.0005225079067509376,
            4.463212340546055e-05,
            0.020165650505776147
        ]
    },
    "12": {
        "avg_baseline_value": 0.01244139241380806,
        "baseline_std": 0.020724252741369638,
        "baseline_values": [
            0.007505588001311185,
            0.0008927674905152966,
            0.0002799335156043203,
            1.0403953204181748e-05,
            0.05351826910840531
        ]
    },
    "13": {
        "avg_baseline_value": 0.023982007931226828,
        "baseline_std": 0.0300733817403512,
        "baseline_values": [
            0.004458267691349253,
            0.0005829160012501721,
            0.03752850319437527,
            8.031119007505485e-05,
            0.0772600415790844
        ]
    },
    "14": {
        "avg_baseline_value": 0.0002306684593006915,
        "baseline_std": 0.0002831390468280409,
        "baseline_values": [
            2.7101945997547922e-06,
            1.0037894031964505e-06,
            0.0005130344792117616,
            1.248256439361642e-06,
            0.000635345576849383
        ]
    },
    "15": {
        "avg_baseline_value": 0.0010615810468502852,
        "baseline_std": 0.00141995815990849,
        "baseline_values": [
            3.798330745939499e-05,
            1.3536793275892037e-06,
            0.0016720471760770295,
            2.221944373214911e-06,
            0.003594299127014197
        ]
    },
    "16": {
        "avg_baseline_value": 0.025194510688479027,
        "baseline_std": 0.04251925406175263,
        "baseline_values": [
            0.015286627372628257,
            0.0007110494520576829,
            0.0004993725960224575,
            2.7731252050624644e-05,
            0.10944777276963612
        ]
    },
    "17": {
        "avg_baseline_value": 0.002009716019570119,
        "baseline_std": 0.0025416407473240216,
        "baseline_values": [
            0.001067356554296285,
            0.001043395898420524,
            0.0009023926100947953,
            3.206859180831319e-06,
            0.007032228175858158
        ]
    },
    "overall_baseline": 0.010944627374775516
}