{"avg_divergence": 0.24861370577283518, "std_divergence": 0.10441699945291978, "per_question_divergences": {"0": {"avg_divergence": 0.1908635977749986, "std_divergence": 0.1908635977749986, "failed_count": 0}, "1": {"avg_divergence": 0.5555366872644595, "std_divergence": 0.5555366872644595, "failed_count": 0}, "2": {"avg_divergence": 0.24516452057984428, "std_divergence": 0.24516452057984428, "failed_count": 1}, "3": {"avg_divergence": 0.2309441886169123, "std_divergence": 0.2309441886169123, "failed_count": 1}, "4": {"avg_divergence": 0.24501158569453071, "std_divergence": 0.24501158569453071, "failed_count": 4}, "5": {"avg_divergence": 0.18267549187023543, "std_divergence": 0.18267549187023543, "failed_count": 3}, "6": {"avg_divergence": 0.3332497298047433, "std_divergence": 0.3332497298047433, "failed_count": 0}, "7": {"avg_divergence": 0.09683802318319418, "std_divergence": 0.09683802318319418, "failed_count": 0}, "8": {"avg_divergence": 0.24788617096899948, "std_divergence": 0.24788617096899948, "failed_count": 2}, "9": {"avg_divergence": 0.20264959304274327, "std_divergence": 0.20264959304274327, "failed_count": 0}, "10": {"avg_divergence": 0.41299195040384534, "std_divergence": 0.41299195040384534, "failed_count": 0}, "11": {"avg_divergence": 0.2296642682658217, "std_divergence": 0.2296642682658217, "failed_count": 1}, "12": {"avg_divergence": 0.31896429501330936, "std_divergence": 0.31896429501330936, "failed_count": 0}, "13": {"avg_divergence": 0.2543986691340305, "std_divergence": 0.2543986691340305, "failed_count": 0}, "14": {"avg_divergence": 0.17432352419930144, "std_divergence": 0.17432352419930144, "failed_count": 1}, "15": {"avg_divergence": 0.1299813715603794, "std_divergence": 0.1299813715603794, "failed_count": 2}, "16": {"avg_divergence": 0.2714303192387837, "std_divergence": 0.2714303192387837, "failed_count": 4}, "17": {"avg_divergence": 0.15247271729490017, "std_divergence": 0.15247271729490017, "failed_count": 1}}}