{"avg_divergence": 0.27584640522875814, "std_divergence": 0.11943037116559456}