{"avg_divergence": 0.24399033706869375, "std_divergence": 0.10364907923047766, "per_question_divergences": {"0": {"avg_divergence": 0.19968440964170292, "std_divergence": 0.19968440964170292, "failed_count": 0}, "1": {"avg_divergence": 0.5453226007361063, "std_divergence": 0.5453226007361063, "failed_count": 0}, "2": {"avg_divergence": 0.23145953603825645, "std_divergence": 0.23145953603825645, "failed_count": 1}, "3": {"avg_divergence": 0.23479143437581204, "std_divergence": 0.23479143437581204, "failed_count": 1}, "4": {"avg_divergence": 0.21281111194545616, "std_divergence": 0.21281111194545616, "failed_count": 4}, "5": {"avg_divergence": 0.18222624088329809, "std_divergence": 0.18222624088329809, "failed_count": 3}, "6": {"avg_divergence": 0.3321072102647294, "std_divergence": 0.3321072102647294, "failed_count": 0}, "7": {"avg_divergence": 0.0961636511818324, "std_divergence": 0.0961636511818324, "failed_count": 0}, "8": {"avg_divergence": 0.2311533811755448, "std_divergence": 0.2311533811755448, "failed_count": 2}, "9": {"avg_divergence": 0.1950246530008061, "std_divergence": 0.1950246530008061, "failed_count": 0}, "10": {"avg_divergence": 0.41272766565732066, "std_divergence": 0.41272766565732066, "failed_count": 0}, "11": {"avg_divergence": 0.23225820116484125, "std_divergence": 0.23225820116484125, "failed_count": 1}, "12": {"avg_divergence": 0.3202412876858049, "std_divergence": 0.3202412876858049, "failed_count": 0}, "13": {"avg_divergence": 0.2506701287004712, "std_divergence": 0.2506701287004712, "failed_count": 0}, "14": {"avg_divergence": 0.18410045177768455, "std_divergence": 0.18410045177768455, "failed_count": 1}, "15": {"avg_divergence": 0.1253652643569629, "std_divergence": 0.1253652643569629, "failed_count": 2}, "16": {"avg_divergence": 0.2656803045599377, "std_divergence": 0.2656803045599377, "failed_count": 4}, "17": {"avg_divergence": 0.14003853408991954, "std_divergence": 0.14003853408991954, "failed_count": 1}}}