{"avg_divergence": 0.27639869281045754, "std_divergence": 0.1254463565512912}