{"avg_divergence": 0.12794444444444453, "std_divergence": 0.08897896477729726}