{"avg_divergence": 0.17445342309728906, "std_divergence": 0.19487413462692058, "per_question_divergences": {"0": {"avg_divergence": 7.834947762717196e-05, "std_divergence": 7.834947762717196e-05, "failed_count": 0}, "1": {"avg_divergence": 0.13549574522512714, "std_divergence": 0.13549574522512714, "failed_count": 0}, "2": {"avg_divergence": 0.019879363851707018, "std_divergence": 0.019879363851707018, "failed_count": 0}, "3": {"avg_divergence": 0.4873847084011381, "std_divergence": 0.4873847084011381, "failed_count": 0}, "4": {"avg_divergence": 0.11920057212950766, "std_divergence": 0.11920057212950766, "failed_count": 0}, "5": {"avg_divergence": 0.0016509180205754404, "std_divergence": 0.0016509180205754404, "failed_count": 0}, "6": {"avg_divergence": 0.20039912653933442, "std_divergence": 0.20039912653933442, "failed_count": 0}, "7": {"avg_divergence": 0.016720745078680953, "std_divergence": 0.016720745078680953, "failed_count": 0}, "8": {"avg_divergence": 0.12074292513534621, "std_divergence": 0.12074292513534621, "failed_count": 0}, "9": {"avg_divergence": 0.14546459205648793, "std_divergence": 0.14546459205648793, "failed_count": 0}, "10": {"avg_divergence": 0.7905569007333029, "std_divergence": 0.7905569007333029, "failed_count": 0}, "11": {"avg_divergence": 0.2622012758429977, "std_divergence": 0.2622012758429977, "failed_count": 0}, "12": {"avg_divergence": 0.2880700941741553, "std_divergence": 0.2880700941741553, "failed_count": 0}, "13": {"avg_divergence": 0.020984699795098437, "std_divergence": 0.020984699795098437, "failed_count": 0}, "14": {"avg_divergence": 0.01353922246226216, "std_divergence": 0.01353922246226216, "failed_count": 0}, "15": {"avg_divergence": 0.2820407622842043, "std_divergence": 0.2820407622842043, "failed_count": 0}, "16": {"avg_divergence": 0.11499161231341942, "std_divergence": 0.11499161231341942, "failed_count": 0}, "17": {"avg_divergence": 0.12076000223023121, "std_divergence": 0.12076000223023121, "failed_count": 0}}}