{"avg_divergence": 0.11822222222222227, "std_divergence": 0.08723488938449986}