{"avg_divergence": 0.16559330580378032, "std_divergence": 0.19092679352768765, "per_question_divergences": {"0": {"avg_divergence": 5.077850753404817e-05, "std_divergence": 5.077850753404817e-05, "failed_count": 0}, "1": {"avg_divergence": 0.14494470588833533, "std_divergence": 0.14494470588833533, "failed_count": 0}, "2": {"avg_divergence": 0.02239943784558212, "std_divergence": 0.02239943784558212, "failed_count": 0}, "3": {"avg_divergence": 0.4342110927235734, "std_divergence": 0.4342110927235734, "failed_count": 0}, "4": {"avg_divergence": 0.10556129609488991, "std_divergence": 0.10556129609488991, "failed_count": 0}, "5": {"avg_divergence": 0.0027609076559142755, "std_divergence": 0.0027609076559142755, "failed_count": 0}, "6": {"avg_divergence": 0.16798276520747527, "std_divergence": 0.16798276520747527, "failed_count": 0}, "7": {"avg_divergence": 0.021180098175560963, "std_divergence": 0.021180098175560963, "failed_count": 0}, "8": {"avg_divergence": 0.09876861652116554, "std_divergence": 0.09876861652116554, "failed_count": 0}, "9": {"avg_divergence": 0.13556637238123795, "std_divergence": 0.13556637238123795, "failed_count": 0}, "10": {"avg_divergence": 0.7969518049644568, "std_divergence": 0.7969518049644568, "failed_count": 0}, "11": {"avg_divergence": 0.25583148603371836, "std_divergence": 0.25583148603371836, "failed_count": 0}, "12": {"avg_divergence": 0.2834263664802571, "std_divergence": 0.2834263664802571, "failed_count": 0}, "13": {"avg_divergence": 0.015790821827699874, "std_divergence": 0.015790821827699874, "failed_count": 0}, "14": {"avg_divergence": 0.013212833071515415, "std_divergence": 0.013212833071515415, "failed_count": 0}, "15": {"avg_divergence": 0.25357292164334283, "std_divergence": 0.25357292164334283, "failed_count": 0}, "16": {"avg_divergence": 0.11429013483606229, "std_divergence": 0.11429013483606229, "failed_count": 0}, "17": {"avg_divergence": 0.1141770646097245, "std_divergence": 0.1141770646097245, "failed_count": 0}}}