{
    "average_user_divergence": 0.08031892290992831,
    "std_user_divergence": 0.026657623360843548,
    "failed_distributions_count": 0
}