{
    "average_user_divergence": 0.037773037324301866,
    "std_user_divergence": 0.023472421372561558,
    "failed_distributions_count": 0
}