{
    "average_user_divergence": 0.22036646247835495,
    "std_user_divergence": 0.0030899404662703164,
    "failed_distributions_count": 0
}