{
    "average_user_divergence": 0.23347683845846434,
    "std_user_divergence": 0.03958861971099513,
    "failed_distributions_count": 0
}