{
    "average_user_divergence": 0.1632481984077335,
    "std_user_divergence": 0.0027270308791015815,
    "failed_distributions_count": 0
}