{
    "average_user_divergence": 0.1760329777260733,
    "std_user_divergence": 0.040739990499352084,
    "failed_distributions_count": 0
}