{
    "0": {
        "avg_baseline_value": 0.012677441206104933,
        "baseline_std": 0.016662277901271453,
        "baseline_values": [
            0.009232003240136448,
            0.005018979880581338,
            0.0008534282046153549,
            0.0027523512410063907,
            0.04553044346418513
        ]
    },
    "1": {
        "avg_baseline_value": 0.00041588755637030913,
        "baseline_std": 0.00028829532445358205,
        "baseline_values": [
            3.1271695757071455e-05,
            0.00048369245852008895,
            0.000547599815029784,
            0.0001703797941577683,
            0.000846494018386833
        ]
    },
    "2": {
        "avg_baseline_value": 3.522214607125155e-06,
        "baseline_std": 3.2723102987541095e-06,
        "baseline_values": [
            3.9451401255658505e-06,
            2.5612326060668847e-06,
            1.347469371518346e-07,
            1.407114872081659e-06,
            9.562838494759546e-06
        ]
    },
    "3": {
        "avg_baseline_value": 0.0013845795957740871,
        "baseline_std": 0.0024844393600785774,
        "baseline_values": [
            0.0003621106043040803,
            4.1902352702566676e-05,
            9.1081877769153e-05,
            7.957584553754223e-05,
            0.006348227298557093
        ]
    },
    "4": {
        "avg_baseline_value": 0.00028947672208781434,
        "baseline_std": 0.0003571552894078534,
        "baseline_values": [
            1.3709535010790114e-05,
            0.00032809904556023716,
            0.0009683105972665476,
            3.780806295948371e-05,
            9.945636964201318e-05
        ]
    },
    "5": {
        "avg_baseline_value": 0.00037162197833262697,
        "baseline_std": 0.0006682240071513464,
        "baseline_values": [
            0.00010842663199355538,
            1.413104910698824e-05,
            6.0977059806327355e-06,
            2.3409402794036866e-05,
            0.0017060451017879218
        ]
    },
    "6": {
        "avg_baseline_value": 6.737336068002035e-05,
        "baseline_std": 8.394829290625168e-05,
        "baseline_values": [
            5.515877898104385e-05,
            7.745871805272572e-07,
            2.1588500133791942e-05,
            2.7708318889282747e-05,
            0.00023163661821545592
        ]
    },
    "7": {
        "avg_baseline_value": 0.00043361182320941164,
        "baseline_std": 0.000544849493016815,
        "baseline_values": [
            0.0002705228548136325,
            0.00018899321992341312,
            1.132906595971213e-05,
            0.0001871298991123225,
            0.0015100840762379778
        ]
    },
    "8": {
        "avg_baseline_value": 0.0002626751737088647,
        "baseline_std": 0.00021611197804093134,
        "baseline_values": [
            0.0004414881195384723,
            7.094216677216849e-05,
            8.17206861547584e-06,
            0.00021714262956074707,
            0.0005756308840574599
        ]
    },
    "9": {
        "avg_baseline_value": 0.006038406179001021,
        "baseline_std": 0.011548538861962348,
        "baseline_values": [
            0.0003100922209737908,
            0.00023717058441720924,
            7.684554419242246e-05,
            0.00043359261875372226,
            0.02913432992666796
        ]
    },
    "10": {
        "avg_baseline_value": 0.000455767893759316,
        "baseline_std": 0.000636264878129345,
        "baseline_values": [
            0.00014120131872845084,
            0.0004309045660071165,
            9.418647865592928e-07,
            1.5546857931424457e-05,
            0.001690244861343029
        ]
    },
    "11": {
        "avg_baseline_value": 3.987150042759463e-05,
        "baseline_std": 3.2801752032827985e-05,
        "baseline_values": [
            4.160124664621429e-06,
            1.700985461516215e-05,
            5.242622287203922e-05,
            9.72707248030254e-05,
            2.8490575183124935e-05
        ]
    },
    "12": {
        "avg_baseline_value": 2.3864684145997795e-05,
        "baseline_std": 8.068128433177836e-06,
        "baseline_values": [
            3.208306277691849e-05,
            1.795652317897778e-05,
            1.9543079425178222e-05,
            3.492836610228142e-05,
            1.4812389246633074e-05
        ]
    },
    "13": {
        "avg_baseline_value": 0.00865944450801599,
        "baseline_std": 0.015795760672113465,
        "baseline_values": [
            0.0022999091785583493,
            0.0005082198224725334,
            0.00013505280782000686,
            0.0001436761435037922,
            0.04021036458772527
        ]
    },
    "14": {
        "avg_baseline_value": 0.0011336567649359204,
        "baseline_std": 0.0011754639422217445,
        "baseline_values": [
            0.001328997890212803,
            0.00031184047383018225,
            0.0006912015274096448,
            2.0705127294536307e-05,
            0.0033155388059324365
        ]
    },
    "15": {
        "avg_baseline_value": 1.22442937976292e-05,
        "baseline_std": 1.4038125749317053e-05,
        "baseline_values": [
            1.3759638531738614e-05,
            4.159812200788129e-06,
            2.242530898892657e-06,
            2.085813242031657e-06,
            3.8973674114694934e-05
        ]
    },
    "16": {
        "avg_baseline_value": 4.4214919540607104e-05,
        "baseline_std": 2.5330832605570433e-05,
        "baseline_values": [
            8.655703997369279e-05,
            2.240121375754795e-05,
            2.171612454980302e-05,
            3.051294687545378e-05,
            5.988727254653796e-05
        ]
    },
    "17": {
        "avg_baseline_value": 0.0006749740091109427,
        "baseline_std": 0.0006498464703952305,
        "baseline_values": [
            0.0004468620179865174,
            0.00023452699444986375,
            0.0003518763924586393,
            0.00037412483730791824,
            0.001967479803351775
        ]
    },
    "overall_baseline": 0.0018327019102005668
}