{
    "0": {
        "avg_baseline_value": 0.0029927341115386437,
        "baseline_std": 0.0020617771927404155,
        "baseline_values": [
            0.0021355581986360183,
            0.004883930200775931,
            0.004941259331765592,
            1.0188714977032648e-05
        ]
    },
    "1": {
        "avg_baseline_value": 0.0030113933008185665,
        "baseline_std": 0.00214114374527869,
        "baseline_values": [
            0.001773422833693105,
            0.004718613098363533,
            0.0054017180037043535,
            0.00015181926751327513
        ]
    },
    "2": {
        "avg_baseline_value": 2.9991108385734023e-06,
        "baseline_std": 2.7515142385222865e-06,
        "baseline_values": [
            4.706661257176664e-06,
            5.852002723564699e-07,
            6.615047219272401e-06,
            8.953460548807448e-08
        ]
    },
    "3": {
        "avg_baseline_value": 0.0002627249312704535,
        "baseline_std": 0.00036835491220584525,
        "baseline_values": [
            3.369615138582243e-05,
            0.00011719444824043558,
            0.0008966368170269543,
            3.372308428601561e-06
        ]
    },
    "4": {
        "avg_baseline_value": 0.00011840817254478602,
        "baseline_std": 0.0001575527368533617,
        "baseline_values": [
            7.494552299347385e-06,
            7.93398617586686e-05,
            0.0003860335141183322,
            7.647620027958763e-07
        ]
    },
    "5": {
        "avg_baseline_value": 3.7120044215308264e-05,
        "baseline_std": 3.2537281669039435e-05,
        "baseline_values": [
            2.2619242359670503e-07,
            8.27344672155097e-05,
            5.2187094080323956e-05,
            1.3332423141802708e-05
        ]
    },
    "6": {
        "avg_baseline_value": 0.00014394693560000843,
        "baseline_std": 0.000100833896464683,
        "baseline_values": [
            0.00025789047524276765,
            8.71980731651621e-05,
            0.000222192284019013,
            8.50690997309092e-06
        ]
    },
    "7": {
        "avg_baseline_value": 1.0230539402557514e-05,
        "baseline_std": 8.269657525657477e-06,
        "baseline_values": [
            1.3081375079559453e-06,
            1.707973370206443e-05,
            1.977828675955931e-05,
            2.755999640650372e-06
        ]
    },
    "8": {
        "avg_baseline_value": 0.0013041866860944026,
        "baseline_std": 0.0015658525023653951,
        "baseline_values": [
            0.00012845646741505698,
            0.00118198488445433,
            0.0038984017348775465,
            7.903657630676818e-06
        ]
    },
    "9": {
        "avg_baseline_value": 6.066210903106016e-05,
        "baseline_std": 4.96129158741326e-05,
        "baseline_values": [
            8.578472569051131e-05,
            2.45133968735626e-05,
            0.00012881341600200647,
            3.5368975581602533e-06
        ]
    },
    "10": {
        "avg_baseline_value": 0.000194840497936342,
        "baseline_std": 0.0002466702375818522,
        "baseline_values": [
            3.6019572245041123e-06,
            0.000611989873760592,
            0.00014222242586368065,
            2.154773489659125e-05
        ]
    },
    "11": {
        "avg_baseline_value": 5.5125640813920256e-05,
        "baseline_std": 2.7764544682883724e-05,
        "baseline_values": [
            8.677788678928064e-05,
            6.649510633599766e-05,
            5.627440238505675e-05,
            1.0955167745346008e-05
        ]
    },
    "12": {
        "avg_baseline_value": 8.063091010874194e-05,
        "baseline_std": 4.9775798803540814e-05,
        "baseline_values": [
            8.227286282010688e-05,
            0.00010336448459692104,
            0.00013587431884520658,
            1.0119741727332577e-06
        ]
    },
    "13": {
        "avg_baseline_value": 0.0004922745478191491,
        "baseline_std": 0.0004840485554914338,
        "baseline_values": [
            0.00014754908853067568,
            0.0005707772749623917,
            0.0012485939145975334,
            2.17791318599534e-06
        ]
    },
    "14": {
        "avg_baseline_value": 0.00015470654668290772,
        "baseline_std": 0.00023974519349183595,
        "baseline_values": [
            0.0005699398012930837,
            1.3181534622833554e-05,
            1.6279940581958197e-05,
            1.942491023375548e-05
        ]
    },
    "15": {
        "avg_baseline_value": 3.8631141795082135e-05,
        "baseline_std": 4.4211236196457386e-05,
        "baseline_values": [
            4.510514144948245e-05,
            6.95025873652404e-07,
            0.00010841097272385281,
            3.134271333408666e-07
        ]
    },
    "16": {
        "avg_baseline_value": 6.938064346405698e-05,
        "baseline_std": 7.823311371564578e-05,
        "baseline_values": [
            0.0002029116052265412,
            2.4221852953220363e-05,
            4.399649777936343e-05,
            6.392617897102898e-06
        ]
    },
    "17": {
        "avg_baseline_value": 0.00011431022252640873,
        "baseline_std": 8.007596254209279e-05,
        "baseline_values": [
            6.246859525151907e-05,
            0.00015982855000913455,
            0.00021962170010885176,
            1.5322044736129504e-05
        ]
    },
    "overall_baseline": 0.0005080170051389427
}