{
    "0": {
        "avg_baseline_value": 0.0029630707487132,
        "baseline_std": 0.002151246178178191,
        "baseline_values": [
            0.004249561571869998,
            0.0004808949875614313,
            0.001327042799164093,
            0.005794783636257276
        ]
    },
    "1": {
        "avg_baseline_value": 0.011508250639481105,
        "baseline_std": 0.010501000948182309,
        "baseline_values": [
            0.0046843954849617436,
            0.013163299570479745,
            0.00033726174241653135,
            0.027848045760066394
        ]
    },
    "2": {
        "avg_baseline_value": 1.6204788464293576e-05,
        "baseline_std": 1.7839481899672998e-05,
        "baseline_values": [
            3.559305622503201e-06,
            1.1742696477710185e-05,
            3.0004119124872423e-06,
            4.651673984447368e-05
        ]
    },
    "3": {
        "avg_baseline_value": 0.00012026617344504147,
        "baseline_std": 0.00010645907219264061,
        "baseline_values": [
            0.00014789704328114112,
            0.0002821436216404016,
            1.1200101475865725e-05,
            3.98239273827574e-05
        ]
    },
    "4": {
        "avg_baseline_value": 0.001300452707740499,
        "baseline_std": 0.0012550680713003684,
        "baseline_values": [
            0.0027726667948390652,
            9.708022296849094e-06,
            0.00010272168323587545,
            0.002316714330590206
        ]
    },
    "5": {
        "avg_baseline_value": 0.00018356228988421788,
        "baseline_std": 0.00013095568486095376,
        "baseline_values": [
            0.00010861751206566288,
            0.00025059309375739336,
            1.655670535711278e-05,
            0.0003584818483567026
        ]
    },
    "6": {
        "avg_baseline_value": 0.00016746361633352563,
        "baseline_std": 0.00016739509698570238,
        "baseline_values": [
            4.445044640844859e-05,
            3.26512599736765e-05,
            0.0001454776359837873,
            0.00044727512296819017
        ]
    },
    "7": {
        "avg_baseline_value": 4.2247176996103e-05,
        "baseline_std": 2.069458285507501e-05,
        "baseline_values": [
            6.572140275903256e-05,
            5.070391848170384e-05,
            9.241829056861138e-06,
            4.332155768681447e-05
        ]
    },
    "8": {
        "avg_baseline_value": 0.0005695448652322172,
        "baseline_std": 0.0003187174823965349,
        "baseline_values": [
            0.0007721846681288902,
            0.00021854029165017006,
            0.00030383742919379606,
            0.0009836170719560123
        ]
    },
    "9": {
        "avg_baseline_value": 9.574746348520375e-05,
        "baseline_std": 6.101534739742599e-05,
        "baseline_values": [
            5.880712944829606e-05,
            0.00014355889530416903,
            1.5539330055178e-05,
            0.00016508449913317193
        ]
    },
    "10": {
        "avg_baseline_value": 0.006041632588759598,
        "baseline_std": 0.005744828990536894,
        "baseline_values": [
            0.001350222221984394,
            0.008463154577039809,
            5.0464797150039686e-05,
            0.014302688758864148
        ]
    },
    "11": {
        "avg_baseline_value": 0.0001901714447441014,
        "baseline_std": 0.00019864580865425796,
        "baseline_values": [
            1.5325108923410903e-05,
            0.000258405226586959,
            1.6819187129098903e-06,
            0.00048527352475312587
        ]
    },
    "12": {
        "avg_baseline_value": 0.00014078311488520054,
        "baseline_std": 0.0001375066607208086,
        "baseline_values": [
            2.631689990182602e-05,
            0.00019098918844241453,
            2.7008477851206807e-06,
            0.000343125523411441
        ]
    },
    "13": {
        "avg_baseline_value": 0.0004457572594288615,
        "baseline_std": 0.00042347282079641737,
        "baseline_values": [
            4.903212974166385e-06,
            0.00019988447420043662,
            0.0004524351154784482,
            0.0011258062350623947
        ]
    },
    "14": {
        "avg_baseline_value": 2.821434146032083e-05,
        "baseline_std": 2.8993300310759894e-05,
        "baseline_values": [
            1.331496424735997e-05,
            6.546679734036599e-07,
            2.2245215056609895e-05,
            7.664251856390979e-05
        ]
    },
    "15": {
        "avg_baseline_value": 8.219975390277491e-07,
        "baseline_std": 8.037409733247191e-07,
        "baseline_values": [
            1.1729238774672735e-06,
            2.8702108694625455e-08,
            1.1213802928370865e-07,
            1.974226140665389e-06
        ]
    },
    "16": {
        "avg_baseline_value": 0.0008074254818793696,
        "baseline_std": 0.0008121894857533575,
        "baseline_values": [
            2.457956823802323e-06,
            0.0018118240984443992,
            1.4193041740999652e-05,
            0.0014012268305082774
        ]
    },
    "17": {
        "avg_baseline_value": 0.00040349142015289215,
        "baseline_std": 0.00027872035164549017,
        "baseline_values": [
            9.567418218773642e-05,
            0.0007116206718279526,
            0.0001573222009668383,
            0.0006493486256290412
        ]
    },
    "overall_baseline": 0.0013902837843680436
}