{
    "0": {
        "avg_baseline_value": 0.0001979489549901564,
        "baseline_std": 0.00017930601186875143,
        "baseline_values": [
            5.9244863028263834e-05,
            1.0569185770585887e-05,
            8.927951108824e-05,
            0.00042199494944911056,
            0.0004086562656145817
        ]
    },
    "1": {
        "avg_baseline_value": 0.0021699152971354947,
        "baseline_std": 0.002249695920478335,
        "baseline_values": [
            0.005548353053331438,
            5.1305400212635014e-06,
            0.0011993747606897892,
            1.9317027276750518e-05,
            0.004077401104358232
        ]
    },
    "2": {
        "avg_baseline_value": 1.7421900142115334e-06,
        "baseline_std": 1.0806290910116027e-06,
        "baseline_values": [
            3.792658220720548e-06,
            1.1626435106548e-06,
            9.214454728276944e-07,
            1.8718075874926152e-06,
            9.623952793620086e-07
        ]
    },
    "3": {
        "avg_baseline_value": 0.00015403515125175319,
        "baseline_std": 0.00013767841548330617,
        "baseline_values": [
            0.00029260782423040123,
            4.6378702142995285e-05,
            5.550740770450206e-05,
            0.0003490722025225895,
            2.660961965827787e-05
        ]
    },
    "4": {
        "avg_baseline_value": 0.00046869347161345825,
        "baseline_std": 0.0002465657591073689,
        "baseline_values": [
            9.320244393881894e-05,
            0.00025382478820507173,
            0.0006850411936355601,
            0.0006501100098936085,
            0.0006612889223942316
        ]
    },
    "5": {
        "avg_baseline_value": 2.9905700731428864e-06,
        "baseline_std": 2.741276410668485e-06,
        "baseline_values": [
            8.089226702839223e-06,
            2.1417754658363745e-06,
            8.494380286590455e-07,
            5.134590433022044e-07,
            3.3589511250775844e-06
        ]
    },
    "6": {
        "avg_baseline_value": 9.348717860926354e-05,
        "baseline_std": 6.221796733327528e-05,
        "baseline_values": [
            0.00013761212885926084,
            1.1589745750641877e-05,
            0.00018389149560422212,
            9.107922060613568e-05,
            4.3263302226057205e-05
        ]
    },
    "7": {
        "avg_baseline_value": 0.00013781418004900003,
        "baseline_std": 8.36112559775072e-05,
        "baseline_values": [
            1.0541789757523463e-05,
            0.00016637831915618478,
            8.190208760300986e-05,
            0.00017730800722734122,
            0.0002529406965009408
        ]
    },
    "8": {
        "avg_baseline_value": 0.0003515893773277938,
        "baseline_std": 0.00027891176383433087,
        "baseline_values": [
            0.0006824487773389456,
            0.00012122537283384,
            5.3074573305180395e-05,
            0.0006931958783344792,
            0.000208002284826524
        ]
    },
    "9": {
        "avg_baseline_value": 0.00015150372486192438,
        "baseline_std": 0.00022259564411931742,
        "baseline_values": [
            0.0001227554622521245,
            1.0520185327743777e-05,
            1.317738832924721e-06,
            3.459463877776306e-05,
            0.0005883305991190659
        ]
    },
    "10": {
        "avg_baseline_value": 0.00037312277714758325,
        "baseline_std": 0.0003002796676809175,
        "baseline_values": [
            1.0027336254306445e-05,
            0.0004362646796710559,
            0.0003627553743648854,
            0.0008934935766862682,
            0.00016307291876140032
        ]
    },
    "11": {
        "avg_baseline_value": 2.3131738111216027e-05,
        "baseline_std": 2.7879328657108105e-05,
        "baseline_values": [
            7.784505781988471e-05,
            1.477076388588229e-05,
            2.7070286614037698e-06,
            1.6064600391999034e-05,
            4.271239796910323e-06
        ]
    },
    "12": {
        "avg_baseline_value": 2.6045724364446198e-05,
        "baseline_std": 1.9637273362628746e-05,
        "baseline_values": [
            5.102880324635885e-06,
            5.4803115719046694e-05,
            9.366797198203772e-06,
            1.7343093676564057e-05,
            4.361273490378058e-05
        ]
    },
    "13": {
        "avg_baseline_value": 0.0004436790985045687,
        "baseline_std": 0.00031479783192811593,
        "baseline_values": [
            2.1469251375699928e-06,
            0.0008512096637091362,
            0.0001560733502282506,
            0.0006079353800700316,
            0.0006010301733778549
        ]
    },
    "14": {
        "avg_baseline_value": 0.0010385341406866009,
        "baseline_std": 0.0014599957739981043,
        "baseline_values": [
            0.00023102150776663707,
            0.0005218585287514919,
            1.780079923505265e-05,
            0.003935477868352971,
            0.00048651199932685224
        ]
    },
    "15": {
        "avg_baseline_value": 3.194864527010082e-05,
        "baseline_std": 3.1732024877016565e-05,
        "baseline_values": [
            8.751636394413167e-05,
            3.6083636191310893e-06,
            4.302405753066285e-06,
            4.592870071519557e-05,
            1.8387392318979487e-05
        ]
    },
    "16": {
        "avg_baseline_value": 3.527348033605941e-05,
        "baseline_std": 2.300012088276178e-05,
        "baseline_values": [
            2.431110246608952e-05,
            3.1809357311467916e-07,
            4.3538443070418525e-05,
            7.031405188378186e-05,
            3.788571068689249e-05
        ]
    },
    "17": {
        "avg_baseline_value": 0.00038605241475939703,
        "baseline_std": 0.0002072361611897516,
        "baseline_values": [
            0.0001250666938356422,
            0.000425411617531149,
            0.0007514605882820612,
            0.0003387758478457237,
            0.0002895473263024091
        ]
    },
    "overall_baseline": 0.00033819489528367624
}