{
    "0": {
        "avg_baseline_value": 0.008735215929397716,
        "baseline_std": 0.015116163981669798,
        "baseline_values": [
            0.002404639343113705,
            0.002285337760110243,
            6.914056263401008e-05,
            1.963779088320735e-05,
            0.03889732419024741
        ]
    },
    "1": {
        "avg_baseline_value": 0.08010040486946647,
        "baseline_std": 0.10563121242100734,
        "baseline_values": [
            0.13744910867889992,
            5.2924085708359704e-05,
            0.0002356761689220334,
            0.00012805121754083906,
            0.2626362641962612
        ]
    },
    "2": {
        "avg_baseline_value": 4.416083422140124e-05,
        "baseline_std": 4.748621238278429e-05,
        "baseline_values": [
            0.00012133152249922926,
            1.810865375720729e-05,
            3.984879879507072e-06,
            1.753162845226608e-07,
            7.720379868653988e-05
        ]
    },
    "3": {
        "avg_baseline_value": 0.0009616362119793404,
        "baseline_std": 0.0011509089985239703,
        "baseline_values": [
            0.00037946200717637143,
            4.000974824279865e-05,
            0.0013264007410411928,
            5.886986153233702e-06,
            0.003056421577283106
        ]
    },
    "4": {
        "avg_baseline_value": 0.012360634300714424,
        "baseline_std": 0.01587677058997676,
        "baseline_values": [
            0.0018831623705945497,
            0.042068713478657704,
            0.0157416138216391,
            0.0003696822766319746,
            0.0017399995560487972
        ]
    },
    "5": {
        "avg_baseline_value": 0.0004130083893092402,
        "baseline_std": 0.0003927460572890894,
        "baseline_values": [
            0.00022223460545693491,
            0.00043619241890522926,
            0.001149508405906801,
            5.969666250897463e-06,
            0.0002511368500263382
        ]
    },
    "6": {
        "avg_baseline_value": 0.006876043135902177,
        "baseline_std": 0.012378218003584669,
        "baseline_values": [
            0.0011155697822873793,
            0.0012319470033575173,
            0.00040123850705086207,
            1.535953389179157e-05,
            0.03161610085292333
        ]
    },
    "7": {
        "avg_baseline_value": 0.00022169186317877286,
        "baseline_std": 0.00028958779974938125,
        "baseline_values": [
            4.3637038583478246e-05,
            0.0007787492853285145,
            0.0002320511836447856,
            7.401070559806235e-07,
            5.3281701281105235e-05
        ]
    },
    "8": {
        "avg_baseline_value": 0.002353094740627212,
        "baseline_std": 0.004229905339748584,
        "baseline_values": [
            0.0007029131441463919,
            0.00019000528684811303,
            6.631561605997241e-05,
            7.576491290884421e-06,
            0.010798663164790698
        ]
    },
    "9": {
        "avg_baseline_value": 0.0035424132049078822,
        "baseline_std": 0.004469632840360137,
        "baseline_values": [
            0.002465043214198971,
            0.002718504290910775,
            0.00031610546337889066,
            3.198966490198814e-06,
            0.012209214089560577
        ]
    },
    "10": {
        "avg_baseline_value": 0.059579972061177,
        "baseline_std": 0.07522672546870653,
        "baseline_values": [
            0.18476292302353384,
            0.00383743526370181,
            0.00018508358487102583,
            6.367550340053953e-05,
            0.10905074293037781
        ]
    },
    "11": {
        "avg_baseline_value": 0.0015848162722480858,
        "baseline_std": 0.0029776579956703685,
        "baseline_values": [
            0.007537710200895845,
            1.81037893056141e-05,
            0.00012047231422770021,
            5.933155928065215e-06,
            0.00024186190088320588
        ]
    },
    "12": {
        "avg_baseline_value": 0.0017216476704576555,
        "baseline_std": 0.0027597210158882865,
        "baseline_values": [
            0.007184718744860656,
            0.00025641040905515205,
            0.0011008675626526991,
            1.5502285535854206e-05,
            5.0739350183916014e-05
        ]
    },
    "13": {
        "avg_baseline_value": 0.03206163408722086,
        "baseline_std": 0.03672952827374567,
        "baseline_values": [
            0.09831387225575083,
            0.001597438764196615,
            0.015933219197087036,
            0.00015820775790211024,
            0.044305432461167686
        ]
    },
    "14": {
        "avg_baseline_value": 0.016448581384818486,
        "baseline_std": 0.027328823141141333,
        "baseline_values": [
            0.0006648970537716354,
            0.010634853698816785,
            0.00037830646776307455,
            4.24071494258482e-05,
            0.07052244255431508
        ]
    },
    "15": {
        "avg_baseline_value": 6.286447215748793e-05,
        "baseline_std": 0.0001210550612793676,
        "baseline_values": [
            3.758587896784059e-06,
            5.129589056485016e-06,
            4.7329014760701544e-07,
            1.7153563438088897e-08,
            0.00030494374012312545
        ]
    },
    "16": {
        "avg_baseline_value": 0.0015267207982429696,
        "baseline_std": 0.0009310869333901391,
        "baseline_values": [
            0.0016487515518493233,
            0.002930527027355845,
            0.0014317663944738988,
            8.241631936121313e-09,
            0.0016225507759038448
        ]
    },
    "17": {
        "avg_baseline_value": 0.004743714895748449,
        "baseline_std": 0.004432547396141026,
        "baseline_values": [
            0.00667139856609337,
            0.0031194449313217587,
            0.0015075990646521203,
            7.846675943639778e-07,
            0.012419347249080632
        ]
    },
    "overall_baseline": 0.0129632363956542
}