{
    "0": {
        "avg_baseline_value": 0.0005475931205596825,
        "baseline_std": 0.0009914233450255981,
        "baseline_values": [
            0.002527168229582049,
            1.9882875315176264e-05,
            1.3860683227503035e-05,
            1.4191050559189395e-05,
            0.00016286276411449474
        ]
    },
    "1": {
        "avg_baseline_value": 1.536484241280262e-05,
        "baseline_std": 5.414498644388994e-06,
        "baseline_values": [
            1.069072587338988e-05,
            2.0996136129638537e-05,
            9.514123800632242e-06,
            1.2973180463724557e-05,
            2.2650045796627885e-05
        ]
    },
    "2": {
        "avg_baseline_value": 0.006735299562307196,
        "baseline_std": 0.010404782624709676,
        "baseline_values": [
            0.004050538956382456,
            0.0005561723511467155,
            0.00013649548311699998,
            0.001566716845538168,
            0.027366574175351634
        ]
    },
    "3": {
        "avg_baseline_value": 0.013999300953815404,
        "baseline_std": 0.010611923715122349,
        "baseline_values": [
            0.030797416589826192,
            0.004624684688872993,
            0.0026532008522378936,
            0.010641902235569621,
            0.021279300402570322
        ]
    },
    "4": {
        "avg_baseline_value": 7.931586786636668e-06,
        "baseline_std": 7.856487791117503e-06,
        "baseline_values": [
            5.483275378488855e-07,
            2.1493303031436636e-05,
            2.8606381378142044e-06,
            2.6948031527421766e-06,
            1.2060862073341431e-05
        ]
    },
    "5": {
        "avg_baseline_value": 0.004597240172034234,
        "baseline_std": 0.005055757990167262,
        "baseline_values": [
            0.011839263070201259,
            0.00044985183403189305,
            0.0009580150740301789,
            0.00013860160866284896,
            0.009600469273244986
        ]
    },
    "6": {
        "avg_baseline_value": 0.00028102131378512473,
        "baseline_std": 0.0003984436003862411,
        "baseline_values": [
            0.0001616045552611974,
            8.608994856778532e-05,
            8.51427557708154e-05,
            8.805695759901356e-07,
            0.0010713887397498353
        ]
    },
    "7": {
        "avg_baseline_value": 0.004473077735254168,
        "baseline_std": 0.006832561569630032,
        "baseline_values": [
            0.000444267704363648,
            0.0023301509655802044,
            0.00016398675503101926,
            0.0013737103920774278,
            0.018053272859218542
        ]
    },
    "8": {
        "avg_baseline_value": 0.0027241825647515345,
        "baseline_std": 0.004525282602445839,
        "baseline_values": [
            9.413758952022617e-05,
            0.0010266328978780009,
            0.00027309643404024555,
            0.0004739741222764676,
            0.011753071780042732
        ]
    },
    "9": {
        "avg_baseline_value": 0.035593938149590415,
        "baseline_std": 0.027813517456268935,
        "baseline_values": [
            0.0748593565758885,
            0.008935070616168333,
            0.0024593571169197947,
            0.03347066148212046,
            0.058245244956854986
        ]
    },
    "10": {
        "avg_baseline_value": 0.019810374603258185,
        "baseline_std": 0.016992471601416256,
        "baseline_values": [
            0.025648733492003244,
            0.006112149272182232,
            1.4776555892011037e-05,
            0.01867624560415323,
            0.048599968092060214
        ]
    },
    "11": {
        "avg_baseline_value": 1.3590900871715557e-05,
        "baseline_std": 7.568163826471219e-06,
        "baseline_values": [
            2.277882096650369e-05,
            1.0516643976374187e-05,
            7.15876513804295e-06,
            5.058373654907171e-06,
            2.2441900622749786e-05
        ]
    },
    "12": {
        "avg_baseline_value": 1.1088641498440308e-05,
        "baseline_std": 1.4021194082296246e-05,
        "baseline_values": [
            9.582987699061384e-06,
            2.8078991747215865e-06,
            8.934806387029366e-07,
            3.6358091826507297e-06,
            3.85230307970649e-05
        ]
    },
    "13": {
        "avg_baseline_value": 0.029959000135025254,
        "baseline_std": 0.043707927942068577,
        "baseline_values": [
            0.01665597793653853,
            0.005918634888814694,
            0.00034226592727830814,
            0.01015667469161197,
            0.11672144723088276
        ]
    },
    "14": {
        "avg_baseline_value": 0.0013206567832083221,
        "baseline_std": 0.0010071118088548906,
        "baseline_values": [
            0.0029709966221908783,
            0.001695094447155912,
            0.00057167306820365,
            3.749082545802942e-05,
            0.00132802895303314
        ]
    },
    "15": {
        "avg_baseline_value": 0.004428442136091632,
        "baseline_std": 0.0018981455717834502,
        "baseline_values": [
            0.005534223280316559,
            0.0046680744101536,
            0.0069706457972140996,
            0.00131951026385345,
            0.0036497569289204537
        ]
    },
    "16": {
        "avg_baseline_value": 0.004179804090312012,
        "baseline_std": 0.005660708098172548,
        "baseline_values": [
            0.002079369162638769,
            0.001119733218452726,
            0.00012075277037594745,
            0.0021764817934154636,
            0.015402683506677154
        ]
    },
    "17": {
        "avg_baseline_value": 0.02670573290277964,
        "baseline_std": 0.026644796588653014,
        "baseline_values": [
            0.03957970902398546,
            0.0032806842888064127,
            0.0004417272973325682,
            0.01802286050811845,
            0.0722036833956553
        ]
    },
    "overall_baseline": 0.008633535566352355
}