{
    "0": {
        "avg_baseline_value": 7.129572416494626e-06,
        "baseline_std": 6.793721646339511e-06,
        "baseline_values": [
            1.7285873384863044e-06,
            1.765379904138375e-05,
            8.54066025261972e-06,
            5.952430334887258e-07
        ]
    },
    "1": {
        "avg_baseline_value": 1.7884222181962844e-05,
        "baseline_std": 1.4248759914550475e-05,
        "baseline_values": [
            6.364862100903265e-06,
            3.3284732802898307e-05,
            3.068653651329977e-05,
            1.2007573107500292e-06
        ]
    },
    "2": {
        "avg_baseline_value": 0.0016284621788504366,
        "baseline_std": 0.0012577822092543227,
        "baseline_values": [
            0.00277666805338541,
            0.0007564457363759599,
            0.002941424773234447,
            3.9310152405929824e-05
        ]
    },
    "3": {
        "avg_baseline_value": 0.003308156174283607,
        "baseline_std": 0.003504181306954767,
        "baseline_values": [
            0.004197724912379356,
            0.0002110906637920331,
            0.00867203825626515,
            0.00015177086469788794
        ]
    },
    "4": {
        "avg_baseline_value": 6.344942365873962e-06,
        "baseline_std": 4.005598460564383e-06,
        "baseline_values": [
            1.0665174395930723e-05,
            8.942496538447403e-06,
            5.609989486321314e-06,
            1.6210904279640614e-07
        ]
    },
    "5": {
        "avg_baseline_value": 0.0008941007522343819,
        "baseline_std": 0.0011511867782071992,
        "baseline_values": [
            0.00019382103434767385,
            0.002886526239127202,
            0.0003025835502607727,
            0.00019347218520187926
        ]
    },
    "6": {
        "avg_baseline_value": 7.270086535040705e-05,
        "baseline_std": 9.946614016717489e-05,
        "baseline_values": [
            5.272331487509403e-06,
            0.00024432635738787776,
            2.9076830687494127e-05,
            1.2127941838746912e-05
        ]
    },
    "7": {
        "avg_baseline_value": 0.01803583628498204,
        "baseline_std": 0.013351916289999599,
        "baseline_values": [
            0.03563425082899465,
            0.010975881680399554,
            0.024973529597393806,
            0.0005596830331401507
        ]
    },
    "8": {
        "avg_baseline_value": 0.010187865176775359,
        "baseline_std": 0.011612952853715058,
        "baseline_values": [
            0.011426720434384684,
            0.00027347146661078675,
            0.028702732964114328,
            0.000348535841991639
        ]
    },
    "9": {
        "avg_baseline_value": 0.008573059985976373,
        "baseline_std": 0.008434159528096829,
        "baseline_values": [
            0.018020521983884197,
            0.0003053115709870811,
            0.01592782790740363,
            3.857848163058968e-05
        ]
    },
    "10": {
        "avg_baseline_value": 0.03470326141944507,
        "baseline_std": 0.03102713092522008,
        "baseline_values": [
            0.0513249776987568,
            0.008925431796791112,
            0.07714974990377788,
            0.0014128862784544972
        ]
    },
    "11": {
        "avg_baseline_value": 2.3784603028668e-06,
        "baseline_std": 2.6811327541775335e-06,
        "baseline_values": [
            1.3291550966563102e-06,
            4.1094158866193035e-07,
            6.987767842755651e-06,
            7.859766833933087e-07
        ]
    },
    "12": {
        "avg_baseline_value": 1.545314572895408e-06,
        "baseline_std": 1.144231422153952e-06,
        "baseline_values": [
            2.410987508876498e-06,
            2.8601738377058525e-06,
            8.917734042847701e-07,
            1.8323540714511018e-08
        ]
    },
    "13": {
        "avg_baseline_value": 0.03278393414735716,
        "baseline_std": 0.03027344710613116,
        "baseline_values": [
            0.05008962472509597,
            0.006486818978422506,
            0.07357343618776303,
            0.0009858566981471404
        ]
    },
    "14": {
        "avg_baseline_value": 0.000609247658997582,
        "baseline_std": 0.00045024000870856574,
        "baseline_values": [
            0.00016054791436747118,
            0.0011169710668084332,
            0.0009980705293443869,
            0.00016140112547003685
        ]
    },
    "15": {
        "avg_baseline_value": 0.010428287735943927,
        "baseline_std": 0.01174953077166523,
        "baseline_values": [
            0.02898182846526036,
            0.000309398308187094,
            0.012127397890706567,
            0.00029452627962169036
        ]
    },
    "16": {
        "avg_baseline_value": 0.0004068314410743966,
        "baseline_std": 0.0003666579893234515,
        "baseline_values": [
            0.0006437967948202456,
            8.956596301368523e-05,
            0.0008815607866263465,
            1.2402219837309112e-05
        ]
    },
    "17": {
        "avg_baseline_value": 0.012640246088096616,
        "baseline_std": 0.012612845794768722,
        "baseline_values": [
            0.026497726171646967,
            0.0001188870062675939,
            0.02394358314522272,
            7.880292491822746e-07
        ]
    },
    "overall_baseline": 0.0074615151345115245
}