{
    "0": {
        "avg_baseline_value": 3.3930327009201044e-05,
        "baseline_std": 2.5478089272046816e-05,
        "baseline_values": [
            1.72100413577916e-05,
            2.866544070093568e-05,
            1.292626270603521e-05,
            7.691956327204171e-05
        ]
    },
    "1": {
        "avg_baseline_value": 0.00015161082772597242,
        "baseline_std": 0.00013026332662313325,
        "baseline_values": [
            6.455802940969412e-05,
            0.00016451393712725056,
            1.930390081817952e-05,
            0.0003580674435487655
        ]
    },
    "2": {
        "avg_baseline_value": 0.010978321165368485,
        "baseline_std": 0.010869427714420397,
        "baseline_values": [
            0.00011661116430757427,
            0.02880491536553579,
            0.004990003522419847,
            0.010001754609210734
        ]
    },
    "3": {
        "avg_baseline_value": 0.0006043103995287706,
        "baseline_std": 0.0005429900070786349,
        "baseline_values": [
            0.00023245389760888265,
            0.0014419547867150142,
            3.160177452161196e-05,
            0.0007112311392695732
        ]
    },
    "4": {
        "avg_baseline_value": 1.2935922013252177e-05,
        "baseline_std": 1.117128063252174e-05,
        "baseline_values": [
            9.450532049730298e-07,
            2.7370472692763343e-05,
            2.020133815049514e-05,
            3.2268240047771997e-06
        ]
    },
    "5": {
        "avg_baseline_value": 0.020331051414092742,
        "baseline_std": 0.020289998182367944,
        "baseline_values": [
            0.010145862571998695,
            0.016309441337314087,
            0.000733251295208912,
            0.054135650451849274
        ]
    },
    "6": {
        "avg_baseline_value": 0.0012580540769980702,
        "baseline_std": 0.001372863363396593,
        "baseline_values": [
            3.342305429188092e-05,
            0.0035601899277788365,
            0.0004373829568237818,
            0.0010012203690977816
        ]
    },
    "7": {
        "avg_baseline_value": 0.008535887070869176,
        "baseline_std": 0.003861488576269859,
        "baseline_values": [
            0.003351942372990549,
            0.014078111332786762,
            0.007359084626524738,
            0.009354409951174656
        ]
    },
    "8": {
        "avg_baseline_value": 0.0007540336926494481,
        "baseline_std": 0.0007710149778498703,
        "baseline_values": [
            0.002059077258261187,
            5.193265859077136e-05,
            0.00045355387194743704,
            0.0004515709817983965
        ]
    },
    "9": {
        "avg_baseline_value": 0.004538872736963838,
        "baseline_std": 0.004124597741410609,
        "baseline_values": [
            0.0005741352224464889,
            0.008597571473216135,
            0.008725840210776067,
            0.0002579440414166646
        ]
    },
    "10": {
        "avg_baseline_value": 0.01008829635704372,
        "baseline_std": 0.006945938955018073,
        "baseline_values": [
            0.001585735237802443,
            0.01952246759552953,
            0.013575540159799988,
            0.005669442435042916
        ]
    },
    "11": {
        "avg_baseline_value": 1.227290876409881e-06,
        "baseline_std": 4.1977984061046884e-07,
        "baseline_values": [
            8.413473514151725e-07,
            1.250764053411342e-06,
            9.137206910879407e-07,
            1.9033314097250686e-06
        ]
    },
    "12": {
        "avg_baseline_value": 1.4498768671908912e-05,
        "baseline_std": 5.431973199752549e-06,
        "baseline_values": [
            7.237909678836608e-06,
            2.2351774092836794e-05,
            1.5518036709692462e-05,
            1.2887354206269787e-05
        ]
    },
    "13": {
        "avg_baseline_value": 0.006164196603326035,
        "baseline_std": 0.006974943192742246,
        "baseline_values": [
            0.0007825354974808675,
            0.01811436441157253,
            0.003673007913663926,
            0.0020868785905868202
        ]
    },
    "14": {
        "avg_baseline_value": 0.00797593125745218,
        "baseline_std": 0.006759911451173618,
        "baseline_values": [
            0.0028343632297089688,
            0.011267562431438791,
            0.0004213973239346241,
            0.017380402044726333
        ]
    },
    "15": {
        "avg_baseline_value": 0.011692335486673033,
        "baseline_std": 0.010930613387064528,
        "baseline_values": [
            0.002122480204882565,
            0.018775412511269796,
            3.0898138929958685e-05,
            0.025840551091609817
        ]
    },
    "16": {
        "avg_baseline_value": 0.0035177260526309713,
        "baseline_std": 0.0038981887765431344,
        "baseline_values": [
            0.00010604904838489585,
            0.010148224670501173,
            0.0019130458493950256,
            0.001903584642242792
        ]
    },
    "17": {
        "avg_baseline_value": 0.003362779282746688,
        "baseline_std": 0.0034936399677244186,
        "baseline_values": [
            0.001180065736358357,
            0.002477958914205399,
            0.0005050742075935322,
            0.009288018272829462
        ]
    },
    "overall_baseline": 0.005000888818479994
}