{
    "0": {
        "avg_baseline_value": 2.0920386639803713e-05,
        "baseline_std": 1.3921232568752316e-05,
        "baseline_values": [
            3.955185101877159e-07,
            8.595519210414597e-06,
            2.108839002165577e-05,
            4.412689214810019e-05,
            3.5843016470672044e-05,
            1.6280916280198633e-05,
            2.0112453837397055e-05
        ]
    },
    "1": {
        "avg_baseline_value": 2.889678372013245e-05,
        "baseline_std": 3.8538796172801945e-05,
        "baseline_values": [
            4.960771085675863e-06,
            3.402185858996453e-05,
            2.731485405765301e-05,
            0.00011909998413075134,
            8.639280688258282e-06,
            9.387962625544375e-07,
            7.301941226069698e-06
        ]
    },
    "2": {
        "avg_baseline_value": 0.004385373865387189,
        "baseline_std": 0.00896027077222972,
        "baseline_values": [
            0.0017060881071610703,
            0.0002961820891728925,
            0.026291184809659328,
            8.435311861794084e-05,
            0.000715820164185492,
            0.0002565905616859867,
            0.0013473982072276136
        ]
    },
    "3": {
        "avg_baseline_value": 0.0040786168244497404,
        "baseline_std": 0.006614388806060095,
        "baseline_values": [
            0.004897249369460962,
            0.01986755094519817,
            0.0006810850909999623,
            0.00020807394665766756,
            0.0015092738494712247,
            0.0010450165936673576,
            0.0003420679756928383
        ]
    },
    "4": {
        "avg_baseline_value": 1.6706181887741243e-05,
        "baseline_std": 2.0276282054930898e-05,
        "baseline_values": [
            2.427550655002139e-06,
            3.577131261119165e-08,
            1.2899779815814708e-05,
            2.0112859054692602e-05,
            5.984038666993198e-06,
            6.391483083764141e-05,
            1.1568442871433446e-05
        ]
    },
    "5": {
        "avg_baseline_value": 0.005252058546667584,
        "baseline_std": 0.004281163368881804,
        "baseline_values": [
            0.014470570361448278,
            0.003202695720286098,
            0.007012136426687088,
            0.004818971550033552,
            0.005027640697553594,
            0.002002531556011293,
            0.0002298635146531822
        ]
    },
    "6": {
        "avg_baseline_value": 5.976324029430572e-05,
        "baseline_std": 5.7387363981953747e-05,
        "baseline_values": [
            1.4801196805597982e-05,
            6.18604891958032e-05,
            2.208428622022574e-05,
            9.066877532939163e-06,
            0.00016590870625389351,
            2.0082085787076382e-05,
            0.00012453904026460405
        ]
    },
    "7": {
        "avg_baseline_value": 0.0036929749593403076,
        "baseline_std": 0.006395765788097163,
        "baseline_values": [
            0.0002554930478424601,
            0.00029547835059147784,
            0.01890975338999812,
            0.0003199076374677401,
            0.0047016216407791125,
            0.0013668361583752413,
            1.7344903280049907e-06
        ]
    },
    "8": {
        "avg_baseline_value": 0.005633243411229487,
        "baseline_std": 0.0071274428431183,
        "baseline_values": [
            0.01478500435981141,
            0.018298938733150697,
            0.0002062554206640039,
            0.004777994138431235,
            9.540698231773677e-05,
            0.0011838300282030233,
            8.527421602831206e-05
        ]
    },
    "9": {
        "avg_baseline_value": 0.01561829128481716,
        "baseline_std": 0.016031018682606795,
        "baseline_values": [
            0.024885685234566607,
            0.01626084325976621,
            0.04792188936502246,
            0.002117657428838924,
            6.483483608116362e-05,
            0.00013990513775017299,
            0.01793722373169461
        ]
    },
    "10": {
        "avg_baseline_value": 0.008545813550909217,
        "baseline_std": 0.006720103816826845,
        "baseline_values": [
            0.0037861518816146573,
            0.021092623698205366,
            0.0005460454036615555,
            0.002357262219771298,
            0.00702567813345317,
            0.012329089018608302,
            0.012683844501050173
        ]
    },
    "11": {
        "avg_baseline_value": 5.617677380218957e-06,
        "baseline_std": 5.0658408299355365e-06,
        "baseline_values": [
            5.096019956866588e-06,
            1.1681669074767004e-05,
            1.4593829073194343e-05,
            1.2700092389197666e-06,
            4.624243620380291e-06,
            1.1349670056987003e-06,
            9.23003691706e-07
        ]
    },
    "12": {
        "avg_baseline_value": 8.213751307052603e-06,
        "baseline_std": 6.928007157352744e-06,
        "baseline_values": [
            4.7486776751576007e-07,
            7.696187384200752e-07,
            1.2227849008274767e-05,
            1.688819925553277e-05,
            8.649413530001636e-07,
            9.470256173242857e-06,
            1.6800526853381816e-05
        ]
    },
    "13": {
        "avg_baseline_value": 0.024613998167798256,
        "baseline_std": 0.0333834176530909,
        "baseline_values": [
            0.0914538453022549,
            0.059419482458621324,
            0.009196122631569386,
            0.003907695695015966,
            0.0008559842943200659,
            0.006830503132104112,
            0.0006343536607020163
        ]
    },
    "14": {
        "avg_baseline_value": 0.0007793643223426063,
        "baseline_std": 0.0012184432349656106,
        "baseline_values": [
            2.184458042029629e-05,
            0.0005985367738631008,
            8.830820721988041e-05,
            0.0036326302092885977,
            1.803032876923381e-05,
            5.7991861042557107e-05,
            0.0010382082957945788
        ]
    },
    "15": {
        "avg_baseline_value": 0.005080434036350323,
        "baseline_std": 0.005298749744126836,
        "baseline_values": [
            0.0005969204847157875,
            0.014281485149874562,
            0.006423794594631866,
            0.01127861498000204,
            0.0013509218628081718,
            1.9432884005093864e-05,
            0.0016118682984147426
        ]
    },
    "16": {
        "avg_baseline_value": 0.000628521965915481,
        "baseline_std": 0.0004909982092946303,
        "baseline_values": [
            0.0008285842525000807,
            7.420587847225929e-05,
            0.0014481971126193208,
            0.0010150954423190147,
            0.0007542929721712825,
            2.7554942822908633e-05,
            0.0002517231605035004
        ]
    },
    "17": {
        "avg_baseline_value": 0.027878564286194396,
        "baseline_std": 0.025149196403620105,
        "baseline_values": [
            0.07628545997195946,
            0.05164621545498744,
            0.03084366289845391,
            0.0133372969229146,
            0.001776006519618607,
            0.007263075789535835,
            0.013998232445890926
        ]
    },
    "overall_baseline": 0.005907076291257278
}