{
    "0": {
        "avg_baseline_value": 5.157669701508174e-06,
        "baseline_std": 2.5335669733958538e-06,
        "baseline_values": [
            7.627486673955091e-06,
            2.464952656177034e-06,
            6.504805615850285e-06,
            7.450140962648294e-06,
            1.7409625989101642e-06
        ]
    },
    "1": {
        "avg_baseline_value": 1.0081639357207707e-05,
        "baseline_std": 8.952135085189264e-06,
        "baseline_values": [
            1.3410894234725423e-05,
            4.004834369559069e-06,
            1.6764213642688946e-06,
            5.173455980118041e-06,
            2.6142590837367107e-05
        ]
    },
    "2": {
        "avg_baseline_value": 0.0015916309532313516,
        "baseline_std": 0.0018963099174273879,
        "baseline_values": [
            0.00219792012824005,
            0.0003034100479080133,
            5.660994100145918e-05,
            0.0003401149928744047,
            0.0050600996561328306
        ]
    },
    "3": {
        "avg_baseline_value": 0.0012776015268059443,
        "baseline_std": 0.0013682194361161449,
        "baseline_values": [
            0.003810002411580975,
            8.083666083487371e-07,
            0.00032712573994668243,
            0.001553352111782703,
            0.000696719004111012
        ]
    },
    "4": {
        "avg_baseline_value": 4.690128369233933e-06,
        "baseline_std": 3.9668716427863e-06,
        "baseline_values": [
            1.9192580131795918e-06,
            1.4916611027394079e-06,
            2.9999324522174506e-06,
            4.7395877105757435e-06,
            1.2300202567457468e-05
        ]
    },
    "5": {
        "avg_baseline_value": 0.00023743699006043627,
        "baseline_std": 0.0003068034411437769,
        "baseline_values": [
            0.0008407091462071513,
            3.5840200567506406e-05,
            0.00018356163137526031,
            2.694313052897029e-05,
            0.00010013084162329314
        ]
    },
    "6": {
        "avg_baseline_value": 7.279996746583977e-05,
        "baseline_std": 3.610250222353236e-05,
        "baseline_values": [
            4.8682587084107924e-05,
            9.148137384574454e-05,
            0.00010475788078070496,
            1.3640765287306153e-05,
            0.00010543723033133525
        ]
    },
    "7": {
        "avg_baseline_value": 0.006921529987382266,
        "baseline_std": 0.005506419038483364,
        "baseline_values": [
            0.011393828378945692,
            0.0058612830817671695,
            0.00131685305487186,
            0.014969873710326032,
            0.0010658117110005775
        ]
    },
    "8": {
        "avg_baseline_value": 0.011048701592354757,
        "baseline_std": 0.00608911663776577,
        "baseline_values": [
            0.009503088387207285,
            0.0035347393948170405,
            0.018152405755873388,
            0.01811608833912249,
            0.005937186084753576
        ]
    },
    "9": {
        "avg_baseline_value": 0.007693811714081905,
        "baseline_std": 0.006092409872279836,
        "baseline_values": [
            0.014767908781993407,
            0.0008891191641035293,
            0.0001044604756891874,
            0.009796297029667035,
            0.012911273118956366
        ]
    },
    "10": {
        "avg_baseline_value": 0.018285871890914848,
        "baseline_std": 0.014209144148963968,
        "baseline_values": [
            0.027192212762549725,
            0.012722018170390613,
            0.010667819047703989,
            0.04082027885922296,
            2.7030614706948077e-05
        ]
    },
    "11": {
        "avg_baseline_value": 3.4137119863370514e-06,
        "baseline_std": 3.581235744456838e-06,
        "baseline_values": [
            4.638245572493659e-07,
            5.315693127273887e-06,
            9.612136825823326e-06,
            5.909774416806603e-07,
            1.085927979658017e-06
        ]
    },
    "12": {
        "avg_baseline_value": 7.505245376614351e-06,
        "baseline_std": 9.131582959611678e-06,
        "baseline_values": [
            3.9938811872466515e-07,
            3.4515424581503953e-06,
            7.17291666219456e-07,
            8.027068248762508e-06,
            2.493093639121473e-05
        ]
    },
    "13": {
        "avg_baseline_value": 0.01110769715299413,
        "baseline_std": 0.008774336372244479,
        "baseline_values": [
            0.023730483549765476,
            0.005671038270468904,
            0.004626894211132327,
            0.019524394863277107,
            0.001985674870326841
        ]
    },
    "14": {
        "avg_baseline_value": 0.0003959720553009365,
        "baseline_std": 0.0002615936030834066,
        "baseline_values": [
            0.00020896026231694934,
            0.00019699825183062334,
            0.0009006453239865141,
            0.0002825283541547773,
            0.0003907280842158181
        ]
    },
    "15": {
        "avg_baseline_value": 0.0046780047242624325,
        "baseline_std": 0.0055765914826607765,
        "baseline_values": [
            0.00709382544992874,
            0.00014779251792334483,
            0.0007675688400307559,
            0.014607501217273729,
            0.0007733355961555944
        ]
    },
    "16": {
        "avg_baseline_value": 5.442656256551265e-05,
        "baseline_std": 4.389338868841283e-05,
        "baseline_values": [
            2.223373796509925e-05,
            0.0001381273563793076,
            2.132944173623169e-05,
            3.245305442071426e-05,
            5.798922232621045e-05
        ]
    },
    "17": {
        "avg_baseline_value": 0.0038880169498050265,
        "baseline_std": 0.0029211968185110563,
        "baseline_values": [
            0.004937744646926441,
            0.0015871709704561726,
            0.0031009063073526985,
            0.009004350106908691,
            0.0008099127173811308
        ]
    },
    "overall_baseline": 0.0037380194701120157
}