{
    "0": {
        "avg_baseline_value": 4.3964852177662794e-05,
        "baseline_std": 4.227076686234495e-05,
        "baseline_values": [
            0.00012355528246468027,
            2.4169067001059294e-05,
            2.5885077675531263e-05,
            6.281431903932151e-07,
            4.55866905566499e-05
        ]
    },
    "1": {
        "avg_baseline_value": 0.0007352090205806729,
        "baseline_std": 0.001057728259050251,
        "baseline_values": [
            0.002762556265885955,
            4.417920271216184e-05,
            5.681648982406614e-05,
            2.6795389048747105e-07,
            0.0008122251905906946
        ]
    },
    "2": {
        "avg_baseline_value": 0.0150697318735526,
        "baseline_std": 0.012720075733183013,
        "baseline_values": [
            0.016542681847481717,
            0.03150376614514782,
            0.0012342570471934801,
            5.234377140531052e-05,
            0.02601561055653466
        ]
    },
    "3": {
        "avg_baseline_value": 0.0030033465370774455,
        "baseline_std": 0.0029639131917205035,
        "baseline_values": [
            0.005235307826629527,
            9.56478725540083e-05,
            0.007571832242078817,
            4.708675941461785e-05,
            0.0020668579847102587
        ]
    },
    "4": {
        "avg_baseline_value": 5.113673439403974e-05,
        "baseline_std": 5.4379084093656926e-05,
        "baseline_values": [
            7.10701418750276e-05,
            2.5208395484736587e-05,
            1.0338620314119252e-05,
            5.179757007424773e-07,
            0.00014854853859557276
        ]
    },
    "5": {
        "avg_baseline_value": 0.018478302607553142,
        "baseline_std": 0.011793412861244256,
        "baseline_values": [
            0.026391547849988525,
            0.011411362643311893,
            0.02056543999667891,
            6.750917726634114e-05,
            0.033955653370520054
        ]
    },
    "6": {
        "avg_baseline_value": 0.0014985182244896585,
        "baseline_std": 0.0019168297425023592,
        "baseline_values": [
            0.004874571995157289,
            0.00018078362068946267,
            2.7473584913144455e-05,
            5.969944584600243e-07,
            0.0024091649272299357
        ]
    },
    "7": {
        "avg_baseline_value": 0.09187628039483602,
        "baseline_std": 0.11633394542199824,
        "baseline_values": [
            0.13038917306272244,
            0.01881588461491423,
            0.006015713741244241,
            5.1072341204245645e-05,
            0.30410955821409497
        ]
    },
    "8": {
        "avg_baseline_value": 0.014985106520347555,
        "baseline_std": 0.029413941547179426,
        "baseline_values": [
            0.07381148573147284,
            0.0006317331274875497,
            0.00011294106509580235,
            2.4393744225724797e-05,
            0.00034497893345585945
        ]
    },
    "9": {
        "avg_baseline_value": 0.05490587592885961,
        "baseline_std": 0.0546067273207077,
        "baseline_values": [
            0.10717094553976736,
            0.032123842428895634,
            0.0030965272561823192,
            1.8392298462231983e-05,
            0.13211967212099046
        ]
    },
    "10": {
        "avg_baseline_value": 0.041175956999466024,
        "baseline_std": 0.05112404593634821,
        "baseline_values": [
            0.08182205360025578,
            0.001101301151002095,
            0.0009408912779586315,
            0.0001604397653514233,
            0.12185509920276218
        ]
    },
    "11": {
        "avg_baseline_value": 1.3365857861953435e-05,
        "baseline_std": 1.5676118503091234e-05,
        "baseline_values": [
            4.210841155762459e-06,
            1.4188946776003454e-05,
            4.816737928199332e-06,
            2.5830393870338433e-07,
            4.335445951109855e-05
        ]
    },
    "12": {
        "avg_baseline_value": 4.249274403201594e-05,
        "baseline_std": 4.8087783295773345e-05,
        "baseline_values": [
            7.038122344098898e-05,
            3.2864955675033926e-07,
            1.7991571579517286e-05,
            1.6490018403774025e-08,
            0.00012374578556441934
        ]
    },
    "13": {
        "avg_baseline_value": 0.0235517234427512,
        "baseline_std": 0.023681628396217087,
        "baseline_values": [
            0.00482655159133605,
            0.04205804696741765,
            0.060769568402642575,
            0.0005052103455924051,
            0.009599239906767342
        ]
    },
    "14": {
        "avg_baseline_value": 0.03053124935624756,
        "baseline_std": 0.03911594513858299,
        "baseline_values": [
            0.05643556211631034,
            0.0005667217212771125,
            5.560327226544751e-05,
            6.94635462407846e-05,
            0.0955288961251441
        ]
    },
    "15": {
        "avg_baseline_value": 0.01959553862418002,
        "baseline_std": 0.022119138886056457,
        "baseline_values": [
            0.05054024465105406,
            0.0042288038115926236,
            0.0008610083576941211,
            6.559091033457338e-07,
            0.04234698039145596
        ]
    },
    "16": {
        "avg_baseline_value": 0.004199586444167905,
        "baseline_std": 0.005448474354319345,
        "baseline_values": [
            0.002723199198760909,
            0.0014076953246824526,
            0.0019107506413200762,
            4.244070923046724e-06,
            0.014952042985153038
        ]
    },
    "17": {
        "avg_baseline_value": 0.032739326997267226,
        "baseline_std": 0.022478344540401762,
        "baseline_values": [
            0.022671151741511346,
            0.02944017675291358,
            0.04395136711455818,
            7.985306288015594e-06,
            0.06762595407106499
        ]
    },
    "overall_baseline": 0.019583150731102353
}