{
    "0": {
        "avg_baseline_value": 0.009574359257748308,
        "baseline_std": 0.011905826997180718,
        "baseline_values": [
            0.012627707274505679,
            0.0010160813374091087,
            0.0006081870099435666,
            0.001959356743666765,
            0.03166046392321642
        ]
    },
    "1": {
        "avg_baseline_value": 0.0009050154779485561,
        "baseline_std": 0.0009929877304375773,
        "baseline_values": [
            8.363112425719398e-05,
            0.00038531959876415335,
            0.0013350621174945325,
            5.948733219309987e-05,
            0.002661577217033801
        ]
    },
    "2": {
        "avg_baseline_value": 1.0648734866621533e-05,
        "baseline_std": 1.3133530243112989e-05,
        "baseline_values": [
            5.570599207829023e-06,
            1.3029772417900712e-06,
            1.3305485991449036e-06,
            8.724020406505023e-06,
            3.631552887783864e-05
        ]
    },
    "3": {
        "avg_baseline_value": 0.0024760515515656525,
        "baseline_std": 0.003767366467158076,
        "baseline_values": [
            0.0012415815901814856,
            0.0002667583498349182,
            0.00015470910346650836,
            0.0007459312798242835,
            0.009971277434521067
        ]
    },
    "4": {
        "avg_baseline_value": 0.00022542217527283972,
        "baseline_std": 0.0002353244893050312,
        "baseline_values": [
            3.514633474986296e-05,
            0.0006675443347913923,
            0.00023261349597137248,
            1.9715389096585897e-05,
            0.00017209132175498496
        ]
    },
    "5": {
        "avg_baseline_value": 0.00014378234565516618,
        "baseline_std": 0.00025844868388284054,
        "baseline_values": [
            4.821931298123784e-05,
            3.3118439526966977e-06,
            1.0350577200709922e-06,
            6.8292935293801015e-06,
            0.0006595162200924452
        ]
    },
    "6": {
        "avg_baseline_value": 0.00010715576146684565,
        "baseline_std": 0.00011629290390099098,
        "baseline_values": [
            0.000336256599823806,
            1.3184846854685142e-05,
            5.0121672334476704e-05,
            6.833537949027266e-05,
            6.788030883098769e-05
        ]
    },
    "7": {
        "avg_baseline_value": 0.00016387594279963,
        "baseline_std": 0.00010914270556980396,
        "baseline_values": [
            0.00019464664352073052,
            9.550457590266987e-05,
            0.00013792507698219138,
            3.5579342325304435e-05,
            0.0003557240752672537
        ]
    },
    "8": {
        "avg_baseline_value": 0.0005372284899761751,
        "baseline_std": 0.00038627270931388254,
        "baseline_values": [
            0.0007103443722391961,
            5.225641698504884e-05,
            0.00010925481364247957,
            0.0007975294969340758,
            0.001016757350080075
        ]
    },
    "9": {
        "avg_baseline_value": 0.0033750527383800575,
        "baseline_std": 0.0061920937884102495,
        "baseline_values": [
            0.00039942029362720935,
            0.00019171136658648614,
            4.3715297958288736e-05,
            0.0004850507500339266,
            0.015755365983694376
        ]
    },
    "10": {
        "avg_baseline_value": 8.963560692880147e-05,
        "baseline_std": 5.989943034391341e-05,
        "baseline_values": [
            0.0001955069405202665,
            6.912674809918205e-05,
            2.9985199724117932e-05,
            0.00011157633968090213,
            4.198280661953868e-05
        ]
    },
    "11": {
        "avg_baseline_value": 0.00013202285693495445,
        "baseline_std": 0.00020478152518822303,
        "baseline_values": [
            1.106959789867546e-05,
            4.8362303260039695e-05,
            4.188615667289473e-05,
            1.8165430745529787e-05,
            0.0005406307960976326
        ]
    },
    "12": {
        "avg_baseline_value": 0.00018839903134339176,
        "baseline_std": 0.0002080580738834842,
        "baseline_values": [
            2.8443787245132993e-05,
            1.6183763823762704e-05,
            0.00024821453479087003,
            7.908670634324654e-05,
            0.0005700663645139465
        ]
    },
    "13": {
        "avg_baseline_value": 0.008384124482283026,
        "baseline_std": 0.014480086106034773,
        "baseline_values": [
            0.0013847799753510367,
            0.0010809504147403944,
            0.0009362260861751645,
            0.0011758351935329731,
            0.03734283074161556
        ]
    },
    "14": {
        "avg_baseline_value": 0.00019821351661608263,
        "baseline_std": 0.00023991606599714163,
        "baseline_values": [
            0.0005641685878454938,
            8.919385574680406e-06,
            0.0004072034699053938,
            4.142072950276241e-06,
            6.634066804568868e-06
        ]
    },
    "15": {
        "avg_baseline_value": 5.884518668315459e-06,
        "baseline_std": 6.284409076147584e-06,
        "baseline_values": [
            9.31561226543898e-06,
            6.556289836552538e-07,
            3.6960226294669085e-07,
            2.4273978600814512e-06,
            1.6654351969454924e-05
        ]
    },
    "16": {
        "avg_baseline_value": 0.00026896935134060557,
        "baseline_std": 0.0004069999625024214,
        "baseline_values": [
            1.4347458169283495e-05,
            9.794363962839029e-06,
            0.00017139771804110658,
            7.47361594130906e-05,
            0.001074571057116708
        ]
    },
    "17": {
        "avg_baseline_value": 0.0004923458665205147,
        "baseline_std": 0.0008080491431910203,
        "baseline_values": [
            5.914830305026751e-05,
            6.099950433134849e-05,
            0.00017036534283235806,
            6.496964301491453e-05,
            0.0021062465393736846
        ]
    },
    "overall_baseline": 0.0015154548725730857
}