{
    "0": {
        "avg_baseline_value": 0.0002824360365254448,
        "baseline_std": 0.00019062311488535913,
        "baseline_values": [
            0.0003721456517549148,
            0.0005500975912110038,
            7.374138418939465e-05,
            0.00013375951894646588
        ]
    },
    "1": {
        "avg_baseline_value": 0.002691511755141795,
        "baseline_std": 0.001727530796535866,
        "baseline_values": [
            0.0035181621063136953,
            0.0023197173900059887,
            0.004810615434066787,
            0.00011755209018071075
        ]
    },
    "2": {
        "avg_baseline_value": 4.8288369037778625e-06,
        "baseline_std": 3.83493014166392e-06,
        "baseline_values": [
            8.71559892483116e-06,
            1.8350511922518784e-06,
            8.527127484136374e-06,
            2.3757001389203742e-07
        ]
    },
    "3": {
        "avg_baseline_value": 0.0014219213123916512,
        "baseline_std": 0.002106620803640645,
        "baseline_values": [
            0.0002878031112837066,
            0.0002978759872318147,
            0.005066162275113626,
            3.584387593745666e-05
        ]
    },
    "4": {
        "avg_baseline_value": 0.0006074674513682958,
        "baseline_std": 0.0005936459227636979,
        "baseline_values": [
            0.00011549028017604754,
            0.001533650036808534,
            0.0007186474250451806,
            6.208206344342142e-05
        ]
    },
    "5": {
        "avg_baseline_value": 3.403210965935967e-06,
        "baseline_std": 1.2379501539903206e-06,
        "baseline_values": [
            4.1136271968760335e-06,
            4.910559703182357e-06,
            2.962927827916199e-06,
            1.6257291357692775e-06
        ]
    },
    "6": {
        "avg_baseline_value": 0.0009206703313474631,
        "baseline_std": 0.0012670500620202397,
        "baseline_values": [
            0.0005211646173859571,
            5.8928036793305946e-05,
            0.0030881882114890936,
            1.4400459721495756e-05
        ]
    },
    "7": {
        "avg_baseline_value": 0.00013281037159436918,
        "baseline_std": 0.00014913948230991622,
        "baseline_values": [
            6.776893475398569e-05,
            5.816607315154714e-05,
            0.00038894887608449246,
            1.6357602387451382e-05
        ]
    },
    "8": {
        "avg_baseline_value": 0.0010389882859216388,
        "baseline_std": 0.0008936971097108132,
        "baseline_values": [
            0.0009168771988724958,
            0.0007545408889530275,
            0.0024703375088224633,
            1.419754703856886e-05
        ]
    },
    "9": {
        "avg_baseline_value": 0.00015860786608130092,
        "baseline_std": 0.00016404122784890947,
        "baseline_values": [
            0.00042727164455870194,
            4.7213206968833866e-05,
            0.00015305652553723693,
            6.890087260430938e-06
        ]
    },
    "10": {
        "avg_baseline_value": 0.0005520558344401203,
        "baseline_std": 0.0004718888864821906,
        "baseline_values": [
            0.00016828613985000673,
            0.0012047812711780596,
            0.0007925567726834409,
            4.25991540489737e-05
        ]
    },
    "11": {
        "avg_baseline_value": 0.0005964010614884502,
        "baseline_std": 0.0009204621436536132,
        "baseline_values": [
            0.00011704268953732488,
            5.6380824707531344e-05,
            0.0021896099902117857,
            2.2570741497158876e-05
        ]
    },
    "12": {
        "avg_baseline_value": 0.00030196077348205346,
        "baseline_std": 0.0003621457455857341,
        "baseline_values": [
            0.000267517499272679,
            3.5530941876503535e-05,
            0.0009035983109708914,
            1.1963418081399331e-06
        ]
    },
    "13": {
        "avg_baseline_value": 0.0041856653659162095,
        "baseline_std": 0.005834796012868627,
        "baseline_values": [
            0.0009478018678114134,
            0.001491206361705997,
            0.01425250558297849,
            5.1147651168935366e-05
        ]
    },
    "14": {
        "avg_baseline_value": 0.0006579487265479878,
        "baseline_std": 0.0006516239257177363,
        "baseline_values": [
            0.0017186772623554718,
            0.0006627286691503588,
            7.21241144314101e-05,
            0.0001782648602547108
        ]
    },
    "15": {
        "avg_baseline_value": 1.7008966836293626e-05,
        "baseline_std": 2.033705992008986e-05,
        "baseline_values": [
            1.7643582870956867e-05,
            1.3841756146858205e-07,
            5.0002253457713754e-05,
            2.5161345503530613e-07
        ]
    },
    "16": {
        "avg_baseline_value": 0.00011630166670353485,
        "baseline_std": 0.0001173639445156373,
        "baseline_values": [
            0.00011342483497587414,
            0.0003071754998003486,
            1.1477597684262025e-07,
            4.449155606107407e-05
        ]
    },
    "17": {
        "avg_baseline_value": 5.603106512947345e-05,
        "baseline_std": 5.820487322287483e-05,
        "baseline_values": [
            4.983653700463071e-05,
            1.4603975581450657e-05,
            0.00015285811841042715,
            6.825629521385294e-06
        ]
    },
    "overall_baseline": 0.0007636677177103218
}