{
    "0": {
        "avg_baseline_value": 0.0008535277620971535,
        "baseline_std": 0.0007597790376778945,
        "baseline_values": [
            0.0012647425262264874,
            4.850402721992649e-05,
            0.00020949432000421243,
            0.0018913701749379876
        ]
    },
    "1": {
        "avg_baseline_value": 0.01214557694701113,
        "baseline_std": 0.011213832156784617,
        "baseline_values": [
            0.005513296098580105,
            0.012685642300269947,
            0.0003565277708555211,
            0.030026841618338945
        ]
    },
    "2": {
        "avg_baseline_value": 3.0315762830455735e-05,
        "baseline_std": 3.347741212951442e-05,
        "baseline_values": [
            1.2159924013538306e-05,
            1.9956772926453164e-05,
            1.9148977595519895e-06,
            8.723145662227948e-05
        ]
    },
    "3": {
        "avg_baseline_value": 0.0005349235680714691,
        "baseline_std": 0.00011501774269084304,
        "baseline_values": [
            0.0003831791733796918,
            0.0005600351603101878,
            0.0007012968415120644,
            0.0004951830970839323
        ]
    },
    "4": {
        "avg_baseline_value": 0.001388451277870714,
        "baseline_std": 0.0012987094522283345,
        "baseline_values": [
            0.00329101120573781,
            2.2792148404533458e-06,
            0.00039812023933681964,
            0.001862394451567774
        ]
    },
    "5": {
        "avg_baseline_value": 9.55768947385457e-05,
        "baseline_std": 7.988601703006026e-05,
        "baseline_values": [
            2.4412254377648763e-05,
            0.00017269330292944484,
            7.459820299815106e-06,
            0.0001777422013472741
        ]
    },
    "6": {
        "avg_baseline_value": 0.0006798785197766289,
        "baseline_std": 0.0006346973263406217,
        "baseline_values": [
            0.00013305327332849303,
            0.0009897975445886937,
            2.754214790912943e-05,
            0.0015691211132801994
        ]
    },
    "7": {
        "avg_baseline_value": 4.02921721164331e-05,
        "baseline_std": 4.482943426672611e-05,
        "baseline_values": [
            7.389921288963553e-06,
            0.00011672927122562074,
            2.7631969546977398e-05,
            9.417526404170709e-06
        ]
    },
    "8": {
        "avg_baseline_value": 0.0005317021834659651,
        "baseline_std": 0.0005071511304218707,
        "baseline_values": [
            0.0009051435781735187,
            1.2453386794545819e-05,
            5.274476559952333e-05,
            0.0011564670032962725
        ]
    },
    "9": {
        "avg_baseline_value": 0.0001729775106556916,
        "baseline_std": 0.0001489542506856917,
        "baseline_values": [
            8.059572947412626e-05,
            0.0001910269955085111,
            1.3768185997132151e-05,
            0.00040651913164299695
        ]
    },
    "10": {
        "avg_baseline_value": 0.008043692706017323,
        "baseline_std": 0.006088448028234957,
        "baseline_values": [
            0.0016352718145829863,
            0.014835994442940788,
            0.002329076568045571,
            0.013374427998499942
        ]
    },
    "11": {
        "avg_baseline_value": 0.0005992740124851548,
        "baseline_std": 0.0006222189698808884,
        "baseline_values": [
            0.00018550123698362768,
            0.000601512783866282,
            1.0718777616981578e-06,
            0.0016090101513290117
        ]
    },
    "12": {
        "avg_baseline_value": 0.00027388811040023617,
        "baseline_std": 0.00026853392071185024,
        "baseline_values": [
            0.00012936794275535235,
            0.00025052706265506257,
            2.217977507164858e-06,
            0.000713439458683365
        ]
    },
    "13": {
        "avg_baseline_value": 0.000624471106193728,
        "baseline_std": 0.0006471982035967543,
        "baseline_values": [
            6.33329842871363e-05,
            0.0008010767643265685,
            2.444196993621093e-05,
            0.001609032706224996
        ]
    },
    "14": {
        "avg_baseline_value": 0.00019571475812457827,
        "baseline_std": 0.0001439011820351886,
        "baseline_values": [
            2.2353907967338923e-05,
            0.00041979700805693995,
            0.00014508518939674396,
            0.00019562292707729027
        ]
    },
    "15": {
        "avg_baseline_value": 1.996924374911912e-07,
        "baseline_std": 6.684085406827486e-08,
        "baseline_values": [
            2.6558038412478944e-07,
            2.674690798666101e-07,
            1.3167837533743522e-07,
            1.3404191063593007e-07
        ]
    },
    "16": {
        "avg_baseline_value": 0.0005903253219539304,
        "baseline_std": 0.0005420660568798733,
        "baseline_values": [
            2.1878075325213948e-05,
            0.0012964204817596872,
            0.00010667229262382117,
            0.0009363304381069991
        ]
    },
    "17": {
        "avg_baseline_value": 0.0002859845859810745,
        "baseline_std": 0.00020791683294374598,
        "baseline_values": [
            6.284531063364612e-05,
            0.0005874321016656743,
            0.0001260210983816358,
            0.0003676398332433418
        ]
    },
    "overall_baseline": 0.0015048207162348729
}