{
    "0": {
        "avg_baseline_value": 0.004135657120293664,
        "baseline_std": 0.0042741983226362214,
        "baseline_values": [
            3.270310436754691e-05,
            0.0007555795501709391,
            0.003398881697769933,
            0.009481805691249142,
            0.00030213447287221954,
            0.0034082511200720406,
            0.011570244205553824
        ]
    },
    "1": {
        "avg_baseline_value": 0.002488191380502265,
        "baseline_std": 0.0030150562049677293,
        "baseline_values": [
            0.009421144007205026,
            0.003726562144231738,
            0.0002178293550951857,
            0.0010249724710836392,
            0.0010282258107017436,
            0.0007044107521125837,
            0.0012941951230859342
        ]
    },
    "2": {
        "avg_baseline_value": 3.39237692276521e-05,
        "baseline_std": 4.609502809388634e-05,
        "baseline_values": [
            7.108781609115277e-06,
            6.1029738191186175e-06,
            6.203836285627818e-05,
            1.804425477138524e-05,
            0.00013641288867504767,
            7.641428195016959e-06,
            1.1769466760281023e-07
        ]
    },
    "3": {
        "avg_baseline_value": 0.0011981909076910849,
        "baseline_std": 0.0011820300837155251,
        "baseline_values": [
            0.0026767051969576257,
            0.0032601004000174724,
            0.00030493926465862537,
            0.00015644213881343779,
            0.0012802211990054074,
            0.00047544482072425326,
            0.0002334833336607717
        ]
    },
    "4": {
        "avg_baseline_value": 0.010372751003287575,
        "baseline_std": 0.0033235846463096626,
        "baseline_values": [
            0.010419240721491588,
            0.004036708003100623,
            0.013096285077548338,
            0.01266137446034735,
            0.010927943568347837,
            0.007273257312949358,
            0.014194447879227926
        ]
    },
    "5": {
        "avg_baseline_value": 6.512968628436635e-05,
        "baseline_std": 6.473867716995655e-05,
        "baseline_values": [
            0.00017319078875978393,
            0.00015248197644658957,
            1.0560826598071785e-05,
            5.494055692234744e-05,
            1.4183866255476216e-05,
            4.952551870744767e-05,
            1.0242703008478433e-06
        ]
    },
    "6": {
        "avg_baseline_value": 0.00025097545856954493,
        "baseline_std": 0.0002766355335055368,
        "baseline_values": [
            0.000877284781714785,
            0.00018935903622178154,
            0.0003526371251658927,
            0.00015955515664175274,
            0.00014310750435524597,
            6.792282652156042e-06,
            2.809232323520043e-05
        ]
    },
    "7": {
        "avg_baseline_value": 0.00012010323141847218,
        "baseline_std": 0.00013734083023853687,
        "baseline_values": [
            1.7580063419506135e-05,
            5.077179193094581e-05,
            0.0004514048930537713,
            7.917075612731837e-05,
            0.00010062323681334324,
            7.047659649345625e-05,
            7.069528209096414e-05
        ]
    },
    "8": {
        "avg_baseline_value": 0.0014670057668180608,
        "baseline_std": 0.0010918536077612702,
        "baseline_values": [
            0.0008525723366795298,
            0.0028766522394767717,
            0.00047802696204955227,
            0.003316047484208494,
            0.0014142003970294141,
            0.00028067325067262713,
            0.0010508676976100377
        ]
    },
    "9": {
        "avg_baseline_value": 0.0010413963451203134,
        "baseline_std": 0.0011320644877683133,
        "baseline_values": [
            0.003623681283442212,
            0.0003151856958930617,
            0.0012772115405360399,
            0.00047936524058097755,
            0.0011543250775125592,
            0.00036456627982746164,
            7.543929804988186e-05
        ]
    },
    "10": {
        "avg_baseline_value": 0.006007816765499821,
        "baseline_std": 0.003986004686507553,
        "baseline_values": [
            0.0011538018915360972,
            0.009701872224115872,
            0.01208200537038792,
            0.005814313842891595,
            0.006308609605875757,
            0.006988375974424368,
            5.7384492671347766e-06
        ]
    },
    "11": {
        "avg_baseline_value": 0.0001436154301663756,
        "baseline_std": 0.00015127623965625797,
        "baseline_values": [
            0.00030240904250448014,
            4.089641967147685e-05,
            0.00042872664827574546,
            0.00015619760776085318,
            2.029936862094849e-05,
            5.3060113068769866e-05,
            3.7188112623553043e-06
        ]
    },
    "12": {
        "avg_baseline_value": 0.00023772594702321215,
        "baseline_std": 0.0003057322856704407,
        "baseline_values": [
            7.277856479465855e-05,
            4.573936701502629e-06,
            0.00013246887897550334,
            0.0004478977198694013,
            0.0009044094468040081,
            1.0545612012614647e-05,
            9.140747000479644e-05
        ]
    },
    "13": {
        "avg_baseline_value": 0.02052581264159758,
        "baseline_std": 0.02978531083541723,
        "baseline_values": [
            0.09120897212604014,
            0.02212765437858903,
            0.008237127597366249,
            0.016342492055853895,
            0.000294966494727764,
            0.002171491668904983,
            0.003297984169701004
        ]
    },
    "14": {
        "avg_baseline_value": 0.005301636664737458,
        "baseline_std": 0.004819489360972814,
        "baseline_values": [
            0.010391756168945998,
            2.6655425413173043e-05,
            0.013951294410998617,
            0.006425216705839185,
            0.003277632468120512,
            0.0013295359506395737,
            0.001709365523205148
        ]
    },
    "15": {
        "avg_baseline_value": 1.165422381570518e-05,
        "baseline_std": 7.114007500190285e-06,
        "baseline_values": [
            1.3929652199106534e-05,
            1.866187825759149e-05,
            1.2236984990993172e-05,
            3.0505735938651174e-06,
            9.181825298716126e-06,
            1.800562778572521e-06,
            2.2718089591091302e-05
        ]
    },
    "16": {
        "avg_baseline_value": 0.00021839448625080203,
        "baseline_std": 0.00016689098037978327,
        "baseline_values": [
            0.0003930863232545805,
            8.300067908001508e-05,
            0.00047337213570328895,
            3.138974248014867e-05,
            1.7168201870930886e-05,
            0.0002405802551456959,
            0.0002901640662209543
        ]
    },
    "17": {
        "avg_baseline_value": 0.005130512417158455,
        "baseline_std": 0.007845237321981419,
        "baseline_values": [
            0.02420746597656957,
            0.003411221781382184,
            0.0026152272909908173,
            0.0026723711340486582,
            0.0010088100842745348,
            0.0014766547758026897,
            0.0005218358770407319
        ]
    },
    "overall_baseline": 0.003263916291414578
}