{
    "0": {
        "avg_baseline_value": 0.0007685284323558181,
        "baseline_std": 0.0005367987762857689,
        "baseline_values": [
            0.00041378448782124,
            0.000977254247673114,
            1.9714357991192915e-05,
            0.0016098163690724848,
            0.0008220726992210593
        ]
    },
    "1": {
        "avg_baseline_value": 0.001934460230122775,
        "baseline_std": 0.0012068465413637734,
        "baseline_values": [
            0.003810398626507615,
            0.0010453685462469627,
            0.0022270589936455695,
            0.00027771743744809703,
            0.0023117575467656304
        ]
    },
    "2": {
        "avg_baseline_value": 1.1395121552180327e-05,
        "baseline_std": 1.1185585465610344e-05,
        "baseline_values": [
            3.3245490954161946e-05,
            6.473637874241518e-06,
            2.0037864676659986e-06,
            9.539779920284128e-06,
            5.71291254454805e-06
        ]
    },
    "3": {
        "avg_baseline_value": 0.0005295775384831469,
        "baseline_std": 0.0006175518026826557,
        "baseline_values": [
            0.0008288165808753217,
            5.982750282035001e-06,
            0.00010499672225051677,
            0.0016131003096329015,
            9.49913293749593e-05
        ]
    },
    "4": {
        "avg_baseline_value": 0.00047933189576688146,
        "baseline_std": 0.00029910374593071916,
        "baseline_values": [
            7.575486445246029e-05,
            0.0004287412115952273,
            0.0010011748666426607,
            0.00038519766671285977,
            0.0005057908694311992
        ]
    },
    "5": {
        "avg_baseline_value": 3.298724694644617e-06,
        "baseline_std": 3.9697499631394356e-06,
        "baseline_values": [
            4.109343118570831e-06,
            3.058977643145854e-07,
            7.988688019341301e-07,
            5.42192986703194e-07,
            1.0737320801700345e-05
        ]
    },
    "6": {
        "avg_baseline_value": 0.0003303410545990346,
        "baseline_std": 0.0003065695971325182,
        "baseline_values": [
            0.0008341418328980715,
            3.6471411907908624e-05,
            1.2125265552114715e-05,
            0.0004908457967571945,
            0.0002781209658798836
        ]
    },
    "7": {
        "avg_baseline_value": 0.00011295305288918198,
        "baseline_std": 5.876393646236237e-05,
        "baseline_values": [
            0.00011426841338416557,
            0.0001777414525684984,
            4.98033435357491e-05,
            0.00017883508491342093,
            4.411697004407594e-05
        ]
    },
    "8": {
        "avg_baseline_value": 0.0004301673250216425,
        "baseline_std": 0.0005801710176675806,
        "baseline_values": [
            0.0005581024845877596,
            3.819041649786898e-06,
            4.387268802815561e-05,
            0.0015145508138266646,
            3.0491597015845703e-05
        ]
    },
    "9": {
        "avg_baseline_value": 0.00018706637943472827,
        "baseline_std": 0.0001131152621600716,
        "baseline_values": [
            0.00010346629663192302,
            0.0002062191512635179,
            2.6722513085721895e-05,
            0.0002463403247789253,
            0.0003525836114135533
        ]
    },
    "10": {
        "avg_baseline_value": 0.0005520922131611923,
        "baseline_std": 0.0005284380129333723,
        "baseline_values": [
            0.00022537461162421837,
            0.0001463537710545424,
            0.001347562756507707,
            0.0010156136463621776,
            2.5556280257316185e-05
        ]
    },
    "11": {
        "avg_baseline_value": 0.00032921583683935736,
        "baseline_std": 0.0001907557674410087,
        "baseline_values": [
            0.0005258061582329216,
            0.0004955067054970134,
            0.00022702526575161608,
            0.00038757094384957814,
            1.0170110865657452e-05
        ]
    },
    "12": {
        "avg_baseline_value": 7.310289042851779e-05,
        "baseline_std": 8.473901021333784e-05,
        "baseline_values": [
            0.00016989693720284265,
            2.4655263295327414e-06,
            9.134025994341993e-06,
            0.00018349088771624832,
            5.270748996232298e-07
        ]
    },
    "13": {
        "avg_baseline_value": 0.00144883313089843,
        "baseline_std": 0.0016300796686420673,
        "baseline_values": [
            0.0033604501670339514,
            9.791466680392032e-06,
            4.497753432399771e-06,
            0.003516233697815071,
            0.00035319256953033576
        ]
    },
    "14": {
        "avg_baseline_value": 0.0017547159930528897,
        "baseline_std": 0.002161159292448498,
        "baseline_values": [
            0.0010242723154545899,
            0.0005567944502930023,
            0.00028372913463682207,
            0.006046966412526797,
            0.0008618176523532369
        ]
    },
    "15": {
        "avg_baseline_value": 1.401014227448447e-05,
        "baseline_std": 1.2889772386817306e-05,
        "baseline_values": [
            3.663164854904593e-05,
            4.362244688806024e-06,
            2.0358252154858506e-06,
            1.9914913921568855e-05,
            7.106078997515684e-06
        ]
    },
    "16": {
        "avg_baseline_value": 0.00018467606590090666,
        "baseline_std": 0.00022338653357853214,
        "baseline_values": [
            1.860487217103851e-06,
            0.00011991774237453612,
            0.0006140583602636335,
            0.00016792117934594578,
            1.9622560303313982e-05
        ]
    },
    "17": {
        "avg_baseline_value": 0.0002075368226841856,
        "baseline_std": 7.79639322469377e-05,
        "baseline_values": [
            0.00016281239321665062,
            0.00022486571870303977,
            0.0003510696176250878,
            0.00016877769026912094,
            0.0001301586936070291
        ]
    },
    "overall_baseline": 0.0005195168250088887
}