{
    "0": {
        "avg_baseline_value": 0.0035464077338317537,
        "baseline_std": 0.0026749401165354347,
        "baseline_values": [
            0.005600027320427628,
            0.005825688806432074,
            0.0005012178477890306,
            5.10819755709542e-05,
            0.005754022718939083
        ]
    },
    "1": {
        "avg_baseline_value": 0.049764434023066684,
        "baseline_std": 0.06395486524180911,
        "baseline_values": [
            0.08428160878160863,
            0.0025742589120587426,
            0.0015146815884603912,
            7.299871734820041e-05,
            0.16037862211585746
        ]
    },
    "2": {
        "avg_baseline_value": 5.861689504860541e-05,
        "baseline_std": 6.0724684939478944e-05,
        "baseline_values": [
            0.00016522534008640754,
            8.161887868246428e-05,
            5.961533219970104e-06,
            2.274269133777503e-08,
            4.025598056284738e-05
        ]
    },
    "3": {
        "avg_baseline_value": 0.0010210823787676765,
        "baseline_std": 0.0014416998162393175,
        "baseline_values": [
            0.000513716136027547,
            0.00036345253090798847,
            0.00033495706703984024,
            7.764394559098568e-06,
            0.0038855217653039078
        ]
    },
    "4": {
        "avg_baseline_value": 0.006795689807683228,
        "baseline_std": 0.01159852437914056,
        "baseline_values": [
            0.0028967371863028737,
            0.029903396702093767,
            0.0009506120890455344,
            0.00014571329211358634,
            8.198976886037587e-05
        ]
    },
    "5": {
        "avg_baseline_value": 0.00011357421356447514,
        "baseline_std": 9.621702360946492e-05,
        "baseline_values": [
            6.557466330532357e-05,
            0.00019269094341001523,
            4.992928720657303e-05,
            1.102970162562033e-06,
            0.0002585732037379019
        ]
    },
    "6": {
        "avg_baseline_value": 0.02833996839333456,
        "baseline_std": 0.04828493144897025,
        "baseline_values": [
            0.017237848834940585,
            0.00039989374194750605,
            3.391016380206141e-05,
            2.965418986418106e-05,
            0.12399853503611845
        ]
    },
    "7": {
        "avg_baseline_value": 0.0002549678674573079,
        "baseline_std": 0.00022562829178874002,
        "baseline_values": [
            0.0004889029848576166,
            0.0005615911387011687,
            0.00011970080489834007,
            5.078582214985709e-07,
            0.00010413655060791571
        ]
    },
    "8": {
        "avg_baseline_value": 0.004861957344417722,
        "baseline_std": 0.009335341290144353,
        "baseline_values": [
            0.0004868019600917382,
            1.7856660653021957e-05,
            0.00027524915110035947,
            6.827561096800708e-07,
            0.023529196194133812
        ]
    },
    "9": {
        "avg_baseline_value": 0.004029406022389921,
        "baseline_std": 0.005004754724715571,
        "baseline_values": [
            0.013767526510947432,
            0.0009400320587697518,
            0.0035098176533089652,
            1.3678897882829851e-05,
            0.0019159749910406254
        ]
    },
    "10": {
        "avg_baseline_value": 0.07960100012362244,
        "baseline_std": 0.09659002431054439,
        "baseline_values": [
            0.157600454842399,
            0.0043333783052087686,
            0.004748404592893212,
            0.00012908964977411332,
            0.23119367322783702
        ]
    },
    "11": {
        "avg_baseline_value": 0.002670559262699808,
        "baseline_std": 0.004551796817407056,
        "baseline_values": [
            0.011750063071391821,
            0.00022176668235037057,
            0.0003555171946782358,
            1.8570408159675597e-05,
            0.0010068789569189366
        ]
    },
    "12": {
        "avg_baseline_value": 0.004100210063107711,
        "baseline_std": 0.006880822477032233,
        "baseline_values": [
            0.01780713714636175,
            2.2336291671562283e-05,
            0.0016301748805752937,
            2.429332825681043e-05,
            0.0010171086686731352
        ]
    },
    "13": {
        "avg_baseline_value": 0.0449903281665187,
        "baseline_std": 0.040786108041971116,
        "baseline_values": [
            0.09527163295309707,
            0.0010504818298228925,
            0.04050850236090053,
            0.0002609829680060887,
            0.08786004072076692
        ]
    },
    "14": {
        "avg_baseline_value": 0.03391899350162021,
        "baseline_std": 0.059861612334797684,
        "baseline_values": [
            0.002073515286880076,
            0.012634317178940332,
            0.001529780458747128,
            4.954121899739819e-05,
            0.15330781336453614
        ]
    },
    "15": {
        "avg_baseline_value": 3.5569406088297115e-05,
        "baseline_std": 6.756654018497617e-05,
        "baseline_values": [
            1.9700378805707583e-06,
            2.2314429877862123e-06,
            2.9471609505210667e-06,
            9.918692434505747e-09,
            0.000170688469930173
        ]
    },
    "16": {
        "avg_baseline_value": 0.00047635490922131907,
        "baseline_std": 0.00059100987344066,
        "baseline_values": [
            0.0002777250357320976,
            0.0015977450579151467,
            0.0005010890460824508,
            4.802260849835116e-07,
            4.735180291916897e-06
        ]
    },
    "17": {
        "avg_baseline_value": 0.0032952226080520007,
        "baseline_std": 0.003428251269192508,
        "baseline_values": [
            0.0039290385982797904,
            0.0012499587553010877,
            0.0016331780459196506,
            8.839356652661815e-08,
            0.00966384924719295
        ]
    },
    "overall_baseline": 0.014881907928916242
}