{
    "0": {
        "avg_baseline_value": 1.7576806065905944e-07,
        "baseline_std": 1.5981595408877779e-07,
        "baseline_values": [
            4.535701923092522e-07,
            7.418533190047547e-08,
            1.9680937341088404e-09,
            1.038361204369311e-07,
            2.4528056491452963e-07
        ]
    },
    "1": {
        "avg_baseline_value": 0.00499137156902784,
        "baseline_std": 0.007018334668640955,
        "baseline_values": [
            0.0003766856129248224,
            0.003050657413426907,
            0.00042377424566656,
            0.0022312139484441515,
            0.01887452662467676
        ]
    },
    "2": {
        "avg_baseline_value": 9.389237338868039e-06,
        "baseline_std": 1.4625689259351806e-05,
        "baseline_values": [
            3.8442907155752476e-05,
            2.4474378720650825e-07,
            2.8534574958888628e-06,
            5.029760664156783e-07,
            4.902102189076665e-06
        ]
    },
    "3": {
        "avg_baseline_value": 0.006886914111452589,
        "baseline_std": 0.0044347163033394785,
        "baseline_values": [
            0.003945345109625078,
            0.011451723302714144,
            5.940808695390533e-06,
            0.007557010649497685,
            0.011474550686730653
        ]
    },
    "4": {
        "avg_baseline_value": 0.002326568479632594,
        "baseline_std": 0.0022739019589110942,
        "baseline_values": [
            0.0020273992977920046,
            0.0018516921860343722,
            0.0010553097737860204,
            4.540401922925579e-05,
            0.0066530371213213155
        ]
    },
    "5": {
        "avg_baseline_value": 5.723591351379862e-06,
        "baseline_std": 8.278976598012412e-06,
        "baseline_values": [
            4.438866397247095e-06,
            2.5127095275202303e-09,
            2.0854459507472608e-11,
            2.195104339772922e-05,
            2.225513397935966e-06
        ]
    },
    "6": {
        "avg_baseline_value": 0.0019396246683899953,
        "baseline_std": 0.002280629088801249,
        "baseline_values": [
            0.004283992068601967,
            0.005137738616629814,
            2.4299538651613833e-06,
            0.00026064349591749567,
            1.3319206935537574e-05
        ]
    },
    "7": {
        "avg_baseline_value": 5.244464469749027e-05,
        "baseline_std": 7.59695428623582e-05,
        "baseline_values": [
            2.8684956387602775e-05,
            1.026391541904709e-05,
            1.0363760690321479e-05,
            0.00020368702618156576,
            9.223564808914275e-06
        ]
    },
    "8": {
        "avg_baseline_value": 0.00011016950772508949,
        "baseline_std": 0.00010374550287511967,
        "baseline_values": [
            5.687217721018839e-05,
            0.0003032995893008962,
            1.3919138830776629e-05,
            4.6773224077203354e-05,
            0.0001299834092063829
        ]
    },
    "9": {
        "avg_baseline_value": 0.05779640572865913,
        "baseline_std": 0.0905177406324682,
        "baseline_values": [
            0.014429968022100897,
            0.012648078201673895,
            0.0013984005416783657,
            0.02216093892488945,
            0.23834464295295305
        ]
    },
    "10": {
        "avg_baseline_value": 0.004594170807034504,
        "baseline_std": 0.007569298084114076,
        "baseline_values": [
            0.01970988688072856,
            3.0992757281863727e-05,
            0.001217502270599177,
            0.0009183178035873917,
            0.0010941543229755295
        ]
    },
    "11": {
        "avg_baseline_value": 0.041244124659430684,
        "baseline_std": 0.0356288784240976,
        "baseline_values": [
            0.07550356818370739,
            0.004786797732426878,
            0.000913784710029829,
            0.03688229712966636,
            0.08813417554132297
        ]
    },
    "12": {
        "avg_baseline_value": 0.004417152483691731,
        "baseline_std": 0.0031301523545465026,
        "baseline_values": [
            0.008007377460478717,
            0.001668031104191059,
            0.005054796678074357,
            6.909198868941184e-07,
            0.007354866255827632
        ]
    },
    "13": {
        "avg_baseline_value": 0.0001941596707894289,
        "baseline_std": 0.0003690371215890363,
        "baseline_values": [
            2.08040843520624e-05,
            6.223354908253102e-06,
            6.777498595190939e-06,
            4.850253891301449e-06,
            0.0009321431622003367
        ]
    },
    "14": {
        "avg_baseline_value": 3.7455521469133736e-05,
        "baseline_std": 3.401657586658605e-05,
        "baseline_values": [
            8.998124930909105e-05,
            3.764009501535495e-06,
            5.972469817466214e-05,
            3.0704186522313317e-07,
            3.3500608495156864e-05
        ]
    },
    "15": {
        "avg_baseline_value": 0.004337290036062736,
        "baseline_std": 0.005163093059169656,
        "baseline_values": [
            0.014491623589365727,
            0.0013561312104411573,
            0.0034657357497840323,
            0.0006055173100178902,
            0.001767442320704876
        ]
    },
    "16": {
        "avg_baseline_value": 0.008130931063878171,
        "baseline_std": 0.012966693699173401,
        "baseline_values": [
            0.0059750488629839605,
            0.00017224519678409823,
            3.250414497056708e-05,
            0.0007868038444395851,
            0.03368805327021264
        ]
    },
    "17": {
        "avg_baseline_value": 0.021029879908386544,
        "baseline_std": 0.03567599355149616,
        "baseline_values": [
            0.0072210216202785475,
            0.0017231892745483415,
            0.0008933945208272559,
            0.0030628365819028074,
            0.09224895754437577
        ]
    },
    "overall_baseline": 0.008783552858726585
}