{
    "baseline_divergence": 0.07900729032943661,
    "per_question_details": {
        "question_0": {
            "average_divergence": 5.054048612330526e-05,
            "centroid": [
                0.9999984408382676,
                1.5554728485256008e-06,
                1.2296280904251613e-09,
                1.2296278019721706e-09,
                1.2296280904251613e-09
            ],
            "failed_count": 0
        },
        "question_1": {
            "average_divergence": 0.11751407248208398,
            "centroid": [
                0.8918218222708364,
                0.10817815417866809,
                7.850165272899478e-09,
                7.850165272899478e-09,
                7.850165272899478e-09
            ],
            "failed_count": 0
        },
        "question_2": {
            "average_divergence": 0.0051606516021988425,
            "centroid": [
                1.0485722278379403e-05,
                0.9999894335661881,
                8.062335955421814e-08,
                4.408685601066418e-11,
                4.408685601066418e-11
            ],
            "failed_count": 0
        },
        "question_3": {
            "average_divergence": 0.07019195791722597,
            "centroid": [
                0.9763886741211418,
                0.023610145870812838,
                6.908764848948043e-07,
                4.840057945034262e-07,
                5.1257659125511155e-09
            ],
            "failed_count": 0
        },
        "question_4": {
            "average_divergence": 0.10593491430261356,
            "centroid": [
                0.9290414857943335,
                0.07095849322738997,
                6.992758921537461e-09,
                6.992758921537461e-09,
                6.992758921537461e-09
            ],
            "failed_count": 0
        },
        "question_5": {
            "average_divergence": 0.0027597424839684113,
            "centroid": [
                0.9999892794862263,
                1.0719031628589483e-05,
                4.940484376967569e-10,
                4.94048435723008e-10,
                4.94048435723008e-10
            ],
            "failed_count": 0
        },
        "question_6": {
            "average_divergence": 0.15382993317931737,
            "centroid": [
                0.8574130670999877,
                0.14258690821245562,
                8.22918546662519e-09,
                8.22918546662519e-09,
                8.22918546662519e-09
            ],
            "failed_count": 0
        },
        "question_7": {
            "average_divergence": 0.018022094882668455,
            "centroid": [
                1.0231015280157637e-06,
                0.9989874689282877,
                0.0010114719087937337,
                2.84094127953574e-09,
                3.32204492986629e-08
            ],
            "failed_count": 0
        },
        "question_8": {
            "average_divergence": 0.01808497751450372,
            "centroid": [
                5.6283717267919355e-06,
                0.9998280498137594,
                0.00016619075066813156,
                1.3082345863644142e-07,
                2.403869544123486e-10
            ],
            "failed_count": 0
        },
        "question_9": {
            "average_divergence": 0.13457253915214676,
            "centroid": [
                1.0012871377224542e-05,
                0.9731347637760118,
                0.026850817633100883,
                2.283949596575913e-06,
                2.121769913563401e-06
            ],
            "failed_count": 0
        },
        "question_10": {
            "average_divergence": 0.04075550122354091,
            "centroid": [
                0.0034989405204159897,
                0.9965009504654077,
                1.086193697087401e-07,
                1.9740326741451343e-10,
                1.9740326741451343e-10
            ],
            "failed_count": 0
        },
        "question_11": {
            "average_divergence": 0.1921894137791816,
            "centroid": [
                3.649703703756448e-05,
                0.7473620489046615,
                0.2525967638490062,
                4.688920351129573e-06,
                1.288943830871296e-09
            ],
            "failed_count": 0
        },
        "question_12": {
            "average_divergence": 0.18704223077637175,
            "centroid": [
                0.2664506356647081,
                0.7335493362162023,
                9.373029947821417e-09,
                9.373029947821417e-09,
                9.373029947821417e-09
            ],
            "failed_count": 0
        },
        "question_13": {
            "average_divergence": 0.01446794256003525,
            "centroid": [
                1.7931292890598224e-05,
                0.9999653964809122,
                1.667180422889176e-05,
                2.6764188162535057e-10,
                1.5432630832106753e-10
            ],
            "failed_count": 0
        },
        "question_14": {
            "average_divergence": 0.011013892473874175,
            "centroid": [
                0.007474226054910132,
                0.9925257569515805,
                5.664503359219221e-09,
                5.6645028263514275e-09,
                5.6645028263514275e-09
            ],
            "failed_count": 0
        },
        "question_15": {
            "average_divergence": 0.15130571650212762,
            "centroid": [
                0.3097168945190473,
                0.6902830765228961,
                9.65268558523986e-09,
                9.65268558523986e-09,
                9.65268558523986e-09
            ],
            "failed_count": 0
        },
        "question_16": {
            "average_divergence": 0.09159633957031953,
            "centroid": [
                7.392646713027364e-09,
                0.07784567746932623,
                1.8672278556350302e-05,
                0.9221280247801309,
                7.618079339700479e-06
            ],
            "failed_count": 0
        },
        "question_17": {
            "average_divergence": 0.10763876504155795,
            "centroid": [
                2.425343385647217e-07,
                0.03348229698891815,
                6.084634733663297e-07,
                0.9665167275425018,
                1.2447076785576343e-07
            ],
            "failed_count": 0
        }
    }
}