{
    "0": {
        "avg_baseline_value": 7.901671423785267e-08,
        "baseline_std": 1.2624750962290358e-07,
        "baseline_values": [
            5.464751777339807e-10,
            2.974637654613617e-07,
            1.5364243991905088e-08,
            2.692372320409856e-09
        ]
    },
    "1": {
        "avg_baseline_value": 0.00426233237550896,
        "baseline_std": 0.0025461894072543677,
        "baseline_values": [
            0.003991527420799,
            0.0075360492528028945,
            0.005066632739903219,
            0.0004551200885307252
        ]
    },
    "2": {
        "avg_baseline_value": 1.8522567099761282e-06,
        "baseline_std": 1.0928709660489383e-06,
        "baseline_values": [
            3.2577596329460355e-06,
            1.9968952607256883e-06,
            1.9659040731398193e-06,
            1.8846787309297e-07
        ]
    },
    "3": {
        "avg_baseline_value": 0.008110268042972083,
        "baseline_std": 0.009958192177597731,
        "baseline_values": [
            0.024424740086829665,
            7.447878006585753e-06,
            0.007949632833911369,
            5.9251373140718186e-05
        ]
    },
    "4": {
        "avg_baseline_value": 0.0028657997915296847,
        "baseline_std": 0.001960399697580981,
        "baseline_values": [
            0.0028792875825485666,
            0.005905603302534706,
            0.002196704927226595,
            0.0004816033538088722
        ]
    },
    "5": {
        "avg_baseline_value": 2.500506445704034e-06,
        "baseline_std": 1.6516879106780725e-06,
        "baseline_values": [
            2.63988561728321e-06,
            1.5787670661390563e-06,
            5.098179018785563e-06,
            6.851940806083064e-07
        ]
    },
    "6": {
        "avg_baseline_value": 0.007465220512883076,
        "baseline_std": 0.004756044487971379,
        "baseline_values": [
            0.014009152160338765,
            0.009505356812001637,
            0.004996854259466638,
            0.0013495188197252637
        ]
    },
    "7": {
        "avg_baseline_value": 0.001024394354828608,
        "baseline_std": 0.0010249675287228174,
        "baseline_values": [
            0.00034657173803218647,
            0.0009492297885879138,
            0.002714974259908161,
            8.680163278617041e-05
        ]
    },
    "8": {
        "avg_baseline_value": 0.0016077298139977963,
        "baseline_std": 0.002711550977935649,
        "baseline_values": [
            0.0063040467629396895,
            3.158613499563666e-05,
            8.419741800611034e-05,
            1.1088940049749609e-05
        ]
    },
    "9": {
        "avg_baseline_value": 0.00906756146228999,
        "baseline_std": 0.010587160604425785,
        "baseline_values": [
            0.026096515375746473,
            0.00033367320920119417,
            0.00980274028121304,
            3.731698299924582e-05
        ]
    },
    "10": {
        "avg_baseline_value": 0.0005205404212185934,
        "baseline_std": 0.00041281506936023996,
        "baseline_values": [
            0.00014944962420114456,
            0.0004931447118308251,
            0.0012013490768050198,
            0.00023821827203738416
        ]
    },
    "11": {
        "avg_baseline_value": 0.004349287043871278,
        "baseline_std": 0.005777719779765478,
        "baseline_values": [
            0.0011548461598531684,
            0.0012400134847339835,
            0.014349054198286635,
            0.0006532343326113265
        ]
    },
    "12": {
        "avg_baseline_value": 0.00526377283262331,
        "baseline_std": 0.0051234745066463545,
        "baseline_values": [
            0.01390928528207221,
            0.004081868182530376,
            0.0022410032319145697,
            0.0008229346339760827
        ]
    },
    "13": {
        "avg_baseline_value": 8.538054850996381e-05,
        "baseline_std": 9.684687704478983e-05,
        "baseline_values": [
            0.00024395198361919026,
            1.2622180011593568e-05,
            8.368474774832029e-05,
            1.2632826607511417e-06
        ]
    },
    "14": {
        "avg_baseline_value": 0.0001777665540215563,
        "baseline_std": 0.00015408353143305995,
        "baseline_values": [
            0.0001522527916524506,
            0.00042546277835157865,
            0.00013101832505548977,
            2.3323210267061514e-06
        ]
    },
    "15": {
        "avg_baseline_value": 0.01420514837509536,
        "baseline_std": 0.012713560732744617,
        "baseline_values": [
            0.027264788153439613,
            0.0028912031753960793,
            0.026493897381775086,
            0.00017070478977066514
        ]
    },
    "16": {
        "avg_baseline_value": 0.0005236188360691501,
        "baseline_std": 0.0003272777437455754,
        "baseline_values": [
            0.00031984277989390285,
            0.0009320820378008405,
            0.000736812586113059,
            0.0001057379404687983
        ]
    },
    "17": {
        "avg_baseline_value": 0.0013923276376937256,
        "baseline_std": 0.002014685713640616,
        "baseline_values": [
            4.412698448753374e-05,
            0.0048712557335508075,
            0.00017655001390543766,
            0.0004773778188311233
        ]
    },
    "overall_baseline": 0.00338475446572128
}