{
    "0": {
        "avg_baseline_value": 8.618881319759999e-08,
        "baseline_std": 7.90423387902495e-08,
        "baseline_values": [
            3.801481163417488e-08,
            2.3076556436011172e-08,
            2.2087167369683992e-07,
            6.279221102337403e-08
        ]
    },
    "1": {
        "avg_baseline_value": 0.023739128101535327,
        "baseline_std": 0.015549417697353086,
        "baseline_values": [
            0.023500944489686214,
            0.021238692041516703,
            0.003232896434111342,
            0.04698397944082705
        ]
    },
    "2": {
        "avg_baseline_value": 1.5331337440890215e-05,
        "baseline_std": 2.1161071142150747e-05,
        "baseline_values": [
            3.2081721629612325e-06,
            3.851301921428994e-06,
            2.295004836740392e-06,
            5.197087084243024e-05
        ]
    },
    "3": {
        "avg_baseline_value": 0.0030443883809803565,
        "baseline_std": 0.0029449493273968476,
        "baseline_values": [
            0.00019539071498873191,
            0.0058977123622681515,
            6.385029726816914e-06,
            0.006078065416937726
        ]
    },
    "4": {
        "avg_baseline_value": 0.004468984239635815,
        "baseline_std": 0.0035197960670119866,
        "baseline_values": [
            0.0032067020761540306,
            0.00418234513490509,
            0.0004122565815490103,
            0.01007463316593513
        ]
    },
    "5": {
        "avg_baseline_value": 4.162413515048592e-05,
        "baseline_std": 6.713572970193072e-05,
        "baseline_values": [
            1.0175782763743923e-08,
            0.00015786127848772127,
            3.385205010180214e-06,
            5.239881321278475e-06
        ]
    },
    "6": {
        "avg_baseline_value": 0.03835011635068004,
        "baseline_std": 0.027815186388022935,
        "baseline_values": [
            0.018643188572947594,
            0.05789533672204848,
            0.004340306678407816,
            0.07252163342931625
        ]
    },
    "7": {
        "avg_baseline_value": 0.00024328369494025238,
        "baseline_std": 0.0002828282354191658,
        "baseline_values": [
            4.9277021182234716e-06,
            0.0007148757253313416,
            0.0002089915407070683,
            4.433981160437622e-05
        ]
    },
    "8": {
        "avg_baseline_value": 5.115803378747617e-05,
        "baseline_std": 2.4216179345994405e-05,
        "baseline_values": [
            4.219868913416753e-05,
            4.4705251033679913e-05,
            2.642170030017212e-05,
            9.13064946818851e-05
        ]
    },
    "9": {
        "avg_baseline_value": 0.002955813707702977,
        "baseline_std": 0.0031604807936780745,
        "baseline_values": [
            0.0002871122068961822,
            0.008181670922134742,
            0.002738716277213223,
            0.0006157554245677599
        ]
    },
    "10": {
        "avg_baseline_value": 8.517778674392787e-05,
        "baseline_std": 7.612815665973892e-05,
        "baseline_values": [
            4.421168969132696e-05,
            9.210532898636475e-05,
            0.000204364723879506,
            2.9404418513786423e-08
        ]
    },
    "11": {
        "avg_baseline_value": 0.018488049872210366,
        "baseline_std": 0.013866109792773829,
        "baseline_values": [
            0.010032176828227875,
            0.020786276167179974,
            0.0032183847073387045,
            0.03991536178609491
        ]
    },
    "12": {
        "avg_baseline_value": 0.01596024844935377,
        "baseline_std": 0.016035073438607703,
        "baseline_values": [
            0.017106018519956932,
            0.0015168914363766855,
            0.0035020005401730178,
            0.041716083300908445
        ]
    },
    "13": {
        "avg_baseline_value": 5.530067631946783e-06,
        "baseline_std": 6.762714720008884e-06,
        "baseline_values": [
            1.9794175096287995e-06,
            1.7233434769576663e-05,
            1.7066177261112868e-06,
            1.2008005224703786e-06
        ]
    },
    "14": {
        "avg_baseline_value": 0.0015010890401688478,
        "baseline_std": 0.001837983051456592,
        "baseline_values": [
            0.0008541895012032228,
            0.00024135762603698634,
            0.0002533020946518397,
            0.004655506938783342
        ]
    },
    "15": {
        "avg_baseline_value": 0.02462371767407817,
        "baseline_std": 0.02315149662536163,
        "baseline_values": [
            0.01356470370107093,
            0.022405068703397084,
            0.00020941062464599418,
            0.06231568766719868
        ]
    },
    "16": {
        "avg_baseline_value": 0.0173301502880106,
        "baseline_std": 0.01729957528019685,
        "baseline_values": [
            0.00023302560523007828,
            0.04109840543636567,
            0.0013928470115925355,
            0.026596323098854117
        ]
    },
    "17": {
        "avg_baseline_value": 0.015273966364095502,
        "baseline_std": 0.018505814008810285,
        "baseline_values": [
            0.0007345508948079693,
            0.046506811017673566,
            0.002256056410687929,
            0.011598447133212545
        ]
    },
    "overall_baseline": 0.009232102428497776
}