{
    "0": {
        "avg_baseline_value": 1.3067005417330548e-07,
        "baseline_std": 1.4832180069964626e-07,
        "baseline_values": [
            6.365234342191313e-08,
            1.8962613676441718e-09,
            1.0907065058802502e-08,
            9.012221733957925e-08,
            1.5718385326542707e-07,
            4.71414384463421e-07,
            1.1951425429635106e-07
        ]
    },
    "1": {
        "avg_baseline_value": 0.006787922933789492,
        "baseline_std": 0.007152246404286016,
        "baseline_values": [
            0.001269017437620857,
            0.017190714181561147,
            0.0071792507266984,
            0.017941042991858308,
            0.0007432695820514187,
            0.00011072925058258447,
            0.0030814363661537253
        ]
    },
    "2": {
        "avg_baseline_value": 3.0666198858210587e-06,
        "baseline_std": 4.877141108655783e-06,
        "baseline_values": [
            9.451025307241089e-07,
            1.4793322507133155e-05,
            3.0077782920026134e-06,
            1.4568844709103072e-07,
            1.988443811732689e-07,
            6.09099759651425e-07,
            1.7665032829718104e-06
        ]
    },
    "3": {
        "avg_baseline_value": 0.005857387631943679,
        "baseline_std": 0.009352671468638968,
        "baseline_values": [
            0.0026203652508474547,
            0.02860166349593474,
            0.0018062110622024165,
            0.004198065360311101,
            0.0018239119181072203,
            0.0018218364272860033,
            0.00012965990891682436
        ]
    },
    "4": {
        "avg_baseline_value": 0.015570807985628434,
        "baseline_std": 0.009993336383409917,
        "baseline_values": [
            0.0004056143997225233,
            0.002123040612898197,
            0.023811247089574012,
            0.011670440591804925,
            0.026064885128710885,
            0.022648192306801054,
            0.022272235769887433
        ]
    },
    "5": {
        "avg_baseline_value": 1.408235388220788e-05,
        "baseline_std": 3.099771146427613e-05,
        "baseline_values": [
            8.996031522747197e-05,
            3.768820827832118e-06,
            1.3921611894120992e-06,
            2.8077348839979933e-12,
            1.8196564404101133e-06,
            1.3405392885096116e-06,
            2.949813940843634e-07
        ]
    },
    "6": {
        "avg_baseline_value": 0.0033210930826045094,
        "baseline_std": 0.00314763333195582,
        "baseline_values": [
            0.0003290559170903999,
            0.008852899989049853,
            0.0009942338371759921,
            0.006200063425739208,
            0.0018080665505533576,
            0.005037819472589593,
            2.5512386033158763e-05
        ]
    },
    "7": {
        "avg_baseline_value": 0.00011423133457662495,
        "baseline_std": 0.000117580428986239,
        "baseline_values": [
            2.585060173918245e-06,
            3.68783979693072e-05,
            0.00029292032857228874,
            7.755982978868663e-06,
            0.0002907024791275882,
            5.169506365887811e-05,
            0.00011708202955552543
        ]
    },
    "8": {
        "avg_baseline_value": 0.000417868733923884,
        "baseline_std": 0.0009162822884033513,
        "baseline_values": [
            4.63834507985549e-05,
            0.002661684356032782,
            7.627157258905346e-05,
            6.815947165456857e-05,
            1.66096642332676e-05,
            4.00719564727569e-05,
            1.5900665686204704e-05
        ]
    },
    "9": {
        "avg_baseline_value": 0.00875479455712118,
        "baseline_std": 0.003992859019080692,
        "baseline_values": [
            0.013516815830074675,
            0.011475227371853084,
            0.009877994108949835,
            0.012042555678168134,
            0.004561526836470283,
            0.001571383077794214,
            0.008238058996538032
        ]
    },
    "10": {
        "avg_baseline_value": 0.001818939945031555,
        "baseline_std": 0.0016956992391206171,
        "baseline_values": [
            0.0013423797782709248,
            0.004525420434686162,
            1.8950839386964927e-05,
            0.0006751159448667896,
            0.004335297961244249,
            0.000729514760406736,
            0.001105899896359058
        ]
    },
    "11": {
        "avg_baseline_value": 0.02459758708890636,
        "baseline_std": 0.021971324068154295,
        "baseline_values": [
            0.004608215749467005,
            0.048332827323615574,
            0.05929774443794736,
            0.0387037852267278,
            0.0005892256449812288,
            0.006493309555169286,
            0.014158001684436249
        ]
    },
    "12": {
        "avg_baseline_value": 0.038474209180172574,
        "baseline_std": 0.04050752480529562,
        "baseline_values": [
            0.004036290538292351,
            0.007459066020825181,
            0.10641561141340358,
            0.09071930353128835,
            0.002664134708997718,
            0.012716588151880308,
            0.045308469896520515
        ]
    },
    "13": {
        "avg_baseline_value": 0.00015238364199967333,
        "baseline_std": 0.00022948611969909348,
        "baseline_values": [
            0.0005836609466451703,
            0.00043562344894215743,
            8.883221795552647e-06,
            6.763603700892112e-06,
            1.1611017876277872e-06,
            2.453528938964854e-05,
            6.057881736664464e-06
        ]
    },
    "14": {
        "avg_baseline_value": 0.0001208332236087179,
        "baseline_std": 0.00013121536772111892,
        "baseline_values": [
            3.570312118984086e-05,
            1.4132174774399329e-05,
            4.789939952575998e-05,
            0.00037838496146656473,
            3.0864225843809076e-05,
            7.609372842854955e-05,
            0.0002627549540321018
        ]
    },
    "15": {
        "avg_baseline_value": 0.002707023573864878,
        "baseline_std": 0.0025100550441444617,
        "baseline_values": [
            0.0002837851188229359,
            0.008516187056461589,
            0.0007266133386590583,
            0.0021729246922545437,
            0.0025423745880151197,
            0.0023509992525604885,
            0.0023562809702804156
        ]
    },
    "16": {
        "avg_baseline_value": 0.004215098422871735,
        "baseline_std": 0.0035256292966209545,
        "baseline_values": [
            0.010467751049082192,
            0.004900666984138845,
            0.006847576793241904,
            2.1321325869457684e-05,
            0.005388946751786905,
            0.0007242636545945134,
            0.0011551624013883223
        ]
    },
    "17": {
        "avg_baseline_value": 0.01434686693192121,
        "baseline_std": 0.02348994606380688,
        "baseline_values": [
            0.07157608288069717,
            0.005658644395247127,
            0.002775795507054951,
            0.006729712134384321,
            0.009229294869815318,
            0.00219790673591258,
            0.0022606320003370067
        ]
    },
    "overall_baseline": 0.007070795995099261
}