{
    "0": {
        "avg_baseline_value": 6.627996577568008e-08,
        "baseline_std": 8.153862729377348e-08,
        "baseline_values": [
            3.123198477898744e-08,
            9.143683735719605e-09,
            2.2798849871477103e-07,
            4.109283289818168e-08,
            2.194282875074064e-08
        ]
    },
    "1": {
        "avg_baseline_value": 0.0014552747529354925,
        "baseline_std": 0.0017290760760470022,
        "baseline_values": [
            0.003244382886907462,
            0.00013153738813754225,
            8.64128200953551e-06,
            0.0038721907678286424,
            1.9621439794280062e-05
        ]
    },
    "2": {
        "avg_baseline_value": 1.7439303061477647e-06,
        "baseline_std": 1.8081058694375866e-06,
        "baseline_values": [
            4.293925261102784e-06,
            3.8043730501973306e-07,
            3.7093935650352763e-07,
            3.581043136308947e-06,
            9.330647180383165e-08
        ]
    },
    "3": {
        "avg_baseline_value": 0.004859576828334914,
        "baseline_std": 0.006619348378851242,
        "baseline_values": [
            0.0048911869405276085,
            0.00037450627338381844,
            0.00020878308505082555,
            0.01765453120137101,
            0.0011688766413413018
        ]
    },
    "4": {
        "avg_baseline_value": 0.0014977825673361004,
        "baseline_std": 0.0009301036527352002,
        "baseline_values": [
            0.0015453972978166492,
            0.00022476393426696357,
            0.0016994176887515785,
            0.003043570348142527,
            0.0009757635677027843
        ]
    },
    "5": {
        "avg_baseline_value": 1.8240870046643941e-06,
        "baseline_std": 2.786060873210929e-06,
        "baseline_values": [
            7.666579902604517e-08,
            5.615960349667609e-07,
            7.337840844606698e-06,
            1.2157833354663606e-08,
            1.1321745113678028e-06
        ]
    },
    "6": {
        "avg_baseline_value": 0.0043189700750806215,
        "baseline_std": 0.004945056339121146,
        "baseline_values": [
            0.0064921157651729585,
            0.00017153348089228752,
            0.0007930287887728539,
            0.013101729847127886,
            0.0010364424934371209
        ]
    },
    "7": {
        "avg_baseline_value": 0.000508776308370594,
        "baseline_std": 0.000367567279628743,
        "baseline_values": [
            0.001186463814461151,
            0.0002839966407552073,
            0.0006122311715444703,
            0.00024220602503385023,
            0.00021898389005829092
        ]
    },
    "8": {
        "avg_baseline_value": 0.0004535032557087781,
        "baseline_std": 0.0008439655819391234,
        "baseline_values": [
            6.665484109690071e-05,
            3.997508782045136e-05,
            5.481434574085119e-06,
            0.002140895628274725,
            1.450928677772828e-05
        ]
    },
    "9": {
        "avg_baseline_value": 0.005212665240155415,
        "baseline_std": 0.005614596472892361,
        "baseline_values": [
            0.008090447714897826,
            0.000993331536387061,
            0.00013091327127638167,
            0.014946603394913025,
            0.0019020302833027813
        ]
    },
    "10": {
        "avg_baseline_value": 0.0005572478058917332,
        "baseline_std": 0.0008920149959020214,
        "baseline_values": [
            0.0003982529259063169,
            1.7905832571422932e-05,
            5.172021476289859e-05,
            1.146850077312256e-06,
            0.002317213206140715
        ]
    },
    "11": {
        "avg_baseline_value": 0.009832407436578022,
        "baseline_std": 0.007385012740350692,
        "baseline_values": [
            0.005969510427306659,
            0.013432031065820367,
            0.022549058447051795,
            0.005272494277204092,
            0.0019389429655071921
        ]
    },
    "12": {
        "avg_baseline_value": 0.004611446155264577,
        "baseline_std": 0.00698476099830694,
        "baseline_values": [
            0.002470754762291407,
            0.000438709241676031,
            2.7063553239263554e-07,
            0.018470286461489353,
            0.0016772096753337048
        ]
    },
    "13": {
        "avg_baseline_value": 3.646141621347425e-05,
        "baseline_std": 4.781191981976186e-05,
        "baseline_values": [
            6.6373068491871576e-06,
            7.063927118297539e-06,
            0.00012806049675747838,
            3.978762188146151e-05,
            7.577284609466596e-07
        ]
    },
    "14": {
        "avg_baseline_value": 0.0001726340147759026,
        "baseline_std": 0.00019579274516907087,
        "baseline_values": [
            0.00010448997021090965,
            7.01827044458258e-06,
            0.0005563813365767098,
            7.427710725240777e-05,
            0.00012100338939490321
        ]
    },
    "15": {
        "avg_baseline_value": 0.011299626319623213,
        "baseline_std": 0.013672718212403187,
        "baseline_values": [
            0.023922579702401078,
            1.4214432104643497e-05,
            6.238414527945472e-05,
            0.031623789563350754,
            0.0008751637549801401
        ]
    },
    "16": {
        "avg_baseline_value": 0.0002617891167100395,
        "baseline_std": 0.0001587623691158433,
        "baseline_values": [
            0.00015864207331478235,
            6.71517948524252e-05,
            0.0005163616083329935,
            0.00036008815332173936,
            0.000206701953728257
        ]
    },
    "17": {
        "avg_baseline_value": 0.0025886967808195047,
        "baseline_std": 0.0035730539723378587,
        "baseline_values": [
            0.0005788882219502729,
            0.0005861357701908309,
            0.009583770803618134,
            0.0021938546748019668,
            8.344335363177589e-07
        ]
    },
    "overall_baseline": 0.002648360687281943
}