{
    "0": {
        "avg_baseline_value": 2.8002346707655023e-06,
        "baseline_std": 5.338101679529665e-06,
        "baseline_values": [
            4.501550013619207e-08,
            3.5349397197486534e-07,
            1.2733572887212512e-07,
            1.6494692144633012e-09,
            1.3473678683629867e-05
        ]
    },
    "1": {
        "avg_baseline_value": 0.02238591904817751,
        "baseline_std": 0.0253019328974732,
        "baseline_values": [
            0.05018956523229669,
            0.0009809558379538239,
            0.004335475876939276,
            0.00014025132657205787,
            0.056283346967125704
        ]
    },
    "2": {
        "avg_baseline_value": 0.0018469761673060626,
        "baseline_std": 0.003685701901239464,
        "baseline_values": [
            0.009218378215442597,
            7.042313647206628e-06,
            6.576086953728895e-06,
            1.3528732335234878e-07,
            2.7489331634291003e-06
        ]
    },
    "3": {
        "avg_baseline_value": 0.05233392005318101,
        "baseline_std": 0.06730409106557854,
        "baseline_values": [
            0.0848421706376648,
            0.006201809677204654,
            3.510884490664714e-06,
            1.5125890062978487e-05,
            0.17060698317648193
        ]
    },
    "4": {
        "avg_baseline_value": 0.019342502755883166,
        "baseline_std": 0.015343719016669042,
        "baseline_values": [
            0.032162954089481006,
            0.03153762057650995,
            0.0007771843098682504,
            0.00032830239475185484,
            0.031906452408804756
        ]
    },
    "5": {
        "avg_baseline_value": 1.256724071989169e-05,
        "baseline_std": 1.995004277306345e-05,
        "baseline_values": [
            3.4987872690248208e-06,
            1.7991352951614823e-06,
            5.231820051748167e-05,
            2.144952877664652e-08,
            5.198630989013834e-06
        ]
    },
    "6": {
        "avg_baseline_value": 0.0224647907228816,
        "baseline_std": 0.028370372834903696,
        "baseline_values": [
            0.02926018596606582,
            0.00598258163167944,
            0.0018901039186318125,
            9.953964579498768e-06,
            0.07518112813345143
        ]
    },
    "7": {
        "avg_baseline_value": 0.00021904909160870169,
        "baseline_std": 0.00019039764615512073,
        "baseline_values": [
            0.0003474517390001066,
            2.4830200111098598e-05,
            0.00021476919631106172,
            4.524477757358405e-06,
            0.0005036698448638832
        ]
    },
    "8": {
        "avg_baseline_value": 0.000265377076980154,
        "baseline_std": 0.000447734632334298,
        "baseline_values": [
            0.0011593827324728595,
            2.7754459105335785e-05,
            7.009575786586818e-05,
            1.8209652636427611e-06,
            6.783147019306369e-05
        ]
    },
    "9": {
        "avg_baseline_value": 0.017122053618724348,
        "baseline_std": 0.018074001226515153,
        "baseline_values": [
            0.051200310525447934,
            0.015852746174928774,
            0.00406815491051575,
            3.2030916462682704e-06,
            0.014485853391083018
        ]
    },
    "10": {
        "avg_baseline_value": 0.000549584299476827,
        "baseline_std": 0.0006149627384909838,
        "baseline_values": [
            7.878925005147518e-05,
            9.232823209784236e-05,
            0.0010960917024987159,
            2.5531289202920896e-06,
            0.0014781591838158093
        ]
    },
    "11": {
        "avg_baseline_value": 0.03465533906620412,
        "baseline_std": 0.04487022307415184,
        "baseline_values": [
            0.010825098747490065,
            0.03233784031189162,
            0.007984821612314171,
            0.0002893374368887391,
            0.12183959722243597
        ]
    },
    "12": {
        "avg_baseline_value": 0.1078253771574075,
        "baseline_std": 0.08760845139433174,
        "baseline_values": [
            0.1665679904170702,
            0.20063475106212164,
            0.0019626915030141814,
            0.0011318595907241068,
            0.1688295932141074
        ]
    },
    "13": {
        "avg_baseline_value": 9.950874326126055e-05,
        "baseline_std": 9.192376357923583e-05,
        "baseline_values": [
            9.672793083466359e-05,
            0.00013444851942127925,
            0.00025333855529726757,
            9.534539274369718e-07,
            1.207525682565537e-05
        ]
    },
    "14": {
        "avg_baseline_value": 0.01436891231029292,
        "baseline_std": 0.017524382196179803,
        "baseline_values": [
            0.03470628418303603,
            3.40777401039811e-06,
            0.00018716453641747446,
            2.4998862761653783e-05,
            0.03692270619523904
        ]
    },
    "15": {
        "avg_baseline_value": 0.050543492944955505,
        "baseline_std": 0.05932511020293726,
        "baseline_values": [
            0.12705731447379462,
            0.003640176103111229,
            0.002809819298650911,
            2.1819453498995025e-05,
            0.11918833539572174
        ]
    },
    "16": {
        "avg_baseline_value": 0.01647940815581967,
        "baseline_std": 0.013099505243754847,
        "baseline_values": [
            0.006404843720050325,
            0.01940094096971792,
            0.01816761474578256,
            0.00010461276745699138,
            0.038319028576090555
        ]
    },
    "17": {
        "avg_baseline_value": 0.012755360321499005,
        "baseline_std": 0.015223447521844645,
        "baseline_values": [
            0.0028518799549946,
            0.003076449716913815,
            0.040875744378366934,
            0.00012568569850329107,
            0.01684704185871638
        ]
    },
    "overall_baseline": 0.02073738550050278
}