{
    "0": {
        "avg_baseline_value": 3.16990362723395e-05,
        "baseline_std": 1.91819456405033e-05,
        "baseline_values": [
            2.3995964127937964e-05,
            8.28687052459065e-06,
            3.2488765192916616e-05,
            2.721711656442014e-05,
            6.650646495183214e-05
        ]
    },
    "1": {
        "avg_baseline_value": 0.0006053058303424093,
        "baseline_std": 0.0008799896956383124,
        "baseline_values": [
            0.00025362770766747033,
            6.067030861095998e-05,
            0.00010573671527546248,
            0.00024783489045655777,
            0.002358659529701596
        ]
    },
    "2": {
        "avg_baseline_value": 0.0017714570985687505,
        "baseline_std": 0.002392364577831013,
        "baseline_values": [
            0.0010003305856387409,
            0.000654295852249199,
            0.00011504659661788745,
            0.0005648620047306139,
            0.006522750453607312
        ]
    },
    "3": {
        "avg_baseline_value": 0.00032770379275804176,
        "baseline_std": 0.00039095289731160877,
        "baseline_values": [
            0.00031936183499196424,
            6.096318531590534e-05,
            7.40608609224486e-05,
            9.765242478372843e-05,
            0.0010864806577761624
        ]
    },
    "4": {
        "avg_baseline_value": 0.0005525601661765204,
        "baseline_std": 0.0009246756695630689,
        "baseline_values": [
            0.00011778958500120527,
            8.196726395003214e-05,
            6.436282802005621e-05,
            9.710366363141415e-05,
            0.002401577490279894
        ]
    },
    "5": {
        "avg_baseline_value": 0.00045333150642466665,
        "baseline_std": 0.00074597851287848,
        "baseline_values": [
            0.0002477811865784452,
            5.363960239447199e-05,
            2.3410475983383505e-06,
            2.771596137172136e-05,
            0.0019351797341803565
        ]
    },
    "6": {
        "avg_baseline_value": 0.0011973966271685964,
        "baseline_std": 0.001989562980920631,
        "baseline_values": [
            0.0003585788120400081,
            0.00020962354550515972,
            8.468266841259232e-05,
            0.00016159456358995635,
            0.005172503546295266
        ]
    },
    "7": {
        "avg_baseline_value": 0.00022874361163354603,
        "baseline_std": 0.0002559876492418738,
        "baseline_values": [
            7.957629404624319e-05,
            0.0001899703651830125,
            1.7076251202538324e-05,
            0.00012917505389960232,
            0.0007279200938363338
        ]
    },
    "8": {
        "avg_baseline_value": 7.047660263741529e-05,
        "baseline_std": 5.425840969052754e-05,
        "baseline_values": [
            6.608579686892732e-05,
            1.735648356967189e-05,
            3.6235076785713456e-05,
            5.935672860000198e-05,
            0.00017334892736276179
        ]
    },
    "9": {
        "avg_baseline_value": 0.003686761550562382,
        "baseline_std": 0.004667961345244172,
        "baseline_values": [
            0.0025477400340078084,
            0.000988105832321742,
            9.043634892021321e-05,
            0.0019355157080560073,
            0.01287200982950614
        ]
    },
    "10": {
        "avg_baseline_value": 3.8030157727292964e-05,
        "baseline_std": 2.589933913172096e-05,
        "baseline_values": [
            6.907950747483637e-05,
            3.644075797633001e-05,
            1.0473307136842388e-05,
            8.564579741235422e-06,
            6.559263630722065e-05
        ]
    },
    "11": {
        "avg_baseline_value": 6.703350754156748e-05,
        "baseline_std": 8.039802139739201e-05,
        "baseline_values": [
            0.00022027042817203518,
            2.0548918994170396e-06,
            7.1205283920522e-05,
            3.3592878763430336e-05,
            8.04405495243282e-06
        ]
    },
    "12": {
        "avg_baseline_value": 9.308008925055082e-05,
        "baseline_std": 8.566630470363471e-05,
        "baseline_values": [
            0.000233511682542233,
            2.594447835858699e-05,
            1.4015363914112344e-05,
            0.00015163081578883122,
            4.0298105648990566e-05
        ]
    },
    "13": {
        "avg_baseline_value": 5.346886862409596e-05,
        "baseline_std": 7.12830858040701e-05,
        "baseline_values": [
            2.4817935142241126e-05,
            1.0678071892376174e-05,
            3.4397035889096575e-05,
            3.084717460363039e-06,
            0.00019436658273640293
        ]
    },
    "14": {
        "avg_baseline_value": 1.425262547496776e-05,
        "baseline_std": 7.847838310091486e-06,
        "baseline_values": [
            1.8474283786703602e-05,
            1.0448688767181133e-05,
            1.3077202514545908e-05,
            2.9271645006523535e-06,
            2.6335787805755796e-05
        ]
    },
    "15": {
        "avg_baseline_value": 6.638194310499087e-05,
        "baseline_std": 0.00010321993302547016,
        "baseline_values": [
            5.091933409399519e-05,
            4.76791143536402e-06,
            2.366103600017471e-07,
            6.454114609145486e-06,
            0.0002695317450264479
        ]
    },
    "16": {
        "avg_baseline_value": 0.00010100034469213062,
        "baseline_std": 0.00013938391815990073,
        "baseline_values": [
            0.00011309656496957182,
            5.624170690252936e-06,
            4.540595200520347e-06,
            1.418009135973546e-05,
            0.0003675603012405725
        ]
    },
    "17": {
        "avg_baseline_value": 7.510217834386875e-05,
        "baseline_std": 8.270919451268041e-05,
        "baseline_values": [
            6.646279760019096e-05,
            4.1274812588651496e-05,
            3.090518930829875e-05,
            1.6512362825430577e-06,
            0.00023521685593965951
        ]
    },
    "overall_baseline": 0.0005240991965168962
}