{
    "0": {
        "avg_baseline_value": 4.247476594986979e-05,
        "baseline_std": 3.793202966553369e-05,
        "baseline_values": [
            9.917877306291196e-05,
            1.6673399467582542e-05,
            5.3450836388988746e-05,
            5.960548799958955e-07
        ]
    },
    "1": {
        "avg_baseline_value": 5.4862895294434276e-05,
        "baseline_std": 3.2865998820939645e-05,
        "baseline_values": [
            5.455382322125917e-05,
            0.00010732970605530495,
            3.89727183230557e-05,
            1.859533357811726e-05
        ]
    },
    "2": {
        "avg_baseline_value": 0.0001821417018706054,
        "baseline_std": 0.00019023242057010346,
        "baseline_values": [
            0.0002088581924196799,
            2.2181988332317682e-05,
            0.00048283139778196505,
            1.469522894845897e-05
        ]
    },
    "3": {
        "avg_baseline_value": 0.00012658789852642237,
        "baseline_std": 8.254343493029645e-05,
        "baseline_values": [
            0.00020504968914756755,
            9.482374851082092e-05,
            0.00020070221476156417,
            5.775941685736812e-06
        ]
    },
    "4": {
        "avg_baseline_value": 0.00011327128206581175,
        "baseline_std": 0.000113940072626858,
        "baseline_values": [
            5.826444968884078e-05,
            8.99808794871524e-05,
            0.0003029123206810083,
            1.927478406245513e-06
        ]
    },
    "5": {
        "avg_baseline_value": 1.8727400639081886e-05,
        "baseline_std": 1.3951571730079779e-05,
        "baseline_values": [
            1.567384867800678e-05,
            3.943315309472642e-05,
            1.9512048527988013e-05,
            2.905522556063333e-07
        ]
    },
    "6": {
        "avg_baseline_value": 0.00015615137261523214,
        "baseline_std": 0.00010163552292959487,
        "baseline_values": [
            0.0002898702934870085,
            0.00012576458947525281,
            0.00019715743103653033,
            1.1813176462136934e-05
        ]
    },
    "7": {
        "avg_baseline_value": 0.0003870753535362501,
        "baseline_std": 0.00030431927837936134,
        "baseline_values": [
            0.0008546347434898827,
            0.0002106125100578989,
            0.0004394176748529553,
            4.363648574426359e-05
        ]
    },
    "8": {
        "avg_baseline_value": 0.00013381627096071213,
        "baseline_std": 0.0001218802356540983,
        "baseline_values": [
            0.00011533788693231245,
            8.523551110447041e-05,
            0.00033237487380155805,
            2.316812004507614e-06
        ]
    },
    "9": {
        "avg_baseline_value": 0.0002482363715890014,
        "baseline_std": 0.0002482125959484248,
        "baseline_values": [
            0.0006094686263670223,
            2.6340792098507013e-05,
            0.0003473937229269478,
            9.742344963528626e-06
        ]
    },
    "10": {
        "avg_baseline_value": 1.4993717965238421e-05,
        "baseline_std": 9.323265299324811e-06,
        "baseline_values": [
            6.708481830777615e-06,
            2.4955203570182467e-05,
            2.3600482428961672e-05,
            4.71070403103193e-06
        ]
    },
    "11": {
        "avg_baseline_value": 3.21455388285258e-05,
        "baseline_std": 3.5273209562937024e-05,
        "baseline_values": [
            2.5831189048467487e-05,
            9.535875797308779e-06,
            9.137042113261293e-05,
            1.8446693357140269e-06
        ]
    },
    "12": {
        "avg_baseline_value": 8.770507686490198e-05,
        "baseline_std": 8.966820693334482e-05,
        "baseline_values": [
            0.0002303072918755252,
            1.6212334168686297e-05,
            9.790330142055548e-05,
            6.3973799948409225e-06
        ]
    },
    "13": {
        "avg_baseline_value": 0.0005538986057172801,
        "baseline_std": 0.0006593336453862259,
        "baseline_values": [
            0.0016521689199758894,
            5.052359133631616e-05,
            0.0004826689110341809,
            3.0233000522733905e-05
        ]
    },
    "14": {
        "avg_baseline_value": 2.504321237248514e-05,
        "baseline_std": 1.802744248175569e-05,
        "baseline_values": [
            1.0271732512735998e-05,
            3.5432517289232535e-05,
            4.919128879074709e-05,
            5.277310897224936e-06
        ]
    },
    "15": {
        "avg_baseline_value": 0.00027087696755085885,
        "baseline_std": 0.0002688334614726587,
        "baseline_values": [
            0.0005524414661628836,
            3.962043318072168e-06,
            0.000526664581587317,
            4.3977913516278435e-07
        ]
    },
    "16": {
        "avg_baseline_value": 0.0002648637583676556,
        "baseline_std": 0.00024654189968286377,
        "baseline_values": [
            0.0005522718054391642,
            3.527367449304987e-05,
            0.0004663296697456469,
            5.5798837927614574e-06
        ]
    },
    "17": {
        "avg_baseline_value": 0.00010437871649499522,
        "baseline_std": 0.00010843730679791211,
        "baseline_values": [
            0.0002783153292441867,
            2.040595365538774e-05,
            0.00011270007813437956,
            6.093504946026791e-06
        ]
    },
    "overall_baseline": 0.00015651393928940905
}