{
    "0": {
        "avg_baseline_value": 7.855764109378928e-05,
        "baseline_std": 5.6433151207539396e-05,
        "baseline_values": [
            0.00013544363163044742,
            2.8293891043522934e-05,
            1.6278670720756488e-05,
            0.00013421437098043025
        ]
    },
    "1": {
        "avg_baseline_value": 0.00020331649578438852,
        "baseline_std": 0.00022263823785943464,
        "baseline_values": [
            9.363127849856581e-05,
            9.000083460843273e-05,
            4.22961486773617e-05,
            0.0005873377213531938
        ]
    },
    "2": {
        "avg_baseline_value": 0.0006258395939174326,
        "baseline_std": 0.0006302960795374987,
        "baseline_values": [
            0.00017973375207125925,
            0.0006660290387611777,
            2.0687986378181743e-05,
            0.0016369075984591116
        ]
    },
    "3": {
        "avg_baseline_value": 0.00015889180117184404,
        "baseline_std": 7.121465338136144e-05,
        "baseline_values": [
            0.00015958328321012506,
            0.000210654532526794,
            4.257993808208365e-05,
            0.00022274945086837348
        ]
    },
    "4": {
        "avg_baseline_value": 0.0001414474400473865,
        "baseline_std": 0.00014822117878883191,
        "baseline_values": [
            3.693723876464694e-05,
            0.00012270472598049738,
            1.732035227506778e-05,
            0.00038882744316933387
        ]
    },
    "5": {
        "avg_baseline_value": 0.00048068687422730483,
        "baseline_std": 0.00047039867296520767,
        "baseline_values": [
            0.0002352177362220874,
            0.000433767623482871,
            2.4222439513527885e-06,
            0.0012513398932529082
        ]
    },
    "6": {
        "avg_baseline_value": 0.00022387176319289647,
        "baseline_std": 0.00023946155084663727,
        "baseline_values": [
            8.446837185904705e-05,
            0.00010357475241431348,
            6.934500351812604e-05,
            0.0006380989249800993
        ]
    },
    "7": {
        "avg_baseline_value": 0.00010692390501094659,
        "baseline_std": 2.787698332574578e-05,
        "baseline_values": [
            6.0887065767507985e-05,
            0.00011384629857351409,
            0.00011709430818885963,
            0.00013586794751390468
        ]
    },
    "8": {
        "avg_baseline_value": 0.00015558694103880107,
        "baseline_std": 0.00016019313669902695,
        "baseline_values": [
            0.00018652169073104158,
            1.123411352402696e-05,
            1.939595863930996e-05,
            0.00040519600126082573
        ]
    },
    "9": {
        "avg_baseline_value": 0.000291474664086004,
        "baseline_std": 0.00028445140465810484,
        "baseline_values": [
            8.801946746365326e-05,
            0.00018235361217653378,
            0.0001149737937379898,
            0.0007805517829658392
        ]
    },
    "10": {
        "avg_baseline_value": 4.2363190664864736e-05,
        "baseline_std": 3.478767601281251e-05,
        "baseline_values": [
            1.5269460533886162e-06,
            9.774083464821714e-05,
            3.569296351293777e-05,
            3.449201844491542e-05
        ]
    },
    "11": {
        "avg_baseline_value": 2.6843336735257835e-05,
        "baseline_std": 2.2744832501497827e-05,
        "baseline_values": [
            6.357668717521872e-05,
            2.258986282587644e-05,
            1.2651074721151954e-06,
            1.9941689467820968e-05
        ]
    },
    "12": {
        "avg_baseline_value": 5.0336896859451634e-05,
        "baseline_std": 5.05345102579679e-05,
        "baseline_values": [
            4.177332229172812e-05,
            1.0939669327749519e-05,
            1.3328154233921513e-05,
            0.00013530644158440738
        ]
    },
    "13": {
        "avg_baseline_value": 7.402296863300167e-05,
        "baseline_std": 7.105899367891452e-05,
        "baseline_values": [
            0.0001267402986409085,
            0.00016124673698594572,
            9.97572765032557e-07,
            7.107266140119954e-06
        ]
    },
    "14": {
        "avg_baseline_value": 8.33691936818076e-06,
        "baseline_std": 4.862577687876265e-06,
        "baseline_values": [
            5.379329874744968e-06,
            8.779126012324929e-06,
            3.173077124166645e-06,
            1.6016144461486502e-05
        ]
    },
    "15": {
        "avg_baseline_value": 4.396421541228374e-05,
        "baseline_std": 4.7956190931411265e-05,
        "baseline_values": [
            8.509664817443055e-06,
            0.0001250511008650147,
            8.382432996152475e-06,
            3.391366297052472e-05
        ]
    },
    "16": {
        "avg_baseline_value": 1.3452895642641753e-05,
        "baseline_std": 7.523236153363389e-06,
        "baseline_values": [
            7.231277455347047e-06,
            5.57341995872023e-06,
            1.688534675498294e-05,
            2.4121538401516792e-05
        ]
    },
    "17": {
        "avg_baseline_value": 7.922710163361687e-05,
        "baseline_std": 7.563899523069858e-05,
        "baseline_values": [
            7.4489939339348255e-06,
            9.561906054370536e-05,
            1.767213796227492e-05,
            0.00019616821409455234
        ]
    },
    "overall_baseline": 0.00015584136914000512
}