{
    "0": {
        "avg_baseline_value": 0.0003629438843362212,
        "baseline_std": 9.460844711192872e-05,
        "baseline_values": [
            0.0003517384264361286,
            0.00029854515352147173,
            0.0002297715888326831,
            0.000544496389164153,
            0.0003238901833692931,
            0.0004406069860036953,
            0.00035155846302612327
        ]
    },
    "1": {
        "avg_baseline_value": 0.0005672123926733838,
        "baseline_std": 0.00028978763660204886,
        "baseline_values": [
            0.0006137081289672085,
            0.001076109236481067,
            0.00045650232102777973,
            0.0006557283546778473,
            0.0005664468024794561,
            1.3884909958397578e-05,
            0.0005881069951219306
        ]
    },
    "2": {
        "avg_baseline_value": 0.0011720615916738103,
        "baseline_std": 0.0008105960148441308,
        "baseline_values": [
            0.0011758384781132072,
            0.0008286040552829649,
            0.003027978881142161,
            0.0008337023312309369,
            0.0013325415333628684,
            0.0004782455043379173,
            0.0005275203582466152
        ]
    },
    "3": {
        "avg_baseline_value": 0.0009220031846471527,
        "baseline_std": 0.0011046920224238935,
        "baseline_values": [
            0.002737329351425398,
            0.0025688142842242925,
            0.0004788953835641041,
            0.00033378550369005545,
            0.00023357957694109647,
            3.099174085906303e-05,
            7.062645182606033e-05
        ]
    },
    "4": {
        "avg_baseline_value": 0.0017970001974826533,
        "baseline_std": 0.001346325089387987,
        "baseline_values": [
            0.0006203167022696409,
            0.0002961316115467126,
            0.0015549035639654011,
            0.0013188943606890378,
            0.004511355519707787,
            0.0013762989580982327,
            0.00290110066610176
        ]
    },
    "5": {
        "avg_baseline_value": 0.0015714377298821725,
        "baseline_std": 0.0021735343819619035,
        "baseline_values": [
            0.006087873727559194,
            0.0035074428025165774,
            0.0009459908452568731,
            0.00017580638558985893,
            4.88648999886328e-06,
            0.00025484645045613765,
            2.321740779770189e-05
        ]
    },
    "6": {
        "avg_baseline_value": 0.0002535300436048668,
        "baseline_std": 0.00027105429431374374,
        "baseline_values": [
            0.0001211519281386646,
            0.00027969523782862105,
            0.0008906262032338465,
            0.00012001050729135526,
            0.0002340108523010757,
            4.726980623619641e-05,
            8.194577020430827e-05
        ]
    },
    "7": {
        "avg_baseline_value": 0.0004223217748808991,
        "baseline_std": 0.00025020617825260516,
        "baseline_values": [
            0.0006755670069959902,
            0.0007407776680269821,
            0.0007069181242361067,
            0.00014549670563723878,
            0.00021380043788561638,
            0.00027402097274484304,
            0.0001996715086395163
        ]
    },
    "8": {
        "avg_baseline_value": 0.0002425763237509813,
        "baseline_std": 0.00015977835449650982,
        "baseline_values": [
            0.00047081285687412523,
            0.0003779193617338772,
            2.7014733776193848e-05,
            0.00020291699114401065,
            0.0003810094635891648,
            4.6249929659024666e-05,
            0.00019211092948047268
        ]
    },
    "9": {
        "avg_baseline_value": 0.0021741695655072683,
        "baseline_std": 0.002382879475653084,
        "baseline_values": [
            0.007466395151368115,
            0.0015050522910483863,
            0.0035457899152291734,
            0.0010820327228001584,
            0.0008595091729100237,
            0.00021838695487594163,
            0.000542020750319078
        ]
    },
    "10": {
        "avg_baseline_value": 0.00029782667876694554,
        "baseline_std": 0.00025181445950155665,
        "baseline_values": [
            0.00012621373476347317,
            0.00031155275706089535,
            0.0006873225436265514,
            0.0001266932598417876,
            0.0001590089914138192,
            0.0006617295272873589,
            1.2265937374733124e-05
        ]
    },
    "11": {
        "avg_baseline_value": 0.00015396853332887126,
        "baseline_std": 8.091464082323597e-05,
        "baseline_values": [
            0.0001065648388369323,
            0.00024400277014236454,
            0.00026071963262004833,
            0.00014308137975148526,
            6.294193580311548e-05,
            0.00021552881578637897,
            4.4940360361773794e-05
        ]
    },
    "12": {
        "avg_baseline_value": 0.00030403164390713596,
        "baseline_std": 0.00014955026260609673,
        "baseline_values": [
            6.291244808933352e-05,
            0.00034364887632129656,
            0.00045899511629327733,
            0.0003378182943228659,
            0.0005010675391377707,
            0.00030102521469479825,
            0.00012275401849060945
        ]
    },
    "13": {
        "avg_baseline_value": 0.0022254818024962297,
        "baseline_std": 0.002806450511548719,
        "baseline_values": [
            0.007078716665800296,
            0.000948301804940978,
            0.0002859959570730893,
            0.006139614177856029,
            0.0010048539385109849,
            3.460361524456583e-05,
            8.628645804766122e-05
        ]
    },
    "14": {
        "avg_baseline_value": 9.710643787399576e-05,
        "baseline_std": 9.937777633876787e-05,
        "baseline_values": [
            7.461713737021355e-06,
            7.211949053620499e-05,
            0.00011686084714044735,
            0.0003178452151636053,
            3.3534907396320166e-05,
            1.4125802215517091e-05,
            0.00011779708892885402
        ]
    },
    "15": {
        "avg_baseline_value": 0.00011336703748063604,
        "baseline_std": 8.935282593493082e-05,
        "baseline_values": [
            0.00010839204586424175,
            0.0003038767938874746,
            5.25080160958107e-05,
            6.134345800262832e-05,
            0.00014981690098192946,
            0.00011302987181580698,
            4.6021757165604565e-06
        ]
    },
    "16": {
        "avg_baseline_value": 0.0003184820307532787,
        "baseline_std": 0.0002711141534257134,
        "baseline_values": [
            0.0009533709964806759,
            0.00015470761345858186,
            0.0002942297726794719,
            0.00035322619935773534,
            0.00019326207639295184,
            9.766780840009412e-05,
            0.00018290974850344014
        ]
    },
    "17": {
        "avg_baseline_value": 0.0017635165662517563,
        "baseline_std": 0.0027211493929373944,
        "baseline_values": [
            0.00837251052262838,
            0.00014007979849285705,
            0.000962483659124113,
            0.0011107249074785294,
            0.0008820828489359295,
            0.00015422642095402534,
            0.0007225078061484614
        ]
    },
    "overall_baseline": 0.0008199465232943477
}