{
    "0": {
        "avg_baseline_value": 4.033621076827879e-05,
        "baseline_std": 2.1681807814251128e-05,
        "baseline_values": [
            6.9036261000889e-05,
            2.9366410273244292e-05,
            6.104795241106544e-06,
            5.560607065624358e-05,
            4.156751666991049e-05
        ]
    },
    "1": {
        "avg_baseline_value": 6.339792023398136e-05,
        "baseline_std": 6.327536283211024e-05,
        "baseline_values": [
            1.8935532459447065e-05,
            0.00018887463709718716,
            4.485363852118503e-05,
            3.325914297778848e-05,
            3.106665011429909e-05
        ]
    },
    "2": {
        "avg_baseline_value": 0.00019184359853996696,
        "baseline_std": 0.00011872133712709592,
        "baseline_values": [
            0.0002961244845401384,
            5.821722319600099e-05,
            7.929389960903747e-05,
            0.00016530090824734577,
            0.00036028147710731216
        ]
    },
    "3": {
        "avg_baseline_value": 0.00015423905029884132,
        "baseline_std": 8.875232773599375e-05,
        "baseline_values": [
            0.00013343989052397691,
            9.898870073108168e-05,
            6.574966477576246e-05,
            0.0003217516115474748,
            0.00015126538391591074
        ]
    },
    "4": {
        "avg_baseline_value": 0.00011090977536949722,
        "baseline_std": 0.00011018287576033029,
        "baseline_values": [
            0.00031271211863898555,
            2.042942103311177e-05,
            9.85695484025051e-06,
            0.0001333980968566716,
            7.815228547846665e-05
        ]
    },
    "5": {
        "avg_baseline_value": 6.263012737203886e-05,
        "baseline_std": 8.025928176536583e-05,
        "baseline_values": [
            2.616628168460087e-06,
            1.7932350357185237e-05,
            7.678197431535802e-05,
            0.00021352108739452157,
            2.2985966246693965e-06
        ]
    },
    "6": {
        "avg_baseline_value": 0.0001773843610936673,
        "baseline_std": 9.782993171364047e-05,
        "baseline_values": [
            0.0002492496430234327,
            0.00015027637766478825,
            0.00015129553304422271,
            0.0003114013263155902,
            2.46989254203027e-05
        ]
    },
    "7": {
        "avg_baseline_value": 0.00035500742481569554,
        "baseline_std": 0.0003110621508897797,
        "baseline_values": [
            8.111868327961598e-05,
            0.00013885344294912698,
            8.583557444882913e-05,
            0.0007611086017692448,
            0.0007081208216316608
        ]
    },
    "8": {
        "avg_baseline_value": 0.00014868306619538786,
        "baseline_std": 0.00011804373109758247,
        "baseline_values": [
            0.00014878230713571836,
            0.0001680010160667432,
            4.896992305213697e-05,
            0.00035636012688871206,
            2.1301957833628616e-05
        ]
    },
    "9": {
        "avg_baseline_value": 0.00028790054009639497,
        "baseline_std": 0.0001950517930299907,
        "baseline_values": [
            0.0001741520165838727,
            0.00045905057570483625,
            2.08946681892276e-05,
            0.00022727022761891155,
            0.0005581352123851266
        ]
    },
    "10": {
        "avg_baseline_value": 6.790783288765023e-05,
        "baseline_std": 3.3242964249702204e-05,
        "baseline_values": [
            4.195639042731618e-05,
            0.0001131564671374105,
            5.1587104366399846e-05,
            0.00010201286780101854,
            3.082633470610609e-05
        ]
    },
    "11": {
        "avg_baseline_value": 2.884313891782883e-05,
        "baseline_std": 5.0960390851256e-06,
        "baseline_values": [
            2.4448094619931448e-05,
            3.140249282127931e-05,
            3.701368163689271e-05,
            2.274668393262947e-05,
            2.8604741578411203e-05
        ]
    },
    "12": {
        "avg_baseline_value": 6.308473903448095e-05,
        "baseline_std": 6.872647310592532e-05,
        "baseline_values": [
            4.681718558969012e-05,
            1.013742148073664e-05,
            5.387484290750335e-06,
            0.00019423966364459703,
            5.8841940166630584e-05
        ]
    },
    "13": {
        "avg_baseline_value": 0.000382851371983066,
        "baseline_std": 0.00047138276005145163,
        "baseline_values": [
            0.0003226100288581897,
            0.00015763689452887733,
            4.9517610613273994e-05,
            0.001306288621692644,
            7.820370422234501e-05
        ]
    },
    "14": {
        "avg_baseline_value": 1.4846643674624238e-05,
        "baseline_std": 8.808997058613753e-06,
        "baseline_values": [
            3.1913092268594746e-05,
            1.4284438494713083e-05,
            9.629431950372759e-06,
            1.0860620402756654e-05,
            7.545635256683954e-06
        ]
    },
    "15": {
        "avg_baseline_value": 0.00022682207962684738,
        "baseline_std": 0.00022089912056697675,
        "baseline_values": [
            0.0006076630445474086,
            2.1320499133183297e-05,
            4.672160645658089e-05,
            0.0003393476483304003,
            0.00011905759966666381
        ]
    },
    "16": {
        "avg_baseline_value": 0.00013127437519890267,
        "baseline_std": 0.0001547282029778438,
        "baseline_values": [
            0.00025911085267448696,
            1.4708495931539298e-05,
            7.328072190862884e-06,
            0.0003720894911648085,
            3.1349640328156402e-06
        ]
    },
    "17": {
        "avg_baseline_value": 6.583720624750222e-05,
        "baseline_std": 5.043338121834609e-05,
        "baseline_values": [
            9.160606850671276e-05,
            2.0158012283651265e-05,
            6.790797688890718e-05,
            0.0001447698199661153,
            4.744153592124561e-06
        ]
    },
    "overall_baseline": 0.0001429888590197029
}