{
    "0": {
        "avg_baseline_value": 0.0031623870018887474,
        "baseline_std": 0.0050261425923501775,
        "baseline_values": [
            0.0017047132330228285,
            8.11127213143727e-05,
            0.0008774989234452416,
            9.68780724296213e-06,
            0.013138922324418332
        ]
    },
    "1": {
        "avg_baseline_value": 0.005707769011554226,
        "baseline_std": 0.01042489092993464,
        "baseline_values": [
            0.0017652202865589123,
            3.5171112420161754e-05,
            0.00021812688846617798,
            3.91570826866872e-06,
            0.02651641106205721
        ]
    },
    "2": {
        "avg_baseline_value": 0.008384206082982217,
        "baseline_std": 0.010528421367198287,
        "baseline_values": [
            0.006841903630826896,
            0.00623173185833153,
            0.00021006637882709634,
            1.2920922189673648e-06,
            0.028636036454706595
        ]
    },
    "3": {
        "avg_baseline_value": 0.002199988496937877,
        "baseline_std": 0.004094371587115329,
        "baseline_values": [
            0.0002544577736592251,
            0.00032365455416042083,
            3.6506695255624556e-05,
            3.1953622847554017e-07,
            0.010385003925385638
        ]
    },
    "4": {
        "avg_baseline_value": 0.0045423667993716044,
        "baseline_std": 0.007385107603759784,
        "baseline_values": [
            0.0013443958009643872,
            0.0009034239540797647,
            0.0011595325615435664,
            1.9874693854203517e-05,
            0.0192846069864161
        ]
    },
    "5": {
        "avg_baseline_value": 0.0007593144569436093,
        "baseline_std": 0.0007944295217212476,
        "baseline_values": [
            0.0004820939343185025,
            0.002282762042144888,
            0.0003258669929357776,
            6.755970519896245e-06,
            0.0006990933447989821
        ]
    },
    "6": {
        "avg_baseline_value": 0.008063692746380722,
        "baseline_std": 0.013264899553216355,
        "baseline_values": [
            0.004980620569273674,
            0.00011371055226448305,
            0.0008706843020696009,
            1.2135657904469632e-05,
            0.03434131265039138
        ]
    },
    "7": {
        "avg_baseline_value": 0.0016305445633981648,
        "baseline_std": 0.001634380683720798,
        "baseline_values": [
            0.0016455460784633397,
            0.001075543426750525,
            0.0007101683133849332,
            1.2507229678048362e-06,
            0.004720214275424219
        ]
    },
    "8": {
        "avg_baseline_value": 0.0023921338032219346,
        "baseline_std": 0.002946159306603224,
        "baseline_values": [
            0.004009200204653543,
            3.71481394468274e-05,
            0.00044255532987694105,
            5.85359525436436e-06,
            0.007465911746877998
        ]
    },
    "9": {
        "avg_baseline_value": 0.015392706310381874,
        "baseline_std": 0.02334001044533826,
        "baseline_values": [
            0.009715271877865337,
            0.0037750256658224627,
            0.0018517245806901927,
            6.6474120925552186e-06,
            0.06161486201543882
        ]
    },
    "10": {
        "avg_baseline_value": 0.004221837850839928,
        "baseline_std": 0.006914808130923403,
        "baseline_values": [
            0.001620246429432882,
            0.0007816531119358369,
            0.0006924899931228393,
            1.5627335596717136e-06,
            0.01801323698614841
        ]
    },
    "11": {
        "avg_baseline_value": 0.0006882495485049661,
        "baseline_std": 0.0006987116092348829,
        "baseline_values": [
            0.0012519282132144917,
            7.425286267083397e-05,
            0.00034615937200555767,
            3.47515396559581e-06,
            0.001765432140668351
        ]
    },
    "12": {
        "avg_baseline_value": 0.003276043643344059,
        "baseline_std": 0.003975573666314574,
        "baseline_values": [
            0.004700017754002177,
            0.00018047384295882918,
            0.001027173475644545,
            7.83359523362624e-06,
            0.010464719548881118
        ]
    },
    "13": {
        "avg_baseline_value": 0.0009515915634738432,
        "baseline_std": 0.001378871267639817,
        "baseline_values": [
            0.0036887422677715667,
            0.0004046435164962861,
            0.00018434687805806124,
            1.14122224950577e-06,
            0.00047908393279379603
        ]
    },
    "14": {
        "avg_baseline_value": 0.00030692477999276214,
        "baseline_std": 0.0005214601310316334,
        "baseline_values": [
            2.6224566722416637e-05,
            1.1386067332272703e-05,
            0.00015256225820644098,
            3.8081382574722963e-07,
            0.0013440701938769331
        ]
    },
    "15": {
        "avg_baseline_value": 0.0009194374559653884,
        "baseline_std": 0.0012317633251836954,
        "baseline_values": [
            0.00017301276202688748,
            0.0005236110913117946,
            0.0005445938715779388,
            7.493783611306239e-06,
            0.003348475771299015
        ]
    },
    "16": {
        "avg_baseline_value": 0.0035641100652297384,
        "baseline_std": 0.006062550796135895,
        "baseline_values": [
            0.0018559921943949065,
            0.00012601249406628623,
            0.00021923837636440868,
            5.905099916756256e-06,
            0.015613402161406333
        ]
    },
    "17": {
        "avg_baseline_value": 0.0031498548675314647,
        "baseline_std": 0.005770159009964132,
        "baseline_values": [
            0.0004780772258099771,
            0.00037237524201444303,
            0.00021282589188073356,
            3.197144383238614e-07,
            0.014685676263513846
        ]
    },
    "overall_baseline": 0.0038507310582190624
}