{"avg_divergence": 0.31183333333333335, "std_divergence": 0.15222690027105157}