{"avg_divergence": 0.09591469805658276, "std_divergence": 0.05899187967258138, "per_question_divergences": {"0": {"avg_divergence": 0.061211439612368704, "std_divergence": 0.061211439612368704, "failed_count": 0}, "1": {"avg_divergence": 0.06148506773014786, "std_divergence": 0.06148506773014786, "failed_count": 1}, "2": {"avg_divergence": 0.12413641309381752, "std_divergence": 0.12413641309381752, "failed_count": 1}, "3": {"avg_divergence": 0.12973754962302472, "std_divergence": 0.12973754962302472, "failed_count": 0}, "4": {"avg_divergence": 0.0903789260325633, "std_divergence": 0.0903789260325633, "failed_count": 0}, "5": {"avg_divergence": 0.0668893278273706, "std_divergence": 0.0668893278273706, "failed_count": 0}, "6": {"avg_divergence": 0.07972335264816992, "std_divergence": 0.07972335264816992, "failed_count": 1}, "7": {"avg_divergence": 0.05613805436774065, "std_divergence": 0.05613805436774065, "failed_count": 1}, "8": {"avg_divergence": 0.09429169188079185, "std_divergence": 0.09429169188079185, "failed_count": 0}, "9": {"avg_divergence": 0.13023199614261488, "std_divergence": 0.13023199614261488, "failed_count": 1}, "10": {"avg_divergence": 0.20899174564408876, "std_divergence": 0.20899174564408876, "failed_count": 0}, "11": {"avg_divergence": 0.0419884984657129, "std_divergence": 0.0419884984657129, "failed_count": 0}, "12": {"avg_divergence": 0.23240551267722417, "std_divergence": 0.23240551267722417, "failed_count": 1}, "13": {"avg_divergence": 0.1804869820681845, "std_divergence": 0.1804869820681845, "failed_count": 2}, "14": {"avg_divergence": 0.016174631281032373, "std_divergence": 0.016174631281032373, "failed_count": 2}, "15": {"avg_divergence": 0.036456993579824445, "std_divergence": 0.036456993579824445, "failed_count": 0}, "16": {"avg_divergence": 0.06645250425318505, "std_divergence": 0.06645250425318505, "failed_count": 0}, "17": {"avg_divergence": 0.049283878090627765, "std_divergence": 0.049283878090627765, "failed_count": 1}}}