{"avg_divergence": 0.08858793548437721, "std_divergence": 0.05809551420203432, "per_question_divergences": {"0": {"avg_divergence": 0.05304852732560125, "std_divergence": 0.05304852732560125, "failed_count": 0}, "1": {"avg_divergence": 0.04926001405850948, "std_divergence": 0.04926001405850948, "failed_count": 1}, "2": {"avg_divergence": 0.12509338244467724, "std_divergence": 0.12509338244467724, "failed_count": 1}, "3": {"avg_divergence": 0.1184332456765317, "std_divergence": 0.1184332456765317, "failed_count": 0}, "4": {"avg_divergence": 0.0655237721631453, "std_divergence": 0.0655237721631453, "failed_count": 0}, "5": {"avg_divergence": 0.05491130111192054, "std_divergence": 0.05491130111192054, "failed_count": 0}, "6": {"avg_divergence": 0.07853636854109855, "std_divergence": 0.07853636854109855, "failed_count": 1}, "7": {"avg_divergence": 0.05385856318514904, "std_divergence": 0.05385856318514904, "failed_count": 1}, "8": {"avg_divergence": 0.08820125222321734, "std_divergence": 0.08820125222321734, "failed_count": 0}, "9": {"avg_divergence": 0.1092869613451827, "std_divergence": 0.1092869613451827, "failed_count": 1}, "10": {"avg_divergence": 0.20121629987070144, "std_divergence": 0.20121629987070144, "failed_count": 0}, "11": {"avg_divergence": 0.039743411880893836, "std_divergence": 0.039743411880893836, "failed_count": 0}, "12": {"avg_divergence": 0.23072607679980095, "std_divergence": 0.23072607679980095, "failed_count": 1}, "13": {"avg_divergence": 0.1667190358337577, "std_divergence": 0.1667190358337577, "failed_count": 2}, "14": {"avg_divergence": 0.012954700076811085, "std_divergence": 0.012954700076811085, "failed_count": 2}, "15": {"avg_divergence": 0.035164320279329, "std_divergence": 0.035164320279329, "failed_count": 0}, "16": {"avg_divergence": 0.06675581612517655, "std_divergence": 0.06675581612517655, "failed_count": 0}, "17": {"avg_divergence": 0.04514978977728615, "std_divergence": 0.04514978977728615, "failed_count": 1}}}