{"avg_divergence": 0.30503267973856213, "std_divergence": 0.15020613230513166}