{"avg_divergence": 0.05278373405759527, "std_divergence": 0.030952586448788722, "per_question_divergences": {"0": {"avg_divergence": 0.01209469929314289, "std_divergence": 0.01209469929314289, "failed_count": 1}, "1": {"avg_divergence": 0.02021091521009985, "std_divergence": 0.02021091521009985, "failed_count": 0}, "2": {"avg_divergence": 0.0639310933163451, "std_divergence": 0.0639310933163451, "failed_count": 2}, "3": {"avg_divergence": 0.07655148075984346, "std_divergence": 0.07655148075984346, "failed_count": 3}, "4": {"avg_divergence": 0.028540367356365018, "std_divergence": 0.028540367356365018, "failed_count": 3}, "5": {"avg_divergence": 0.02182587616054334, "std_divergence": 0.02182587616054334, "failed_count": 7}, "6": {"avg_divergence": 0.07472079498738671, "std_divergence": 0.07472079498738671, "failed_count": 1}, "7": {"avg_divergence": 0.0506418197452674, "std_divergence": 0.0506418197452674, "failed_count": 2}, "8": {"avg_divergence": 0.048577466663271625, "std_divergence": 0.048577466663271625, "failed_count": 2}, "9": {"avg_divergence": 0.06976478068823583, "std_divergence": 0.06976478068823583, "failed_count": 3}, "10": {"avg_divergence": 0.08171874906642017, "std_divergence": 0.08171874906642017, "failed_count": 1}, "11": {"avg_divergence": 0.04659853508423104, "std_divergence": 0.04659853508423104, "failed_count": 2}, "12": {"avg_divergence": 0.09469899642257083, "std_divergence": 0.09469899642257083, "failed_count": 3}, "13": {"avg_divergence": 0.07136096454463346, "std_divergence": 0.07136096454463346, "failed_count": 3}, "14": {"avg_divergence": 0.035757204314158374, "std_divergence": 0.035757204314158374, "failed_count": 2}, "15": {"avg_divergence": 0.006622879771594603, "std_divergence": 0.006622879771594603, "failed_count": 2}, "16": {"avg_divergence": 0.02193351262634194, "std_divergence": 0.02193351262634194, "failed_count": 3}, "17": {"avg_divergence": 0.12455707702626315, "std_divergence": 0.12455707702626315, "failed_count": 0}}}