{"avg_divergence": 0.22525163398692813, "std_divergence": 0.12328033084779437}