{"avg_divergence": 0.049492938385196646, "std_divergence": 0.02976766741442993, "per_question_divergences": {"0": {"avg_divergence": 0.009923152935894023, "std_divergence": 0.009923152935894023, "failed_count": 1}, "1": {"avg_divergence": 0.015100872879194746, "std_divergence": 0.015100872879194746, "failed_count": 0}, "2": {"avg_divergence": 0.05430626401766119, "std_divergence": 0.05430626401766119, "failed_count": 2}, "3": {"avg_divergence": 0.07733980642624057, "std_divergence": 0.07733980642624057, "failed_count": 3}, "4": {"avg_divergence": 0.03167560370546212, "std_divergence": 0.03167560370546212, "failed_count": 3}, "5": {"avg_divergence": 0.01787904574811668, "std_divergence": 0.01787904574811668, "failed_count": 7}, "6": {"avg_divergence": 0.0656598633243742, "std_divergence": 0.0656598633243742, "failed_count": 1}, "7": {"avg_divergence": 0.042635088796201454, "std_divergence": 0.042635088796201454, "failed_count": 2}, "8": {"avg_divergence": 0.049553256297952104, "std_divergence": 0.049553256297952104, "failed_count": 2}, "9": {"avg_divergence": 0.053674881128020206, "std_divergence": 0.053674881128020206, "failed_count": 3}, "10": {"avg_divergence": 0.08211006120815358, "std_divergence": 0.08211006120815358, "failed_count": 1}, "11": {"avg_divergence": 0.04583095564044532, "std_divergence": 0.04583095564044532, "failed_count": 2}, "12": {"avg_divergence": 0.09477349599329488, "std_divergence": 0.09477349599329488, "failed_count": 3}, "13": {"avg_divergence": 0.0683625556656044, "std_divergence": 0.0683625556656044, "failed_count": 3}, "14": {"avg_divergence": 0.038038752093023244, "std_divergence": 0.038038752093023244, "failed_count": 2}, "15": {"avg_divergence": 0.005418105718272942, "std_divergence": 0.005418105718272942, "failed_count": 2}, "16": {"avg_divergence": 0.022293909123213242, "std_divergence": 0.022293909123213242, "failed_count": 3}, "17": {"avg_divergence": 0.1162972202324147, "std_divergence": 0.1162972202324147, "failed_count": 0}}}