{"avg_divergence": 0.21444117647058827, "std_divergence": 0.11475530279059541}