{"avg_divergence": 0.19022222222222224, "std_divergence": 0.09088427046130672}