{"avg_divergence": 0.17605555555555555, "std_divergence": 0.08675278840646157}