{
    "0": {
        "avg_baseline_value": 0.003797207252990835,
        "baseline_std": 0.002412819157454234,
        "baseline_values": [
            0.003694525100532106,
            0.0027416816781373693,
            0.0005498406219591634,
            0.004033541938520847,
            0.007966446925804687
        ]
    },
    "1": {
        "avg_baseline_value": 0.0008070343923991105,
        "baseline_std": 0.0006790674029876181,
        "baseline_values": [
            0.0018982831324532263,
            0.0004999102618750294,
            0.00016938681146879057,
            0.00018461856276208278,
            0.0012829731934364235
        ]
    },
    "2": {
        "avg_baseline_value": 4.849606925187709e-05,
        "baseline_std": 4.840977379979063e-05,
        "baseline_values": [
            0.00010735435570436878,
            3.744681292505135e-06,
            4.7400805869386217e-07,
            2.4409108354534688e-05,
            0.00010649819284928302
        ]
    },
    "3": {
        "avg_baseline_value": 0.0077403985529690324,
        "baseline_std": 0.01413261999791486,
        "baseline_values": [
            0.0023239149944647534,
            0.00010500243895863095,
            4.1835049785293066e-06,
            0.0003145734705409502,
            0.0359543183559023
        ]
    },
    "4": {
        "avg_baseline_value": 6.0283778369476876e-05,
        "baseline_std": 4.957423077347256e-05,
        "baseline_values": [
            0.00010074613399909946,
            2.789074343821592e-05,
            1.3394743714217002e-05,
            0.00013735403849428704,
            2.203323220156495e-05
        ]
    },
    "5": {
        "avg_baseline_value": 0.00888563238586687,
        "baseline_std": 0.011205659644106513,
        "baseline_values": [
            0.01278311230302162,
            0.00029360191538796546,
            9.466928847731213e-05,
            0.0020157088800753856,
            0.02924106954237207
        ]
    },
    "6": {
        "avg_baseline_value": 2.8136674158876052e-05,
        "baseline_std": 3.160283662928757e-05,
        "baseline_values": [
            9.009457280495638e-05,
            2.650173816071702e-06,
            9.609412027596607e-06,
            1.990557070251718e-05,
            1.8423641443238395e-05
        ]
    },
    "7": {
        "avg_baseline_value": 0.0002022083950784844,
        "baseline_std": 0.00023348036437301878,
        "baseline_values": [
            0.0006263954667823574,
            8.410963681346628e-07,
            1.0056040350355573e-05,
            0.00010117413387906718,
            0.0002725752380125073
        ]
    },
    "8": {
        "avg_baseline_value": 4.092188769745781e-05,
        "baseline_std": 5.119663183942768e-05,
        "baseline_values": [
            0.00013428153602562133,
            1.3774157520964875e-06,
            9.559061849479398e-07,
            5.7793367497622056e-05,
            1.020121302700122e-05
        ]
    },
    "9": {
        "avg_baseline_value": 0.08034655114136023,
        "baseline_std": 0.08254501686858123,
        "baseline_values": [
            0.055839878679012585,
            0.03529264022388782,
            0.0010531616935959436,
            0.07089334638452188,
            0.23865372872578294
        ]
    },
    "10": {
        "avg_baseline_value": 0.00020125687635239516,
        "baseline_std": 0.0002683455011816355,
        "baseline_values": [
            3.904812689130183e-05,
            4.689974879301031e-05,
            0.00010373542232284448,
            8.068480207856093e-05,
            0.0007359162816762584
        ]
    },
    "11": {
        "avg_baseline_value": 8.458714923371022e-05,
        "baseline_std": 8.103900164644471e-05,
        "baseline_values": [
            3.5649809097429053e-05,
            9.795749390738447e-05,
            2.4030643912726086e-05,
            2.7825201148447374e-05,
            0.00023747259810256419
        ]
    },
    "12": {
        "avg_baseline_value": 0.000324466946373711,
        "baseline_std": 0.0003522466587223351,
        "baseline_values": [
            0.0004008634734845417,
            0.00021175385083805492,
            6.407859895832586e-06,
            0.0009695731624145783,
            3.3736385235547384e-05
        ]
    },
    "13": {
        "avg_baseline_value": 5.148950118215852e-05,
        "baseline_std": 4.737341629763244e-05,
        "baseline_values": [
            0.00011240313217186272,
            5.745914831594321e-06,
            6.367873693843845e-06,
            2.816550930969026e-05,
            0.00010476507590380146
        ]
    },
    "14": {
        "avg_baseline_value": 0.00037373334324485074,
        "baseline_std": 0.0003654910992687217,
        "baseline_values": [
            0.0009912967302441876,
            0.0005976238475718533,
            7.74513480374749e-05,
            0.00010414776935903144,
            9.814702101170652e-05
        ]
    },
    "15": {
        "avg_baseline_value": 0.000660927604429371,
        "baseline_std": 0.0009827267910155707,
        "baseline_values": [
            0.002564306670208106,
            6.813802821805313e-05,
            0.0006576111195312499,
            1.012180418594356e-05,
            4.460400003502158e-06
        ]
    },
    "16": {
        "avg_baseline_value": 0.005535899967896168,
        "baseline_std": 0.004977197016647859,
        "baseline_values": [
            0.010302186583485097,
            0.001817014259756569,
            8.4813560297209e-06,
            0.012609500438856853,
            0.0029423172013525976
        ]
    },
    "17": {
        "avg_baseline_value": 0.000469595047952588,
        "baseline_std": 0.00033738753731614977,
        "baseline_values": [
            0.0005713764310857836,
            0.0005508949719373574,
            0.0001536565311692193,
            6.509905233340606e-05,
            0.0010069482532371735
        ]
    },
    "overall_baseline": 0.00609215705371151
}