{
    "0": {
        "avg_baseline_value": 0.0008001659157785388,
        "baseline_std": 0.0007373991640451882,
        "baseline_values": [
            0.0019943649858256735,
            0.0008291237378641508,
            0.00018514198056935645,
            0.00019203295885497455
        ]
    },
    "1": {
        "avg_baseline_value": 0.004720510841341713,
        "baseline_std": 0.0024465206761796394,
        "baseline_values": [
            0.006611500621940017,
            0.0058607981451202565,
            0.00589480127677315,
            0.0005149433215334288
        ]
    },
    "2": {
        "avg_baseline_value": 6.794971183312401e-06,
        "baseline_std": 6.316256787972029e-06,
        "baseline_values": [
            1.2419007905775377e-05,
            9.220469036370706e-07,
            1.3754193600906505e-05,
            8.463632293065415e-08
        ]
    },
    "3": {
        "avg_baseline_value": 0.0018199957631695907,
        "baseline_std": 0.0024804628634071293,
        "baseline_values": [
            0.0011480245579250095,
            8.595188469790833e-05,
            0.0060444165755262754,
            1.5900345291697679e-06
        ]
    },
    "4": {
        "avg_baseline_value": 9.259645672786921e-06,
        "baseline_std": 9.407293440314705e-06,
        "baseline_values": [
            2.480440397225477e-05,
            8.041959633351496e-07,
            8.519041214048902e-06,
            2.9109415415088654e-06
        ]
    },
    "5": {
        "avg_baseline_value": 0.001672247375459934,
        "baseline_std": 0.002437119091743916,
        "baseline_values": [
            0.00018086436125861225,
            0.005877159725429966,
            2.3022474934152204e-05,
            0.0006079429402170053
        ]
    },
    "6": {
        "avg_baseline_value": 0.00013961615486130058,
        "baseline_std": 0.0001743611235858193,
        "baseline_values": [
            6.701269681696483e-05,
            5.270270764743473e-05,
            0.0004385311436857284,
            2.1807129507442561e-07
        ]
    },
    "7": {
        "avg_baseline_value": 0.0001001746419835079,
        "baseline_std": 7.392623031339554e-05,
        "baseline_values": [
            0.00012773748048057677,
            6.569100560973972e-05,
            0.0002033535701634132,
            3.916511680301932e-06
        ]
    },
    "8": {
        "avg_baseline_value": 1.1220633771016805e-05,
        "baseline_std": 1.1234244682887925e-05,
        "baseline_values": [
            1.5681561035642427e-05,
            1.3620478188701195e-06,
            2.757914952571578e-05,
            2.597767038389014e-07
        ]
    },
    "9": {
        "avg_baseline_value": 0.004966678288451169,
        "baseline_std": 0.004217559989798346,
        "baseline_values": [
            0.006961951630456811,
            0.0017792761014408687,
            0.010868400778882905,
            0.00025708464302409077
        ]
    },
    "10": {
        "avg_baseline_value": 0.0001136203720960318,
        "baseline_std": 8.775445085645223e-05,
        "baseline_values": [
            0.00020560001968995,
            0.00019298050653792512,
            1.8121221367780904e-06,
            5.408884001947402e-05
        ]
    },
    "11": {
        "avg_baseline_value": 3.872100567393478e-05,
        "baseline_std": 3.73465426973687e-05,
        "baseline_values": [
            2.5436797125713562e-05,
            2.0370297926519714e-05,
            0.00010231635813327476,
            6.760569510231089e-06
        ]
    },
    "12": {
        "avg_baseline_value": 0.001678109176882328,
        "baseline_std": 0.002190780771450241,
        "baseline_values": [
            0.0012192923212045153,
            0.00010799994235940972,
            0.005381815154397653,
            3.329289567733459e-06
        ]
    },
    "13": {
        "avg_baseline_value": 8.57037295262184e-06,
        "baseline_std": 6.622464324177941e-06,
        "baseline_values": [
            1.3185894696436041e-05,
            4.146834711694531e-06,
            1.6676179008085733e-05,
            2.725833942710566e-07
        ]
    },
    "14": {
        "avg_baseline_value": 0.0013517294728376855,
        "baseline_std": 0.0020981285582912846,
        "baseline_values": [
            9.679979790446924e-06,
            0.004974239991404644,
            5.776762568627942e-06,
            0.0004172211575870228
        ]
    },
    "15": {
        "avg_baseline_value": 0.0039056218081392285,
        "baseline_std": 0.005093816937232336,
        "baseline_values": [
            0.003050599587551352,
            4.721990863091231e-05,
            0.012469642958137631,
            5.502477823701975e-05
        ]
    },
    "16": {
        "avg_baseline_value": 0.002341987807999595,
        "baseline_std": 0.00297745074574121,
        "baseline_values": [
            0.0008963581704285378,
            0.00025795001410868797,
            0.0074831003266072295,
            0.0007305427208539241
        ]
    },
    "17": {
        "avg_baseline_value": 0.0008789546108797832,
        "baseline_std": 0.0009149313957520662,
        "baseline_values": [
            0.0003079237871325844,
            0.0005743974166504882,
            0.002445074672233451,
            0.00018842256750260935
        ]
    },
    "overall_baseline": 0.0013646654921741154
}