{
    "0": {
        "avg_baseline_value": 0.0026303817478064402,
        "baseline_std": 0.002215798836793574,
        "baseline_values": [
            0.004576733554013052,
            0.0007078716325401002,
            0.0001532587574195396,
            0.00508366304725307
        ]
    },
    "1": {
        "avg_baseline_value": 0.029078931745327972,
        "baseline_std": 0.029265034391163305,
        "baseline_values": [
            0.01458408813055472,
            0.023919066807001337,
            0.0002029885531109345,
            0.0776095834906449
        ]
    },
    "2": {
        "avg_baseline_value": 2.0220630330190773e-05,
        "baseline_std": 2.2584433181946604e-05,
        "baseline_values": [
            9.310584301094592e-06,
            5.782256284490119e-06,
            6.518150478460747e-06,
            5.927153025671764e-05
        ]
    },
    "3": {
        "avg_baseline_value": 0.0018975371157384428,
        "baseline_std": 0.002668821211927536,
        "baseline_values": [
            0.00027085421014655614,
            0.006519119188506314,
            0.00041737919903802445,
            0.00038279586526287574
        ]
    },
    "4": {
        "avg_baseline_value": 7.70787116362072e-05,
        "baseline_std": 6.58305493283558e-05,
        "baseline_values": [
            0.00015684972450414966,
            2.0726747254310215e-05,
            4.044393876123019e-06,
            0.00012669398091024592
        ]
    },
    "5": {
        "avg_baseline_value": 0.014151520325675987,
        "baseline_std": 0.012435708185809304,
        "baseline_values": [
            0.0070303173237514244,
            0.014919833487922566,
            0.00078852888324774,
            0.03386740160778222
        ]
    },
    "6": {
        "avg_baseline_value": 0.00015602866822472824,
        "baseline_std": 0.00017726359225588486,
        "baseline_values": [
            0.0001148963583615948,
            3.0964705519013406e-05,
            2.170318301459199e-05,
            0.0004565504260037128
        ]
    },
    "7": {
        "avg_baseline_value": 0.00023693563309031338,
        "baseline_std": 0.0002835246383760449,
        "baseline_values": [
            6.587879577673618e-05,
            0.00015248110991209862,
            9.368328913654955e-06,
            0.0007200142977587638
        ]
    },
    "8": {
        "avg_baseline_value": 6.023216175050813e-06,
        "baseline_std": 5.8112851769112086e-06,
        "baseline_values": [
            9.317813187518996e-06,
            3.1735808723132187e-07,
            5.667950148671572e-07,
            1.3890898410585774e-05
        ]
    },
    "9": {
        "avg_baseline_value": 0.006667645068792376,
        "baseline_std": 0.005822951704590483,
        "baseline_values": [
            0.002577219113046619,
            0.00010248426579043815,
            0.00891133559963299,
            0.015079541296699457
        ]
    },
    "10": {
        "avg_baseline_value": 0.0005470311619911971,
        "baseline_std": 0.0005831686889125986,
        "baseline_values": [
            0.00021976640080023887,
            0.000445334537830336,
            2.9294542096513077e-06,
            0.0015200942551245621
        ]
    },
    "11": {
        "avg_baseline_value": 0.0002556608641055602,
        "baseline_std": 0.0003181114431373996,
        "baseline_values": [
            6.286296065296458e-06,
            0.0008006705370590597,
            7.737788375799092e-05,
            0.00013830873953989362
        ]
    },
    "12": {
        "avg_baseline_value": 0.0014026748895347545,
        "baseline_std": 0.0017625370082286207,
        "baseline_values": [
            0.0003177000118159737,
            0.0004190784767762183,
            0.000419286026690389,
            0.004454635042856437
        ]
    },
    "13": {
        "avg_baseline_value": 7.880025073400342e-06,
        "baseline_std": 3.86573895899355e-06,
        "baseline_values": [
            8.556305730152375e-06,
            5.462641466370899e-06,
            3.6535709558229584e-06,
            1.3847582141255136e-05
        ]
    },
    "14": {
        "avg_baseline_value": 0.017000825731264164,
        "baseline_std": 0.013423207000197475,
        "baseline_values": [
            0.0069888091802978725,
            0.02289876712984103,
            0.002069029484282868,
            0.03604669713063488
        ]
    },
    "15": {
        "avg_baseline_value": 0.00029150306451571474,
        "baseline_std": 0.00017239867542832613,
        "baseline_values": [
            8.082585481285723e-05,
            0.0005514683190958344,
            0.00032026193149687824,
            0.00021345615265728912
        ]
    },
    "16": {
        "avg_baseline_value": 0.03194921496004423,
        "baseline_std": 0.03163683082125273,
        "baseline_values": [
            0.0034172139543970693,
            0.04881398195341981,
            0.00011986185112792085,
            0.0754458020812321
        ]
    },
    "17": {
        "avg_baseline_value": 0.005926617829594666,
        "baseline_std": 0.006315368635531875,
        "baseline_values": [
            0.0003275185693751968,
            0.016444427197713028,
            0.0018143194889597635,
            0.005120206062330678
        ]
    },
    "overall_baseline": 0.0062390950771623
}