{
    "0": {
        "avg_baseline_value": 0.001827428891728672,
        "baseline_std": 0.0014963177251550125,
        "baseline_values": [
            0.0009103979308283075,
            1.8099181793107414e-05,
            0.0011170918105532538,
            0.004124651416438128,
            0.0029669041190305643
        ]
    },
    "1": {
        "avg_baseline_value": 0.004927583482568118,
        "baseline_std": 0.003502553655106574,
        "baseline_values": [
            0.008385112047797745,
            0.00040946560592605995,
            0.004516698386010891,
            0.009386227654143127,
            0.0019404137189627645
        ]
    },
    "2": {
        "avg_baseline_value": 1.3761732520226996e-05,
        "baseline_std": 1.0952544119096652e-05,
        "baseline_values": [
            1.0804013504254286e-05,
            4.352985233570901e-06,
            8.841669600046703e-07,
            2.3379067185857278e-05,
            2.938842971744785e-05
        ]
    },
    "3": {
        "avg_baseline_value": 0.0003516283846749224,
        "baseline_std": 0.0003488043144277035,
        "baseline_values": [
            0.0006698238913605665,
            5.609315444384122e-05,
            8.736511030712444e-05,
            0.0008728744575455263,
            7.198530971755362e-05
        ]
    },
    "4": {
        "avg_baseline_value": 4.0989764054878275e-05,
        "baseline_std": 3.3793534048621135e-05,
        "baseline_values": [
            6.090871109711381e-06,
            1.6908422361497896e-05,
            8.044023815507334e-05,
            1.785232456653449e-05,
            8.365696408157428e-05
        ]
    },
    "5": {
        "avg_baseline_value": 0.0008775153131400096,
        "baseline_std": 0.0010435334667587349,
        "baseline_values": [
            2.8649670815519407e-05,
            1.481553295884775e-05,
            0.0026315738773194067,
            0.0001845685072026184,
            0.0015279689774036563
        ]
    },
    "6": {
        "avg_baseline_value": 6.556738770262421e-05,
        "baseline_std": 7.154108381016889e-05,
        "baseline_values": [
            0.0001876847156620237,
            7.606728255759038e-07,
            0.00010387369594047512,
            3.258137978117929e-05,
            2.9364743038671155e-06
        ]
    },
    "7": {
        "avg_baseline_value": 0.00025716296777891724,
        "baseline_std": 0.00039639670578122137,
        "baseline_values": [
            6.109469155923046e-07,
            3.7219857497379447e-07,
            8.055312110652382e-05,
            0.00016357176295536343,
            0.0010407068093421328
        ]
    },
    "8": {
        "avg_baseline_value": 4.694828815082323e-06,
        "baseline_std": 4.476243126850265e-06,
        "baseline_values": [
            7.784289574309903e-06,
            1.451464788502536e-07,
            1.1108915538081526e-06,
            1.1927163536447863e-05,
            2.506652931995445e-06
        ]
    },
    "9": {
        "avg_baseline_value": 0.0035543099774502673,
        "baseline_std": 0.0027164714296643573,
        "baseline_values": [
            0.006147690516139444,
            0.0005549718022170417,
            0.00037269310968736325,
            0.006867373657354858,
            0.003828820801852629
        ]
    },
    "10": {
        "avg_baseline_value": 0.0001609194072968232,
        "baseline_std": 0.00015639741187460467,
        "baseline_values": [
            1.3385242760231112e-05,
            9.57388655757424e-05,
            3.293936759598535e-05,
            0.0004358387027914334,
            0.00022669485776072377
        ]
    },
    "11": {
        "avg_baseline_value": 5.231091515407788e-05,
        "baseline_std": 3.421663256332821e-05,
        "baseline_values": [
            5.941704282500755e-05,
            0.00011217851422770056,
            4.055209478575493e-05,
            8.020379951073003e-06,
            4.138654398085335e-05
        ]
    },
    "12": {
        "avg_baseline_value": 0.0008630351987546794,
        "baseline_std": 0.0009814811169134461,
        "baseline_values": [
            0.002536789659231812,
            0.0002823359158075426,
            8.630113751939083e-07,
            0.0014213391692837446,
            7.384823807510367e-05
        ]
    },
    "13": {
        "avg_baseline_value": 1.686429397982888e-05,
        "baseline_std": 1.8758686920685395e-05,
        "baseline_values": [
            1.043433087278867e-06,
            3.26091214498474e-06,
            5.873671443566267e-07,
            3.6989696079199205e-05,
            4.2440061443324956e-05
        ]
    },
    "14": {
        "avg_baseline_value": 0.0032773715638739764,
        "baseline_std": 0.004205581232289478,
        "baseline_values": [
            1.6791490066249712e-06,
            7.97649336557343e-05,
            0.0001272938136991157,
            0.005717136876266526,
            0.010460983046741883
        ]
    },
    "15": {
        "avg_baseline_value": 0.002510059015509969,
        "baseline_std": 0.0027776428184438395,
        "baseline_values": [
            0.006702687617758528,
            0.00022674406103358465,
            0.00017622439764908786,
            0.00498593864983569,
            0.0004587003512729552
        ]
    },
    "16": {
        "avg_baseline_value": 0.0025017534628594,
        "baseline_std": 0.0013544505787945805,
        "baseline_values": [
            0.0017901062054400043,
            0.0018140442391937738,
            0.005021321584290408,
            0.0011613799070459914,
            0.0027219153783268222
        ]
    },
    "17": {
        "avg_baseline_value": 0.0009001601580100431,
        "baseline_std": 0.0006229837620774017,
        "baseline_values": [
            0.0008556096816776238,
            0.0007738729844117429,
            0.00208466815833031,
            0.0004471192736439483,
            0.00033953069198659096
        ]
    },
    "overall_baseline": 0.0012335064858818065
}