{
    "0": {
        "avg_baseline_value": 0.0010212764819829408,
        "baseline_std": 0.0015184332304683111,
        "baseline_values": [
            0.0004107203041551358,
            0.0002767461137357248,
            0.004046399794594906,
            2.0109664889251397e-05,
            0.0003524065325396863
        ]
    },
    "1": {
        "avg_baseline_value": 0.09024867268244058,
        "baseline_std": 0.14824294184056364,
        "baseline_values": [
            0.05960657386615101,
            0.0001603308473882119,
            0.008057584237946237,
            3.12525453504166e-05,
            0.383387621915367
        ]
    },
    "2": {
        "avg_baseline_value": 4.0449372396408935e-05,
        "baseline_std": 3.512673760241378e-05,
        "baseline_values": [
            0.00010080908272741924,
            1.2766998085511177e-05,
            3.723035438151817e-05,
            7.287759274992435e-08,
            5.1367549194846146e-05
        ]
    },
    "3": {
        "avg_baseline_value": 0.0003981064401308458,
        "baseline_std": 0.00033021490940184984,
        "baseline_values": [
            0.0005473665964100237,
            0.00015251019538515862,
            0.0009489863583621041,
            3.742348035396662e-06,
            0.0003379267024615463
        ]
    },
    "4": {
        "avg_baseline_value": 0.0010756416916461197,
        "baseline_std": 0.002031492295688998,
        "baseline_values": [
            0.0001025737437799052,
            0.005137675483666943,
            0.00011537286251416796,
            7.214982968988979e-06,
            1.5371385300592988e-05
        ]
    },
    "5": {
        "avg_baseline_value": 0.01766438175761343,
        "baseline_std": 0.029599480385548785,
        "baseline_values": [
            0.0028836235104795003,
            0.00748423972769521,
            0.07664817221308451,
            7.240896811200086e-05,
            0.0012334643686959426
        ]
    },
    "6": {
        "avg_baseline_value": 0.0002973397554950378,
        "baseline_std": 0.0004231436285492618,
        "baseline_values": [
            0.00030079898689588605,
            4.085599449700864e-05,
            2.9010873876148515e-05,
            5.437319191965782e-07,
            0.0011154891902869493
        ]
    },
    "7": {
        "avg_baseline_value": 0.00010031384643513378,
        "baseline_std": 0.00011900604298564513,
        "baseline_values": [
            0.0003291301627117267,
            9.503930850399574e-05,
            5.875938300840935e-05,
            9.237860441049827e-07,
            1.7716591907432093e-05
        ]
    },
    "8": {
        "avg_baseline_value": 7.005836216249561e-06,
        "baseline_std": 6.522171943898432e-06,
        "baseline_values": [
            1.4706068355585152e-06,
            1.7984556567480497e-05,
            5.410923490108802e-06,
            3.5038869748223405e-09,
            1.0159590301125166e-05
        ]
    },
    "9": {
        "avg_baseline_value": 0.028491633986972315,
        "baseline_std": 0.019983394239850943,
        "baseline_values": [
            0.04599339405419664,
            0.024874797041766646,
            0.016282130694496674,
            2.4124712306239137e-05,
            0.05528372343209536
        ]
    },
    "10": {
        "avg_baseline_value": 0.0017464899646477937,
        "baseline_std": 0.00182927339891737,
        "baseline_values": [
            0.004462545041277932,
            8.624292073630603e-06,
            0.0009074808402546573,
            5.270025010203425e-07,
            0.003353272647131729
        ]
    },
    "11": {
        "avg_baseline_value": 4.909230339576558e-05,
        "baseline_std": 5.6053639502508315e-05,
        "baseline_values": [
            2.531107443971148e-05,
            0.00015629863523494022,
            1.3248766595315287e-05,
            4.565387232306772e-07,
            5.014650198563022e-05
        ]
    },
    "12": {
        "avg_baseline_value": 0.007291152355818722,
        "baseline_std": 0.013612200709641769,
        "baseline_values": [
            0.0006960582524997074,
            0.0345080329568327,
            0.0009513932010992024,
            3.72532030317173e-05,
            0.0002630241656302849
        ]
    },
    "13": {
        "avg_baseline_value": 1.1909283481635854e-05,
        "baseline_std": 1.5185678028869332e-05,
        "baseline_values": [
            4.1128625986777466e-05,
            1.4664987798641724e-06,
            1.2075083098626425e-05,
            1.1771521485586286e-07,
            4.758494328055344e-06
        ]
    },
    "14": {
        "avg_baseline_value": 0.026616389335466856,
        "baseline_std": 0.029815858199866905,
        "baseline_values": [
            0.06659728658249857,
            0.007053621078619022,
            0.0001023809498685936,
            0.00015009144391283733,
            0.05917856662243524
        ]
    },
    "15": {
        "avg_baseline_value": 0.00136714024298466,
        "baseline_std": 0.001233245160820783,
        "baseline_values": [
            0.00014260739493057078,
            0.0033768042553077534,
            0.0017856285505934721,
            1.5387766301964514e-06,
            0.0015291222374613069
        ]
    },
    "16": {
        "avg_baseline_value": 0.062797791150053,
        "baseline_std": 0.09016866899174239,
        "baseline_values": [
            0.07018829689651987,
            8.935923312876191e-05,
            0.0082625834165064,
            0.00012964535263470348,
            0.2353190708514753
        ]
    },
    "17": {
        "avg_baseline_value": 0.004834555700876976,
        "baseline_std": 0.0060004196613768716,
        "baseline_values": [
            0.0062252544536724125,
            0.0013823816278988159,
            0.000560155299153385,
            7.761785965305765e-06,
            0.01599722533769496
        ]
    },
    "overall_baseline": 0.013558852343780804
}