{
    "0": {
        "avg_baseline_value": 0.0022857925490537977,
        "baseline_std": 0.0029513883731086435,
        "baseline_values": [
            0.008156788150583115,
            0.0013110547931769018,
            0.0003454737554484783,
            0.0007839615669834148,
            0.0008316844790770779
        ]
    },
    "1": {
        "avg_baseline_value": 0.0007958062976241598,
        "baseline_std": 0.0010820759162984788,
        "baseline_values": [
            0.0028938657766136226,
            0.0007213628877553567,
            0.00035513115604222023,
            3.848972120358169e-06,
            4.822695589241525e-06
        ]
    },
    "2": {
        "avg_baseline_value": 0.0006879094277831293,
        "baseline_std": 0.0007090777669877365,
        "baseline_values": [
            0.002035484012826731,
            0.000750972637699965,
            0.00020551422013352733,
            0.00010029748535408478,
            0.0003472787829013381
        ]
    },
    "3": {
        "avg_baseline_value": 0.0009918809829676447,
        "baseline_std": 0.0012692737087651982,
        "baseline_values": [
            0.003453666599983616,
            0.0009477734311691714,
            0.00027828441921699863,
            1.3788851989983559e-05,
            0.0002658916124784529
        ]
    },
    "4": {
        "avg_baseline_value": 0.0008906175517948688,
        "baseline_std": 0.001116563752453891,
        "baseline_values": [
            0.0029501630573283647,
            0.0012049113006973374,
            0.0001696176929155237,
            3.844783460217869e-06,
            0.00012455092457290006
        ]
    },
    "5": {
        "avg_baseline_value": 0.002737163740719621,
        "baseline_std": 0.0032336314008982853,
        "baseline_values": [
            0.009037029310451458,
            0.0010049470433447247,
            0.0013397430431633787,
            8.585321800502915e-06,
            0.0022955139848380396
        ]
    },
    "6": {
        "avg_baseline_value": 0.0008461083305551353,
        "baseline_std": 0.0006983565448417382,
        "baseline_values": [
            0.0020152490036447037,
            0.0006911720275042166,
            0.00034056269784620106,
            1.6161508689355738e-05,
            0.0011673964150911995
        ]
    },
    "7": {
        "avg_baseline_value": 0.00037112967560124974,
        "baseline_std": 0.0003952569109003069,
        "baseline_values": [
            4.693154674174907e-05,
            0.00033096357796721145,
            9.278935113283808e-05,
            0.000250659317111117,
            0.001134304585053333
        ]
    },
    "8": {
        "avg_baseline_value": 0.0003015497759062196,
        "baseline_std": 0.00027236722850638236,
        "baseline_values": [
            1.2408804952385867e-05,
            0.0007033124132165221,
            3.347618381237657e-06,
            0.0004937362787008378,
            0.0002949437642801147
        ]
    },
    "9": {
        "avg_baseline_value": 0.0026421259101388024,
        "baseline_std": 0.0040633748191505805,
        "baseline_values": [
            0.01076404122117016,
            0.0005102908067045152,
            0.0007309048197637737,
            0.000794442891741406,
            0.0004109498113141569
        ]
    },
    "10": {
        "avg_baseline_value": 0.0004083312452676805,
        "baseline_std": 0.0004415462187109961,
        "baseline_values": [
            0.0005298019924689323,
            0.00017687840348016906,
            9.406602549712975e-05,
            2.139971481065881e-05,
            0.0012195100900815128
        ]
    },
    "11": {
        "avg_baseline_value": 0.0006748686270679434,
        "baseline_std": 0.00046191321810939615,
        "baseline_values": [
            0.0013268677410283028,
            0.0002848989351731322,
            0.00046542942120040496,
            0.00017719667728865223,
            0.0011199503606492249
        ]
    },
    "12": {
        "avg_baseline_value": 0.0007903848209634551,
        "baseline_std": 0.0009374460727751288,
        "baseline_values": [
            0.0025251516181069417,
            6.467380807300241e-05,
            0.0010122098001760997,
            1.4923606574387015e-05,
            0.0003349652718868439
        ]
    },
    "13": {
        "avg_baseline_value": 0.0009494068987964359,
        "baseline_std": 0.0006304009989588731,
        "baseline_values": [
            0.0003742480493781582,
            0.0009923914600616884,
            0.0001153693218846815,
            0.001519628791164416,
            0.0017453968714932354
        ]
    },
    "14": {
        "avg_baseline_value": 0.00018932840992886188,
        "baseline_std": 0.000146378560072537,
        "baseline_values": [
            0.0003449295677535343,
            0.000360789714408698,
            2.383648644528373e-05,
            2.7664778923642652e-05,
            0.00018942150211315086
        ]
    },
    "15": {
        "avg_baseline_value": 0.0005767081974342181,
        "baseline_std": 0.0003966807375070364,
        "baseline_values": [
            0.0009097435272228043,
            0.00018398807263896133,
            0.0007715652816578281,
            2.2022805710318905e-05,
            0.0009962212999411774
        ]
    },
    "16": {
        "avg_baseline_value": 0.0004126579485999326,
        "baseline_std": 0.00029854479029828724,
        "baseline_values": [
            0.0006685068105698719,
            7.458907313348214e-05,
            4.7268007472617816e-05,
            0.0007633656633223989,
            0.0005095601885012923
        ]
    },
    "17": {
        "avg_baseline_value": 0.0006479914636039405,
        "baseline_std": 0.0007775369385187281,
        "baseline_values": [
            0.00038236428347976093,
            0.00021105847822483598,
            0.0002834275258749699,
            0.00016689435305518443,
            0.0021962126773849514
        ]
    },
    "overall_baseline": 0.0009555423252115053
}