{
    "0": {
        "avg_baseline_value": 0.0002768296090782347,
        "baseline_std": 0.0002157564418544681,
        "baseline_values": [
            0.0003571125670075945,
            0.0005903518859013304,
            3.565219102849482e-05,
            0.0001242017923755192
        ]
    },
    "1": {
        "avg_baseline_value": 0.0008119957120420141,
        "baseline_std": 0.000600556212656252,
        "baseline_values": [
            0.0016849593290573326,
            0.0010442919075425222,
            0.00034837263861829486,
            0.00017035897294990715
        ]
    },
    "2": {
        "avg_baseline_value": 0.0006926529319651578,
        "baseline_std": 0.00046728641308471164,
        "baseline_values": [
            0.0008161275247369137,
            0.0005948096613065102,
            0.0013310970517965142,
            2.8577490020693575e-05
        ]
    },
    "3": {
        "avg_baseline_value": 0.0019511187947855561,
        "baseline_std": 0.00220728409757097,
        "baseline_values": [
            0.005735022294128343,
            0.0012047034420655646,
            0.00044195746656801126,
            0.00042279197638030543
        ]
    },
    "4": {
        "avg_baseline_value": 0.00016569086320038096,
        "baseline_std": 0.00011618375639123466,
        "baseline_values": [
            0.00034041740013287516,
            0.00012797308747204727,
            0.00017673824989182654,
            1.763471530477487e-05
        ]
    },
    "5": {
        "avg_baseline_value": 0.001113498986154628,
        "baseline_std": 0.0009615941123154106,
        "baseline_values": [
            0.00241958737803037,
            0.0016338932706291228,
            3.6007282456923433e-05,
            0.0003645080135020968
        ]
    },
    "6": {
        "avg_baseline_value": 0.0005469640165013853,
        "baseline_std": 0.0004526226531250183,
        "baseline_values": [
            0.00109723664651499,
            0.0001920484739384313,
            0.0008803433917291144,
            1.8227553823005167e-05
        ]
    },
    "7": {
        "avg_baseline_value": 0.0006591182491282532,
        "baseline_std": 0.00048076786281545233,
        "baseline_values": [
            0.0014533081521487835,
            0.0005352279765356438,
            0.00048800159014469673,
            0.00015993527768388887
        ]
    },
    "8": {
        "avg_baseline_value": 0.0005078798595828183,
        "baseline_std": 0.0005982107061633503,
        "baseline_values": [
            0.00029405845835882223,
            0.00153280179256114,
            4.621542772981209e-05,
            0.00015844375968149848
        ]
    },
    "9": {
        "avg_baseline_value": 0.0007587111396267968,
        "baseline_std": 0.0009169932208000738,
        "baseline_values": [
            0.0023399744360930196,
            0.0002446527346963762,
            0.0003463387876544657,
            0.00010387860006332555
        ]
    },
    "10": {
        "avg_baseline_value": 8.412602111860083e-05,
        "baseline_std": 3.5134347924468525e-05,
        "baseline_values": [
            0.0001051585440331724,
            0.000102717899885156,
            0.000105329780804365,
            2.3297859751709903e-05
        ]
    },
    "11": {
        "avg_baseline_value": 0.0004042289805555641,
        "baseline_std": 0.0003847200505447707,
        "baseline_values": [
            0.0005574822690600082,
            0.0009643306020384576,
            6.169469596264921e-05,
            3.34083551611414e-05
        ]
    },
    "12": {
        "avg_baseline_value": 0.0005759866454604441,
        "baseline_std": 0.0005938339012525205,
        "baseline_values": [
            0.00024209432008978597,
            0.0016044221981818027,
            0.0002386117669810597,
            0.00021881829658912809
        ]
    },
    "13": {
        "avg_baseline_value": 0.0005838108003676795,
        "baseline_std": 0.00043871482057842903,
        "baseline_values": [
            0.0012179867443945166,
            0.0006884471625820216,
            0.00041913992385345116,
            9.669370640728566e-06
        ]
    },
    "14": {
        "avg_baseline_value": 0.0003262331409665579,
        "baseline_std": 0.0005132290710442842,
        "baseline_values": [
            8.716633758115356e-06,
            5.633823963055748e-06,
            0.0012138065587942782,
            7.677554735078234e-05
        ]
    },
    "15": {
        "avg_baseline_value": 0.00045765783383361575,
        "baseline_std": 0.0005963124581931074,
        "baseline_values": [
            0.0014741505028092608,
            3.6300410849830815e-05,
            0.00029135670825717724,
            2.8823713418194022e-05
        ]
    },
    "16": {
        "avg_baseline_value": 7.41615736376378e-05,
        "baseline_std": 5.760529097369958e-05,
        "baseline_values": [
            0.00016319458748875854,
            7.761318698019542e-05,
            5.091908470318636e-05,
            4.919435378410849e-06
        ]
    },
    "17": {
        "avg_baseline_value": 0.0005373927947638063,
        "baseline_std": 0.0006824011724581807,
        "baseline_values": [
            0.0017138979464351141,
            0.00014060953365657163,
            0.0002400007609406311,
            5.506293802290828e-05
        ]
    },
    "overall_baseline": 0.0005848921084871738
}