{
    "0": {
        "avg_baseline_value": 0.003508784538570578,
        "baseline_std": 0.002862024048923873,
        "baseline_values": [
            0.0004674471943835596,
            0.006804705241579529,
            0.0008695718650287946,
            0.005893413853290428
        ]
    },
    "1": {
        "avg_baseline_value": 0.004826014179356021,
        "baseline_std": 0.004515583713456315,
        "baseline_values": [
            0.002249233779740309,
            0.004961943157740885,
            4.957265166872951e-05,
            0.012043307128274162
        ]
    },
    "2": {
        "avg_baseline_value": 0.0017163417298233976,
        "baseline_std": 0.0014667462913802447,
        "baseline_values": [
            0.0002855388458516471,
            0.00311763737110945,
            0.00021549035194049477,
            0.003246700350391999
        ]
    },
    "3": {
        "avg_baseline_value": 0.0029379252613881456,
        "baseline_std": 0.0031118487217605822,
        "baseline_values": [
            0.0009406771398892969,
            0.0024774608537878333,
            0.00019732268995334217,
            0.00813624036192211
        ]
    },
    "4": {
        "avg_baseline_value": 0.0021069407774838567,
        "baseline_std": 0.0016672652940746128,
        "baseline_values": [
            0.0004268833096303137,
            0.0038528192163114878,
            0.00045442487326989784,
            0.0036936357107237275
        ]
    },
    "5": {
        "avg_baseline_value": 0.016324057752364618,
        "baseline_std": 0.013761091560299117,
        "baseline_values": [
            0.0014637742977456263,
            0.03585621309948247,
            0.005496235873702575,
            0.022480007738527805
        ]
    },
    "6": {
        "avg_baseline_value": 0.0015486888819735488,
        "baseline_std": 0.0013109197428820426,
        "baseline_values": [
            0.00043348968445671733,
            0.002341208813672009,
            0.00013677960855296582,
            0.003283277421212502
        ]
    },
    "7": {
        "avg_baseline_value": 0.0010676174830437722,
        "baseline_std": 0.000633199307782902,
        "baseline_values": [
            0.0006958570471829097,
            0.0021343185556980883,
            0.0005124969670788604,
            0.0009277973622152304
        ]
    },
    "8": {
        "avg_baseline_value": 0.0028471049964058593,
        "baseline_std": 0.0020971790507032513,
        "baseline_values": [
            0.0005974334705336626,
            0.005207226232384988,
            0.0009270281243329172,
            0.00465673215837187
        ]
    },
    "9": {
        "avg_baseline_value": 0.0008754437327155576,
        "baseline_std": 0.0007204208056652427,
        "baseline_values": [
            6.485565933792302e-05,
            0.0020232461962059493,
            0.0008562759176685865,
            0.000557397157649771
        ]
    },
    "10": {
        "avg_baseline_value": 0.0012834041893086611,
        "baseline_std": 0.001348706829629549,
        "baseline_values": [
            0.0004093065058830077,
            0.0036153477217920798,
            0.0006298994008239,
            0.00047906312873565685
        ]
    },
    "11": {
        "avg_baseline_value": 0.006796992230638754,
        "baseline_std": 0.0067462338662098295,
        "baseline_values": [
            0.0011110642479193677,
            0.01682848158907352,
            0.009076412004478056,
            0.00017201108108407475
        ]
    },
    "12": {
        "avg_baseline_value": 0.0005182350545820419,
        "baseline_std": 0.0005490746986598445,
        "baseline_values": [
            0.00013704195653639967,
            0.0014622905657336216,
            0.00016272259312416634,
            0.00031088510293398035
        ]
    },
    "13": {
        "avg_baseline_value": 0.00044500986184064606,
        "baseline_std": 0.00027932864664745826,
        "baseline_values": [
            0.0008242392618609491,
            0.00034474188821058356,
            6.127556293067339e-05,
            0.0005497827343603783
        ]
    },
    "14": {
        "avg_baseline_value": 0.0006981972299392979,
        "baseline_std": 0.0007026743356115892,
        "baseline_values": [
            2.9084472372881036e-05,
            0.0009544847050843091,
            7.503245506658982e-05,
            0.0017341872872334116
        ]
    },
    "15": {
        "avg_baseline_value": 0.004734137249854388,
        "baseline_std": 0.005340878691682584,
        "baseline_values": [
            0.0010949005261644425,
            0.013958373113347609,
            0.0016473063149348975,
            0.0022359690449706027
        ]
    },
    "16": {
        "avg_baseline_value": 0.0011338228446550777,
        "baseline_std": 0.0011140153320967367,
        "baseline_values": [
            0.0009464435149424479,
            0.0005294522214857706,
            7.190637797248924e-05,
            0.002987489264219603
        ]
    },
    "17": {
        "avg_baseline_value": 0.0013288758544685217,
        "baseline_std": 0.0010002131415742638,
        "baseline_values": [
            0.0015416561162314114,
            0.0005857200853184467,
            0.00031666384930109095,
            0.002871463367023138
        ]
    },
    "overall_baseline": 0.003038755213800708
}