{
    "0": {
        "avg_baseline_value": 0.0018197539694776218,
        "baseline_std": 0.002733516739623672,
        "baseline_values": [
            0.0002274401645758494,
            7.045503782477078e-05,
            0.008133302359311978,
            0.00031501123885113166,
            0.00032123615077132335,
            0.002916641676496774,
            0.0007541911585115242
        ]
    },
    "1": {
        "avg_baseline_value": 0.0003223578282973225,
        "baseline_std": 0.0003328110416366758,
        "baseline_values": [
            5.654781376834602e-05,
            0.0009973421979305867,
            0.00042179788811639766,
            0.0005325452575364986,
            0.0002055764119336622,
            1.228712005583593e-05,
            3.0408108739930405e-05
        ]
    },
    "2": {
        "avg_baseline_value": 0.00029980490318260984,
        "baseline_std": 0.0004119450180549705,
        "baseline_values": [
            2.602110502266837e-05,
            1.333001497833016e-05,
            0.0005380997551529386,
            0.0001976370707265873,
            0.0012150122087654332,
            0.00010651983235951291,
            2.014335272798464e-06
        ]
    },
    "3": {
        "avg_baseline_value": 0.0006969663196658288,
        "baseline_std": 0.0008263284160087202,
        "baseline_values": [
            0.00017390194977475696,
            0.001028627215067726,
            2.1769967841361445e-05,
            0.002350907632491192,
            1.698776621830722e-05,
            3.641210679318961e-05,
            0.0012501575994742686
        ]
    },
    "4": {
        "avg_baseline_value": 0.0015355853636022684,
        "baseline_std": 0.0014030883905868006,
        "baseline_values": [
            0.00028872867719536806,
            0.00017815275237939777,
            0.0013150842606816653,
            0.0013297915712550336,
            0.0038943161965485982,
            0.0003710041462546691,
            0.0033720199409011456
        ]
    },
    "5": {
        "avg_baseline_value": 0.001629090839674135,
        "baseline_std": 0.0021828898477929746,
        "baseline_values": [
            0.006851977102898306,
            0.0007976593046999708,
            5.798702847697401e-06,
            0.001630768430020765,
            0.000446927203647603,
            0.001050063940070289,
            0.0006204411935343125
        ]
    },
    "6": {
        "avg_baseline_value": 0.000552274558892263,
        "baseline_std": 0.0004398238281990848,
        "baseline_values": [
            0.00042691531483170643,
            0.00037795796099284726,
            0.001244440815230783,
            0.00011762614127219054,
            0.00021606506600328388,
            0.001218628405067829,
            0.00026428820884720147
        ]
    },
    "7": {
        "avg_baseline_value": 0.0003648599500989045,
        "baseline_std": 0.00035352032677169425,
        "baseline_values": [
            0.00017899708340380385,
            0.00018187913367571397,
            0.0005073168339395699,
            0.00014720799197638038,
            0.0011782096388580864,
            0.00024879759211572373,
            0.00011161137672305252
        ]
    },
    "8": {
        "avg_baseline_value": 0.0006981930693539014,
        "baseline_std": 0.0004599709828996224,
        "baseline_values": [
            0.00011026003229610838,
            0.0009639898198709492,
            0.0007778393760522452,
            0.0016386950760084078,
            0.0005388288604491411,
            0.00038797465295583726,
            0.0004697636678446203
        ]
    },
    "9": {
        "avg_baseline_value": 0.0002586804589690425,
        "baseline_std": 0.00026527792021243177,
        "baseline_values": [
            0.000779043655366173,
            0.0003535074130679231,
            0.0004603948871029528,
            2.718513327963223e-05,
            0.0001158851185566864,
            2.703488774295326e-05,
            4.771211766697675e-05
        ]
    },
    "10": {
        "avg_baseline_value": 0.0002889552063152665,
        "baseline_std": 0.0002815857650886721,
        "baseline_values": [
            0.0005492539801944175,
            0.000850063160500811,
            0.0002657306338377221,
            0.00014227570945479296,
            0.0001415973312432396,
            6.504869292166576e-05,
            8.716936054216725e-06
        ]
    },
    "11": {
        "avg_baseline_value": 0.0014157730664362234,
        "baseline_std": 0.0013524770505487958,
        "baseline_values": [
            0.00025123758216856685,
            0.0013492706400241258,
            0.00043484696463248973,
            0.003164620825126161,
            0.003783772311090961,
            0.0004897816333379074,
            0.00043688150867335156
        ]
    },
    "12": {
        "avg_baseline_value": 0.0006873339143327825,
        "baseline_std": 0.000744054362439301,
        "baseline_values": [
            8.759729842528857e-05,
            0.00033508376020348563,
            0.0013323530578682745,
            3.624289240590572e-05,
            0.002229963437674105,
            0.00041760358457618087,
            0.0003724933691762369
        ]
    },
    "13": {
        "avg_baseline_value": 0.0009778152518327085,
        "baseline_std": 0.0007884920565163002,
        "baseline_values": [
            0.0019269802251591138,
            0.0007712541833499733,
            1.8296670298714065e-05,
            0.000449805445274867,
            0.0016752339786312534,
            0.0019293248054997381,
            7.381145461529917e-05
        ]
    },
    "14": {
        "avg_baseline_value": 0.000671783688023648,
        "baseline_std": 0.0008002026517305165,
        "baseline_values": [
            0.0022557648566280918,
            0.00014681319970778113,
            0.0012640046011867933,
            0.0009637875296550669,
            6.848256821468265e-05,
            4.839657411782971e-07,
            3.149095031942058e-06
        ]
    },
    "15": {
        "avg_baseline_value": 0.001391455444068681,
        "baseline_std": 0.0011996545921216803,
        "baseline_values": [
            0.0006376336713975845,
            0.003269561583123299,
            0.001196824752972331,
            0.0001505544450393359,
            0.0031789638745140683,
            0.0004123976854469921,
            0.0008942520959871536
        ]
    },
    "16": {
        "avg_baseline_value": 0.0005919622468134991,
        "baseline_std": 0.0004006861507219496,
        "baseline_values": [
            0.0010305910713112004,
            0.0007510788807893647,
            0.0008499156321810572,
            7.578543978111335e-05,
            0.0010738561104461865,
            0.00022350479409278425,
            0.00013900379909278837
        ]
    },
    "17": {
        "avg_baseline_value": 0.0025307815869884615,
        "baseline_std": 0.0033098199014443756,
        "baseline_values": [
            0.009297513894590513,
            0.00019818495006136022,
            0.001320139809629301,
            0.005726635345916542,
            0.00027284792710147095,
            0.00035364097440151646,
            0.0005465082072185269
        ]
    },
    "overall_baseline": 0.0009296348703347317
}