{
    "0": {
        "avg_baseline_value": 0.0007552311916107235,
        "baseline_std": 0.0010688118081027263,
        "baseline_values": [
            1.1863690302379134e-06,
            0.00014070810620460915,
            0.0006734663531588225,
            0.00011893637143542482,
            0.002841858758224523
        ]
    },
    "1": {
        "avg_baseline_value": 0.0006516065651788058,
        "baseline_std": 0.0008242223807039268,
        "baseline_values": [
            0.00012651931647799468,
            4.149683861768355e-05,
            2.1255527872778785e-05,
            0.0021639994420898693,
            0.0009047617008357028
        ]
    },
    "2": {
        "avg_baseline_value": 0.00040662012680007717,
        "baseline_std": 0.0004928194978638892,
        "baseline_values": [
            0.0007000768069474457,
            4.084833180481383e-05,
            3.146511972405009e-05,
            0.0012441928796217794,
            1.6517495902296804e-05
        ]
    },
    "3": {
        "avg_baseline_value": 0.002373834012211477,
        "baseline_std": 0.002757309187486118,
        "baseline_values": [
            0.00043899937585834193,
            7.407023209713735e-05,
            3.6576122493640677e-06,
            0.0065571328540592454,
            0.004795309986793296
        ]
    },
    "4": {
        "avg_baseline_value": 0.00018679591273715047,
        "baseline_std": 0.00017838872221143204,
        "baseline_values": [
            0.00016757416247676886,
            4.443039607756717e-05,
            6.033018453543152e-06,
            0.0005115910191436347,
            0.00020435096753423836
        ]
    },
    "5": {
        "avg_baseline_value": 0.00027749005177361483,
        "baseline_std": 0.0002203340975346148,
        "baseline_values": [
            0.0005109331616014711,
            0.0002628531458071092,
            5.377318756432258e-05,
            0.000542589966429569,
            1.7300797465601977e-05
        ]
    },
    "6": {
        "avg_baseline_value": 0.0007021393892281607,
        "baseline_std": 0.0008916409122234169,
        "baseline_values": [
            0.0007595398473462336,
            4.422552001243372e-06,
            3.2247717584929355e-05,
            0.0024007798452922212,
            0.0003137069839161759
        ]
    },
    "7": {
        "avg_baseline_value": 0.0009097258807911684,
        "baseline_std": 0.0009804232739638306,
        "baseline_values": [
            0.00016222731439779282,
            0.00010524156906489847,
            0.00031770596999400357,
            0.0012920395517637463,
            0.002671414998735401
        ]
    },
    "8": {
        "avg_baseline_value": 0.00047907383177044186,
        "baseline_std": 0.0003539555879020751,
        "baseline_values": [
            0.0010651171885452105,
            8.37285945351335e-05,
            0.000297321690355283,
            0.000690938844732601,
            0.0002582628406839811
        ]
    },
    "9": {
        "avg_baseline_value": 0.0006884118911667169,
        "baseline_std": 0.0009753377346977301,
        "baseline_values": [
            0.000338878831239728,
            8.204688447956064e-05,
            3.630352997070782e-05,
            0.00262123726813131,
            0.00036359294201227833
        ]
    },
    "10": {
        "avg_baseline_value": 0.00015073570635600462,
        "baseline_std": 0.00015317420347901704,
        "baseline_values": [
            1.2769649479911173e-05,
            3.0276402766753756e-05,
            3.439434824928041e-05,
            0.00033988656461753585,
            0.00033635156666654196
        ]
    },
    "11": {
        "avg_baseline_value": 0.002375937450756358,
        "baseline_std": 0.0031295147028025144,
        "baseline_values": [
            7.604973721159272e-05,
            6.160077110936226e-05,
            0.003071089676181075,
            0.00045211972195323256,
            0.008218827347326527
        ]
    },
    "12": {
        "avg_baseline_value": 0.0005416913621568377,
        "baseline_std": 0.000619982161617241,
        "baseline_values": [
            9.503338392973533e-05,
            0.000576349260863115,
            2.6293735501668556e-05,
            0.00028931866927709885,
            0.0017214617612125711
        ]
    },
    "13": {
        "avg_baseline_value": 0.0004610768254375782,
        "baseline_std": 0.0003851567699999022,
        "baseline_values": [
            8.963777710320616e-05,
            0.0001231614444894074,
            0.0011287697874899257,
            0.000335461006387936,
            0.0006283541117174157
        ]
    },
    "14": {
        "avg_baseline_value": 0.0003590848313909992,
        "baseline_std": 0.0001880878155118775,
        "baseline_values": [
            0.0005129349487784632,
            2.3768555629870896e-05,
            0.0005381585430566122,
            0.0004262659477106737,
            0.00029429616177937596
        ]
    },
    "15": {
        "avg_baseline_value": 0.00011980915880316866,
        "baseline_std": 8.977905869494793e-05,
        "baseline_values": [
            0.00020867510462764906,
            4.03080407076576e-05,
            4.0492909649737884e-05,
            0.0002479142009196842,
            6.165553811111447e-05
        ]
    },
    "16": {
        "avg_baseline_value": 6.993907663767209e-05,
        "baseline_std": 3.994339972161876e-05,
        "baseline_values": [
            3.103458933280901e-05,
            7.281055017423216e-05,
            1.954547224844118e-05,
            0.00010363198952018622,
            0.0001226727819126919
        ]
    },
    "17": {
        "avg_baseline_value": 0.0002763029503809642,
        "baseline_std": 9.178513322549817e-05,
        "baseline_values": [
            0.0001545389785375584,
            0.0001881583931317576,
            0.0002898042783891657,
            0.00037981905586343366,
            0.0003691940459829059
        ]
    },
    "overall_baseline": 0.0006547503452882177
}