{
    "0": {
        "avg_baseline_value": 0.003382132324465564,
        "baseline_std": 0.0047404451539952664,
        "baseline_values": [
            0.01275132919014468,
            0.0004950286480015869,
            0.0017216994358966375,
            6.7705938332210205e-06,
            0.0019358337544516967
        ]
    },
    "1": {
        "avg_baseline_value": 0.019616065904977054,
        "baseline_std": 0.030581207437937647,
        "baseline_values": [
            0.018239813807213595,
            0.0002699626719441572,
            0.00038620258324968064,
            1.940725457817241e-05,
            0.07916494320789966
        ]
    },
    "2": {
        "avg_baseline_value": 0.005731259452594592,
        "baseline_std": 0.006321281994116739,
        "baseline_values": [
            0.014421486229465109,
            0.001128170831367919,
            0.0006762061443540991,
            7.859695173824639e-06,
            0.01242257436261201
        ]
    },
    "3": {
        "avg_baseline_value": 0.0023252932283594962,
        "baseline_std": 0.001453400042178462,
        "baseline_values": [
            0.0023918582156439738,
            0.004051900336509938,
            0.003598330987099928,
            9.965740862013072e-08,
            0.0015842769451350222
        ]
    },
    "4": {
        "avg_baseline_value": 0.009199298908841053,
        "baseline_std": 0.007905915395857253,
        "baseline_values": [
            0.017714603260620056,
            0.001376087094325629,
            0.007924362793208668,
            8.30343587415801e-05,
            0.01889840703730933
        ]
    },
    "5": {
        "avg_baseline_value": 0.004358541476958334,
        "baseline_std": 0.0027233979120384996,
        "baseline_values": [
            0.0065981959277631105,
            0.003541487669635089,
            0.007859350634510853,
            2.2642728230218946e-05,
            0.003771030424652397
        ]
    },
    "6": {
        "avg_baseline_value": 0.010618188893934646,
        "baseline_std": 0.013324041850379425,
        "baseline_values": [
            0.0174449764131369,
            0.0011028102803807493,
            0.0006878026186969252,
            1.2135440518635387e-05,
            0.03384321971694002
        ]
    },
    "7": {
        "avg_baseline_value": 0.0010095897179395736,
        "baseline_std": 0.0008836637621274028,
        "baseline_values": [
            0.001079456493934545,
            6.477161391703107e-05,
            0.0016162904216120294,
            2.9519820131478684e-06,
            0.0022844780782211153
        ]
    },
    "8": {
        "avg_baseline_value": 0.01790239602324773,
        "baseline_std": 0.026327154971107262,
        "baseline_values": [
            0.020053217784895543,
            0.00070000426710187,
            0.00045084324321547394,
            5.282923068642021e-06,
            0.06830263189795711
        ]
    },
    "9": {
        "avg_baseline_value": 0.004765511350368522,
        "baseline_std": 0.006387735732893191,
        "baseline_values": [
            0.017320710643027475,
            0.0009259252762786729,
            0.0020076880277699184,
            1.3600783904254382e-05,
            0.0035596320208622872
        ]
    },
    "10": {
        "avg_baseline_value": 0.0012260761954446357,
        "baseline_std": 0.001070865285681061,
        "baseline_values": [
            0.0021835723010322893,
            0.001157273643314763,
            0.00011604601402531596,
            3.408887406647769e-06,
            0.0026700801314441624
        ]
    },
    "11": {
        "avg_baseline_value": 0.005577246925969918,
        "baseline_std": 0.006966890580068794,
        "baseline_values": [
            0.017734139887770242,
            0.00040353688263932997,
            0.0006077005689873599,
            2.033290002223143e-05,
            0.009120524390430429
        ]
    },
    "12": {
        "avg_baseline_value": 0.004338611581112347,
        "baseline_std": 0.007124704210675911,
        "baseline_values": [
            0.001459767229958349,
            0.001595098702407503,
            0.00011127882180043106,
            2.523775007628246e-07,
            0.01852666077389469
        ]
    },
    "13": {
        "avg_baseline_value": 0.0015981133920734629,
        "baseline_std": 0.0019578790197545956,
        "baseline_values": [
            0.0053592152674326295,
            0.00012372622551499942,
            0.001070648711115036,
            3.979061787782755e-06,
            0.0014329976945168669
        ]
    },
    "14": {
        "avg_baseline_value": 0.009082995431489852,
        "baseline_std": 0.012035931886686358,
        "baseline_values": [
            0.032460906010570834,
            4.521949112352415e-05,
            0.0059304847489258595,
            5.4769644829560845e-05,
            0.006923597261999486
        ]
    },
    "15": {
        "avg_baseline_value": 0.009511911455740707,
        "baseline_std": 0.01650613614710647,
        "baseline_values": [
            0.04245062961668213,
            0.0022851226016186,
            0.00010642947679239161,
            5.2074961523228256e-06,
            0.0027121680874580938
        ]
    },
    "16": {
        "avg_baseline_value": 0.0016452758346085805,
        "baseline_std": 0.0018199750617366552,
        "baseline_values": [
            0.002232161069696838,
            0.000880803003846513,
            0.00018317633961977502,
            2.9977927035803543e-07,
            0.004929938980609418
        ]
    },
    "17": {
        "avg_baseline_value": 0.010707317187096211,
        "baseline_std": 0.012159563339441334,
        "baseline_values": [
            0.031080367598949984,
            0.002771630463535537,
            0.0013090523735759068,
            1.4623422909438462e-05,
            0.018360912076510184
        ]
    },
    "overall_baseline": 0.00681087918251235
}