{
    "average_user_divergence": 0.1996034096548454,
    "std_user_divergence": 0.06792399643092688,
    "failed_distributions_count": 0
}