{
    "average_user_divergence": 0.14054956950670822,
    "std_user_divergence": 0.0676976176676429,
    "failed_distributions_count": 0
}