{
    "0": {
        "avg_baseline_value": 0.00047270587938887056,
        "baseline_std": 0.00017776318740614117,
        "baseline_values": [
            0.0007825833527762768,
            0.00032709216560974366,
            0.0004866601980448658,
            0.00027247576414787003,
            0.0004947179163655968
        ]
    },
    "1": {
        "avg_baseline_value": 0.00037008344512754534,
        "baseline_std": 0.0003098475956758344,
        "baseline_values": [
            0.00032490222985060444,
            0.00011173743779653971,
            0.0003765745044243642,
            9.018217264244279e-05,
            0.0009470208809237755
        ]
    },
    "2": {
        "avg_baseline_value": 0.002071745046206489,
        "baseline_std": 0.0035185161123363383,
        "baseline_values": [
            0.000868285300372729,
            0.00020671509279056332,
            0.00014231232541421556,
            5.624055171556361e-05,
            0.009085171960739373
        ]
    },
    "3": {
        "avg_baseline_value": 0.0021603824495440536,
        "baseline_std": 0.003125853597221117,
        "baseline_values": [
            0.002151002005929198,
            9.022007392838662e-06,
            0.0003039278976150303,
            0.00012478613769596733,
            0.008213174199087233
        ]
    },
    "4": {
        "avg_baseline_value": 0.0008920131976635191,
        "baseline_std": 0.0011377973331999482,
        "baseline_values": [
            0.00010225022415001984,
            0.00027073473618377747,
            0.0006614628652315392,
            0.0002875659170477713,
            0.0031380522457044877
        ]
    },
    "5": {
        "avg_baseline_value": 0.0031459145443243977,
        "baseline_std": 0.005818060806603262,
        "baseline_values": [
            0.000886529420732752,
            1.3397342699336513e-05,
            6.602261875632672e-05,
            7.450325536156603e-07,
            0.014762878306879959
        ]
    },
    "6": {
        "avg_baseline_value": 0.00016840693151137787,
        "baseline_std": 5.660895668241913e-05,
        "baseline_values": [
            0.00020902516387176902,
            0.00021959514023103788,
            0.0001354367436124815,
            7.214977913098655e-05,
            0.0002058278307106143
        ]
    },
    "7": {
        "avg_baseline_value": 0.0004978124303929875,
        "baseline_std": 0.0003201649099402986,
        "baseline_values": [
            0.000988517852565777,
            0.00015281842843219154,
            0.0004951093105208003,
            0.00015939801327311017,
            0.0006932185471730582
        ]
    },
    "8": {
        "avg_baseline_value": 0.0024625799168728887,
        "baseline_std": 0.0029008477608829554,
        "baseline_values": [
            0.008159362136347669,
            0.00017510132608671635,
            0.0016042786511163449,
            0.001633293430944443,
            0.0007408640398692697
        ]
    },
    "9": {
        "avg_baseline_value": 0.005484399309068062,
        "baseline_std": 0.004828404361203064,
        "baseline_values": [
            0.006682413975530136,
            0.002530729822286666,
            0.0005977295677139637,
            0.003307004422526615,
            0.014304118757282928
        ]
    },
    "10": {
        "avg_baseline_value": 0.0012911460028456757,
        "baseline_std": 0.001331993655226871,
        "baseline_values": [
            0.0018195381748831105,
            0.0003019141065223015,
            0.00013517078851050233,
            0.0005231757435299718,
            0.003675931200782493
        ]
    },
    "11": {
        "avg_baseline_value": 0.0005183590915141257,
        "baseline_std": 0.0004769410328317317,
        "baseline_values": [
            0.0013040141551531425,
            1.8479788360676284e-05,
            0.00024963191589047386,
            0.00019529471800555168,
            0.0008243748801607843
        ]
    },
    "12": {
        "avg_baseline_value": 0.0002949967659537897,
        "baseline_std": 0.0003709578308998615,
        "baseline_values": [
            0.0010310333389840754,
            0.00016283140623084773,
            0.0001431111790306017,
            2.6481560796716837e-05,
            0.00011152634472670693
        ]
    },
    "13": {
        "avg_baseline_value": 0.0016963458788213052,
        "baseline_std": 0.002547000335056224,
        "baseline_values": [
            0.0007629552961644346,
            0.0001250953626036074,
            0.0007845964517845957,
            5.574596747128485e-05,
            0.006753336316082602
        ]
    },
    "14": {
        "avg_baseline_value": 8.684291328361636e-05,
        "baseline_std": 0.00010038259174062135,
        "baseline_values": [
            0.0002860663104519657,
            1.833556501274563e-05,
            5.271592150699314e-05,
            4.7787711834710807e-05,
            2.9309057611666495e-05
        ]
    },
    "15": {
        "avg_baseline_value": 0.00018296682158983006,
        "baseline_std": 0.00017718019577192713,
        "baseline_values": [
            0.0005201641904952512,
            7.925041292211832e-05,
            2.1593585865037068e-05,
            0.00010295919573046343,
            0.00019086672293628027
        ]
    },
    "16": {
        "avg_baseline_value": 0.0002725193838184961,
        "baseline_std": 0.0002892591674952068,
        "baseline_values": [
            0.0004449231123247019,
            1.617591751359838e-05,
            0.00011098851432496681,
            3.0084055938393415e-05,
            0.0007604253189908203
        ]
    },
    "17": {
        "avg_baseline_value": 0.0002886860063807435,
        "baseline_std": 0.0003146256925037109,
        "baseline_values": [
            0.0006047654750663774,
            3.177219812041329e-05,
            3.592015506892002e-05,
            3.448424714746416e-05,
            0.0007364879565005425
        ]
    },
    "overall_baseline": 0.0012421058896837653
}