{
    "0": {
        "avg_baseline_value": 0.00046280496353729697,
        "baseline_std": 0.00039329348681122335,
        "baseline_values": [
            0.00024903013583447444,
            0.0011308341813258914,
            0.0003442660478753106,
            0.00012708948911351145
        ]
    },
    "1": {
        "avg_baseline_value": 8.501077934842923e-05,
        "baseline_std": 7.276882574951718e-05,
        "baseline_values": [
            4.0944661432342355e-05,
            0.0001946873032523857,
            0.00010249515118396698,
            1.916001525021891e-06
        ]
    },
    "2": {
        "avg_baseline_value": 0.00033297428494456446,
        "baseline_std": 0.0003264028966588106,
        "baseline_values": [
            0.0005254035220888358,
            3.605383686328787e-05,
            0.0007696060461281211,
            8.337346980128985e-07
        ]
    },
    "3": {
        "avg_baseline_value": 0.0038003342706292163,
        "baseline_std": 0.004482388009380625,
        "baseline_values": [
            0.0036626975051891135,
            0.00027627508421142693,
            0.011164050554048146,
            9.831393906817812e-05
        ]
    },
    "4": {
        "avg_baseline_value": 0.00011773965112431438,
        "baseline_std": 0.00010466114551602044,
        "baseline_values": [
            5.906803115291247e-05,
            0.00029082037848580196,
            0.00010453397481241708,
            1.6536220046126064e-05
        ]
    },
    "5": {
        "avg_baseline_value": 0.000619502457541333,
        "baseline_std": 0.0003539118629376752,
        "baseline_values": [
            0.0004975194230048102,
            0.0008955144612217741,
            0.0009886322760563142,
            9.634366988243325e-05
        ]
    },
    "6": {
        "avg_baseline_value": 0.0002704387017929569,
        "baseline_std": 0.0002142129327580743,
        "baseline_values": [
            0.00018327206787654103,
            0.0005935114274101395,
            0.0003003857439859244,
            4.5855678992224905e-06
        ]
    },
    "7": {
        "avg_baseline_value": 0.00807051908767335,
        "baseline_std": 0.0036725744148663306,
        "baseline_values": [
            0.008323937617078813,
            0.009006417248259372,
            0.012589755927287014,
            0.002361965558068197
        ]
    },
    "8": {
        "avg_baseline_value": 0.006753717007654203,
        "baseline_std": 0.0069094275214780215,
        "baseline_values": [
            0.010828470775361821,
            0.00017708703255241273,
            0.01600388577194654,
            5.424450756036474e-06
        ]
    },
    "9": {
        "avg_baseline_value": 0.000504600471228612,
        "baseline_std": 0.0006766071642360179,
        "baseline_values": [
            0.0002656233604280279,
            4.268999310058346e-05,
            0.001665937588927819,
            4.415094245801741e-05
        ]
    },
    "10": {
        "avg_baseline_value": 0.0018820951232971941,
        "baseline_std": 0.001878730885182465,
        "baseline_values": [
            0.0016299194418286555,
            0.0007068947605962277,
            0.005009818077109619,
            0.00018174821365427488
        ]
    },
    "11": {
        "avg_baseline_value": 0.00020925039292022654,
        "baseline_std": 0.00016829816832070464,
        "baseline_values": [
            0.0003394165676614958,
            0.000410280081008909,
            2.0247595314955732e-05,
            6.705732769554559e-05
        ]
    },
    "12": {
        "avg_baseline_value": 0.000868876497026324,
        "baseline_std": 0.0007971071929258688,
        "baseline_values": [
            0.0020436577615745074,
            0.0002463807992224962,
            0.0011501374816365048,
            3.5329945671787616e-05
        ]
    },
    "13": {
        "avg_baseline_value": 0.0009100589965820514,
        "baseline_std": 0.0009743413291141849,
        "baseline_values": [
            0.002356422363893498,
            1.9240059904372856e-05,
            0.0012477231821352449,
            1.685038039508975e-05
        ]
    },
    "14": {
        "avg_baseline_value": 5.4633882014528834e-05,
        "baseline_std": 6.547413333195715e-05,
        "baseline_values": [
            0.0001656925128640387,
            1.0057160927181566e-05,
            3.894887812455858e-05,
            3.836976142336498e-06
        ]
    },
    "15": {
        "avg_baseline_value": 0.0006568761318429989,
        "baseline_std": 0.0008092684172189559,
        "baseline_values": [
            0.0019965800455741724,
            2.4949383513775673e-05,
            0.0005988331463540817,
            7.141951929966022e-06
        ]
    },
    "16": {
        "avg_baseline_value": 0.0004629362882363519,
        "baseline_std": 0.0005340003754929039,
        "baseline_values": [
            0.00039183520460362364,
            8.399553217419849e-05,
            0.0013553046867894397,
            2.060972937814574e-05
        ]
    },
    "17": {
        "avg_baseline_value": 0.00026289425338579033,
        "baseline_std": 0.00021155405508024538,
        "baseline_values": [
            0.0005255398816755755,
            0.00010645238268290987,
            0.0004096974381250562,
            9.887311059619842e-06
        ]
    },
    "overall_baseline": 0.0014625146244877636
}