{
    "0": {
        "avg_baseline_value": 0.0028867119423262354,
        "baseline_std": 0.0023532310600110165,
        "baseline_values": [
            0.0006598795174788562,
            0.005851965914202347,
            0.0005017334824743015,
            0.004533268855149436
        ]
    },
    "1": {
        "avg_baseline_value": 0.0004677415372705652,
        "baseline_std": 0.0003674270959195311,
        "baseline_values": [
            0.0006484272928779072,
            5.509639038770028e-05,
            0.00018990354403591937,
            0.000977538921780734
        ]
    },
    "2": {
        "avg_baseline_value": 0.0020163117875372735,
        "baseline_std": 0.0006828224322983227,
        "baseline_values": [
            0.0012142412176931229,
            0.0025662064463526702,
            0.0014762585356699958,
            0.002808540950433305
        ]
    },
    "3": {
        "avg_baseline_value": 0.006307849020712396,
        "baseline_std": 0.00558086427956747,
        "baseline_values": [
            0.0005968893526812391,
            0.014109448056425685,
            0.0014599782128865175,
            0.00906508046085614
        ]
    },
    "4": {
        "avg_baseline_value": 0.004151140410317134,
        "baseline_std": 0.0036989673839291385,
        "baseline_values": [
            0.0012354673661421846,
            0.005278577110633172,
            0.0003891721674026046,
            0.009701344997090574
        ]
    },
    "5": {
        "avg_baseline_value": 0.0013335833797301026,
        "baseline_std": 0.0013230799431075988,
        "baseline_values": [
            5.2916257969878355e-05,
            0.002336895505550429,
            3.0849610800751644e-06,
            0.002941436794320028
        ]
    },
    "6": {
        "avg_baseline_value": 0.0008623355974167256,
        "baseline_std": 0.0006945049501884852,
        "baseline_values": [
            0.0007140775672631354,
            0.00044325487785717613,
            0.00025977622587916187,
            0.0020322337186674286
        ]
    },
    "7": {
        "avg_baseline_value": 0.0012910402480736617,
        "baseline_std": 0.001001263969661757,
        "baseline_values": [
            0.0004682962899449341,
            0.0026109422113803757,
            0.0001858731608906908,
            0.0018990493300786461
        ]
    },
    "8": {
        "avg_baseline_value": 0.00255930632500446,
        "baseline_std": 0.002041228083858083,
        "baseline_values": [
            0.00025667074599496987,
            0.005748846886635472,
            0.001484249316129706,
            0.002747458351257692
        ]
    },
    "9": {
        "avg_baseline_value": 0.0018079946315866474,
        "baseline_std": 0.0011911004956986937,
        "baseline_values": [
            0.00048823040781503156,
            0.0011068369059295782,
            0.00365494201921434,
            0.0019819691933876393
        ]
    },
    "10": {
        "avg_baseline_value": 0.0004351939482069466,
        "baseline_std": 0.00035423896844839764,
        "baseline_values": [
            0.0004585113412961923,
            3.706295795249684e-05,
            0.0002533810394755213,
            0.0009918204541035762
        ]
    },
    "11": {
        "avg_baseline_value": 0.0006811504142769388,
        "baseline_std": 0.00019715671679018115,
        "baseline_values": [
            0.00041108069423003205,
            0.0005817997215214266,
            0.0009129729830003945,
            0.0008187482583559021
        ]
    },
    "12": {
        "avg_baseline_value": 0.0007837416140260224,
        "baseline_std": 0.0008112071189011609,
        "baseline_values": [
            0.0006177995163485589,
            0.00033925332670122366,
            3.519954932648436e-05,
            0.0021427140637278225
        ]
    },
    "13": {
        "avg_baseline_value": 0.000555943731183471,
        "baseline_std": 0.00041372679957201526,
        "baseline_values": [
            0.0008158756194360399,
            0.0002655489749889167,
            5.526734169229528e-05,
            0.0010870829886166322
        ]
    },
    "14": {
        "avg_baseline_value": 5.117375973070484e-05,
        "baseline_std": 2.4760641665351946e-05,
        "baseline_values": [
            4.211576082752099e-05,
            9.367418144465638e-05,
            3.600601074826074e-05,
            3.2899085902381276e-05
        ]
    },
    "15": {
        "avg_baseline_value": 0.0009228776274652815,
        "baseline_std": 0.0008071930752573724,
        "baseline_values": [
            4.2665242869955394e-05,
            0.002095651198166814,
            0.00032202309706267116,
            0.0012311709717616854
        ]
    },
    "16": {
        "avg_baseline_value": 0.000671714023231125,
        "baseline_std": 0.0004240191611571571,
        "baseline_values": [
            0.00011464544085533566,
            0.0005986074549262258,
            0.0006666932887398814,
            0.0013069099084030574
        ]
    },
    "17": {
        "avg_baseline_value": 0.0002912880442847068,
        "baseline_std": 0.00011393931922349794,
        "baseline_values": [
            0.00017523744496604924,
            0.00021215765893707576,
            0.0004699695533377119,
            0.0003077875198979905
        ]
    },
    "overall_baseline": 0.0015598387801322444
}