{
    "0": {
        "avg_baseline_value": 0.005606316847416587,
        "baseline_std": 0.006016293983028852,
        "baseline_values": [
            8.522450838785122e-05,
            0.001249940296677584,
            0.018103770072171156,
            0.002401693028725521,
            0.010327259079521004,
            0.001719879320356513,
            0.005356451626076473
        ]
    },
    "1": {
        "avg_baseline_value": 0.002255332658843007,
        "baseline_std": 0.0025531632308809903,
        "baseline_values": [
            0.003376949337828618,
            0.007866894086964895,
            0.0006802974369676621,
            0.0008879204707251825,
            0.0025621705863413126,
            5.9722130081588725e-05,
            0.00035337456299179153
        ]
    },
    "2": {
        "avg_baseline_value": 0.0038452614783935414,
        "baseline_std": 0.00287765981460866,
        "baseline_values": [
            0.004817840522561165,
            0.0003285214954589707,
            0.007199007737072536,
            0.0022757827272976315,
            0.008465100774234144,
            0.0029520450940049244,
            0.0008785319981254186
        ]
    },
    "3": {
        "avg_baseline_value": 0.011913641031872113,
        "baseline_std": 0.018638694356695955,
        "baseline_values": [
            0.05084382650451111,
            0.028916402276959043,
            0.0009030714018470118,
            0.0004632119859524583,
            0.0005679522178319962,
            4.491751289175041e-05,
            0.0016561053231114154
        ]
    },
    "4": {
        "avg_baseline_value": 0.025627726609349866,
        "baseline_std": 0.023796997655689947,
        "baseline_values": [
            0.0009362869265963439,
            0.00026112312960142447,
            0.05081489632356979,
            0.011465495980521163,
            0.06872399351376157,
            0.021311111881431866,
            0.025881178509966917
        ]
    },
    "5": {
        "avg_baseline_value": 0.004959298684377171,
        "baseline_std": 0.00850861412340237,
        "baseline_values": [
            0.024516499280793445,
            0.008749871571897931,
            1.5726365651939877e-05,
            0.0002574877605393144,
            1.3546411298356046e-05,
            0.0011182455041469702,
            4.37138963122418e-05
        ]
    },
    "6": {
        "avg_baseline_value": 0.001367746087886461,
        "baseline_std": 0.0008589869166633115,
        "baseline_values": [
            0.0011077812667718609,
            0.0009602082884744844,
            0.0016708606847617316,
            0.002359630688796755,
            0.0027279899750675437,
            0.0002517941927048035,
            0.0004959575186280472
        ]
    },
    "7": {
        "avg_baseline_value": 0.0017014534985306724,
        "baseline_std": 0.0023342398111130726,
        "baseline_values": [
            0.00022227872526470332,
            0.0007417161544645135,
            0.000665419524855797,
            0.0009107774886143307,
            0.00721446718754879,
            0.0021174275851288237,
            3.808782383774901e-05
        ]
    },
    "8": {
        "avg_baseline_value": 0.0029901270323997044,
        "baseline_std": 0.0020335568062998244,
        "baseline_values": [
            0.002906838074857947,
            0.006201201820288817,
            0.0006957372012748619,
            0.0031423032168157866,
            0.00558452248063564,
            0.0008814109663383285,
            0.0015188754665865526
        ]
    },
    "9": {
        "avg_baseline_value": 0.010736924204039747,
        "baseline_std": 0.00825830213124182,
        "baseline_values": [
            0.028792921794985823,
            0.006066515225417595,
            0.015649098251073097,
            0.008296987342631196,
            0.004771380675525794,
            0.003055273061245461,
            0.008526293077399263
        ]
    },
    "10": {
        "avg_baseline_value": 0.002631011061801604,
        "baseline_std": 0.002362115006027403,
        "baseline_values": [
            0.0007113255716495223,
            0.007042857892963753,
            0.000571971447427327,
            0.0035242868446376968,
            0.004646137471003473,
            0.0017432928486251027,
            0.00017720535630435844
        ]
    },
    "11": {
        "avg_baseline_value": 0.0011880179269912069,
        "baseline_std": 0.0011602925030216652,
        "baseline_values": [
            0.0005252160770655847,
            7.993769973634216e-05,
            0.0035240245527032293,
            0.0022783514922884744,
            0.0006229030606206002,
            0.0009569080136501457,
            0.0003287845928740712
        ]
    },
    "12": {
        "avg_baseline_value": 0.0013247872214434571,
        "baseline_std": 0.0011097030569201497,
        "baseline_values": [
            0.00013439807413107943,
            0.0011529712204356609,
            0.0008601862086592135,
            0.0037852388356096308,
            0.0017468957532888816,
            0.0005067559908590005,
            0.0010870644671207334
        ]
    },
    "13": {
        "avg_baseline_value": 0.008013043309707866,
        "baseline_std": 0.01411370478891781,
        "baseline_values": [
            0.0420153900804506,
            0.007085835347987976,
            0.00028027401838084514,
            0.005232350760997138,
            0.0001783742177489596,
            0.0005998035184403026,
            0.0006992752239492459
        ]
    },
    "14": {
        "avg_baseline_value": 0.00019022237200487461,
        "baseline_std": 0.0003288349150881517,
        "baseline_values": [
            0.0001571351193087778,
            7.69878038711781e-05,
            0.0009880350052116668,
            2.424463247350715e-05,
            1.8851305437580548e-05,
            2.206701681373522e-05,
            4.423572091767658e-05
        ]
    },
    "15": {
        "avg_baseline_value": 0.000331713610428907,
        "baseline_std": 0.00030842840606457744,
        "baseline_values": [
            0.00010568263984566856,
            0.0010156805849530271,
            0.00012203239517160155,
            0.00029642909103311905,
            0.00040563130605182304,
            0.000354354489562435,
            2.2184766384674506e-05
        ]
    },
    "16": {
        "avg_baseline_value": 0.001778092119373846,
        "baseline_std": 0.0014987695304340854,
        "baseline_values": [
            0.0016948750372856088,
            0.0032910528466299892,
            0.004647152346216366,
            0.00022058210027784057,
            0.0011546041776840674,
            0.0004550270019585164,
            0.000983351325564535
        ]
    },
    "17": {
        "avg_baseline_value": 0.0017443513494811924,
        "baseline_std": 0.0019103523373708462,
        "baseline_values": [
            0.0060215188638734,
            0.0009284332328401975,
            0.0025498782518617877,
            0.0016282624201773462,
            0.00014411286308621207,
            0.00023382938104037746,
            0.0007044244334890255
        ]
    },
    "overall_baseline": 0.0049002815057967684
}