{
    "0": {
        "avg_baseline_value": 0.00134639595049835,
        "baseline_std": 0.0009285962521767048,
        "baseline_values": [
            0.0005730044839301115,
            0.0015300516989889678,
            0.002541422984283313,
            2.6815485649500188e-05,
            0.002060685099639857
        ]
    },
    "1": {
        "avg_baseline_value": 0.00013385401378688766,
        "baseline_std": 0.0001423189172286698,
        "baseline_values": [
            1.8085016128583136e-05,
            0.00017651751861355442,
            7.057205274627333e-06,
            7.570260304281607e-05,
            0.0003919077258748574
        ]
    },
    "2": {
        "avg_baseline_value": 0.0004642675978452127,
        "baseline_std": 0.00037735860882204063,
        "baseline_values": [
            0.0006462247392620689,
            2.8595058701817146e-05,
            0.00021893319586422657,
            0.00032368718147343775,
            0.001103897813924513
        ]
    },
    "3": {
        "avg_baseline_value": 0.0021239703695943375,
        "baseline_std": 0.0022184649346051423,
        "baseline_values": [
            0.002231605184982466,
            0.00034457761533027907,
            0.0006218665429579478,
            0.006369575202242224,
            0.0010522273024587716
        ]
    },
    "4": {
        "avg_baseline_value": 0.00036955254457454793,
        "baseline_std": 0.0003699348772646338,
        "baseline_values": [
            0.0002566954755145789,
            0.00032430312420816276,
            0.0010852671643350959,
            0.00012044703625214405,
            6.104992256275837e-05
        ]
    },
    "5": {
        "avg_baseline_value": 0.000512821573850701,
        "baseline_std": 0.000544826427032559,
        "baseline_values": [
            7.8289582864456e-05,
            6.811731648048352e-06,
            0.0011371675986867967,
            0.001218421675753432,
            0.00012341728030077214
        ]
    },
    "6": {
        "avg_baseline_value": 0.00024407093097426788,
        "baseline_std": 0.00018345733051908025,
        "baseline_values": [
            0.0004300703167412214,
            5.1754150190454555e-05,
            0.00047887855666592496,
            0.00021775456829871897,
            4.189706297501935e-05
        ]
    },
    "7": {
        "avg_baseline_value": 0.0070686561355576185,
        "baseline_std": 0.003584480409296679,
        "baseline_values": [
            0.006153621209701119,
            0.005377710865294229,
            0.003971762083224438,
            0.005755133831267237,
            0.014085052688301068
        ]
    },
    "8": {
        "avg_baseline_value": 0.0031614642009519384,
        "baseline_std": 0.003863951457674522,
        "baseline_values": [
            0.005750493138130768,
            0.00015285794553717647,
            2.794592873785761e-06,
            0.009561265633389661,
            0.0003399096948282992
        ]
    },
    "9": {
        "avg_baseline_value": 0.000694859413147783,
        "baseline_std": 0.0008616044953601034,
        "baseline_values": [
            0.00037082229099964705,
            0.0005184934480840147,
            5.371583250940762e-05,
            0.00014467845863674005,
            0.002386587035509105
        ]
    },
    "10": {
        "avg_baseline_value": 0.0015985135482290865,
        "baseline_std": 0.0007996316402019526,
        "baseline_values": [
            0.0030887557778016125,
            0.0014189359527768544,
            0.0010697950799988174,
            0.0016310500062910079,
            0.0007840309242771392
        ]
    },
    "11": {
        "avg_baseline_value": 0.0002726295486232817,
        "baseline_std": 0.0001550555812848374,
        "baseline_values": [
            2.7488378282214467e-05,
            0.00040777141458918343,
            0.00020647135119068256,
            0.00046549620268361894,
            0.0002559203963707091
        ]
    },
    "12": {
        "avg_baseline_value": 0.0007641955985781749,
        "baseline_std": 0.000964314594018886,
        "baseline_values": [
            0.0003943089346695104,
            0.0006117448579567375,
            7.683704418747594e-05,
            0.002650704974415717,
            8.73821816614338e-05
        ]
    },
    "13": {
        "avg_baseline_value": 0.0005588799655797971,
        "baseline_std": 0.000656712819345704,
        "baseline_values": [
            0.00020059332856944262,
            0.0005673420370763908,
            0.00013145083545347812,
            0.0018259031930534333,
            6.911043374624038e-05
        ]
    },
    "14": {
        "avg_baseline_value": 3.424549165366451e-05,
        "baseline_std": 1.626267179540486e-05,
        "baseline_values": [
            5.445612387368303e-05,
            5.8184656270113335e-06,
            3.863210229894028e-05,
            2.9866297371899154e-05,
            4.2454469096788754e-05
        ]
    },
    "15": {
        "avg_baseline_value": 0.00034056707508126733,
        "baseline_std": 0.00042013350318628013,
        "baseline_values": [
            0.0004000834683493091,
            0.00013609141956240014,
            1.2716774968434194e-06,
            0.001132619696798753,
            3.276911319903091e-05
        ]
    },
    "16": {
        "avg_baseline_value": 0.00034110950400659354,
        "baseline_std": 0.00021191542971686273,
        "baseline_values": [
            0.0006032823806691163,
            0.00017001099185877093,
            0.0001401280196846747,
            0.0005961856314923113,
            0.00019594049632809434
        ]
    },
    "17": {
        "avg_baseline_value": 8.698927625568195e-05,
        "baseline_std": 8.016501069903664e-05,
        "baseline_values": [
            0.00010479723562766166,
            5.4999881838614886e-05,
            2.8309337434173518e-05,
            0.00023453696190825463,
            1.230296446970499e-05
        ]
    },
    "overall_baseline": 0.0011176134854882884
}