{
    "0": {
        "avg_baseline_value": 0.00462739421011777,
        "baseline_std": 0.005646479916028254,
        "baseline_values": [
            0.0011295575001657703,
            0.015540910478170826,
            0.004479445920402185,
            8.740202934283533e-05,
            0.0018996551225072332
        ]
    },
    "1": {
        "avg_baseline_value": 0.019106842677488363,
        "baseline_std": 0.033946270144573056,
        "baseline_values": [
            0.0070531110894817535,
            0.0005502884820370368,
            0.0011078647331596542,
            1.3809467566700275e-05,
            0.08680913961519666
        ]
    },
    "2": {
        "avg_baseline_value": 0.023492755948139845,
        "baseline_std": 0.023298437168164193,
        "baseline_values": [
            0.03364985086588496,
            0.020045065951067028,
            0.0009982887508106092,
            1.2945933154746414e-05,
            0.06275762823978188
        ]
    },
    "3": {
        "avg_baseline_value": 0.007618575863424487,
        "baseline_std": 0.007439300774123551,
        "baseline_values": [
            0.009840488615577014,
            0.0020822130848622998,
            0.020959136753109713,
            6.625315828000574e-05,
            0.005144787705293403
        ]
    },
    "4": {
        "avg_baseline_value": 0.036408675248571463,
        "baseline_std": 0.033249968021552286,
        "baseline_values": [
            0.007541577255056144,
            0.054519954593186405,
            0.02814210112618932,
            0.0005480074449817237,
            0.09129173582344374
        ]
    },
    "5": {
        "avg_baseline_value": 0.0041473962660092244,
        "baseline_std": 0.0029697912897019875,
        "baseline_values": [
            0.0023741667066237092,
            0.0036903409860759486,
            0.00873743677716669,
            6.128688276769764e-05,
            0.005873749977412075
        ]
    },
    "6": {
        "avg_baseline_value": 0.036057707424334035,
        "baseline_std": 0.05602488190948541,
        "baseline_values": [
            0.022098779532497777,
            0.0003116209952825132,
            0.010865151421481648,
            8.369400218265917e-05,
            0.14692929117022557
        ]
    },
    "7": {
        "avg_baseline_value": 0.009791198702166992,
        "baseline_std": 0.015359662736324149,
        "baseline_values": [
            0.00024365233544139733,
            0.0017841941582696366,
            0.006808841997375214,
            2.8370253476707047e-06,
            0.040116467994401044
        ]
    },
    "8": {
        "avg_baseline_value": 0.008344987631956634,
        "baseline_std": 0.013475641059383555,
        "baseline_values": [
            0.0013771787171370654,
            0.001967329310492851,
            0.0031185329426294773,
            3.8824612097534835e-05,
            0.03522307257742624
        ]
    },
    "9": {
        "avg_baseline_value": 0.041189184006408905,
        "baseline_std": 0.04197063661480479,
        "baseline_values": [
            0.06474462665311047,
            0.019458131278108626,
            0.009322493851929535,
            2.395536963396076e-05,
            0.11239671287926195
        ]
    },
    "10": {
        "avg_baseline_value": 0.0006500663488247805,
        "baseline_std": 0.0006438007503152853,
        "baseline_values": [
            0.0013568770050980535,
            0.0014792737276565881,
            1.581072574559091e-05,
            3.7843619496505214e-06,
            0.0003945859236740193
        ]
    },
    "11": {
        "avg_baseline_value": 0.0038104674475830033,
        "baseline_std": 0.005199078190343545,
        "baseline_values": [
            0.002241308195960003,
            0.0012179235828671808,
            0.0014740041142958064,
            9.856310660118088e-06,
            0.014109245034131909
        ]
    },
    "12": {
        "avg_baseline_value": 0.003213498439037443,
        "baseline_std": 0.004210704954520528,
        "baseline_values": [
            0.001135320235019542,
            0.0034736056473413063,
            0.00017395289512303188,
            1.9734151468079806e-05,
            0.011264879266235255
        ]
    },
    "13": {
        "avg_baseline_value": 0.011837223056535317,
        "baseline_std": 0.015865866946571165,
        "baseline_values": [
            0.011154662870061147,
            0.0019858513997908743,
            0.0033449699207720018,
            4.30745566944005e-05,
            0.04265755653535816
        ]
    },
    "14": {
        "avg_baseline_value": 0.0005541528974074548,
        "baseline_std": 0.0006561197253504878,
        "baseline_values": [
            7.44861630074356e-05,
            0.0015373125694241646,
            0.001148444767575666,
            1.150496537063207e-06,
            9.370490492944378e-06
        ]
    },
    "15": {
        "avg_baseline_value": 0.0019066759190685136,
        "baseline_std": 0.0025817869132454454,
        "baseline_values": [
            0.001198149706028281,
            0.001088912748429719,
            0.00025793388957530997,
            1.4412901685466105e-06,
            0.006986941961140711
        ]
    },
    "16": {
        "avg_baseline_value": 0.0015889944957107182,
        "baseline_std": 0.0017909204858714653,
        "baseline_values": [
            0.000489334378647953,
            0.0013001380194499037,
            0.0010909850875401247,
            1.0671988404299877e-05,
            0.0050538430045113086
        ]
    },
    "17": {
        "avg_baseline_value": 0.0022612086097892996,
        "baseline_std": 0.001637703508820045,
        "baseline_values": [
            0.0037944717348839994,
            0.00209805922068818,
            0.0010393806722942772,
            4.2931007376754106e-06,
            0.004369838320342366
        ]
    },
    "overall_baseline": 0.01203372251069857
}