{
    "0": {
        "avg_baseline_value": 0.00011697877134000478,
        "baseline_std": 7.552552331760634e-05,
        "baseline_values": [
            0.0001615001117736603,
            6.809838250976686e-05,
            7.169714264723926e-05,
            3.965568893214539e-05,
            0.00024394253083721208
        ]
    },
    "1": {
        "avg_baseline_value": 6.807295483550235e-05,
        "baseline_std": 2.6889567540338723e-05,
        "baseline_values": [
            8.158851472234258e-05,
            6.319149739573511e-05,
            6.769290109046994e-05,
            2.2869561816449697e-05,
            0.00010502229915251444
        ]
    },
    "2": {
        "avg_baseline_value": 0.0005152809071788708,
        "baseline_std": 0.0006815925759532485,
        "baseline_values": [
            0.00048729509291837596,
            0.00015899249892197147,
            1.4166638089182701e-05,
            7.705357273407842e-05,
            0.0018388967332307452
        ]
    },
    "3": {
        "avg_baseline_value": 0.000557044417260721,
        "baseline_std": 0.0009421913558594581,
        "baseline_values": [
            5.3715348536062014e-05,
            0.00019619498939407775,
            3.830747183656956e-05,
            5.901596436054466e-05,
            0.0024379883121763515
        ]
    },
    "4": {
        "avg_baseline_value": 4.411376271303932e-05,
        "baseline_std": 3.0164826987236704e-05,
        "baseline_values": [
            6.281048870220719e-05,
            2.4086155135854673e-05,
            9.211832688474757e-05,
            6.542161086143295e-06,
            3.501168175624387e-05
        ]
    },
    "5": {
        "avg_baseline_value": 0.00010529822429790094,
        "baseline_std": 0.00018333256537270587,
        "baseline_values": [
            2.2758984343341085e-05,
            9.240192481424841e-06,
            2.088654664560863e-05,
            1.9601017667523193e-06,
            0.00047164529625237775
        ]
    },
    "6": {
        "avg_baseline_value": 5.7095562986341704e-05,
        "baseline_std": 3.710633405390931e-05,
        "baseline_values": [
            2.2935505734891773e-05,
            6.597225585729509e-05,
            8.609374000109137e-05,
            6.294818204101113e-06,
            0.00010418149513432914
        ]
    },
    "7": {
        "avg_baseline_value": 0.00011036045996464909,
        "baseline_std": 0.00017650866705605232,
        "baseline_values": [
            1.884222808147707e-05,
            6.196608032101897e-05,
            4.141180566024816e-06,
            5.9555767479668295e-06,
            0.0004608972341067578
        ]
    },
    "8": {
        "avg_baseline_value": 3.81291306816476e-05,
        "baseline_std": 2.3515617253744507e-05,
        "baseline_values": [
            8.176199513716087e-05,
            4.094634963132547e-05,
            1.7824887364055723e-05,
            1.8017286100808128e-05,
            3.209513517488779e-05
        ]
    },
    "9": {
        "avg_baseline_value": 0.004837271635780462,
        "baseline_std": 0.007170123989924512,
        "baseline_values": [
            0.002619691435136607,
            0.0008962243877045988,
            0.00010557577817450593,
            0.0014814288505406662,
            0.019083437727345928
        ]
    },
    "10": {
        "avg_baseline_value": 3.913765329278075e-05,
        "baseline_std": 3.652149723745229e-05,
        "baseline_values": [
            1.9489551827723327e-05,
            2.554258063280966e-05,
            1.0059192476930985e-06,
            4.244450353013754e-05,
            0.00010720571122554012
        ]
    },
    "11": {
        "avg_baseline_value": 0.00012175859994843622,
        "baseline_std": 0.00018811838453010373,
        "baseline_values": [
            5.144154487060715e-05,
            1.3660426926481327e-05,
            2.0764861028197136e-05,
            2.5795405340627216e-05,
            0.0004971307615762682
        ]
    },
    "12": {
        "avg_baseline_value": 4.195823166038364e-05,
        "baseline_std": 6.364722726873523e-05,
        "baseline_values": [
            2.5140087981707855e-06,
            3.4294857718392575e-05,
            3.0773149473026727e-06,
            3.0026996313001615e-06,
            0.00016690227720675201
        ]
    },
    "13": {
        "avg_baseline_value": 7.584712158071951e-05,
        "baseline_std": 0.00013051092691465085,
        "baseline_values": [
            1.7411763323598516e-06,
            1.5467431269514498e-05,
            1.703298178005834e-05,
            8.352853897736776e-06,
            0.00033664116462392814
        ]
    },
    "14": {
        "avg_baseline_value": 2.8071753302814907e-06,
        "baseline_std": 1.5220154930638146e-06,
        "baseline_values": [
            5.172658059128874e-06,
            2.177874974168162e-06,
            2.8147181632143924e-06,
            3.3619841395440183e-06,
            5.086413153520077e-07
        ]
    },
    "15": {
        "avg_baseline_value": 4.797109741079218e-06,
        "baseline_std": 8.5266090047435e-06,
        "baseline_values": [
            4.5818538686727263e-07,
            1.5980370118440132e-07,
            1.7218546744960101e-07,
            1.3678580183357035e-06,
            2.1827516131559112e-05
        ]
    },
    "16": {
        "avg_baseline_value": 4.34808085540189e-05,
        "baseline_std": 4.694959648537171e-05,
        "baseline_values": [
            1.5338406465089174e-05,
            2.219276850270421e-05,
            4.462126810462374e-05,
            2.0175467517840747e-06,
            0.0001332340529458933
        ]
    },
    "17": {
        "avg_baseline_value": 0.00014639214122525533,
        "baseline_std": 0.00014881667101163698,
        "baseline_values": [
            0.00016769922149185464,
            4.966649348054861e-05,
            4.0582484141514224e-05,
            4.5558287948028756e-05,
            0.0004284542190643304
        ]
    },
    "overall_baseline": 0.000384768037131783
}