{
    "0": {
        "avg_baseline_value": 3.3480231351347745e-05,
        "baseline_std": 3.28477910209507e-05,
        "baseline_values": [
            9.73019900867241e-06,
            3.936413079114056e-05,
            8.458927341970123e-05,
            2.3732218587678132e-07
        ]
    },
    "1": {
        "avg_baseline_value": 0.00020618853200735546,
        "baseline_std": 0.00014501889445271108,
        "baseline_values": [
            0.00020452688891162314,
            0.00019693002062010957,
            0.0004165556772275929,
            6.741541270096186e-06
        ]
    },
    "2": {
        "avg_baseline_value": 0.0001969869247455983,
        "baseline_std": 0.00017115179359438666,
        "baseline_values": [
            0.0003450153365733051,
            5.234125778620518e-05,
            0.000388079426951567,
            2.51167767131597e-06
        ]
    },
    "3": {
        "avg_baseline_value": 0.0005039611558334004,
        "baseline_std": 0.0004035347123366827,
        "baseline_values": [
            0.0008522378383567561,
            0.00020343574152807318,
            0.0009483849943919937,
            1.1786049056778163e-05
        ]
    },
    "4": {
        "avg_baseline_value": 0.00012602033460986284,
        "baseline_std": 8.647425703728875e-05,
        "baseline_values": [
            8.232849881325166e-05,
            0.00024161928959051283,
            0.00016769981153592052,
            1.2433738499766364e-05
        ]
    },
    "5": {
        "avg_baseline_value": 1.0275083302765623e-05,
        "baseline_std": 1.0766009385242234e-05,
        "baseline_values": [
            1.0352503815100267e-06,
            2.7149344326336954e-05,
            1.2131068904512805e-05,
            7.846695987026995e-07
        ]
    },
    "6": {
        "avg_baseline_value": 0.0002588036163948432,
        "baseline_std": 0.00020785307637268016,
        "baseline_values": [
            0.00025406556320116364,
            0.00019458169995292867,
            0.0005816297153053565,
            4.937487119924081e-06
        ]
    },
    "7": {
        "avg_baseline_value": 0.0003144282852264049,
        "baseline_std": 0.0003040463802192522,
        "baseline_values": [
            0.0007994650043610034,
            0.00034352906345712174,
            2.996749393374119e-05,
            8.475157915375322e-05
        ]
    },
    "8": {
        "avg_baseline_value": 0.00030096979232832415,
        "baseline_std": 0.0002868033665564227,
        "baseline_values": [
            0.000579840696054494,
            2.6989947762468497e-05,
            0.0005953228365900532,
            1.7256889062809238e-06
        ]
    },
    "9": {
        "avg_baseline_value": 0.00040926120910002436,
        "baseline_std": 0.00044404061394743107,
        "baseline_values": [
            0.0010975128901478358,
            2.033353530452831e-05,
            0.0005034595392423372,
            1.5738871705396092e-05
        ]
    },
    "10": {
        "avg_baseline_value": 4.339655825739193e-05,
        "baseline_std": 5.3798132357203555e-05,
        "baseline_values": [
            2.5145861911497988e-05,
            0.00013560964155237795,
            8.058257203411103e-06,
            4.772472362280671e-06
        ]
    },
    "11": {
        "avg_baseline_value": 5.9885184309608835e-05,
        "baseline_std": 5.8221312640583266e-05,
        "baseline_values": [
            0.0001313081384979608,
            4.69813748576392e-06,
            0.00010314930004980587,
            3.8516120490472353e-07
        ]
    },
    "12": {
        "avg_baseline_value": 5.446432917864924e-05,
        "baseline_std": 5.1318587877057336e-05,
        "baseline_values": [
            0.00011114923300804429,
            5.97936155975943e-06,
            0.00010004735596450745,
            6.813661822857977e-07
        ]
    },
    "13": {
        "avg_baseline_value": 0.00033079876367605977,
        "baseline_std": 0.00030062687063357285,
        "baseline_values": [
            0.0006305474084462787,
            5.667845388152846e-05,
            0.0006311829848554424,
            4.786207520989498e-06
        ]
    },
    "14": {
        "avg_baseline_value": 8.235315777990114e-06,
        "baseline_std": 7.592357887499313e-06,
        "baseline_values": [
            1.1680559824153446e-06,
            1.5502398465175746e-05,
            1.6129119887949273e-05,
            1.4168877642009245e-07
        ]
    },
    "15": {
        "avg_baseline_value": 2.4635985619185802e-05,
        "baseline_std": 2.001183477812961e-05,
        "baseline_values": [
            2.1103061035261763e-05,
            2.084684451637273e-05,
            5.612010829254505e-05,
            4.7392863256367514e-07
        ]
    },
    "16": {
        "avg_baseline_value": 3.546834564604062e-05,
        "baseline_std": 3.770942964961681e-05,
        "baseline_values": [
            4.478086022150805e-05,
            2.2591827768761142e-06,
            9.331279169862474e-05,
            1.5205478871535839e-06
        ]
    },
    "17": {
        "avg_baseline_value": 3.261251335925314e-05,
        "baseline_std": 4.446990767682231e-05,
        "baseline_values": [
            6.210222554642194e-06,
            1.2732897544541918e-05,
            0.0001093585188109876,
            2.1484145268408395e-06
        ]
    },
    "overall_baseline": 0.0001638817867068948
}