{
    "0": {
        "avg_baseline_value": 1.8225409099422682e-05,
        "baseline_std": 1.6490434852229244e-05,
        "baseline_values": [
            1.8035349395347777e-05,
            9.444663116355478e-06,
            6.839820937624484e-07,
            4.473764179222503e-05
        ]
    },
    "1": {
        "avg_baseline_value": 0.00020025957613449373,
        "baseline_std": 0.00022042212055934973,
        "baseline_values": [
            9.294335763825158e-05,
            0.00010724562937261027,
            2.2837562227359133e-05,
            0.000578011755299754
        ]
    },
    "2": {
        "avg_baseline_value": 0.00020257618649970348,
        "baseline_std": 0.00022023390367878948,
        "baseline_values": [
            0.00014065759795675053,
            8.038520567766642e-05,
            1.3295606225080634e-05,
            0.0005759663361393163
        ]
    },
    "3": {
        "avg_baseline_value": 0.00018120072611113594,
        "baseline_std": 0.00016287562251107295,
        "baseline_values": [
            0.00010686406887014133,
            0.00046241982584107027,
            8.495604798484067e-05,
            7.056296174849139e-05
        ]
    },
    "4": {
        "avg_baseline_value": 0.0001648600463196455,
        "baseline_std": 0.00014446526759531557,
        "baseline_values": [
            8.80799104830878e-05,
            0.0001677999969076542,
            8.323638512641738e-06,
            0.0003952366393751983
        ]
    },
    "5": {
        "avg_baseline_value": 0.00023274454282855124,
        "baseline_std": 0.0002157757068846876,
        "baseline_values": [
            7.31589780674399e-05,
            0.00029751918732197287,
            4.397613692628063e-06,
            0.0005559023922321641
        ]
    },
    "6": {
        "avg_baseline_value": 0.0006360289266905104,
        "baseline_std": 0.0007055158083694218,
        "baseline_values": [
            0.00019308200377690914,
            0.0003400731230871933,
            0.000158653923565502,
            0.0018523066563324374
        ]
    },
    "7": {
        "avg_baseline_value": 9.9970967651814e-05,
        "baseline_std": 6.326078717065716e-05,
        "baseline_values": [
            4.565680294619706e-05,
            0.00019665141536843057,
            4.128369072522795e-05,
            0.00011629196156740044
        ]
    },
    "8": {
        "avg_baseline_value": 0.00011558739455553741,
        "baseline_std": 8.831787223637784e-05,
        "baseline_values": [
            0.00012006408963820674,
            1.2041099190133741e-05,
            7.694363354797322e-05,
            0.00025330075584583593
        ]
    },
    "9": {
        "avg_baseline_value": 0.00017244231889291335,
        "baseline_std": 0.0001807701187570955,
        "baseline_values": [
            0.0001373181440822866,
            2.264993096232e-05,
            5.283597731131218e-05,
            0.0004769652232157346
        ]
    },
    "10": {
        "avg_baseline_value": 4.45536178315159e-05,
        "baseline_std": 4.282251490831077e-05,
        "baseline_values": [
            1.9276862427524232e-06,
            9.118104626404611e-05,
            1.711848255932261e-06,
            8.33938905633328e-05
        ]
    },
    "11": {
        "avg_baseline_value": 4.271138650770276e-05,
        "baseline_std": 2.8042634602803812e-05,
        "baseline_values": [
            9.514659121547895e-06,
            3.061912833963208e-05,
            4.447806930811905e-05,
            8.623368926151204e-05
        ]
    },
    "12": {
        "avg_baseline_value": 3.282186667570836e-05,
        "baseline_std": 3.278734192395559e-05,
        "baseline_values": [
            3.1264409640308114e-06,
            1.8453406688902207e-06,
            4.557755773295532e-05,
            8.073812733695708e-05
        ]
    },
    "13": {
        "avg_baseline_value": 1.098214665764824e-05,
        "baseline_std": 8.242699666513843e-06,
        "baseline_values": [
            5.066819418386285e-06,
            1.1576504192581746e-05,
            2.418463498745637e-05,
            3.100628032168563e-06
        ]
    },
    "14": {
        "avg_baseline_value": 1.592385976933193e-05,
        "baseline_std": 1.4187623854422108e-05,
        "baseline_values": [
            6.70382668628944e-06,
            3.7981717968206895e-05,
            8.103601794789306e-07,
            1.8199534243352468e-05
        ]
    },
    "15": {
        "avg_baseline_value": 1.3617864908042562e-06,
        "baseline_std": 1.4437826336889159e-06,
        "baseline_values": [
            8.907386529014103e-07,
            6.853225576424568e-07,
            6.46933681935949e-08,
            3.8063913844795627e-06
        ]
    },
    "16": {
        "avg_baseline_value": 2.5232981921550934e-05,
        "baseline_std": 1.0546698463649516e-05,
        "baseline_values": [
            1.527729057872128e-05,
            2.938568551881463e-05,
            1.5649818745288193e-05,
            4.0619132843379626e-05
        ]
    },
    "17": {
        "avg_baseline_value": 0.00013526244965563055,
        "baseline_std": 0.00011679867872576114,
        "baseline_values": [
            7.6140488561204265e-06,
            0.00025581862577039497,
            2.9917171712181605e-05,
            0.00024769995228382524
        ]
    },
    "overall_baseline": 0.00012959701057186783
}