{
    "0": {
        "avg_baseline_value": 7.815661778672263e-05,
        "baseline_std": 0.00010719385790137227,
        "baseline_values": [
            9.809176418711049e-05,
            1.1178417023550175e-06,
            1.2621454654495365e-05,
            0.00032854388946573635,
            9.215314100959054e-06,
            3.099647627855435e-05,
            6.650958411784784e-05
        ]
    },
    "1": {
        "avg_baseline_value": 9.31327947466598e-05,
        "baseline_std": 6.870772882538195e-05,
        "baseline_values": [
            1.591247796553822e-05,
            0.0001035973638425134,
            4.52197226976364e-05,
            0.0001419216312672206,
            0.00022518118075687377,
            2.350504796875722e-05,
            9.659213872807911e-05
        ]
    },
    "2": {
        "avg_baseline_value": 0.0005759422038922091,
        "baseline_std": 0.0009748700690124782,
        "baseline_values": [
            0.000339282748400571,
            0.00015987395955769905,
            0.002948526926100929,
            0.00034285353604288175,
            0.00012493130424017732,
            4.844830709225919e-05,
            6.767864581094632e-05
        ]
    },
    "3": {
        "avg_baseline_value": 0.00047276340271368587,
        "baseline_std": 0.0005277232809682321,
        "baseline_values": [
            0.0005319275584524699,
            0.0016427090404878817,
            0.0001947245071229013,
            0.000682017711592764,
            0.00015071972638881675,
            7.605867304779829e-05,
            3.1186601903169277e-05
        ]
    },
    "4": {
        "avg_baseline_value": 0.0005338502528209585,
        "baseline_std": 0.00040209961864015457,
        "baseline_values": [
            0.0003139965180564535,
            4.095107565574969e-05,
            0.00020822445772842723,
            0.0006500161416740622,
            0.0013358826675259107,
            0.0007816891277112461,
            0.00040619178139485944
        ]
    },
    "5": {
        "avg_baseline_value": 0.00019485665802147553,
        "baseline_std": 0.000289701676949966,
        "baseline_values": [
            0.0008863588635317022,
            0.00022075333505261425,
            6.636660051489114e-05,
            2.3320131721803502e-05,
            0.00010033740526878409,
            6.222323110034305e-05,
            4.637038960190619e-06
        ]
    },
    "6": {
        "avg_baseline_value": 0.0001790920762930739,
        "baseline_std": 0.000123828952346493,
        "baseline_values": [
            0.00024794046322616737,
            3.80253216602912e-05,
            5.47205495801267e-05,
            0.0003953319423603503,
            0.00024379799759610864,
            0.00021667177993312697,
            5.71564796953459e-05
        ]
    },
    "7": {
        "avg_baseline_value": 0.0003647091098630042,
        "baseline_std": 0.000696644867545343,
        "baseline_values": [
            0.00011917563656008798,
            6.648136524055882e-05,
            0.002066449678667689,
            2.6655581721712106e-05,
            3.0833028271488008e-06,
            0.00016700904836311906,
            0.00010410915566071394
        ]
    },
    "8": {
        "avg_baseline_value": 0.00015844402793430118,
        "baseline_std": 0.00010335517653410607,
        "baseline_values": [
            0.00023724450678698099,
            0.0002494268125449207,
            0.0003196663413427225,
            0.00013823205349621772,
            7.542988240772366e-05,
            2.159326783511859e-05,
            6.751533112642419e-05
        ]
    },
    "9": {
        "avg_baseline_value": 0.0013778059299596871,
        "baseline_std": 0.0012290216989356757,
        "baseline_values": [
            0.003354382053091997,
            0.0003009205279510493,
            0.0031404806924359876,
            0.0009160844962893315,
            0.0012613440231950893,
            0.0003606651723469291,
            0.00031076454440742566
        ]
    },
    "10": {
        "avg_baseline_value": 0.00040632708129412497,
        "baseline_std": 0.00033410828598993525,
        "baseline_values": [
            0.00011730349524662267,
            0.0010343885609767987,
            0.000615414753226911,
            6.189857004765706e-05,
            0.0005541816244913198,
            0.0003999600914855398,
            6.114247358402625e-05
        ]
    },
    "11": {
        "avg_baseline_value": 0.000320617712880711,
        "baseline_std": 0.00030362662346740605,
        "baseline_values": [
            0.0008228639370997075,
            0.00017619500781631476,
            0.00010552163395779744,
            0.000698124180061364,
            0.00039618172700206343,
            3.366726922519172e-05,
            1.1770235002537918e-05
        ]
    },
    "12": {
        "avg_baseline_value": 0.00022569413266517265,
        "baseline_std": 0.0002513109156215829,
        "baseline_values": [
            2.2103545274039603e-05,
            4.321666324953896e-05,
            0.00032114946124015237,
            0.00072002021759344,
            0.0004155465807043904,
            4.2913171347224435e-05,
            1.4909289247422628e-05
        ]
    },
    "13": {
        "avg_baseline_value": 0.0004078105672428109,
        "baseline_std": 0.0005160548255857563,
        "baseline_values": [
            0.001613999939609946,
            0.0002826978754840989,
            0.0002859701328918682,
            0.0004931922595718732,
            0.000126793628356897,
            4.829465041948335e-05,
            3.725484365509723e-06
        ]
    },
    "14": {
        "avg_baseline_value": 7.086400191521509e-05,
        "baseline_std": 6.739181026873182e-05,
        "baseline_values": [
            7.207524171021519e-05,
            0.0001120129071910313,
            9.541777253367478e-07,
            0.00020948387448113627,
            6.562490040032329e-05,
            3.14851163377209e-05,
            4.411795560741868e-06
        ]
    },
    "15": {
        "avg_baseline_value": 8.153544531640838e-05,
        "baseline_std": 7.636732086539579e-05,
        "baseline_values": [
            1.6370058307545933e-05,
            0.00011476510725628853,
            0.0001803732565079686,
            0.00019913836703304314,
            3.273088535767377e-05,
            2.561176338926658e-05,
            1.7586793630721647e-06
        ]
    },
    "16": {
        "avg_baseline_value": 0.00029099502781230015,
        "baseline_std": 0.0002782693844625586,
        "baseline_values": [
            0.00025301933190525577,
            0.0003375447751074101,
            0.00014365404431453967,
            0.0008979296356156794,
            2.0267922571061993e-05,
            2.5594837766670936e-05,
            0.00035895464740548315
        ]
    },
    "17": {
        "avg_baseline_value": 0.0007707426720046832,
        "baseline_std": 0.001133744584227636,
        "baseline_values": [
            0.003517519339390968,
            0.000501544376511969,
            0.000323836111803249,
            0.0005653658103148623,
            0.00029797515679151274,
            8.206505460937722e-05,
            0.00010689285461084454
        ]
    },
    "overall_baseline": 0.0003668522063979558
}