{
    "0": {
        "avg_baseline_value": 7.839675416471725e-06,
        "baseline_std": 5.455893113834939e-06,
        "baseline_values": [
            1.5148636518060852e-05,
            8.71417888604087e-06,
            1.2048088727407056e-05,
            1.924911089417852e-06,
            1.362561861431999e-06
        ]
    },
    "1": {
        "avg_baseline_value": 0.000103382042475716,
        "baseline_std": 0.00011211467911857994,
        "baseline_values": [
            0.0002674497169937514,
            3.862256703525473e-06,
            1.9573126579958636e-05,
            0.0002100091766628231,
            1.6015935438521367e-05
        ]
    },
    "2": {
        "avg_baseline_value": 0.00019268121424978295,
        "baseline_std": 0.0001654869794871432,
        "baseline_values": [
            0.00048001721989663466,
            5.091970728527286e-05,
            3.718331229342124e-05,
            0.00026850391511011265,
            0.00012678191666347328
        ]
    },
    "3": {
        "avg_baseline_value": 0.00032768411974169905,
        "baseline_std": 0.00035357425122278644,
        "baseline_values": [
            0.0006661673345824795,
            3.613904400745012e-05,
            7.329698859114445e-05,
            0.0008432787306542435,
            1.9538500873177784e-05
        ]
    },
    "4": {
        "avg_baseline_value": 8.936147800652218e-05,
        "baseline_std": 6.431952759556795e-05,
        "baseline_values": [
            0.00018735096074705613,
            1.3264506707239022e-06,
            0.00011750375111735582,
            0.0001004398086153649,
            4.0186418882110216e-05
        ]
    },
    "5": {
        "avg_baseline_value": 9.730813467306743e-06,
        "baseline_std": 5.422280100688273e-06,
        "baseline_values": [
            1.796447852863436e-05,
            8.173176253811797e-06,
            1.1586856233820156e-05,
            9.762633682681427e-06,
            1.1669226375859758e-06
        ]
    },
    "6": {
        "avg_baseline_value": 0.0001591726405252648,
        "baseline_std": 0.00014200238268742118,
        "baseline_values": [
            0.0003813434199804853,
            1.3489463999430055e-05,
            9.898676453646862e-05,
            0.00026609724676716543,
            3.5946307342774695e-05
        ]
    },
    "7": {
        "avg_baseline_value": 0.0004781466343941358,
        "baseline_std": 0.0005937085848929676,
        "baseline_values": [
            2.1489190146621603e-05,
            6.330146787796702e-05,
            0.00011439436370023894,
            0.0006025328259394274,
            0.0015890153243064238
        ]
    },
    "8": {
        "avg_baseline_value": 0.00020131392694407377,
        "baseline_std": 0.00024790055126184266,
        "baseline_values": [
            0.0003199898390182332,
            1.497687057064019e-05,
            3.07306405426454e-05,
            0.0006374448834322798,
            3.4274011565699845e-06
        ]
    },
    "9": {
        "avg_baseline_value": 0.00031912141551055815,
        "baseline_std": 0.0002448452416651123,
        "baseline_values": [
            0.0003854482539481409,
            0.00017333578478284582,
            3.305356959262762e-05,
            0.0007523379119935808,
            0.00025143155723559576
        ]
    },
    "10": {
        "avg_baseline_value": 1.936116285333364e-05,
        "baseline_std": 1.6353731269544404e-05,
        "baseline_values": [
            8.885227158354292e-06,
            1.1668551296603482e-05,
            2.9557353307467208e-05,
            4.606913249646895e-05,
            6.255500077742608e-07
        ]
    },
    "11": {
        "avg_baseline_value": 0.000199811336397654,
        "baseline_std": 0.00021608713661336416,
        "baseline_values": [
            5.71254083834903e-05,
            4.0970974537587485e-05,
            0.0003068197573640986,
            0.0005777028737505762,
            1.6437667952517616e-05
        ]
    },
    "12": {
        "avg_baseline_value": 7.890251271512261e-05,
        "baseline_std": 9.252661034641394e-05,
        "baseline_values": [
            3.3772418523406315e-05,
            6.840573832760116e-06,
            6.34232518501846e-06,
            0.00025222696986797286,
            9.53302761664553e-05
        ]
    },
    "13": {
        "avg_baseline_value": 0.0003111019909445569,
        "baseline_std": 0.0003846804641495458,
        "baseline_values": [
            0.00045247600427770834,
            3.102723849085416e-05,
            3.211712534382977e-05,
            0.001008004027135312,
            3.188555947508046e-05
        ]
    },
    "14": {
        "avg_baseline_value": 3.077183609415971e-06,
        "baseline_std": 1.5980420696313093e-06,
        "baseline_values": [
            2.763322060998734e-06,
            3.3773648565777837e-06,
            5.244013298429576e-06,
            3.668975989151469e-06,
            3.322418419222949e-07
        ]
    },
    "15": {
        "avg_baseline_value": 1.565470465531607e-05,
        "baseline_std": 9.249057604018278e-06,
        "baseline_values": [
            2.2821028496442175e-05,
            1.0199793908571979e-05,
            2.566225603672675e-05,
            1.9223767780236434e-05,
            3.6667705460301986e-07
        ]
    },
    "16": {
        "avg_baseline_value": 4.123624152705485e-05,
        "baseline_std": 3.172007747399361e-05,
        "baseline_values": [
            8.602311540121648e-05,
            8.692635599232276e-06,
            3.066511089194293e-05,
            7.083633057964186e-05,
            9.964015163240707e-06
        ]
    },
    "17": {
        "avg_baseline_value": 3.8902799271936906e-05,
        "baseline_std": 1.2363416018120252e-05,
        "baseline_values": [
            3.164708781057174e-05,
            1.8498487364750937e-05,
            5.2957896373082884e-05,
            4.409339685978308e-05,
            4.731712795149588e-05
        ]
    },
    "overall_baseline": 0.0001442489940392179
}