{
    "0": {
        "avg_baseline_value": 1.342034481354137e-05,
        "baseline_std": 1.678696470051754e-05,
        "baseline_values": [
            9.244592883182654e-06,
            4.648356612864563e-05,
            6.215233113011207e-06,
            1.8945266473696715e-07,
            4.96887927813039e-06
        ]
    },
    "1": {
        "avg_baseline_value": 0.002455468483786454,
        "baseline_std": 0.003234853388456758,
        "baseline_values": [
            0.003606862904609534,
            1.1531816817126422e-05,
            0.0003199067461078555,
            1.1018685258210302e-05,
            0.008328022266139544
        ]
    },
    "2": {
        "avg_baseline_value": 0.0011121274518407023,
        "baseline_std": 0.0013475506489148514,
        "baseline_values": [
            0.002391580446293544,
            0.0030888025877513618,
            2.6604629934080042e-05,
            3.41860631902164e-06,
            5.023098890550352e-05
        ]
    },
    "3": {
        "avg_baseline_value": 0.0014854101171376901,
        "baseline_std": 0.0025004204004358795,
        "baseline_values": [
            0.0007035987927939023,
            0.00021004650461468725,
            4.998775769430953e-05,
            1.9119979656783046e-06,
            0.006461505532619873
        ]
    },
    "4": {
        "avg_baseline_value": 0.0011414012817126651,
        "baseline_std": 0.0013015567398482037,
        "baseline_values": [
            0.0014618173274158948,
            0.0005698383152991746,
            0.0001306580877968487,
            8.385747975086706e-06,
            0.0035363069300763214
        ]
    },
    "5": {
        "avg_baseline_value": 0.00019561036439688404,
        "baseline_std": 0.0003253842966846293,
        "baseline_values": [
            2.6975958300044212e-05,
            6.471720385148075e-05,
            0.0008451311882042308,
            2.1857725836602872e-06,
            3.9041699045004175e-05
        ]
    },
    "6": {
        "avg_baseline_value": 0.008831072688028484,
        "baseline_std": 0.012883511484093559,
        "baseline_values": [
            0.00998888935834085,
            4.748939874860283e-05,
            0.0006379274960696109,
            1.9496143540640854e-05,
            0.033461561043442715
        ]
    },
    "7": {
        "avg_baseline_value": 0.0009493621090610374,
        "baseline_std": 0.0008319544649604396,
        "baseline_values": [
            0.002116977540415718,
            0.0008915030242574594,
            0.00010086687903443146,
            1.978469342339728e-07,
            0.0016372652546633444
        ]
    },
    "8": {
        "avg_baseline_value": 0.0003668541353893793,
        "baseline_std": 0.0004561456858043142,
        "baseline_values": [
            0.0012505648702136368,
            0.00031184889172769926,
            4.889028879952961e-05,
            2.7778859780533133e-08,
            0.00022293884734625032
        ]
    },
    "9": {
        "avg_baseline_value": 0.008413482114105917,
        "baseline_std": 0.010410124942701004,
        "baseline_values": [
            0.006308992614777695,
            0.0048403238571457525,
            0.0021403241875275077,
            3.236168909146765e-06,
            0.028774533742169487
        ]
    },
    "10": {
        "avg_baseline_value": 0.0006498246816532077,
        "baseline_std": 0.00076095902003491,
        "baseline_values": [
            0.0009423367491921924,
            0.00011305986685276474,
            0.0001739290930533221,
            9.811248094547855e-07,
            0.0020188165743583045
        ]
    },
    "11": {
        "avg_baseline_value": 0.0006695236503612706,
        "baseline_std": 0.0005918600105535165,
        "baseline_values": [
            0.0008876093123346385,
            0.00010294155598131347,
            0.001641615446226754,
            8.78708674918851e-06,
            0.000706664850514458
        ]
    },
    "12": {
        "avg_baseline_value": 0.00039276982389895525,
        "baseline_std": 0.00032103239607731923,
        "baseline_values": [
            0.0009848838926380633,
            0.0003360478075313643,
            0.0002954889981539452,
            6.295190444000046e-06,
            0.00034113323072740314
        ]
    },
    "13": {
        "avg_baseline_value": 0.0004128288765589829,
        "baseline_std": 0.00031284553489843253,
        "baseline_values": [
            0.0004869112786580769,
            0.0003176281045796653,
            0.0009572517198855019,
            7.144983692093106e-06,
            0.00029520829597957747
        ]
    },
    "14": {
        "avg_baseline_value": 4.398367111512284e-05,
        "baseline_std": 3.879052657230246e-05,
        "baseline_values": [
            3.470627071631899e-05,
            6.481450289684423e-06,
            8.983990343188546e-05,
            1.293545347188798e-07,
            8.876137660300648e-05
        ]
    },
    "15": {
        "avg_baseline_value": 0.0005196732741402854,
        "baseline_std": 0.000958806635411195,
        "baseline_values": [
            0.0001373998404537261,
            1.2635541694044467e-05,
            1.3366664827978743e-05,
            2.907820639502893e-07,
            0.0024346735416617272
        ]
    },
    "16": {
        "avg_baseline_value": 0.0002976539395007754,
        "baseline_std": 0.00036847546609347685,
        "baseline_values": [
            0.0002195766280993144,
            0.00011251127944873624,
            0.00013454199428167662,
            4.220059051161148e-07,
            0.0010212177897690339
        ]
    },
    "17": {
        "avg_baseline_value": 0.0006167375291437102,
        "baseline_std": 0.00045965429214196566,
        "baseline_values": [
            0.0010010182020342452,
            0.0004644387021595053,
            0.00034034407410960964,
            3.268796044514109e-06,
            0.0012746178713706766
        ]
    },
    "overall_baseline": 0.0015870669187025034
}