{
    "0": {
        "avg_baseline_value": 0.000768814377724032,
        "baseline_std": 0.0008227927744138929,
        "baseline_values": [
            0.0017688533180346157,
            3.547286349997923e-06,
            0.00020206231689917048,
            9.132513719044655e-05,
            0.001778283830145929
        ]
    },
    "1": {
        "avg_baseline_value": 8.576028864589079e-05,
        "baseline_std": 4.6944202373698396e-05,
        "baseline_values": [
            0.00010415192564113621,
            6.58397415162013e-05,
            8.88084281428512e-06,
            0.00015045295264886705,
            9.94759806089643e-05
        ]
    },
    "2": {
        "avg_baseline_value": 0.0014918327900408704,
        "baseline_std": 0.0016644687180900578,
        "baseline_values": [
            0.0030266675511995814,
            8.556734725241031e-05,
            0.00016240476472185843,
            0.00021735272752621026,
            0.003967171559504291
        ]
    },
    "3": {
        "avg_baseline_value": 0.005313280106605317,
        "baseline_std": 0.008057041958289981,
        "baseline_values": [
            0.003320845241464726,
            0.0007354953211454517,
            0.0003039154911789505,
            0.0009168905306289252,
            0.02128925394860853
        ]
    },
    "4": {
        "avg_baseline_value": 0.00014687139386031662,
        "baseline_std": 0.00022397421750625844,
        "baseline_values": [
            1.933443229245446e-05,
            3.1503390046637322e-06,
            0.00010460243626019988,
            1.818384665950962e-05,
            0.0005890859150847553
        ]
    },
    "5": {
        "avg_baseline_value": 0.0006562813585257717,
        "baseline_std": 0.0011549565805583884,
        "baseline_values": [
            0.00025201498690465614,
            7.662865738827636e-06,
            3.413197606503352e-05,
            2.8270156017819424e-05,
            0.0029593268079025213
        ]
    },
    "6": {
        "avg_baseline_value": 0.00012046328538510947,
        "baseline_std": 9.450297766345487e-05,
        "baseline_values": [
            1.1116612318637036e-05,
            0.00016964933071242095,
            8.375479067552842e-06,
            0.00016864238330657156,
            0.00024453262152036485
        ]
    },
    "7": {
        "avg_baseline_value": 0.0006396736105127733,
        "baseline_std": 0.0007751776069297523,
        "baseline_values": [
            0.00046821180106505317,
            0.0004020764865074878,
            9.110874630263366e-05,
            7.944629285135479e-05,
            0.002157524725837337
        ]
    },
    "8": {
        "avg_baseline_value": 0.0003584052019752574,
        "baseline_std": 0.00021437385358909187,
        "baseline_values": [
            0.0005292971763734974,
            0.00015420751859388003,
            0.00023484988760289006,
            0.0001806020520593243,
            0.0006930693752466949
        ]
    },
    "9": {
        "avg_baseline_value": 0.022420904051294877,
        "baseline_std": 0.028187354493340266,
        "baseline_values": [
            0.01885264838230358,
            0.005256774126180369,
            0.001795233734860492,
            0.008570000847433456,
            0.07762986316569648
        ]
    },
    "10": {
        "avg_baseline_value": 0.0015322319114093464,
        "baseline_std": 0.001941860623032772,
        "baseline_values": [
            0.005397900864547308,
            0.00024515970025301904,
            0.0005969348569606858,
            0.000589824970838524,
            0.0008313391644471958
        ]
    },
    "11": {
        "avg_baseline_value": 0.0015182373751790406,
        "baseline_std": 0.0011973526659769787,
        "baseline_values": [
            0.002297451050730577,
            0.0004535540364858653,
            0.00038096968704250144,
            0.0009801914098936156,
            0.0034790206917426425
        ]
    },
    "12": {
        "avg_baseline_value": 0.0003327675454536911,
        "baseline_std": 0.00022424124051635447,
        "baseline_values": [
            0.0002842259142085679,
            0.00035177660313014537,
            0.00014495352873189599,
            0.00013337497063661867,
            0.0007495067105612278
        ]
    },
    "13": {
        "avg_baseline_value": 0.002753068183964401,
        "baseline_std": 0.0036396962556047474,
        "baseline_values": [
            0.0020761892643606917,
            0.0009242728000003797,
            0.0007430774251021774,
            0.00010179650929989396,
            0.009920004921058862
        ]
    },
    "14": {
        "avg_baseline_value": 0.0001495982864142917,
        "baseline_std": 0.00022270616623380594,
        "baseline_values": [
            0.0005947747195451402,
            4.4096927954248665e-05,
            4.217027611166039e-05,
            4.2625226605416546e-05,
            2.4324281854992758e-05
        ]
    },
    "15": {
        "avg_baseline_value": 7.809991012663409e-05,
        "baseline_std": 6.685059591237157e-05,
        "baseline_values": [
            0.00015239814567047594,
            2.8786715494073835e-05,
            3.175667723261648e-05,
            1.1263812504284897e-05,
            0.00016629419973171927
        ]
    },
    "16": {
        "avg_baseline_value": 0.0010417435848773958,
        "baseline_std": 0.0011112720596472962,
        "baseline_values": [
            0.0028402832973302913,
            3.9975982749559434e-05,
            0.00038543275272080263,
            0.00010671934814046847,
            0.0018363065434458571
        ]
    },
    "17": {
        "avg_baseline_value": 0.0019333894425648292,
        "baseline_std": 0.002353531981030221,
        "baseline_values": [
            0.0029799234033367895,
            0.00011758824695836694,
            0.0004101523726446039,
            5.0189709633016395e-05,
            0.006109093480251369
        ]
    },
    "overall_baseline": 0.0022967457058088803
}