{
    "0": {
        "avg_baseline_value": 5.4582733177532195e-05,
        "baseline_std": 5.1457529993907396e-05,
        "baseline_values": [
            5.6528322228905835e-05,
            0.00013775823530470812,
            7.186899607310886e-06,
            1.6857475569203963e-05
        ]
    },
    "1": {
        "avg_baseline_value": 0.0010744753431505656,
        "baseline_std": 0.0010357813069407557,
        "baseline_values": [
            0.002549352406008932,
            0.00017390974549759685,
            0.001542360697998293,
            3.227852309744087e-05
        ]
    },
    "2": {
        "avg_baseline_value": 0.0016196895645899654,
        "baseline_std": 0.0015687965680664666,
        "baseline_values": [
            0.003935092462341024,
            0.0003130110002292917,
            0.002180040703918485,
            5.061409187106077e-05
        ]
    },
    "3": {
        "avg_baseline_value": 0.0022769725688847192,
        "baseline_std": 0.0023513125054060156,
        "baseline_values": [
            0.0034481644790906743,
            6.395768913456433e-05,
            0.0055640058056638094,
            3.176230164982807e-05
        ]
    },
    "4": {
        "avg_baseline_value": 0.0002773312285300582,
        "baseline_std": 0.00015668101367939308,
        "baseline_values": [
            0.0004523310198304735,
            0.000288998652149041,
            0.00034213107720541065,
            2.5864164935307625e-05
        ]
    },
    "5": {
        "avg_baseline_value": 0.00020515060365608774,
        "baseline_std": 0.00017912074934264415,
        "baseline_values": [
            0.0002709387167668733,
            0.00046518459873443654,
            1.550522387163175e-06,
            8.29285767358779e-05
        ]
    },
    "6": {
        "avg_baseline_value": 0.0016052395223874864,
        "baseline_std": 0.0013326248941515322,
        "baseline_values": [
            0.0038083073364474167,
            0.0012732762739696428,
            0.001110897447188203,
            0.00022847703194468354
        ]
    },
    "7": {
        "avg_baseline_value": 0.002876332952404334,
        "baseline_std": 0.002659087617558983,
        "baseline_values": [
            0.0015404702206828454,
            0.007477037863281701,
            0.0012094467424083595,
            0.0012783769832444298
        ]
    },
    "8": {
        "avg_baseline_value": 0.0029685762405181884,
        "baseline_std": 0.0027380903780532197,
        "baseline_values": [
            0.0064390065472808245,
            0.0005651887214213235,
            0.0048432811065235,
            2.6828586847106064e-05
        ]
    },
    "9": {
        "avg_baseline_value": 0.004443373980565812,
        "baseline_std": 0.00479809103027112,
        "baseline_values": [
            0.011942062718944576,
            0.0005118883404095788,
            0.005309048656505958,
            1.0496206403134778e-05
        ]
    },
    "10": {
        "avg_baseline_value": 0.001910365942225247,
        "baseline_std": 0.0014449426832866688,
        "baseline_values": [
            0.0008866717508155192,
            0.00216541933517925,
            0.004157886687984049,
            0.0004314859949221702
        ]
    },
    "11": {
        "avg_baseline_value": 0.0007725761481235896,
        "baseline_std": 0.0007662078097257339,
        "baseline_values": [
            0.0011810116286123035,
            6.0847544077285844e-05,
            0.0018266990596757236,
            2.1746360129046004e-05
        ]
    },
    "12": {
        "avg_baseline_value": 0.0014370407741818752,
        "baseline_std": 0.0020388130226530747,
        "baseline_values": [
            0.004931314024232275,
            1.147900108561569e-05,
            0.0007527412190433106,
            5.262885236629901e-05
        ]
    },
    "13": {
        "avg_baseline_value": 0.0016489948712766272,
        "baseline_std": 0.001512009433739678,
        "baseline_values": [
            0.0025793075280157686,
            0.00036683556658183877,
            0.0036378409676206445,
            1.1995422888256691e-05
        ]
    },
    "14": {
        "avg_baseline_value": 0.00018646716615366014,
        "baseline_std": 0.00025197893423811854,
        "baseline_values": [
            0.00010024142904673525,
            0.0006183133295953773,
            9.91902054116526e-07,
            2.632200391841161e-05
        ]
    },
    "15": {
        "avg_baseline_value": 0.0001693798276118943,
        "baseline_std": 0.00024313072493942407,
        "baseline_values": [
            0.0005869761734343002,
            1.5327974373607256e-07,
            8.112602117843037e-05,
            9.263836091110414e-06
        ]
    },
    "16": {
        "avg_baseline_value": 0.00017108893721093114,
        "baseline_std": 0.0002105803282197574,
        "baseline_values": [
            6.630234672291907e-05,
            0.0005353902333022142,
            3.9502180066920686e-05,
            4.316098875167057e-05
        ]
    },
    "17": {
        "avg_baseline_value": 0.0002691144087048614,
        "baseline_std": 0.0003142916475340997,
        "baseline_values": [
            0.00012625794437330144,
            0.0008105471860800152,
            0.0001024452524865335,
            3.720725187959529e-05
        ]
    },
    "overall_baseline": 0.0013314862674085241
}