{
    "0": {
        "avg_baseline_value": 0.00017588177166403488,
        "baseline_std": 0.00018812618204427662,
        "baseline_values": [
            0.00016658205798487713,
            9.20013135388873e-06,
            4.227385985984585e-05,
            0.00048547103745752787
        ]
    },
    "1": {
        "avg_baseline_value": 0.0027735014353532208,
        "baseline_std": 0.00274557174355793,
        "baseline_values": [
            0.0012894885870298315,
            0.0025165307318916297,
            1.2959139808514303e-05,
            0.0072750272826829065
        ]
    },
    "2": {
        "avg_baseline_value": 0.003325725235136459,
        "baseline_std": 0.003747264651162449,
        "baseline_values": [
            0.002206887930011547,
            0.000849194903676424,
            0.0005234288445408241,
            0.009723389262317042
        ]
    },
    "3": {
        "avg_baseline_value": 0.006066889889114246,
        "baseline_std": 0.005923634242499168,
        "baseline_values": [
            0.0015460294199361375,
            0.01600421114586365,
            0.0015558542254276524,
            0.005161464765229549
        ]
    },
    "4": {
        "avg_baseline_value": 0.0005486703835423214,
        "baseline_std": 0.000556155897643356,
        "baseline_values": [
            0.00039638904061030595,
            0.00031998464999705243,
            1.1895591177627947e-06,
            0.0014771182844441643
        ]
    },
    "5": {
        "avg_baseline_value": 0.003633024720665598,
        "baseline_std": 0.003344479230305165,
        "baseline_values": [
            0.00025662514835019223,
            0.007311886924641752,
            0.00033836197738058523,
            0.00662522483228986
        ]
    },
    "6": {
        "avg_baseline_value": 0.012458492836248919,
        "baseline_std": 0.011990662548003917,
        "baseline_values": [
            0.0036952450903095617,
            0.015176495416118001,
            0.000108259313137403,
            0.03085397152543071
        ]
    },
    "7": {
        "avg_baseline_value": 0.0011898130518273396,
        "baseline_std": 0.0006292327911678361,
        "baseline_values": [
            0.001086927027360771,
            0.0008308104158656175,
            0.0006029564808591304,
            0.002238558283223839
        ]
    },
    "8": {
        "avg_baseline_value": 0.0020007165429742476,
        "baseline_std": 0.0009313618925608894,
        "baseline_values": [
            0.0010149438731075985,
            0.0031938175326767337,
            0.0011714458590812622,
            0.0026226589070313957
        ]
    },
    "9": {
        "avg_baseline_value": 0.0031845742226654953,
        "baseline_std": 0.0034166121352924303,
        "baseline_values": [
            0.0024273968368677956,
            0.0010138738483155788,
            0.000340296410524288,
            0.00895672979495432
        ]
    },
    "10": {
        "avg_baseline_value": 0.0008993222272340113,
        "baseline_std": 0.0007267883497843682,
        "baseline_values": [
            0.000771992405390273,
            0.0006533819321529588,
            9.436250476033726e-05,
            0.0020775520666324763
        ]
    },
    "11": {
        "avg_baseline_value": 0.0008330085691889565,
        "baseline_std": 0.0008784812791052146,
        "baseline_values": [
            0.0006944037177451436,
            0.00016294661914886127,
            0.00016688596632615446,
            0.002307797973535667
        ]
    },
    "12": {
        "avg_baseline_value": 0.0015403090803436954,
        "baseline_std": 0.00160303943263213,
        "baseline_values": [
            0.0015938710807810626,
            4.07934829071483e-05,
            0.00039484603861422474,
            0.004131725719072346
        ]
    },
    "13": {
        "avg_baseline_value": 0.0009813959790067042,
        "baseline_std": 0.0009080958704749588,
        "baseline_values": [
            0.0015731327388076204,
            0.00012712023792431747,
            6.764163096073591e-05,
            0.0021576893083341433
        ]
    },
    "14": {
        "avg_baseline_value": 0.001494173730258971,
        "baseline_std": 0.0013530135239839915,
        "baseline_values": [
            0.0003503479096054734,
            0.0022102782471888874,
            6.335106300675384e-05,
            0.0033527177012347698
        ]
    },
    "15": {
        "avg_baseline_value": 6.720952697655461e-05,
        "baseline_std": 6.49488753881634e-05,
        "baseline_values": [
            2.41285853156409e-06,
            0.00013480551854191283,
            2.1636509393549857e-06,
            0.00012945607989338652
        ]
    },
    "16": {
        "avg_baseline_value": 0.0015648966946915635,
        "baseline_std": 0.001504177648046673,
        "baseline_values": [
            0.0005593970248956282,
            0.0016105872726477342,
            9.846267470493287e-05,
            0.003991139806517959
        ]
    },
    "17": {
        "avg_baseline_value": 0.006352224583557376,
        "baseline_std": 0.0053250205842797415,
        "baseline_values": [
            0.00160042122807556,
            0.009813471064506127,
            0.0007512743171275254,
            0.013243731724520291
        ]
    },
    "overall_baseline": 0.0027272128044694283
}