{
    "0": {
        "avg_baseline_value": 0.00032305402626548634,
        "baseline_std": 0.00028488197988331084,
        "baseline_values": [
            2.207929274224333e-05,
            0.0002853748391749993,
            0.000913418072360724,
            0.0004345239519676237,
            0.00040327638099127547,
            2.9224598469202225e-05,
            0.00017348104815233633
        ]
    },
    "1": {
        "avg_baseline_value": 0.0006622833051274669,
        "baseline_std": 0.0007453941729531271,
        "baseline_values": [
            0.00012224640800303108,
            0.002136209429701616,
            0.000964838605507328,
            0.0011939706484794886,
            0.00013805011224679,
            5.009058167921358e-06,
            7.565887378609347e-05
        ]
    },
    "2": {
        "avg_baseline_value": 0.0014662984272523446,
        "baseline_std": 0.002100887302984754,
        "baseline_values": [
            0.0004794505827456634,
            0.0004925975613055784,
            0.006528926222982878,
            0.001326568993865247,
            0.0009796106473710382,
            0.00012102026154367501,
            0.0003359147209523336
        ]
    },
    "3": {
        "avg_baseline_value": 0.0026770043365818433,
        "baseline_std": 0.0034379828105605744,
        "baseline_values": [
            0.005045240378330566,
            0.010122265022983435,
            0.0017240643419181103,
            0.001385248472824617,
            2.8418112408503066e-05,
            0.00018826930850349846,
            0.00024552471910417546
        ]
    },
    "4": {
        "avg_baseline_value": 0.0026439067385322776,
        "baseline_std": 0.0016854736860743836,
        "baseline_values": [
            0.0010461589761087233,
            4.011099788601105e-05,
            0.004903486908277624,
            0.004727809846906946,
            0.003204579207457339,
            0.0017712272641835227,
            0.0028139739689057772
        ]
    },
    "5": {
        "avg_baseline_value": 0.0005718352734620793,
        "baseline_std": 0.0007928478202082761,
        "baseline_values": [
            0.0024648735513775177,
            0.0004221166195781979,
            0.00011451123376294742,
            0.00010502926309316048,
            0.0003781001641228407,
            0.0005180105326753011,
            2.055496245902397e-07
        ]
    },
    "6": {
        "avg_baseline_value": 0.00021228162238089198,
        "baseline_std": 0.00010611075971342827,
        "baseline_values": [
            4.5681562629925395e-05,
            0.0003301817506211258,
            0.00027924907375875764,
            0.0002774171183381192,
            0.00011684273254013607,
            0.00031641211703919693,
            0.00012018700173898266
        ]
    },
    "7": {
        "avg_baseline_value": 0.0011060494296942392,
        "baseline_std": 0.001498225986481254,
        "baseline_values": [
            0.0005752642207123105,
            0.00024352528912229514,
            0.004670079035612867,
            0.0001434179864366368,
            0.0013064723114624907,
            0.0005158081834735106,
            0.0002877789810395624
        ]
    },
    "8": {
        "avg_baseline_value": 0.0004753632387218684,
        "baseline_std": 0.0003031469446934001,
        "baseline_values": [
            0.0004083780379283856,
            0.0010437068607827304,
            0.0002909168256659551,
            0.0007278236849746426,
            0.0003635466553023524,
            2.20339632198745e-05,
            0.0004711366431791379
        ]
    },
    "9": {
        "avg_baseline_value": 0.0033397662037293946,
        "baseline_std": 0.0029578620781540873,
        "baseline_values": [
            0.007560516461406932,
            0.0015571691137024537,
            0.007847464855745502,
            0.0031631585353048327,
            0.0003821102334678344,
            3.971910256221825e-05,
            0.0028282251239159883
        ]
    },
    "10": {
        "avg_baseline_value": 0.002111649928245712,
        "baseline_std": 0.0022587134294746805,
        "baseline_values": [
            0.0043571801616115735,
            0.006471313458422545,
            5.065788996321445e-05,
            2.3273721888256463e-05,
            0.0021272734325497515,
            0.0008671283169661425,
            0.000884722516318495
        ]
    },
    "11": {
        "avg_baseline_value": 0.001290369821601747,
        "baseline_std": 0.001238932878765793,
        "baseline_values": [
            0.0005970417384311492,
            0.002036435815244889,
            0.004010483245690958,
            0.001058078882569058,
            0.00039695481687946217,
            0.00024357751609815304,
            0.0006900167362985602
        ]
    },
    "12": {
        "avg_baseline_value": 0.0027765740208082366,
        "baseline_std": 0.0030836222523850762,
        "baseline_values": [
            0.00026696165544763006,
            0.0009288652488466881,
            0.007683718146346227,
            0.007389361615120939,
            1.2481367068601466e-05,
            0.0008793264273477878,
            0.00227530368547978
        ]
    },
    "13": {
        "avg_baseline_value": 0.005780511537691715,
        "baseline_std": 0.010860361839222551,
        "baseline_values": [
            0.032070727971233885,
            0.00533954406069254,
            0.00016930890448108046,
            0.0008687334624597559,
            0.0005218155294406711,
            0.00034720410866021065,
            0.0011462467268738624
        ]
    },
    "14": {
        "avg_baseline_value": 8.958705999683889e-05,
        "baseline_std": 9.827536447125724e-05,
        "baseline_values": [
            1.1585578653390468e-05,
            2.220496628243507e-05,
            0.00012932587384985778,
            7.134879735333613e-06,
            0.00011345529208592513,
            0.0003031338894345962,
            4.0268939936333933e-05
        ]
    },
    "15": {
        "avg_baseline_value": 0.00014022634861001571,
        "baseline_std": 0.0001717028566305029,
        "baseline_values": [
            9.535308271708766e-07,
            0.0005140058384299908,
            0.00016446045755734044,
            0.00022050148121368528,
            5.346563203945605e-06,
            1.360887347212533e-05,
            6.270769556585161e-05
        ]
    },
    "16": {
        "avg_baseline_value": 0.0005703908648539292,
        "baseline_std": 0.00047054101829979857,
        "baseline_values": [
            0.000772272184819531,
            0.0012561272040612418,
            0.0011807097403073372,
            7.154774084848102e-05,
            0.0004057246639044873,
            7.766426342720244e-06,
            0.0002985880936937056
        ]
    },
    "17": {
        "avg_baseline_value": 0.003573425717405327,
        "baseline_std": 0.006113699441330096,
        "baseline_values": [
            0.018226548234957878,
            0.004055347578922157,
            0.001334546143917146,
            0.00036018413174592476,
            0.00032079579573952676,
            0.000585828213429338,
            0.00013072992312531767
        ]
    },
    "overall_baseline": 0.0016561432167200786
}