{
    "0": {
        "avg_baseline_value": 8.399868373129218e-05,
        "baseline_std": 8.072603950846972e-05,
        "baseline_values": [
            1.5809264670129407e-06,
            0.00022908780643762493,
            8.608794460941696e-05,
            8.794048960176343e-05,
            1.529625154064269e-05
        ]
    },
    "1": {
        "avg_baseline_value": 0.0005851933850216599,
        "baseline_std": 0.0006878861996494922,
        "baseline_values": [
            0.0008927335443579009,
            7.432059991954334e-05,
            0.00010265533691787245,
            0.0018062838641931935,
            4.997357971978897e-05
        ]
    },
    "2": {
        "avg_baseline_value": 0.0010826713647837508,
        "baseline_std": 0.0011778339410354918,
        "baseline_values": [
            0.002070833551698051,
            3.388043287357855e-05,
            0.00010973304635666537,
            0.002899319817941229,
            0.0002995899750492301
        ]
    },
    "3": {
        "avg_baseline_value": 0.001318283947143838,
        "baseline_std": 0.0013679117650698446,
        "baseline_values": [
            0.0014611396330866647,
            0.00019218843588444145,
            0.0008646691496524448,
            0.0038845981800817463,
            0.00018882433701389325
        ]
    },
    "4": {
        "avg_baseline_value": 0.0002769128882062866,
        "baseline_std": 0.00019376368450414042,
        "baseline_values": [
            0.0003206990045005934,
            0.00022595390231905718,
            0.0006060813746602205,
            0.00022318880402147337,
            8.64135553008857e-06
        ]
    },
    "5": {
        "avg_baseline_value": 0.00010780187765582351,
        "baseline_std": 0.00014627400855712403,
        "baseline_values": [
            2.0900213645322313e-05,
            9.526127913470416e-05,
            0.000393390737141861,
            2.860279332564553e-05,
            8.543650315846465e-07
        ]
    },
    "6": {
        "avg_baseline_value": 0.0009483170967641826,
        "baseline_std": 0.0005248059666327139,
        "baseline_values": [
            0.0011698375666403576,
            0.00016937961059894702,
            0.0012518220335470003,
            0.0016215975220373782,
            0.0005289487509972293
        ]
    },
    "7": {
        "avg_baseline_value": 0.004207113672020998,
        "baseline_std": 0.005693671725879791,
        "baseline_values": [
            0.002093052946544671,
            0.0007257357426731385,
            0.0018222532195195735,
            0.000849811379180603,
            0.015544715072187007
        ]
    },
    "8": {
        "avg_baseline_value": 0.0038973392501441386,
        "baseline_std": 0.0037079833525964605,
        "baseline_values": [
            0.001549744790234023,
            0.0013392784116051115,
            0.006364598059467816,
            0.009996628321859567,
            0.00023644666755417399
        ]
    },
    "9": {
        "avg_baseline_value": 0.002984020776067939,
        "baseline_std": 0.003169864797929298,
        "baseline_values": [
            0.004703459668821861,
            8.374145245628415e-05,
            0.0003783889730661526,
            0.008406713001462836,
            0.0013478007845325625
        ]
    },
    "10": {
        "avg_baseline_value": 0.0020823061461407786,
        "baseline_std": 0.0009240133777103664,
        "baseline_values": [
            0.0014438763491835564,
            0.0015179673782341697,
            0.003459464570375704,
            0.0010920161153262161,
            0.0028982063175842475
        ]
    },
    "11": {
        "avg_baseline_value": 0.0017798311458819798,
        "baseline_std": 0.0013571792579055056,
        "baseline_values": [
            0.0004031441645398057,
            0.001528679976106203,
            0.003763756889722983,
            0.0028769291439588603,
            0.00032664555508204736
        ]
    },
    "12": {
        "avg_baseline_value": 0.0010600443704024641,
        "baseline_std": 0.001109611605517993,
        "baseline_values": [
            0.00018431405826257636,
            0.00029636368765524206,
            0.0018180034473881358,
            0.002886969648810557,
            0.0001145710098958098
        ]
    },
    "13": {
        "avg_baseline_value": 0.0009064637387584354,
        "baseline_std": 0.0010109207531903976,
        "baseline_values": [
            0.00033273228164712546,
            0.00014040902594740715,
            0.0004378303002886181,
            0.00289210504762679,
            0.0007292420382822361
        ]
    },
    "14": {
        "avg_baseline_value": 0.000318563665362585,
        "baseline_std": 0.00036454679484417506,
        "baseline_values": [
            1.7667974070104346e-05,
            0.00014505920732355734,
            0.000982028106548824,
            1.6942050591225922e-05,
            0.0004311209882792136
        ]
    },
    "15": {
        "avg_baseline_value": 0.00015146683582771745,
        "baseline_std": 0.00018461394190963815,
        "baseline_values": [
            0.00010367772270070672,
            8.76929155921744e-05,
            1.456633590759521e-05,
            0.0005149179734837848,
            3.647923145432603e-05
        ]
    },
    "16": {
        "avg_baseline_value": 0.0003101059948428515,
        "baseline_std": 0.00017372167176045965,
        "baseline_values": [
            0.00013655703920419465,
            0.00011408328528960115,
            0.0005896690005253866,
            0.00034657510366343803,
            0.0003636455455316372
        ]
    },
    "17": {
        "avg_baseline_value": 0.0008110769038210668,
        "baseline_std": 0.0009082905096838364,
        "baseline_values": [
            0.0002279015075643609,
            0.00016418611761136255,
            0.002521603567818906,
            0.0009740056964541823,
            0.00016768762965652166
        ]
    },
    "overall_baseline": 0.001272861763476544
}