{
    "0": {
        "avg_baseline_value": 0.00027626873250517173,
        "baseline_std": 0.00043442895568777284,
        "baseline_values": [
            0.0001527303888847924,
            0.0011387083459142712,
            1.6506261550340933e-05,
            2.6754959472601436e-06,
            7.072317022919392e-05
        ]
    },
    "1": {
        "avg_baseline_value": 0.004705303900973818,
        "baseline_std": 0.007409182971809517,
        "baseline_values": [
            0.0037467928255896905,
            0.0002981180895731644,
            0.00020655772892260474,
            1.345155962739389e-05,
            0.019261599301156236
        ]
    },
    "2": {
        "avg_baseline_value": 0.005171028247530784,
        "baseline_std": 0.005507952079401307,
        "baseline_values": [
            0.01505503823647666,
            0.005990536842708944,
            2.8337144108741504e-05,
            1.706825259899471e-06,
            0.004779522189099677
        ]
    },
    "3": {
        "avg_baseline_value": 0.0043145991063763866,
        "baseline_std": 0.005429670331202296,
        "baseline_values": [
            0.0019638675314624507,
            0.0017557499275922843,
            0.0028228916859913394,
            1.1260407631068664e-05,
            0.015019225979204787
        ]
    },
    "4": {
        "avg_baseline_value": 0.002619298798692652,
        "baseline_std": 0.002230786228122472,
        "baseline_values": [
            0.0010710993920410433,
            0.003620863643215687,
            0.0019565772000318575,
            3.716723947811903e-05,
            0.006410786518696554
        ]
    },
    "5": {
        "avg_baseline_value": 0.001381957071176045,
        "baseline_std": 0.0011526417252588066,
        "baseline_values": [
            0.00035759852911139504,
            0.001088604442168489,
            0.002657193017117748,
            1.0280516214316974e-05,
            0.002796108851268276
        ]
    },
    "6": {
        "avg_baseline_value": 0.017498584587235223,
        "baseline_std": 0.022948728968948662,
        "baseline_values": [
            0.028085554102889355,
            0.0007115034965802775,
            0.0005817684723970639,
            2.296543466851865e-05,
            0.058091131429640896
        ]
    },
    "7": {
        "avg_baseline_value": 0.0017596890860396227,
        "baseline_std": 0.0014371130893797376,
        "baseline_values": [
            6.291325573218628e-05,
            0.0030088661074268094,
            0.0032854460483511586,
            3.9857288072560095e-07,
            0.0024408214458072337
        ]
    },
    "8": {
        "avg_baseline_value": 0.00022455994584415884,
        "baseline_std": 0.00025534076119546804,
        "baseline_values": [
            0.0005353315080756049,
            4.9452371386465686e-06,
            0.0005381987793192023,
            1.116372409287155e-06,
            4.320783227805324e-05
        ]
    },
    "9": {
        "avg_baseline_value": 0.008302504402446394,
        "baseline_std": 0.008448729807612321,
        "baseline_values": [
            0.021537922332732856,
            0.005348711639102961,
            0.0001578045715788076,
            9.616599799651736e-06,
            0.0144584668690177
        ]
    },
    "10": {
        "avg_baseline_value": 0.0011210607548129633,
        "baseline_std": 0.0007462720126572084,
        "baseline_values": [
            0.0020648190544825043,
            0.0005200769373891937,
            0.0014783586073076592,
            9.435487256478503e-06,
            0.0015326136876289808
        ]
    },
    "11": {
        "avg_baseline_value": 0.0011942765858188548,
        "baseline_std": 0.0015020336017540627,
        "baseline_values": [
            0.0003954622106503414,
            0.003989396772088984,
            4.4171267279367686e-05,
            1.3233874115192023e-05,
            0.001529118804960388
        ]
    },
    "12": {
        "avg_baseline_value": 0.007460142617157456,
        "baseline_std": 0.009287344009501106,
        "baseline_values": [
            0.0005051142484853915,
            0.01342932871901969,
            0.0003298641291499291,
            4.0101843756160726e-05,
            0.02299630414537611
        ]
    },
    "13": {
        "avg_baseline_value": 0.0029180826623311207,
        "baseline_std": 0.001976788699892495,
        "baseline_values": [
            0.0062399366109699775,
            0.0026651807168494653,
            0.0030970033672208792,
            4.245872997170927e-05,
            0.0025458338866435736
        ]
    },
    "14": {
        "avg_baseline_value": 0.007166501046271495,
        "baseline_std": 0.009537976214346816,
        "baseline_values": [
            0.011606998526511786,
            1.5254603693483858e-05,
            0.00018231138151990329,
            9.142476668760911e-06,
            0.02401879824296354
        ]
    },
    "15": {
        "avg_baseline_value": 0.00024088670138196845,
        "baseline_std": 0.00021941429619269043,
        "baseline_values": [
            0.000452785564651734,
            0.00017938425478833362,
            3.121958962551417e-05,
            4.7759684963645704e-08,
            0.0005409963381592969
        ]
    },
    "16": {
        "avg_baseline_value": 0.0035572964235201835,
        "baseline_std": 0.004615489759388408,
        "baseline_values": [
            0.004757142359638056,
            0.0007972555599541687,
            0.0001275200466032956,
            7.120335040153852e-07,
            0.012103852117901381
        ]
    },
    "17": {
        "avg_baseline_value": 0.0039125887035313545,
        "baseline_std": 0.004394981763830358,
        "baseline_values": [
            0.0016706807532930817,
            0.0004618534926202588,
            0.00568295262827868,
            7.75554909518329e-06,
            0.01173970109436957
        ]
    },
    "overall_baseline": 0.004101368298535868
}