{
    "0": {
        "avg_baseline_value": 0.00021296274421197655,
        "baseline_std": 0.00015112254499433008,
        "baseline_values": [
            0.00018213948452953956,
            2.9169772384518256e-06,
            0.00018537208186523096,
            0.00022006219598912343,
            0.000474322981437537
        ]
    },
    "1": {
        "avg_baseline_value": 0.0012993507188420155,
        "baseline_std": 0.0019001443231300458,
        "baseline_values": [
            5.845105827688385e-05,
            0.00013555112459135763,
            0.0007113468580469316,
            0.0005225330934315825,
            0.005068871459863322
        ]
    },
    "2": {
        "avg_baseline_value": 0.0001797487068973264,
        "baseline_std": 0.00021104194157812976,
        "baseline_values": [
            0.000564145545575243,
            1.139143306716292e-05,
            5.6410038918919936e-05,
            1.7038366039716975e-05,
            0.0002497581508855891
        ]
    },
    "3": {
        "avg_baseline_value": 0.018872586237864367,
        "baseline_std": 0.03260213965988808,
        "baseline_values": [
            0.010349081101797246,
            5.347429175124148e-05,
            2.8343530007226234e-06,
            0.00036249158208843826,
            0.08359504986068418
        ]
    },
    "4": {
        "avg_baseline_value": 0.00016345349000387592,
        "baseline_std": 0.000232172181810448,
        "baseline_values": [
            0.0006246359971276356,
            2.9902530601797857e-05,
            7.573702444699624e-05,
            7.99492961157789e-06,
            7.899696823137192e-05
        ]
    },
    "5": {
        "avg_baseline_value": 0.011908442398252277,
        "baseline_std": 0.014510267953755292,
        "baseline_values": [
            0.011355528566392286,
            0.002680910870039943,
            7.260534013866638e-05,
            0.005489171483325112,
            0.039943995731365374
        ]
    },
    "6": {
        "avg_baseline_value": 3.305688533701603e-05,
        "baseline_std": 4.3495733491746456e-05,
        "baseline_values": [
            0.00011910842293414699,
            1.5660696722820237e-05,
            6.822276712969908e-07,
            1.9693406779029114e-05,
            1.0139672577786812e-05
        ]
    },
    "7": {
        "avg_baseline_value": 0.0005017867890660523,
        "baseline_std": 0.0007972560471298789,
        "baseline_values": [
            0.0020944620521463316,
            6.698377128021968e-05,
            0.00017224414106067022,
            6.819845063903927e-05,
            0.00010704553020400044
        ]
    },
    "8": {
        "avg_baseline_value": 0.00029604071341713176,
        "baseline_std": 0.00031194127709215775,
        "baseline_values": [
            0.0008535720003325464,
            1.6421531686029528e-05,
            4.275530297704108e-06,
            0.00038134423600568227,
            0.0002245902687636967
        ]
    },
    "9": {
        "avg_baseline_value": 0.09758106101115652,
        "baseline_std": 0.10356366365047445,
        "baseline_values": [
            0.07421393904517028,
            0.04065931350358082,
            0.0009259281064566589,
            0.07459847568719409,
            0.2975076487133807
        ]
    },
    "10": {
        "avg_baseline_value": 0.005818008887380342,
        "baseline_std": 0.0059355578678849975,
        "baseline_values": [
            0.00729314180408523,
            0.0021531004553927004,
            0.00034278435151297314,
            0.0025374059167930607,
            0.016763611909117744
        ]
    },
    "11": {
        "avg_baseline_value": 0.0003266301529146163,
        "baseline_std": 0.0003001112578123679,
        "baseline_values": [
            8.340175778943035e-05,
            0.0005652558110254761,
            1.02768477443987e-05,
            0.00018491140514172554,
            0.0007893049428720508
        ]
    },
    "12": {
        "avg_baseline_value": 0.0006092225072290843,
        "baseline_std": 0.0006359785992848076,
        "baseline_values": [
            0.001034516658994753,
            0.0003222325895950046,
            1.489494088659734e-05,
            0.0016440494153561144,
            3.0418931312952388e-05
        ]
    },
    "13": {
        "avg_baseline_value": 0.0008347919559601035,
        "baseline_std": 0.0012337405453744284,
        "baseline_values": [
            0.0005286716574794298,
            9.289850045123081e-05,
            2.656868457190867e-06,
            0.00027377768960304123,
            0.003275955063809625
        ]
    },
    "14": {
        "avg_baseline_value": 0.0004111155684516991,
        "baseline_std": 0.00035570856270194525,
        "baseline_values": [
            9.06747792688358e-05,
            5.100427951514062e-05,
            0.0005989023688168316,
            0.0010065023450079175,
            0.0003084940696497699
        ]
    },
    "15": {
        "avg_baseline_value": 0.0007546419071991423,
        "baseline_std": 0.0010494673677631725,
        "baseline_values": [
            0.00033065254883559006,
            9.056988103109719e-05,
            0.0005243685334752357,
            5.952572382635683e-06,
            0.002821666000271153
        ]
    },
    "16": {
        "avg_baseline_value": 0.0009161184524330455,
        "baseline_std": 0.000941684320870245,
        "baseline_values": [
            0.002115265479294636,
            2.008833932737172e-06,
            6.306677282266552e-06,
            0.001982616981484681,
            0.0004743942901709066
        ]
    },
    "17": {
        "avg_baseline_value": 0.00026444277033029346,
        "baseline_std": 0.0002994181614840244,
        "baseline_values": [
            0.00011876022150494085,
            0.00016122941433269086,
            3.0104854945865424e-05,
            0.0001562682753358913,
            0.0008558510855320787
        ]
    },
    "overall_baseline": 0.007832414549830384
}