{
    "0": {
        "avg_baseline_value": 0.0003013348977842245,
        "baseline_std": 0.00025400946824918636,
        "baseline_values": [
            0.00032999173523731777,
            0.0007043691455683389,
            0.00011418451228819699,
            5.6794198043044344e-05
        ]
    },
    "1": {
        "avg_baseline_value": 0.005828323616764305,
        "baseline_std": 0.005128545453321171,
        "baseline_values": [
            0.014038322635688365,
            0.006279322600824647,
            0.0017146040987543766,
            0.0012810451317898314
        ]
    },
    "2": {
        "avg_baseline_value": 3.396150896244427e-05,
        "baseline_std": 3.524896702110719e-05,
        "baseline_values": [
            2.9453212550151485e-05,
            1.3960562507611496e-05,
            9.230975585349496e-05,
            1.2250493851912191e-07
        ]
    },
    "3": {
        "avg_baseline_value": 0.004571278420216273,
        "baseline_std": 0.005686279935085874,
        "baseline_values": [
            0.004180618702333219,
            0.00010326184036553944,
            0.013979726940203661,
            2.150619796267281e-05
        ]
    },
    "4": {
        "avg_baseline_value": 6.263200185763418e-05,
        "baseline_std": 8.725442531999949e-05,
        "baseline_values": [
            5.8175873803431e-07,
            1.906846706813044e-05,
            0.00021323508111379996,
            1.7642700510572026e-05
        ]
    },
    "5": {
        "avg_baseline_value": 0.001123472812163513,
        "baseline_std": 0.0009264415161646674,
        "baseline_values": [
            0.0026792867639638717,
            0.0009655793911453039,
            0.0003517209219611143,
            0.0004973041715837625
        ]
    },
    "6": {
        "avg_baseline_value": 0.00017500851507709137,
        "baseline_std": 0.00017739579958393062,
        "baseline_values": [
            0.0001013808769201428,
            0.00012619035407027842,
            0.00047136579116420003,
            1.0970381537442545e-06
        ]
    },
    "7": {
        "avg_baseline_value": 0.00019132458733541345,
        "baseline_std": 0.00012380195833000765,
        "baseline_values": [
            0.00025829437653067557,
            0.0003585035614271268,
            0.00010127904055170196,
            4.722137083214935e-05
        ]
    },
    "8": {
        "avg_baseline_value": 0.00033387749983321995,
        "baseline_std": 0.00047800937642973243,
        "baseline_values": [
            0.00015760163772433894,
            1.974041255483148e-05,
            0.0011552628253143629,
            2.905123739346569e-06
        ]
    },
    "9": {
        "avg_baseline_value": 0.006268230826066905,
        "baseline_std": 0.006294032180269924,
        "baseline_values": [
            0.015216500030102635,
            0.0006993611673172354,
            0.009142814276325186,
            1.4247830522565416e-05
        ]
    },
    "10": {
        "avg_baseline_value": 0.0026752180637808205,
        "baseline_std": 0.001502574279059136,
        "baseline_values": [
            0.003986936791399755,
            0.004350105331992843,
            0.0010316539804362597,
            0.0013321761512944238
        ]
    },
    "11": {
        "avg_baseline_value": 7.214275579174943e-05,
        "baseline_std": 6.070068210953725e-05,
        "baseline_values": [
            6.157329700982863e-05,
            4.9674422213760975e-05,
            0.00017105098350051807,
            6.272320442890014e-06
        ]
    },
    "12": {
        "avg_baseline_value": 0.0076267006502346935,
        "baseline_std": 0.01023295606885272,
        "baseline_values": [
            0.0045094319874542455,
            0.0008382180933190986,
            0.02510935572090172,
            4.979679926370731e-05
        ]
    },
    "13": {
        "avg_baseline_value": 0.00035219413650540855,
        "baseline_std": 0.0005036400042545913,
        "baseline_values": [
            0.0001718618589275313,
            3.2806008312565097e-06,
            0.0012169428901030379,
            1.6691196159808567e-05
        ]
    },
    "14": {
        "avg_baseline_value": 0.0021160782899122834,
        "baseline_std": 0.0025205060343186044,
        "baseline_values": [
            0.006421608493998149,
            0.0013341571038336451,
            0.00018859134261065352,
            0.0005199562192066854
        ]
    },
    "15": {
        "avg_baseline_value": 0.009680782040830185,
        "baseline_std": 0.01378216857555382,
        "baseline_values": [
            0.005022374655992667,
            4.430164173462321e-06,
            0.03330594821827684,
            0.00039037512487776496
        ]
    },
    "16": {
        "avg_baseline_value": 0.0012145407708429189,
        "baseline_std": 0.0012480113459134902,
        "baseline_values": [
            9.450322622792909e-05,
            0.0017557685262112976,
            0.003006478079013946,
            1.4132519185027538e-06
        ]
    },
    "17": {
        "avg_baseline_value": 0.0006597617262540875,
        "baseline_std": 0.00042038497226149553,
        "baseline_values": [
            0.000651681847778074,
            0.000453013979210977,
            0.0013333065882975197,
            0.00020104448972977919
        ]
    },
    "overall_baseline": 0.0024048257289007316
}