{
    "0": {
        "avg_baseline_value": 0.00018272071492561343,
        "baseline_std": 0.00017284126228978038,
        "baseline_values": [
            0.0002421934971451877,
            5.382333206548965e-06,
            4.472161709228794e-05,
            0.00043858541225842907
        ]
    },
    "1": {
        "avg_baseline_value": 0.04901049419235147,
        "baseline_std": 0.04561388900321312,
        "baseline_values": [
            0.025580987644725352,
            0.047568565528417504,
            0.00036351212010794515,
            0.12252891147615509
        ]
    },
    "2": {
        "avg_baseline_value": 4.986419188967487e-05,
        "baseline_std": 3.762614777264423e-05,
        "baseline_values": [
            3.292404090009561e-05,
            2.5502823787131664e-05,
            2.6189139126204704e-05,
            0.00011484076374526749
        ]
    },
    "3": {
        "avg_baseline_value": 0.007484705891814328,
        "baseline_std": 0.009736261349882105,
        "baseline_values": [
            0.0005586134078670552,
            0.02428684994122702,
            0.0027998018955415465,
            0.0022935583226216917
        ]
    },
    "4": {
        "avg_baseline_value": 0.000350087771141261,
        "baseline_std": 0.0003241058396053631,
        "baseline_values": [
            0.0008584637206476686,
            4.678935704176228e-06,
            0.00014788579940403033,
            0.000389322628809169
        ]
    },
    "5": {
        "avg_baseline_value": 0.011069791945516185,
        "baseline_std": 0.008379998186816624,
        "baseline_values": [
            0.0034917879278274395,
            0.019679460622023505,
            0.0019280459587389426,
            0.01917987327347485
        ]
    },
    "6": {
        "avg_baseline_value": 0.00024228020038772195,
        "baseline_std": 0.0002416273769650736,
        "baseline_values": [
            0.0002528044273735986,
            8.560369591585355e-05,
            5.574932928222401e-07,
            0.0006301551849686134
        ]
    },
    "7": {
        "avg_baseline_value": 0.0002837818291348417,
        "baseline_std": 0.0002726381131155164,
        "baseline_values": [
            0.00014216680149029839,
            0.0002640740498003534,
            1.2143610806035123e-06,
            0.0007276721041681116
        ]
    },
    "8": {
        "avg_baseline_value": 0.00012680326509381917,
        "baseline_std": 4.6666275917423075e-05,
        "baseline_values": [
            0.00011606771889914013,
            8.905862623746716e-05,
            9.628985843335299e-05,
            0.00020579685680531648
        ]
    },
    "9": {
        "avg_baseline_value": 0.007802625882763889,
        "baseline_std": 0.007348128326479949,
        "baseline_values": [
            0.0034632751533970278,
            3.293594836374604e-05,
            0.008223875393796017,
            0.019490417035498767
        ]
    },
    "10": {
        "avg_baseline_value": 0.004163041327219855,
        "baseline_std": 0.003184674785658592,
        "baseline_values": [
            0.00209094147671852,
            0.004988962419954898,
            0.0006138178120589704,
            0.00895844360014703
        ]
    },
    "11": {
        "avg_baseline_value": 0.0006212981828912376,
        "baseline_std": 0.0006215999506881066,
        "baseline_values": [
            7.01915175564434e-05,
            0.0016693292730152267,
            0.0002728576469387907,
            0.00047281429405448937
        ]
    },
    "12": {
        "avg_baseline_value": 0.002852831061193008,
        "baseline_std": 0.002926934290670157,
        "baseline_values": [
            0.001410150126539471,
            0.0022656987877934247,
            8.874234614019278e-06,
            0.0077266010958251165
        ]
    },
    "13": {
        "avg_baseline_value": 0.00011581491804815635,
        "baseline_std": 0.00010624128136783242,
        "baseline_values": [
            0.00020834742793196694,
            1.4196852236796578e-05,
            5.860820249270713e-06,
            0.00023485457177459113
        ]
    },
    "14": {
        "avg_baseline_value": 0.009940356948460646,
        "baseline_std": 0.009269994336163056,
        "baseline_values": [
            0.002711461747683396,
            0.013435856955418352,
            0.00013900813624730826,
            0.023475100954493528
        ]
    },
    "15": {
        "avg_baseline_value": 0.000557783804220138,
        "baseline_std": 0.0005575819773486965,
        "baseline_values": [
            6.712222847556728e-06,
            0.0013563945400136622,
            6.557574215129881e-05,
            0.0008024527118680344
        ]
    },
    "16": {
        "avg_baseline_value": 0.01368490884050005,
        "baseline_std": 0.01116546842123768,
        "baseline_values": [
            0.001820961972592648,
            0.02612610644283458,
            0.0033223691895395593,
            0.023470197757033413
        ]
    },
    "17": {
        "avg_baseline_value": 0.0037815469753508914,
        "baseline_std": 0.003635625383633383,
        "baseline_values": [
            0.00022261204103851543,
            0.009718764785412807,
            0.001561289682891798,
            0.0036235213920604464
        ]
    },
    "overall_baseline": 0.0062400409968279315
}