{
    "0": {
        "avg_baseline_value": 0.00015795976953160751,
        "baseline_std": 0.00016837905821561768,
        "baseline_values": [
            4.306264235357064e-05,
            1.1253913272447793e-05,
            0.00031051329417044056,
            2.2846846959144212e-07,
            0.0003348313478776789,
            2.590290687546335e-06,
            0.00040323842988997685
        ]
    },
    "1": {
        "avg_baseline_value": 0.004586367333865304,
        "baseline_std": 0.005003517884745284,
        "baseline_values": [
            5.324698833165554e-05,
            0.0028709795239776413,
            0.015871159040508523,
            0.006840942111128589,
            0.0015143821160671918,
            0.0017739252570802713,
            0.0031799362999632543
        ]
    },
    "2": {
        "avg_baseline_value": 2.9240513464243774e-05,
        "baseline_std": 2.396018183347098e-05,
        "baseline_values": [
            3.429389895882069e-05,
            4.821071921406224e-06,
            6.73947345591832e-05,
            4.297427765601751e-05,
            4.883414095096558e-05,
            8.914872410497961e-07,
            5.473982962263466e-06
        ]
    },
    "3": {
        "avg_baseline_value": 0.0014995622405450115,
        "baseline_std": 0.0016274722771521355,
        "baseline_values": [
            0.0011256555254936735,
            0.0030774698181473405,
            0.004769508554125929,
            0.000388675367719215,
            0.00023697704751103295,
            0.0007529081033131944,
            0.00014574126750469693
        ]
    },
    "4": {
        "avg_baseline_value": 0.007822974510938939,
        "baseline_std": 0.011471148183817155,
        "baseline_values": [
            0.0025588017556468514,
            1.5581585006402528e-05,
            0.034727713887613816,
            0.010930000099569874,
            0.0007018574920285752,
            0.002851462857690422,
            0.002975403899016627
        ]
    },
    "5": {
        "avg_baseline_value": 0.00966894784077545,
        "baseline_std": 0.009988058564618565,
        "baseline_values": [
            0.03235267704917772,
            0.005649860846240045,
            0.011124115312400713,
            0.0013969774029141755,
            0.0008504614968216526,
            0.010867882263827677,
            0.005440660514046178
        ]
    },
    "6": {
        "avg_baseline_value": 9.466589006956992e-05,
        "baseline_std": 8.92563678623069e-05,
        "baseline_values": [
            5.2306603194366096e-05,
            4.78880277402924e-07,
            0.00013752530269404983,
            0.00027928332216872753,
            7.966046617319245e-05,
            1.5971034837910525e-06,
            0.00011180955249545962
        ]
    },
    "7": {
        "avg_baseline_value": 0.00015053599836419964,
        "baseline_std": 0.00010437833612044502,
        "baseline_values": [
            0.00011060039432139612,
            6.411100771186567e-06,
            8.002951345206293e-05,
            0.00014170335714252543,
            0.00034711350627863704,
            0.00024708391895183427,
            0.00012081019763175505
        ]
    },
    "8": {
        "avg_baseline_value": 0.00011157173475729715,
        "baseline_std": 0.00010373282598956044,
        "baseline_values": [
            3.139865270875568e-05,
            0.00017024252814205464,
            0.0003184627642500686,
            0.00015340777207912087,
            1.6037109400195204e-05,
            6.3480835005329964e-06,
            8.510523322035218e-05
        ]
    },
    "9": {
        "avg_baseline_value": 0.02662903243209978,
        "baseline_std": 0.03791421878871039,
        "baseline_values": [
            0.041738158226454075,
            0.009973935305122562,
            0.11407053409367585,
            0.00816800669282108,
            0.0020626662005449924,
            0.000318115665576525,
            0.010071810840503403
        ]
    },
    "10": {
        "avg_baseline_value": 0.010886314641167386,
        "baseline_std": 0.017745044208213157,
        "baseline_values": [
            0.00044961015783563576,
            0.0013373837927223387,
            1.5016151434110258e-05,
            0.052817988285106414,
            0.00015834336012647354,
            0.008212990432483051,
            0.01321287030846368
        ]
    },
    "11": {
        "avg_baseline_value": 0.00015289452387049572,
        "baseline_std": 0.00013025017387216923,
        "baseline_values": [
            2.99465509753058e-07,
            0.000292950310635956,
            0.00015584822187265124,
            0.000373327268278129,
            0.00016921523906517937,
            1.495313628396054e-05,
            6.36680254478406e-05
        ]
    },
    "12": {
        "avg_baseline_value": 0.01397731445885937,
        "baseline_std": 0.016616421700929675,
        "baseline_values": [
            0.003625825212504206,
            0.002457176729227908,
            0.03813505447792627,
            0.04137375500730596,
            1.4417323045263214e-05,
            0.0016345332670926291,
            0.010600439194913349
        ]
    },
    "13": {
        "avg_baseline_value": 0.0012804919955512935,
        "baseline_std": 0.0026538388106091154,
        "baseline_values": [
            0.007774341647182655,
            0.0004241857176887011,
            7.47911510141672e-05,
            8.273085812710199e-05,
            0.00017481299590621323,
            0.0001144119528233751,
            0.00031816964611683835
        ]
    },
    "14": {
        "avg_baseline_value": 0.0030644308037121723,
        "baseline_std": 0.004287653586846407,
        "baseline_values": [
            0.001997552916966475,
            8.384028872733128e-06,
            0.012711488236542293,
            2.747816905613078e-05,
            0.0015688760743276186,
            2.509329991064888e-07,
            0.005136985267220849
        ]
    },
    "15": {
        "avg_baseline_value": 0.0014836989365770129,
        "baseline_std": 0.0015493276143824452,
        "baseline_values": [
            1.5093340602385941e-06,
            0.0014242164523396148,
            0.001559336520368289,
            0.005078292536881198,
            0.0010986232611506401,
            0.0005506648093049234,
            0.0006732496419341894
        ]
    },
    "16": {
        "avg_baseline_value": 0.0015646681413568487,
        "baseline_std": 0.0018557439553314444,
        "baseline_values": [
            0.0029052796141370188,
            0.0003971965646284918,
            0.005531814603334037,
            0.0008475282084732367,
            0.0011469918049977774,
            9.968827847935793e-05,
            2.417791544802368e-05
        ]
    },
    "17": {
        "avg_baseline_value": 0.0026287573582294554,
        "baseline_std": 0.004599682694231743,
        "baseline_values": [
            0.013838951059639245,
            0.0016281842630563145,
            0.0011045607260023514,
            0.0008145156000977374,
            0.00026318668453887036,
            0.0001900268120503722,
            0.0005618763622213017
        ]
    },
    "overall_baseline": 0.00476607939576308
}