{
    "0": {
        "avg_baseline_value": 3.775402697708949e-05,
        "baseline_std": 3.1614508109522873e-05,
        "baseline_values": [
            6.0911599908090415e-05,
            2.0084319710607902e-05,
            8.754081767912415e-05,
            1.6749712019880877e-06,
            1.85584263856369e-05
        ]
    },
    "1": {
        "avg_baseline_value": 0.002378270180866785,
        "baseline_std": 0.0020020852811455615,
        "baseline_values": [
            0.0030712032937137827,
            0.00010129147271695224,
            0.0014660829536274592,
            0.005909943503947163,
            0.001342829680328568
        ]
    },
    "2": {
        "avg_baseline_value": 2.850287382012875e-05,
        "baseline_std": 1.9155957331799665e-05,
        "baseline_values": [
            4.113094230689653e-05,
            3.9831534173537906e-06,
            9.5917433466715e-06,
            3.2903534427726824e-05,
            5.49049956019951e-05
        ]
    },
    "3": {
        "avg_baseline_value": 0.0013068988704078288,
        "baseline_std": 0.0013252588906413978,
        "baseline_values": [
            0.0024452554651568145,
            4.232509541465556e-05,
            0.0001272344298075087,
            0.003309336155568855,
            0.0006103432060913111
        ]
    },
    "4": {
        "avg_baseline_value": 0.0004365089386694179,
        "baseline_std": 0.0005698738995798921,
        "baseline_values": [
            9.559254723740924e-05,
            3.1622817452458056e-05,
            0.0005344733199288695,
            1.0701251548808994e-05,
            0.0015101547571795438
        ]
    },
    "5": {
        "avg_baseline_value": 0.00025104643342637996,
        "baseline_std": 0.00018677137805746973,
        "baseline_values": [
            0.0005579530929985498,
            0.000359606804911107,
            0.00016801208522358854,
            0.00014091145728464382,
            2.874872671401056e-05
        ]
    },
    "6": {
        "avg_baseline_value": 0.00015838402496074698,
        "baseline_std": 0.00015823309972143125,
        "baseline_values": [
            0.000405457205363111,
            1.1053682421674038e-05,
            0.0002767508405897616,
            9.749853189808208e-05,
            1.1598645311062455e-06
        ]
    },
    "7": {
        "avg_baseline_value": 0.0007856859493607839,
        "baseline_std": 0.0011563139793860408,
        "baseline_values": [
            5.4082605411375405e-05,
            3.9952349449120424e-05,
            0.0002717181169199619,
            0.00048767343676319196,
            0.0030750032382602702
        ]
    },
    "8": {
        "avg_baseline_value": 6.518821395809129e-05,
        "baseline_std": 6.878293595814212e-05,
        "baseline_values": [
            0.0001573691610757899,
            1.6971786084684203e-05,
            3.1157254028035926e-07,
            0.00014047356409758807,
            1.0814985992113955e-05
        ]
    },
    "9": {
        "avg_baseline_value": 0.0034786781985765127,
        "baseline_std": 0.0027370613034955315,
        "baseline_values": [
            0.006040608811446102,
            0.0002215050798143916,
            0.0005464338197312082,
            0.006890462638225537,
            0.003694380643665324
        ]
    },
    "10": {
        "avg_baseline_value": 0.0017199035629831432,
        "baseline_std": 0.0018498615177983018,
        "baseline_values": [
            0.0005712057424755537,
            0.0002884820088652311,
            9.275664141127537e-05,
            0.0027644541178005032,
            0.004882619304363152
        ]
    },
    "11": {
        "avg_baseline_value": 7.761933742017541e-05,
        "baseline_std": 3.6788242855637585e-05,
        "baseline_values": [
            4.595586735664143e-05,
            0.00013316780234542614,
            9.991411426408594e-05,
            7.81443201685104e-05,
            3.091458296621315e-05
        ]
    },
    "12": {
        "avg_baseline_value": 0.003196970260570163,
        "baseline_std": 0.0038235689957605928,
        "baseline_values": [
            0.009334970664136156,
            0.00047168874054694083,
            9.654160312344785e-07,
            0.006068400276703925,
            0.00010882620543255858
        ]
    },
    "13": {
        "avg_baseline_value": 0.00013173718186649516,
        "baseline_std": 0.0001523471491042494,
        "baseline_values": [
            2.768438981476402e-05,
            7.171150387108346e-06,
            7.384710956147621e-05,
            0.000425506837156736,
            0.0001244764224123913
        ]
    },
    "14": {
        "avg_baseline_value": 0.0019628799692743767,
        "baseline_std": 0.0022521671930550444,
        "baseline_values": [
            7.704287262808498e-05,
            0.0005502536862497467,
            1.5257734431004312e-05,
            0.0035239785101680078,
            0.00564786704289504
        ]
    },
    "15": {
        "avg_baseline_value": 0.0044912725203975525,
        "baseline_std": 0.004502712928723205,
        "baseline_values": [
            0.011397194948147879,
            0.0006119017243081069,
            0.0006163781596444929,
            0.008325442949518385,
            0.0015054448203688994
        ]
    },
    "16": {
        "avg_baseline_value": 0.00027761703134238124,
        "baseline_std": 0.0002098915013371084,
        "baseline_values": [
            0.0006465268535449944,
            9.667043119546042e-05,
            8.603489755548448e-05,
            0.0003652338889808903,
            0.00019361908543507665
        ]
    },
    "17": {
        "avg_baseline_value": 0.0011153284644902736,
        "baseline_std": 0.0010737833894407835,
        "baseline_values": [
            0.00032892807718242444,
            0.0016002278828421922,
            0.0030172084431613726,
            0.0003980451761676618,
            0.0002322327430977155
        ]
    },
    "overall_baseline": 0.0012166803355204625
}