{
    "0": {
        "avg_baseline_value": 0.004046383721990498,
        "baseline_std": 0.007656905941174953,
        "baseline_values": [
            2.1679870843944438e-05,
            0.0003741466909428545,
            0.0004769832327679915,
            3.510968946100933e-06,
            0.019355597846451602
        ]
    },
    "1": {
        "avg_baseline_value": 0.07049225720961538,
        "baseline_std": 0.09779795419882366,
        "baseline_values": [
            0.10103223282040807,
            2.8831818670268813e-05,
            0.0014103322192302518,
            7.2935776515685e-05,
            0.24991695341325268
        ]
    },
    "2": {
        "avg_baseline_value": 0.00020821233366534556,
        "baseline_std": 0.0001840881706409357,
        "baseline_values": [
            0.0004411826250237408,
            9.547518948671757e-05,
            8.581773012882836e-05,
            1.583234633994017e-07,
            0.00041842780022404157
        ]
    },
    "3": {
        "avg_baseline_value": 0.0010959641389874635,
        "baseline_std": 0.0006555360308692645,
        "baseline_values": [
            0.0012658508764737569,
            0.0015100683996356944,
            0.0007911997745157921,
            3.3480618627562756e-06,
            0.001909353582449318
        ]
    },
    "4": {
        "avg_baseline_value": 0.004062047098673377,
        "baseline_std": 0.007886314300308657,
        "baseline_values": [
            0.0003021368687357331,
            0.019833468734777492,
            0.00010263700802537198,
            3.754429249573327e-05,
            3.444858933255303e-05
        ]
    },
    "5": {
        "avg_baseline_value": 0.010800781386028784,
        "baseline_std": 0.012677249019936445,
        "baseline_values": [
            0.0009600848725586519,
            0.0009293254806155783,
            0.029797547453619948,
            1.9685261170385593e-05,
            0.02229726386217937
        ]
    },
    "6": {
        "avg_baseline_value": 0.0008643931493953719,
        "baseline_std": 0.0013415729651940812,
        "baseline_values": [
            0.0006776179975149495,
            3.5362095565989417e-06,
            0.00013876711648394828,
            1.1114784807474972e-06,
            0.003500932944940615
        ]
    },
    "7": {
        "avg_baseline_value": 9.441620159852117e-05,
        "baseline_std": 9.392716438119419e-05,
        "baseline_values": [
            0.0002671422910255297,
            7.75200225572535e-05,
            2.347259035461113e-05,
            2.2394410682792894e-07,
            0.00010372215994838362
        ]
    },
    "8": {
        "avg_baseline_value": 3.689604463870363e-05,
        "baseline_std": 4.527617855998133e-05,
        "baseline_values": [
            3.877278265115025e-06,
            0.00012391745471521597,
            2.072269204264422e-05,
            5.229911765013899e-07,
            3.543980699404152e-05
        ]
    },
    "9": {
        "avg_baseline_value": 0.04268539265817611,
        "baseline_std": 0.038273814723556225,
        "baseline_values": [
            0.05126201188590167,
            0.09944293826175972,
            2.099317514866936e-05,
            0.00010761500433745502,
            0.06259340496373304
        ]
    },
    "10": {
        "avg_baseline_value": 0.03382576728605026,
        "baseline_std": 0.03834145351987247,
        "baseline_values": [
            0.10103061135942909,
            0.005621917030257196,
            0.010243823100266516,
            6.80532044285642e-06,
            0.052225679619855636
        ]
    },
    "11": {
        "avg_baseline_value": 0.0002110440846645226,
        "baseline_std": 0.0001705626920857379,
        "baseline_values": [
            0.00017915238737098755,
            0.000349420606759488,
            6.462488960273408e-05,
            4.01230527313999e-06,
            0.0004580102343162635
        ]
    },
    "12": {
        "avg_baseline_value": 0.011226304415046415,
        "baseline_std": 0.018500048385310608,
        "baseline_values": [
            0.002076519939691067,
            0.048056301231898114,
            0.005212212130174162,
            6.763368787501308e-05,
            0.000718855085593714
        ]
    },
    "13": {
        "avg_baseline_value": 0.000300210957686506,
        "baseline_std": 0.000380756321728132,
        "baseline_values": [
            0.0002944502171141797,
            0.00016674411911869557,
            0.001030027557575924,
            5.325324743338093e-06,
            4.507569880392855e-06
        ]
    },
    "14": {
        "avg_baseline_value": 0.017151434451708497,
        "baseline_std": 0.018871457853555287,
        "baseline_values": [
            0.02528453785920364,
            0.0004317770588992935,
            0.009773499598157796,
            0.00010270886819970376,
            0.050164648874082056
        ]
    },
    "15": {
        "avg_baseline_value": 0.003024866243499089,
        "baseline_std": 0.003023048926389077,
        "baseline_values": [
            0.0025084124054597845,
            0.004445586677729976,
            8.07303119779238e-05,
            3.731553817915698e-06,
            0.008085870268509845
        ]
    },
    "16": {
        "avg_baseline_value": 0.0752855276479927,
        "baseline_std": 0.090559009776102,
        "baseline_values": [
            0.1231608682792943,
            0.0010036339129658655,
            0.020056956579412564,
            0.00031776797632356436,
            0.23188841149196718
        ]
    },
    "17": {
        "avg_baseline_value": 0.0015011787407418697,
        "baseline_std": 0.0012008180625759687,
        "baseline_values": [
            0.0035897119344769535,
            0.0018769065859305207,
            0.0010570915492194631,
            6.884649847380349e-06,
            0.0009752989842350303
        ]
    },
    "overall_baseline": 0.015384059876119967
}